timestamp,coal_feed_tph,afr_substitution_pct,o2_flue_pct,primary_air_pct,secondary_air_temp_C
2026-06-01 00:00:00,14.15,23.9,3.54,9.3,974.4
2026-06-01 00:05:00,15.57,24.0,4.49,11.0,976.6
2026-06-01 00:10:00,16.32,18.2,3.62,11.5,920.1
2026-06-01 00:15:00,13.82,19.3,2.74,7.9,985.3
2026-06-01 00:20:00,15.31,9.4,3.19,8.6,954.2
2026-06-01 00:25:00,15.55,14.7,2.93,9.2,981.8
2026-06-01 00:30:00,14.24,14.3,3.24,12.1,890.9
2026-06-01 00:35:00,16.94,15.3,3.89,9.5,968.1
2026-06-01 00:40:00,15.57,23.2,2.95,11.5,925.6
2026-06-01 00:45:00,13.12,25.7,2.78,10.2,899.4
2026-06-01 00:50:00,14.39,21.7,3.47,8.5,975.9
2026-06-01 00:55:00,15.29,16.1,2.73,10.9,932.8
2026-06-01 01:00:00,16.88,13.5,2.72,10.3,971.2
2026-06-01 01:05:00,14.93,18.5,3.42,9.1,910.9
2026-06-01 01:10:00,14.43,19.8,2.11,9.3,1031.3
2026-06-01 01:15:00,15.9,16.7,2.92,9.0,945.2
2026-06-01 01:20:00,13.67,14.0,3.75,9.4,931.2
2026-06-01 01:25:00,12.52,21.7,2.06,10.7,989.6
2026-06-01 01:30:00,15.06,22.3,2.1,9.1,946.6
2026-06-01 01:35:00,13.43,10.1,2.42,10.1,1050.0
2026-06-01 01:40:00,18.0,15.7,1.58,10.3,996.6
2026-06-01 01:45:00,14.38,22.7,4.29,9.9,931.1
2026-06-01 01:50:00,15.06,23.9,3.21,8.4,953.0
2026-06-01 01:55:00,13.06,18.4,2.79,10.7,952.7
2026-06-01 02:00:00,15.9,20.2,2.4,8.8,907.8
2026-06-01 02:05:00,13.96,19.5,4.51,9.4,1001.3
2026-06-01 02:10:00,13.81,23.7,3.54,9.5,932.8
2026-06-01 02:15:00,13.85,11.3,3.19,10.0,940.1
2026-06-01 02:20:00,12.06,19.6,3.92,10.1,958.7
2026-06-01 02:25:00,13.62,12.7,3.49,10.7,913.4
2026-06-01 02:30:00,14.82,24.5,2.83,9.7,958.5
2026-06-01 02:35:00,11.68,11.6,2.9,8.8,929.9
2026-06-01 02:40:00,15.53,20.5,2.82,11.1,930.9
2026-06-01 02:45:00,13.6,12.7,2.64,9.6,943.5
2026-06-01 02:50:00,14.37,22.5,3.82,9.8,920.6
2026-06-01 02:55:00,10.65,20.6,2.86,9.0,887.4
2026-06-01 03:00:00,14.34,19.4,4.0,9.1,957.0
2026-06-01 03:05:00,12.44,29.8,2.59,11.4,858.4
2026-06-01 03:10:00,13.47,13.8,2.88,8.6,859.9
2026-06-01 03:15:00,11.65,23.6,2.87,8.8,951.8
2026-06-01 03:20:00,12.68,25.0,2.59,9.5,942.7
2026-06-01 03:25:00,13.75,23.6,2.79,10.3,960.4
2026-06-01 03:30:00,13.59,13.9,3.57,9.0,976.6
2026-06-01 03:35:00,15.33,16.6,3.94,8.4,870.9
2026-06-01 03:40:00,11.2,14.4,3.42,8.8,925.4
2026-06-01 03:45:00,13.92,16.2,2.5,9.6,932.1
2026-06-01 03:50:00,13.85,13.0,2.89,9.0,962.5
2026-06-01 03:55:00,13.31,15.8,2.87,12.2,959.1
2026-06-01 04:00:00,12.63,26.8,4.13,12.0,933.8
2026-06-01 04:05:00,15.65,16.1,3.81,11.2,951.8
2026-06-01 04:10:00,17.07,18.6,3.92,10.4,939.0
2026-06-01 04:15:00,11.43,13.6,2.82,10.4,913.5
2026-06-01 04:20:00,12.61,17.9,2.44,11.3,952.2
2026-06-01 04:25:00,12.49,23.0,3.49,10.1,864.2
2026-06-01 04:30:00,13.58,20.9,2.89,9.2,959.8
2026-06-01 04:35:00,15.88,26.5,3.29,12.1,1006.5
2026-06-01 04:40:00,14.79,10.7,3.52,10.6,936.1
2026-06-01 04:45:00,13.77,13.5,3.01,11.5,1032.5
2026-06-01 04:50:00,14.02,15.5,3.83,11.8,974.1
2026-06-01 04:55:00,13.52,27.1,2.23,8.2,1008.3
2026-06-01 05:00:00,15.11,19.8,3.25,9.1,965.4
2026-06-01 05:05:00,15.29,9.5,3.69,9.8,972.1
2026-06-01 05:10:00,14.89,24.6,4.16,10.5,955.7
2026-06-01 05:15:00,10.71,18.7,3.27,10.9,887.3
2026-06-01 05:20:00,14.02,23.3,3.9,9.9,871.4
2026-06-01 05:25:00,13.72,27.5,3.82,11.3,940.3
2026-06-01 05:30:00,15.49,12.1,4.66,10.6,925.9
2026-06-01 05:35:00,14.36,27.5,3.3,10.6,927.2
2026-06-01 05:40:00,14.84,17.6,4.44,9.7,899.4
2026-06-01 05:45:00,13.26,15.5,3.71,10.3,994.3
2026-06-01 05:50:00,15.41,18.9,2.27,10.3,908.8
2026-06-01 05:55:00,15.85,10.8,3.29,11.0,906.2
2026-06-01 06:00:00,11.56,17.9,2.65,8.7,951.5
2026-06-01 06:05:00,12.06,16.5,4.13,10.7,993.3
2026-06-01 06:10:00,15.14,12.4,3.36,8.4,983.9
2026-06-01 06:15:00,13.74,14.1,2.45,9.1,924.0
2026-06-01 06:20:00,15.54,24.8,3.66,10.6,941.5
2026-06-01 06:25:00,14.36,16.9,4.0,9.2,1015.6
2026-06-01 06:30:00,15.04,12.1,3.02,10.0,994.2
2026-06-01 06:35:00,12.88,20.7,2.9,9.1,985.1
2026-06-01 06:40:00,14.51,22.6,3.28,10.6,965.4
2026-06-01 06:45:00,14.51,18.0,2.11,10.0,954.0
2026-06-01 06:50:00,12.97,10.6,3.7,10.0,1030.3
2026-06-01 06:55:00,15.5,2.7,4.37,11.1,995.1
2026-06-01 07:00:00,11.16,12.6,2.86,10.4,954.9
2026-06-01 07:05:00,14.31,24.3,4.24,10.5,978.9
2026-06-01 07:10:00,12.06,23.8,3.74,11.1,940.0
2026-06-01 07:15:00,12.47,13.2,3.2,11.2,885.8
2026-06-01 07:20:00,15.48,16.6,3.6,9.0,909.1
2026-06-01 07:25:00,12.35,22.2,4.12,10.7,931.6
2026-06-01 07:30:00,12.29,17.2,3.29,10.4,929.0
2026-06-01 07:35:00,14.87,23.6,3.38,11.3,921.1
2026-06-01 07:40:00,12.33,17.4,2.88,8.7,922.9
2026-06-01 07:45:00,15.53,20.9,3.1,9.3,1002.2
2026-06-01 07:50:00,14.97,16.1,3.64,9.8,1023.3
2026-06-01 07:55:00,12.83,13.3,3.14,11.4,1002.5
2026-06-01 08:00:00,15.47,25.0,2.83,9.7,863.7
2026-06-01 08:05:00,11.09,9.0,3.98,10.0,993.1
2026-06-01 08:10:00,14.71,14.4,3.53,9.3,979.5
2026-06-01 08:15:00,12.13,17.4,2.92,10.8,948.5
2026-06-01 08:20:00,13.22,23.2,4.2,10.7,930.1
2026-06-01 08:25:00,13.31,12.7,4.52,9.5,937.8
2026-06-01 08:30:00,15.92,18.8,3.8,9.0,989.6
2026-06-01 08:35:00,13.25,9.7,2.57,10.8,965.4
2026-06-01 08:40:00,13.88,20.6,3.42,10.5,998.8
2026-06-01 08:45:00,13.34,28.9,3.44,9.3,982.6
2026-06-01 08:50:00,12.53,6.2,2.37,10.7,1007.6
2026-06-01 08:55:00,12.45,13.6,3.96,10.6,975.4
2026-06-01 09:00:00,14.46,23.0,3.28,11.2,904.5
2026-06-01 09:05:00,13.96,35.0,3.7,10.8,886.0
2026-06-01 09:10:00,15.14,21.5,2.98,9.7,975.8
2026-06-01 09:15:00,13.64,13.6,3.53,9.2,974.0
2026-06-01 09:20:00,13.69,17.1,3.53,12.0,925.3
2026-06-01 09:25:00,15.15,10.6,3.39,9.5,959.9
2026-06-01 09:30:00,13.44,22.8,3.45,8.2,931.8
2026-06-01 09:35:00,11.84,24.3,3.05,8.8,930.3
2026-06-01 09:40:00,15.27,26.4,2.41,8.0,892.7
2026-06-01 09:45:00,12.98,16.0,1.99,11.2,951.8
2026-06-01 09:50:00,14.1,13.2,2.88,11.8,929.3
2026-06-01 09:55:00,13.06,27.0,3.58,10.2,965.1
2026-06-01 10:00:00,12.54,26.3,2.49,8.4,879.9
2026-06-01 10:05:00,11.15,12.1,3.9,11.2,974.1
2026-06-01 10:10:00,14.51,15.7,4.06,10.5,929.4
2026-06-01 10:15:00,10.0,22.7,3.44,11.2,907.3
2026-06-01 10:20:00,15.95,16.5,3.12,10.6,932.4
2026-06-01 10:25:00,15.55,18.2,3.81,8.6,886.1
2026-06-01 10:30:00,12.64,9.2,3.98,10.7,938.4
2026-06-01 10:35:00,16.38,11.3,3.13,8.4,954.9
2026-06-01 10:40:00,17.09,17.5,3.26,9.2,952.9
2026-06-01 10:45:00,13.59,13.8,2.75,11.0,968.4
2026-06-01 10:50:00,14.62,11.1,3.44,11.0,927.3
2026-06-01 10:55:00,14.2,16.1,1.98,9.1,981.2
2026-06-01 11:00:00,16.27,12.7,3.08,8.9,960.6
2026-06-01 11:05:00,11.91,18.2,2.69,10.0,982.6
2026-06-01 11:10:00,13.66,24.0,3.09,12.0,1016.4
2026-06-01 11:15:00,15.38,16.2,2.74,10.6,888.0
2026-06-01 11:20:00,15.22,15.4,2.08,12.4,934.7
2026-06-01 11:25:00,13.94,24.4,2.74,9.8,919.5
2026-06-01 11:30:00,16.09,22.4,2.87,10.9,1035.5
2026-06-01 11:35:00,14.35,22.8,3.79,9.7,973.9
2026-06-01 11:40:00,14.17,2.9,2.97,9.2,961.5
2026-06-01 11:45:00,15.05,15.3,2.72,9.0,997.8
2026-06-01 11:50:00,13.91,14.6,2.52,10.4,950.5
2026-06-01 11:55:00,14.08,13.0,3.94,11.3,968.7
2026-06-01 12:00:00,12.82,24.3,3.0,9.7,931.8
2026-06-01 12:05:00,18.0,14.7,3.4,11.4,895.4
2026-06-01 12:10:00,13.29,9.7,2.36,11.8,985.9
2026-06-01 12:15:00,15.09,19.5,2.13,10.9,911.6
2026-06-01 12:20:00,16.86,18.0,2.66,10.3,979.9
2026-06-01 12:25:00,11.99,12.5,4.23,9.3,993.3
2026-06-01 12:30:00,14.92,24.1,2.48,11.3,860.2
2026-06-01 12:35:00,14.03,21.2,2.79,8.9,991.8
2026-06-01 12:40:00,16.69,21.2,3.18,10.6,960.2
2026-06-01 12:45:00,12.64,20.9,2.8,8.7,911.2
2026-06-01 12:50:00,12.87,24.5,3.42,8.9,880.4
2026-06-01 12:55:00,13.93,17.1,2.71,9.9,947.2
2026-06-01 13:00:00,13.26,10.6,2.61,10.7,942.9
2026-06-01 13:05:00,13.31,16.8,4.84,11.0,993.7
2026-06-01 13:10:00,17.04,8.1,2.74,10.0,952.6
2026-06-01 13:15:00,14.19,11.6,3.74,9.6,906.5
2026-06-01 13:20:00,12.82,27.7,2.54,9.2,887.9
2026-06-01 13:25:00,13.41,11.4,2.34,10.7,955.9
2026-06-01 13:30:00,14.61,11.0,3.22,10.7,950.2
2026-06-01 13:35:00,14.51,22.0,2.36,10.2,1002.8
2026-06-01 13:40:00,13.13,23.2,2.91,10.3,930.3
2026-06-01 13:45:00,11.56,8.0,2.82,11.6,966.7
2026-06-01 13:50:00,13.92,19.5,3.94,11.0,944.7
2026-06-01 13:55:00,13.88,14.7,2.31,8.6,850.0
2026-06-01 14:00:00,13.03,20.0,3.59,10.9,978.6
2026-06-01 14:05:00,15.92,16.2,3.39,11.4,933.0
2026-06-01 14:10:00,14.86,9.8,3.14,9.2,976.4
2026-06-01 14:15:00,14.2,15.1,2.77,10.9,956.8
2026-06-01 14:20:00,13.46,21.8,3.27,13.0,910.4
2026-06-01 14:25:00,16.6,29.7,3.22,10.5,943.0
2026-06-01 14:30:00,12.27,20.3,3.41,9.8,948.7
2026-06-01 14:35:00,13.26,15.7,3.06,9.9,957.4
2026-06-01 14:40:00,13.32,10.9,2.58,10.1,970.5
2026-06-01 14:45:00,14.45,17.0,3.74,8.4,951.2
2026-06-01 14:50:00,14.99,15.7,3.22,8.4,1019.8
2026-06-01 14:55:00,12.0,19.8,2.81,10.3,983.6
2026-06-01 15:00:00,12.97,17.6,2.6,10.0,989.8
2026-06-01 15:05:00,14.67,20.9,3.72,10.7,983.0
2026-06-01 15:10:00,13.0,15.8,4.05,9.7,953.1
2026-06-01 15:15:00,13.4,28.3,3.44,10.1,979.3
2026-06-01 15:20:00,14.26,21.5,3.55,11.0,1000.0
2026-06-01 15:25:00,12.53,13.8,3.95,7.7,955.0
2026-06-01 15:30:00,14.42,24.0,2.92,9.1,992.0
2026-06-01 15:35:00,14.92,11.1,4.55,9.5,897.9
2026-06-01 15:40:00,14.06,12.9,2.62,9.8,994.0
2026-06-01 15:45:00,16.14,13.2,3.1,8.6,919.2
2026-06-01 15:50:00,15.09,26.0,2.66,9.1,897.8
2026-06-01 15:55:00,13.94,16.9,3.25,10.7,938.8
2026-06-01 16:00:00,13.52,14.2,4.28,10.5,958.3
2026-06-01 16:05:00,16.63,19.0,3.05,7.2,963.4
2026-06-01 16:10:00,13.01,21.3,3.42,9.8,1001.6
2026-06-01 16:15:00,13.59,27.5,1.5,9.9,927.7
2026-06-01 16:20:00,13.39,9.0,3.55,9.1,1015.8
2026-06-01 16:25:00,14.6,25.6,3.72,9.9,1015.8
2026-06-01 16:30:00,17.38,5.6,3.4,10.4,959.0
2026-06-01 16:35:00,14.37,23.4,2.51,10.7,916.9
2026-06-01 16:40:00,13.52,25.0,2.41,10.1,1049.6
2026-06-01 16:45:00,14.28,25.3,2.79,10.6,1019.0
2026-06-01 16:50:00,12.03,21.4,2.44,10.0,957.6
2026-06-01 16:55:00,13.72,11.6,4.21,7.7,895.5
2026-06-01 17:00:00,16.56,22.5,3.44,9.9,974.8
2026-06-01 17:05:00,14.99,11.6,4.13,8.8,926.4
2026-06-01 17:10:00,15.85,12.4,3.08,10.1,985.0
2026-06-01 17:15:00,15.52,15.3,2.77,9.8,959.2
2026-06-01 17:20:00,12.94,15.8,2.8,9.8,886.2
2026-06-01 17:25:00,16.87,19.4,2.91,9.2,902.8
2026-06-01 17:30:00,11.34,13.8,2.95,9.6,919.5
2026-06-01 17:35:00,14.5,20.0,3.91,10.3,1015.6
2026-06-01 17:40:00,10.91,9.8,3.83,9.1,924.0
2026-06-01 17:45:00,11.43,18.2,3.36,9.4,859.0
2026-06-01 17:50:00,15.4,16.4,2.22,8.2,941.9
2026-06-01 17:55:00,12.96,24.1,3.32,10.3,939.5
2026-06-01 18:00:00,15.87,24.7,2.95,8.7,1013.6
2026-06-01 18:05:00,10.74,17.0,4.05,10.0,1010.6
2026-06-01 18:10:00,13.87,6.2,3.85,10.7,897.6
2026-06-01 18:15:00,12.18,9.2,3.37,11.3,965.7
2026-06-01 18:20:00,13.51,24.7,1.87,9.7,981.7
2026-06-01 18:25:00,16.32,17.1,3.13,10.6,945.2
2026-06-01 18:30:00,16.69,28.5,2.7,10.0,957.0
2026-06-01 18:35:00,14.77,23.4,3.39,8.1,994.2
2026-06-01 18:40:00,11.61,19.5,2.5,8.5,961.7
2026-06-01 18:45:00,12.19,18.8,3.35,10.8,976.8
2026-06-01 18:50:00,14.24,11.1,1.94,11.2,1006.3
2026-06-01 18:55:00,12.79,14.2,2.41,7.9,932.1
2026-06-01 19:00:00,14.99,20.5,2.65,10.3,981.8
2026-06-01 19:05:00,16.51,15.9,2.89,10.3,932.2
2026-06-01 19:10:00,12.53,20.8,3.41,9.2,992.9
2026-06-01 19:15:00,12.66,24.2,2.15,9.2,925.1
2026-06-01 19:20:00,12.23,16.9,2.83,8.9,967.4
2026-06-01 19:25:00,13.62,15.4,2.86,8.1,940.9
2026-06-01 19:30:00,14.08,12.6,3.67,8.9,973.5
2026-06-01 19:35:00,14.03,23.0,3.03,10.7,916.2
2026-06-01 19:40:00,15.35,22.5,2.57,9.6,938.9
2026-06-01 19:45:00,14.59,31.1,2.42,10.7,947.9
2026-06-01 19:50:00,13.91,19.1,2.86,8.0,907.0
2026-06-01 19:55:00,14.06,17.4,2.22,10.4,925.7
2026-06-01 20:00:00,14.13,20.8,4.15,10.8,884.4
2026-06-01 20:05:00,13.91,16.3,3.21,7.4,965.1
2026-06-01 20:10:00,12.98,12.7,2.7,9.5,981.8
2026-06-01 20:15:00,12.2,18.5,2.56,10.3,894.3
2026-06-01 20:20:00,14.21,20.7,2.45,11.3,903.2
2026-06-01 20:25:00,13.25,21.1,3.39,8.6,911.6
2026-06-01 20:30:00,14.79,20.7,2.18,11.4,899.1
2026-06-01 20:35:00,14.11,24.4,3.03,10.4,966.0
2026-06-01 20:40:00,14.02,21.1,3.51,9.0,922.3
2026-06-01 20:45:00,15.48,19.6,2.83,11.0,960.0
2026-06-01 20:50:00,11.89,10.4,2.67,12.3,920.1
2026-06-01 20:55:00,16.65,19.5,3.69,9.7,936.4
2026-06-01 21:00:00,10.72,17.0,2.53,9.6,991.5
2026-06-01 21:05:00,16.18,11.3,3.1,9.0,903.8
2026-06-01 21:10:00,14.3,21.0,3.24,11.8,927.5
2026-06-01 21:15:00,13.21,21.1,2.81,9.3,966.7
2026-06-01 21:20:00,11.79,20.6,2.46,9.0,937.3
2026-06-01 21:25:00,13.1,21.3,2.83,9.4,957.5
2026-06-01 21:30:00,13.75,18.7,3.4,9.4,950.1
2026-06-01 21:35:00,14.29,16.5,2.78,9.4,889.7
2026-06-01 21:40:00,16.17,28.6,3.37,9.2,1006.0
2026-06-01 21:45:00,14.11,18.9,3.04,9.3,946.0
2026-06-01 21:50:00,14.48,2.7,2.99,10.1,1013.8
2026-06-01 21:55:00,14.53,3.4,2.91,11.3,963.5
2026-06-01 22:00:00,13.51,25.2,3.27,9.0,1002.7
2026-06-01 22:05:00,13.71,7.0,3.99,8.7,990.9
2026-06-01 22:10:00,13.84,14.7,3.31,10.3,999.2
2026-06-01 22:15:00,14.94,10.7,2.69,10.5,941.1
2026-06-01 22:20:00,12.63,16.2,3.87,11.5,1021.5
2026-06-01 22:25:00,13.24,20.3,2.65,11.4,931.1
2026-06-01 22:30:00,14.53,14.0,4.28,8.4,964.5
2026-06-01 22:35:00,12.39,13.1,3.15,8.0,984.5
2026-06-01 22:40:00,14.17,22.4,2.63,10.6,1050.0
2026-06-01 22:45:00,13.18,33.8,3.38,10.5,993.8
2026-06-01 22:50:00,14.76,21.2,2.98,11.5,929.0
2026-06-01 22:55:00,16.06,12.5,3.52,10.4,960.8
2026-06-01 23:00:00,13.18,23.2,3.2,9.4,896.1
2026-06-01 23:05:00,15.14,28.5,2.27,11.0,1008.8
2026-06-01 23:10:00,14.3,24.4,3.09,9.0,850.0
2026-06-01 23:15:00,13.42,8.7,3.59,12.0,943.1
2026-06-01 23:20:00,14.01,21.2,3.24,10.3,1037.8
2026-06-01 23:25:00,15.95,15.2,3.98,9.3,980.4
2026-06-01 23:30:00,13.74,18.3,3.38,9.1,969.6
2026-06-01 23:35:00,15.96,15.8,3.08,10.2,902.3
2026-06-01 23:40:00,13.82,22.5,3.28,9.9,1003.2
2026-06-01 23:45:00,11.88,15.9,2.93,9.9,913.4
2026-06-01 23:50:00,13.78,26.5,3.33,8.7,913.8
2026-06-01 23:55:00,11.76,18.0,3.42,9.8,1003.2
2026-06-02 00:00:00,13.52,16.7,2.47,10.8,912.1
2026-06-02 00:05:00,13.47,21.4,3.63,9.2,891.5
2026-06-02 00:10:00,16.73,20.1,4.52,10.3,911.4
2026-06-02 00:15:00,16.41,21.6,3.49,11.1,957.6
2026-06-02 00:20:00,14.13,17.2,1.99,10.6,929.9
2026-06-02 00:25:00,15.82,26.0,2.86,8.8,1022.7
2026-06-02 00:30:00,13.4,23.9,2.37,10.3,951.4
2026-06-02 00:35:00,11.86,17.9,3.03,11.5,900.4
2026-06-02 00:40:00,14.79,22.9,3.56,10.5,875.3
2026-06-02 00:45:00,14.54,16.4,2.78,11.2,986.0
2026-06-02 00:50:00,12.59,21.4,4.3,11.0,962.0
2026-06-02 00:55:00,12.66,23.0,1.5,8.9,974.3
2026-06-02 01:00:00,15.41,19.5,3.04,11.8,932.9
2026-06-02 01:05:00,11.47,13.1,3.48,11.3,956.2
2026-06-02 01:10:00,14.84,10.8,2.54,9.7,997.6
2026-06-02 01:15:00,13.53,19.8,2.53,11.3,950.2
2026-06-02 01:20:00,14.84,13.7,3.7,9.9,904.1
2026-06-02 01:25:00,15.48,24.3,4.29,9.9,978.9
2026-06-02 01:30:00,12.69,8.9,4.52,9.1,936.0
2026-06-02 01:35:00,12.29,25.9,2.91,9.0,988.6
2026-06-02 01:40:00,16.2,18.3,4.01,10.1,951.0
2026-06-02 01:45:00,13.91,12.9,3.21,9.7,984.5
2026-06-02 01:50:00,14.49,15.3,3.78,8.5,970.3
2026-06-02 01:55:00,15.37,16.8,3.09,10.4,1001.9
2026-06-02 02:00:00,12.56,20.9,2.49,10.5,988.5
2026-06-02 02:05:00,15.35,10.6,4.23,10.3,897.8
2026-06-02 02:10:00,14.96,12.2,4.38,10.3,875.1
2026-06-02 02:15:00,16.21,16.1,2.97,10.4,946.9
2026-06-02 02:20:00,16.18,17.8,3.76,10.2,974.1
2026-06-02 02:25:00,14.1,22.3,3.07,10.3,921.0
2026-06-02 02:30:00,15.13,19.6,4.49,10.5,967.8
2026-06-02 02:35:00,14.07,15.7,2.33,9.4,966.1
2026-06-02 02:40:00,14.22,19.4,3.08,8.7,947.1
2026-06-02 02:45:00,12.31,19.0,2.32,10.3,924.6
2026-06-02 02:50:00,13.66,16.5,2.26,10.2,909.2
2026-06-02 02:55:00,11.31,18.7,3.12,10.5,1049.2
2026-06-02 03:00:00,13.79,5.1,3.06,11.1,865.2
2026-06-02 03:05:00,15.98,23.6,2.54,10.0,900.4
2026-06-02 03:10:00,15.17,21.3,3.67,9.9,1050.0
2026-06-02 03:15:00,14.17,27.0,3.89,10.5,908.7
2026-06-02 03:20:00,13.7,13.1,3.56,9.0,927.5
2026-06-02 03:25:00,13.19,21.4,2.04,10.0,977.2
2026-06-02 03:30:00,12.62,6.6,3.52,9.9,969.2
2026-06-02 03:35:00,15.23,7.4,3.5,10.9,967.7
2026-06-02 03:40:00,11.7,16.6,2.71,9.5,1009.8
2026-06-02 03:45:00,11.66,14.5,3.44,10.1,911.7
2026-06-02 03:50:00,15.36,24.3,2.83,9.8,957.0
2026-06-02 03:55:00,14.31,25.1,2.64,7.5,947.9
2026-06-02 04:00:00,14.07,25.7,2.41,9.5,914.8
2026-06-02 04:05:00,14.31,21.6,3.66,10.0,954.2
2026-06-02 04:10:00,17.02,21.8,3.94,9.1,972.4
2026-06-02 04:15:00,14.08,10.3,3.19,9.9,973.4
2026-06-02 04:20:00,14.44,26.4,3.71,11.3,992.8
2026-06-02 04:25:00,17.09,25.5,4.04,11.0,948.4
2026-06-02 04:30:00,13.9,9.7,3.36,8.1,909.7
2026-06-02 04:35:00,16.59,20.8,3.13,10.8,894.6
2026-06-02 04:40:00,10.84,14.7,3.51,10.6,931.5
2026-06-02 04:45:00,12.26,29.1,2.59,9.9,895.9
2026-06-02 04:50:00,13.0,12.1,3.59,7.7,921.6
2026-06-02 04:55:00,14.88,18.6,3.29,10.8,902.7
2026-06-02 05:00:00,16.66,19.1,2.4,9.6,923.8
2026-06-02 05:05:00,13.11,17.7,2.43,10.2,1021.3
2026-06-02 05:10:00,15.47,30.9,2.48,9.0,945.1
2026-06-02 05:15:00,17.36,28.1,3.41,9.3,1012.9
2026-06-02 05:20:00,16.35,8.2,3.1,10.9,966.7
2026-06-02 05:25:00,13.39,20.9,3.16,11.6,925.1
2026-06-02 05:30:00,15.3,17.9,4.02,9.6,945.1
2026-06-02 05:35:00,14.51,23.0,3.42,11.5,884.0
2026-06-02 05:40:00,13.01,19.3,2.8,9.6,936.8
2026-06-02 05:45:00,14.64,13.1,2.66,9.6,897.6
2026-06-02 05:50:00,13.29,11.8,3.45,8.6,973.9
2026-06-02 05:55:00,14.19,15.6,2.64,10.5,932.6
2026-06-02 06:00:00,11.93,17.3,3.96,9.8,937.9
2026-06-02 06:05:00,11.36,19.2,3.34,9.9,933.3
2026-06-02 06:10:00,13.57,14.6,3.31,9.6,985.9
2026-06-02 06:15:00,14.48,28.2,2.52,9.0,914.4
2026-06-02 06:20:00,12.31,21.2,3.54,10.6,911.8
2026-06-02 06:25:00,14.79,23.2,3.82,9.9,963.7
2026-06-02 06:30:00,14.06,17.2,3.13,10.8,993.5
2026-06-02 06:35:00,14.98,11.8,3.82,9.1,963.3
2026-06-02 06:40:00,15.42,23.3,2.9,10.2,1037.5
2026-06-02 06:45:00,16.02,12.0,3.22,12.1,912.6
2026-06-02 06:50:00,14.9,5.9,4.57,9.3,863.3
2026-06-02 06:55:00,13.56,21.4,2.94,9.5,969.5
2026-06-02 07:00:00,14.28,13.5,3.57,9.5,943.9
2026-06-02 07:05:00,17.49,16.0,2.99,9.0,968.9
2026-06-02 07:10:00,15.48,22.2,3.33,11.7,984.3
2026-06-02 07:15:00,14.11,12.4,3.67,7.7,889.0
2026-06-02 07:20:00,13.77,8.4,2.76,8.8,938.5
2026-06-02 07:25:00,13.1,25.3,2.7,10.5,973.4
2026-06-02 07:30:00,12.22,17.7,3.54,9.3,960.2
2026-06-02 07:35:00,16.56,25.5,3.22,10.0,943.0
2026-06-02 07:40:00,14.72,21.8,3.87,10.0,979.5
2026-06-02 07:45:00,12.1,21.9,3.32,10.5,989.9
2026-06-02 07:50:00,13.81,19.0,4.31,10.1,868.0
2026-06-02 07:55:00,15.91,19.0,3.61,9.6,1013.0
2026-06-02 08:00:00,13.33,24.8,4.26,10.1,901.1
2026-06-02 08:05:00,12.78,22.9,4.16,9.8,973.8
2026-06-02 08:10:00,14.54,14.5,2.85,11.7,936.8
2026-06-02 08:15:00,14.99,21.0,4.06,9.4,1000.2
2026-06-02 08:20:00,13.33,14.3,3.8,10.6,978.8
2026-06-02 08:25:00,13.1,16.1,3.74,10.9,973.6
2026-06-02 08:30:00,14.69,21.4,3.88,8.7,958.9
2026-06-02 08:35:00,12.31,14.2,3.05,8.9,928.5
2026-06-02 08:40:00,13.19,18.9,3.39,11.9,910.4
2026-06-02 08:45:00,13.82,20.3,2.92,9.3,894.7
2026-06-02 08:50:00,15.11,16.0,4.61,10.0,925.0
2026-06-02 08:55:00,13.36,22.3,2.71,9.8,986.5
2026-06-02 09:00:00,14.84,15.4,2.46,10.0,909.9
2026-06-02 09:05:00,15.75,23.7,2.65,9.6,998.4
2026-06-02 09:10:00,13.24,18.8,3.16,10.1,909.0
2026-06-02 09:15:00,18.0,19.0,3.15,9.2,943.4
2026-06-02 09:20:00,16.13,12.6,3.79,9.8,968.0
2026-06-02 09:25:00,14.41,16.6,3.23,8.0,991.1
2026-06-02 09:30:00,13.73,19.2,2.89,9.9,935.3
2026-06-02 09:35:00,13.17,24.1,3.43,10.3,969.2
2026-06-02 09:40:00,16.49,16.1,3.92,11.0,958.5
2026-06-02 09:45:00,14.32,24.1,3.26,11.1,940.0
2026-06-02 09:50:00,11.84,13.5,3.77,9.6,908.5
2026-06-02 09:55:00,11.43,20.0,3.23,10.8,967.6
2026-06-02 10:00:00,14.17,15.0,3.07,8.8,951.1
2026-06-02 10:05:00,14.2,27.3,3.53,9.5,937.2
2026-06-02 10:10:00,12.62,26.2,3.26,11.6,954.6
2026-06-02 10:15:00,11.73,19.7,3.79,10.2,972.8
2026-06-02 10:20:00,11.06,14.8,4.16,10.2,882.8
2026-06-02 10:25:00,12.86,8.9,3.22,9.8,928.1
2026-06-02 10:30:00,13.46,20.3,3.57,11.9,911.0
2026-06-02 10:35:00,15.04,19.2,3.83,10.5,914.1
2026-06-02 10:40:00,13.8,23.1,3.39,11.5,918.4
2026-06-02 10:45:00,15.6,9.2,3.59,9.4,993.9
2026-06-02 10:50:00,14.91,18.8,3.28,9.0,963.3
2026-06-02 10:55:00,14.77,20.6,3.33,9.2,906.0
2026-06-02 11:00:00,15.47,12.6,3.57,10.6,957.4
2026-06-02 11:05:00,11.92,18.7,2.83,11.6,967.1
2026-06-02 11:10:00,13.2,13.6,2.22,10.7,935.7
2026-06-02 11:15:00,17.6,13.0,3.2,10.9,898.5
2026-06-02 11:20:00,11.14,14.8,3.13,10.2,906.5
2026-06-02 11:25:00,13.55,16.4,4.19,8.7,886.6
2026-06-02 11:30:00,14.71,25.4,3.3,12.0,1035.6
2026-06-02 11:35:00,11.18,16.1,3.56,10.7,880.9
2026-06-02 11:40:00,12.87,12.9,3.0,10.5,899.8
2026-06-02 11:45:00,16.99,22.9,2.79,10.9,949.1
2026-06-02 11:50:00,14.26,24.2,2.64,8.3,876.9
2026-06-02 11:55:00,13.14,22.9,2.39,9.5,903.6
2026-06-02 12:00:00,14.32,26.2,3.55,10.6,954.6
2026-06-02 12:05:00,13.14,19.2,3.37,9.9,958.1
2026-06-02 12:10:00,16.57,18.9,4.08,9.9,966.4
2026-06-02 12:15:00,12.51,13.8,3.57,11.3,978.6
2026-06-02 12:20:00,13.22,26.4,3.26,10.1,948.4
2026-06-02 12:25:00,11.76,17.4,2.02,12.4,922.4
2026-06-02 12:30:00,13.56,16.2,4.36,10.0,968.3
2026-06-02 12:35:00,13.74,15.6,3.25,10.8,1005.6
2026-06-02 12:40:00,15.79,21.8,1.91,10.5,974.7
2026-06-02 12:45:00,12.47,18.5,3.33,9.4,915.4
2026-06-02 12:50:00,14.73,19.1,2.7,9.0,974.6
2026-06-02 12:55:00,14.13,16.1,2.71,10.0,972.4
2026-06-02 13:00:00,11.16,16.8,3.37,11.9,900.5
2026-06-02 13:05:00,12.91,17.1,2.86,9.6,940.7
2026-06-02 13:10:00,12.85,26.5,3.73,10.5,972.7
2026-06-02 13:15:00,16.52,7.2,3.24,9.7,996.4
2026-06-02 13:20:00,14.82,20.7,3.41,10.2,924.1
2026-06-02 13:25:00,14.22,24.5,3.47,11.1,891.7
2026-06-02 13:30:00,10.0,7.0,3.46,10.1,970.3
2026-06-02 13:35:00,11.14,17.6,3.33,9.4,940.1
2026-06-02 13:40:00,15.09,23.9,3.23,11.6,959.6
2026-06-02 13:45:00,15.17,13.5,4.14,9.4,957.6
2026-06-02 13:50:00,12.89,19.6,3.69,10.7,955.9
2026-06-02 13:55:00,14.04,12.4,2.84,8.5,933.5
2026-06-02 14:00:00,13.94,18.2,2.53,11.3,986.3
2026-06-02 14:05:00,14.25,25.7,2.65,12.6,916.0
2026-06-02 14:10:00,13.44,28.2,3.35,10.0,960.6
2026-06-02 14:15:00,15.22,19.5,2.52,9.0,965.6
2026-06-02 14:20:00,15.66,10.3,2.89,10.8,942.2
2026-06-02 14:25:00,12.56,16.1,2.41,10.1,981.7
2026-06-02 14:30:00,12.21,7.1,3.87,12.1,931.4
2026-06-02 14:35:00,12.81,16.2,3.62,9.4,1041.9
2026-06-02 14:40:00,14.07,23.8,3.67,8.7,959.5
2026-06-02 14:45:00,14.53,9.8,3.0,10.3,999.5
2026-06-02 14:50:00,15.18,16.8,2.16,10.6,985.5
2026-06-02 14:55:00,15.46,13.1,2.75,9.2,1006.9
2026-06-02 15:00:00,14.54,28.8,2.28,11.0,953.5
2026-06-02 15:05:00,14.34,20.4,2.36,10.1,995.1
2026-06-02 15:10:00,16.47,23.1,3.83,9.7,1008.2
2026-06-02 15:15:00,14.01,19.8,3.03,10.5,961.5
2026-06-02 15:20:00,14.89,22.6,3.33,9.7,922.1
2026-06-02 15:25:00,14.48,24.5,3.8,9.3,1023.2
2026-06-02 15:30:00,13.74,18.2,2.59,8.4,950.8
2026-06-02 15:35:00,13.75,14.8,3.6,9.4,953.1
2026-06-02 15:40:00,15.98,12.4,2.38,12.5,960.8
2026-06-02 15:45:00,13.86,28.6,3.25,10.0,918.7
2026-06-02 15:50:00,13.47,22.9,3.79,9.0,963.6
2026-06-02 15:55:00,12.89,4.7,2.65,11.3,963.9
2026-06-02 16:00:00,14.63,16.5,3.71,10.0,949.6
2026-06-02 16:05:00,13.23,20.5,3.31,10.3,947.3
2026-06-02 16:10:00,14.5,28.0,2.83,10.3,941.1
2026-06-02 16:15:00,14.27,11.4,2.55,11.5,934.8
2026-06-02 16:20:00,13.36,20.6,3.32,8.7,979.1
2026-06-02 16:25:00,11.91,15.6,3.52,11.5,961.6
2026-06-02 16:30:00,12.46,10.8,3.08,10.7,987.2
2026-06-02 16:35:00,12.69,26.1,2.53,10.1,929.1
2026-06-02 16:40:00,12.49,12.2,3.72,9.1,995.1
2026-06-02 16:45:00,14.68,23.8,3.85,9.8,985.7
2026-06-02 16:50:00,17.19,8.4,3.87,10.0,940.3
2026-06-02 16:55:00,13.23,15.1,4.18,11.8,923.3
2026-06-02 17:00:00,13.42,21.4,2.77,11.4,973.8
2026-06-02 17:05:00,13.12,22.3,2.31,9.6,886.6
2026-06-02 17:10:00,15.29,20.6,3.42,12.0,933.4
2026-06-02 17:15:00,14.64,23.9,2.9,11.0,961.0
2026-06-02 17:20:00,13.98,16.3,3.81,10.5,944.0
2026-06-02 17:25:00,12.18,26.4,2.49,9.7,907.2
2026-06-02 17:30:00,12.55,20.1,2.6,9.4,953.6
2026-06-02 17:35:00,14.26,22.4,3.2,10.5,910.0
2026-06-02 17:40:00,14.33,20.2,3.28,10.4,960.4
2026-06-02 17:45:00,13.98,20.9,3.58,9.6,934.3
2026-06-02 17:50:00,15.0,12.0,3.2,11.1,944.5
2026-06-02 17:55:00,12.17,12.4,2.11,10.2,917.1
2026-06-02 18:00:00,14.46,14.8,5.3,10.4,981.0
2026-06-02 18:05:00,14.37,21.1,3.19,11.1,944.2
2026-06-02 18:10:00,12.56,14.5,4.97,10.8,920.5
2026-06-02 18:15:00,13.09,16.2,3.14,8.4,945.2
2026-06-02 18:20:00,15.04,17.6,2.57,10.8,1019.4
2026-06-02 18:25:00,12.29,26.5,2.92,10.0,963.4
2026-06-02 18:30:00,17.7,21.6,3.82,9.6,993.0
2026-06-02 18:35:00,14.83,9.2,3.66,10.1,885.5
2026-06-02 18:40:00,13.91,19.0,3.37,9.7,942.1
2026-06-02 18:45:00,13.62,16.2,3.18,10.1,910.0
2026-06-02 18:50:00,15.18,16.6,3.29,10.0,929.2
2026-06-02 18:55:00,13.38,18.0,3.11,10.7,919.3
2026-06-02 19:00:00,13.44,24.8,3.85,8.5,1001.6
2026-06-02 19:05:00,16.18,13.1,3.8,10.2,978.7
2026-06-02 19:10:00,13.29,19.2,2.62,10.0,919.8
2026-06-02 19:15:00,14.2,19.7,2.3,12.3,931.4
2026-06-02 19:20:00,12.86,16.7,2.48,8.0,964.5
2026-06-02 19:25:00,14.39,14.2,3.02,10.9,985.6
2026-06-02 19:30:00,14.87,13.5,3.38,10.4,991.6
2026-06-02 19:35:00,16.52,15.5,3.19,10.8,975.4
2026-06-02 19:40:00,12.59,22.4,3.53,9.6,1022.6
2026-06-02 19:45:00,11.83,15.8,3.21,10.3,967.1
2026-06-02 19:50:00,13.6,17.4,4.16,10.1,932.2
2026-06-02 19:55:00,13.07,11.1,3.57,13.5,917.4
2026-06-02 20:00:00,13.98,15.2,3.24,9.7,906.8
2026-06-02 20:05:00,14.78,19.4,2.28,9.2,901.6
2026-06-02 20:10:00,17.4,8.0,3.51,12.0,977.0
2026-06-02 20:15:00,13.32,24.3,3.44,10.3,1013.6
2026-06-02 20:20:00,10.68,14.4,2.81,10.5,954.2
2026-06-02 20:25:00,13.64,28.6,2.4,11.1,1023.1
2026-06-02 20:30:00,14.53,20.5,3.83,10.1,951.1
2026-06-02 20:35:00,12.55,7.0,2.73,9.6,974.3
2026-06-02 20:40:00,14.35,19.7,3.28,10.1,886.7
2026-06-02 20:45:00,14.21,16.1,3.24,9.2,982.5
2026-06-02 20:50:00,14.39,19.7,3.45,8.5,924.5
2026-06-02 20:55:00,15.19,27.7,2.53,9.2,983.2
2026-06-02 21:00:00,13.88,22.2,3.09,7.6,1001.3
2026-06-02 21:05:00,14.82,16.6,2.63,9.6,962.2
2026-06-02 21:10:00,11.3,9.6,3.33,9.5,967.3
2026-06-02 21:15:00,12.56,23.2,3.45,10.6,954.7
2026-06-02 21:20:00,13.49,21.1,3.71,10.1,975.6
2026-06-02 21:25:00,12.49,24.9,4.03,9.9,1024.9
2026-06-02 21:30:00,14.01,17.1,3.05,11.2,950.5
2026-06-02 21:35:00,13.48,19.8,3.01,9.6,956.6
2026-06-02 21:40:00,13.32,16.5,3.98,8.9,878.9
2026-06-02 21:45:00,15.33,18.5,3.54,7.5,966.9
2026-06-02 21:50:00,14.13,8.9,4.03,10.0,918.8
2026-06-02 21:55:00,12.37,19.9,4.35,9.9,942.1
2026-06-02 22:00:00,13.1,20.3,2.67,11.3,969.1
2026-06-02 22:05:00,15.13,15.0,3.72,9.1,885.4
2026-06-02 22:10:00,14.3,21.6,2.8,10.8,968.6
2026-06-02 22:15:00,15.79,23.2,4.09,7.5,960.0
2026-06-02 22:20:00,15.27,26.4,2.4,8.7,978.1
2026-06-02 22:25:00,13.42,11.9,3.81,10.4,924.5
2026-06-02 22:30:00,16.15,22.0,2.83,10.7,994.5
2026-06-02 22:35:00,16.28,26.0,3.45,8.3,962.2
2026-06-02 22:40:00,11.32,15.9,3.98,9.2,921.6
2026-06-02 22:45:00,14.05,26.4,2.73,10.0,895.2
2026-06-02 22:50:00,13.18,13.6,2.36,9.9,928.3
2026-06-02 22:55:00,13.61,18.4,3.04,10.5,984.8
2026-06-02 23:00:00,12.78,7.6,3.07,10.9,967.8
2026-06-02 23:05:00,12.59,6.8,2.54,8.7,864.2
2026-06-02 23:10:00,15.35,8.7,2.09,10.4,936.7
2026-06-02 23:15:00,12.25,26.5,3.84,9.3,955.0
2026-06-02 23:20:00,14.14,13.3,4.14,10.3,1026.4
2026-06-02 23:25:00,11.98,13.4,2.89,9.5,1001.5
2026-06-02 23:30:00,15.9,20.4,3.0,11.1,942.9
2026-06-02 23:35:00,14.05,13.5,3.73,10.6,957.2
2026-06-02 23:40:00,15.12,25.2,3.62,9.0,895.5
2026-06-02 23:45:00,14.29,29.2,4.16,8.3,850.0
2026-06-02 23:50:00,13.62,4.7,3.71,11.2,934.1
2026-06-02 23:55:00,14.1,21.1,2.55,9.3,990.1
2026-06-03 00:00:00,16.26,5.6,3.8,9.4,957.2
2026-06-03 00:05:00,12.65,9.8,2.86,10.7,920.0
2026-06-03 00:10:00,10.18,20.9,3.13,9.0,986.5
2026-06-03 00:15:00,12.82,12.3,3.92,10.2,1021.7
2026-06-03 00:20:00,12.19,19.6,2.64,10.0,890.4
2026-06-03 00:25:00,15.45,18.2,3.15,9.9,947.9
2026-06-03 00:30:00,13.74,8.1,2.56,11.2,928.7
2026-06-03 00:35:00,15.24,21.9,2.57,10.5,951.8
2026-06-03 00:40:00,14.05,19.8,2.85,11.0,931.8
2026-06-03 00:45:00,14.01,18.2,4.18,9.8,1050.0
2026-06-03 00:50:00,14.25,14.1,3.26,9.3,945.2
2026-06-03 00:55:00,16.22,20.3,4.76,11.0,962.0
2026-06-03 01:00:00,14.28,10.2,3.85,9.4,956.7
2026-06-03 01:05:00,15.66,12.0,3.85,10.1,899.9
2026-06-03 01:10:00,15.57,19.9,2.52,10.4,958.1
2026-06-03 01:15:00,13.76,24.2,3.05,9.2,891.1
2026-06-03 01:20:00,13.89,15.1,2.54,9.2,1022.1
2026-06-03 01:25:00,13.43,20.7,2.99,9.7,986.1
2026-06-03 01:30:00,15.92,19.2,2.91,10.7,926.9
2026-06-03 01:35:00,12.59,20.5,3.15,10.3,943.3
2026-06-03 01:40:00,12.92,13.8,3.74,8.6,991.0
2026-06-03 01:45:00,13.59,17.1,3.05,12.0,960.9
2026-06-03 01:50:00,12.28,17.8,3.71,10.4,883.9
2026-06-03 01:55:00,13.11,27.0,2.23,9.6,956.7
2026-06-03 02:00:00,15.7,11.4,3.54,9.8,993.4
2026-06-03 02:05:00,14.98,9.6,3.02,9.8,856.6
2026-06-03 02:10:00,13.37,35.0,3.18,9.6,955.5
2026-06-03 02:15:00,15.2,19.9,3.7,11.2,916.6
2026-06-03 02:20:00,17.12,21.3,2.3,12.4,1000.7
2026-06-03 02:25:00,14.47,21.9,4.04,9.5,931.9
2026-06-03 02:30:00,16.13,22.6,3.04,9.5,927.8
2026-06-03 02:35:00,15.28,23.4,4.26,9.9,983.1
2026-06-03 02:40:00,13.56,22.7,3.2,8.6,914.1
2026-06-03 02:45:00,14.3,24.8,3.92,10.5,953.4
2026-06-03 02:50:00,14.79,19.0,3.23,10.2,961.2
2026-06-03 02:55:00,12.88,24.4,3.3,10.1,942.2
2026-06-03 03:00:00,10.09,29.4,3.16,8.1,897.8
2026-06-03 03:05:00,12.75,19.2,3.06,7.7,915.1
2026-06-03 03:10:00,10.76,20.9,3.02,9.6,944.8
2026-06-03 03:15:00,12.87,14.5,3.37,10.7,874.2
2026-06-03 03:20:00,11.44,17.0,3.54,8.2,953.4
2026-06-03 03:25:00,15.32,20.1,3.32,10.9,939.5
2026-06-03 03:30:00,12.23,15.7,3.53,9.7,972.9
2026-06-03 03:35:00,14.82,18.6,2.28,9.2,976.0
2026-06-03 03:40:00,15.15,20.0,3.72,10.1,905.1
2026-06-03 03:45:00,15.05,27.1,2.66,8.7,929.2
2026-06-03 03:50:00,11.2,12.8,2.26,7.5,912.9
2026-06-03 03:55:00,15.68,20.5,4.28,11.2,928.9
2026-06-03 04:00:00,14.63,14.4,4.08,10.0,939.9
2026-06-03 04:05:00,15.21,22.6,3.15,9.3,994.8
2026-06-03 04:10:00,16.74,23.1,3.79,9.4,926.2
2026-06-03 04:15:00,15.19,28.1,2.9,9.2,985.5
2026-06-03 04:20:00,12.23,15.4,2.94,9.6,960.4
2026-06-03 04:25:00,14.98,18.9,2.83,9.9,1005.4
2026-06-03 04:30:00,11.74,22.8,2.77,10.7,935.9
2026-06-03 04:35:00,13.91,22.0,3.01,9.3,917.5
2026-06-03 04:40:00,13.25,3.1,2.92,8.9,955.8
2026-06-03 04:45:00,14.02,13.9,1.53,9.5,885.7
2026-06-03 04:50:00,11.74,21.4,3.06,12.5,956.3
2026-06-03 04:55:00,11.91,16.7,2.63,10.2,972.6
2026-06-03 05:00:00,13.33,22.9,3.33,10.4,993.9
2026-06-03 05:05:00,13.67,24.3,2.99,9.7,966.2
2026-06-03 05:10:00,13.36,16.7,3.59,11.7,944.3
2026-06-03 05:15:00,16.18,21.6,3.17,10.9,1027.6
2026-06-03 05:20:00,14.64,26.7,2.35,9.0,949.6
2026-06-03 05:25:00,14.59,24.1,2.38,10.2,907.7
2026-06-03 05:30:00,13.43,13.4,2.5,9.6,948.6
2026-06-03 05:35:00,11.91,16.9,2.69,10.4,896.2
2026-06-03 05:40:00,13.99,18.2,2.78,11.0,900.6
2026-06-03 05:45:00,16.71,12.4,3.81,8.8,959.7
2026-06-03 05:50:00,14.34,24.4,3.25,10.4,897.0
2026-06-03 05:55:00,15.67,14.1,2.12,9.2,925.3
2026-06-03 06:00:00,15.86,17.4,2.68,11.4,903.3
2026-06-03 06:05:00,14.84,24.4,3.11,11.0,955.6
2026-06-03 06:10:00,14.33,15.3,2.62,8.0,921.5
2026-06-03 06:15:00,12.52,16.0,3.27,8.9,971.3
2026-06-03 06:20:00,13.69,20.0,2.68,8.7,968.1
2026-06-03 06:25:00,13.46,15.5,3.14,9.9,897.8
2026-06-03 06:30:00,14.49,27.2,2.77,10.3,986.8
2026-06-03 06:35:00,11.88,12.5,3.32,10.8,943.1
2026-06-03 06:40:00,13.19,4.2,4.2,9.8,901.0
2026-06-03 06:45:00,14.61,23.1,3.69,9.7,964.9
2026-06-03 06:50:00,12.95,15.9,2.57,10.3,1020.4
2026-06-03 06:55:00,12.63,13.2,4.76,13.2,942.1
2026-06-03 07:00:00,12.81,20.3,3.89,8.5,884.1
2026-06-03 07:05:00,13.59,20.5,2.76,8.1,986.9
2026-06-03 07:10:00,10.43,13.4,2.73,9.5,1013.0
2026-06-03 07:15:00,12.88,25.1,3.33,9.3,906.8
2026-06-03 07:20:00,15.43,23.2,3.57,9.3,918.2
2026-06-03 07:25:00,14.49,29.8,4.14,10.0,951.4
2026-06-03 07:30:00,14.63,15.2,3.53,8.8,872.6
2026-06-03 07:35:00,11.26,18.9,2.79,9.4,1033.3
2026-06-03 07:40:00,13.38,19.4,2.88,9.7,948.0
2026-06-03 07:45:00,13.83,16.0,3.6,9.7,951.7
2026-06-03 07:50:00,14.7,20.4,2.37,9.9,964.3
2026-06-03 07:55:00,15.67,20.9,4.07,9.9,939.7
2026-06-03 08:00:00,15.43,20.9,2.84,9.2,929.4
2026-06-03 08:05:00,13.12,16.0,3.8,9.7,912.3
2026-06-03 08:10:00,13.16,16.7,3.93,10.0,902.9
2026-06-03 08:15:00,16.12,14.6,5.07,11.0,966.3
2026-06-03 08:20:00,13.46,13.5,3.06,8.5,1004.1
2026-06-03 08:25:00,12.38,17.6,3.04,10.0,988.0
2026-06-03 08:30:00,13.69,27.1,2.91,10.2,938.4
2026-06-03 08:35:00,16.02,30.2,3.18,10.2,942.3
2026-06-03 08:40:00,12.64,25.9,2.73,10.2,1014.7
2026-06-03 08:45:00,13.36,15.2,3.95,8.7,918.1
2026-06-03 08:50:00,12.7,20.4,3.78,10.2,883.3
2026-06-03 08:55:00,15.43,5.7,3.17,10.1,960.1
2026-06-03 09:00:00,14.43,17.1,2.78,10.5,984.1
2026-06-03 09:05:00,15.39,15.7,2.96,9.8,850.5
2026-06-03 09:10:00,16.35,29.2,2.81,9.5,965.9
2026-06-03 09:15:00,11.73,19.6,3.48,11.0,904.9
2026-06-03 09:20:00,12.86,18.3,3.31,8.8,893.3
2026-06-03 09:25:00,13.35,17.6,3.7,8.6,938.4
2026-06-03 09:30:00,14.1,16.3,4.11,8.8,903.8
2026-06-03 09:35:00,14.76,21.2,3.35,10.3,879.2
2026-06-03 09:40:00,13.26,14.0,3.6,9.3,954.3
2026-06-03 09:45:00,12.96,21.3,4.64,9.9,948.2
2026-06-03 09:50:00,15.43,26.6,3.46,11.4,881.3
2026-06-03 09:55:00,14.82,18.7,2.9,8.8,893.7
2026-06-03 10:00:00,14.47,16.1,3.18,8.3,968.6
2026-06-03 10:05:00,10.78,17.5,2.21,10.8,971.1
2026-06-03 10:10:00,15.81,25.2,3.46,9.2,850.0
2026-06-03 10:15:00,14.28,18.8,2.86,8.8,899.5
2026-06-03 10:20:00,13.76,14.3,2.7,9.9,946.7
2026-06-03 10:25:00,12.77,22.9,2.63,9.8,966.9
2026-06-03 10:30:00,13.05,13.7,3.93,9.1,966.4
2026-06-03 10:35:00,12.66,16.6,3.06,10.6,974.1
2026-06-03 10:40:00,11.0,19.4,3.64,9.2,921.2
2026-06-03 10:45:00,12.77,13.2,3.48,9.2,957.1
2026-06-03 10:50:00,11.6,7.3,3.43,8.1,934.2
2026-06-03 10:55:00,13.91,20.7,2.94,7.5,927.6
2026-06-03 11:00:00,12.27,4.8,3.63,10.2,889.5
2026-06-03 11:05:00,15.09,12.4,3.0,8.7,961.9
2026-06-03 11:10:00,11.5,22.7,3.25,9.8,884.0
2026-06-03 11:15:00,15.79,20.5,3.84,11.9,903.2
2026-06-03 11:20:00,15.25,17.1,4.0,10.5,977.5
2026-06-03 11:25:00,12.4,12.6,2.99,10.0,943.4
2026-06-03 11:30:00,13.86,15.4,3.45,10.4,992.1
2026-06-03 11:35:00,12.72,21.5,3.52,12.2,936.5
2026-06-03 11:40:00,14.87,17.2,3.35,8.1,927.8
2026-06-03 11:45:00,16.7,10.6,3.73,9.9,995.9
2026-06-03 11:50:00,15.77,12.7,3.72,11.5,934.0
2026-06-03 11:55:00,12.97,15.4,4.33,10.3,961.2
2026-06-03 12:00:00,14.17,20.2,4.47,11.2,943.5
2026-06-03 12:05:00,16.28,18.6,3.09,9.4,954.8
2026-06-03 12:10:00,14.79,10.5,4.27,8.7,941.1
2026-06-03 12:15:00,15.52,26.1,3.38,11.9,985.1
2026-06-03 12:20:00,14.98,13.5,3.14,10.1,952.7
2026-06-03 12:25:00,14.11,20.6,3.54,10.8,936.7
2026-06-03 12:30:00,13.9,12.3,3.12,10.9,960.2
2026-06-03 12:35:00,12.18,32.9,3.03,11.3,888.1
2026-06-03 12:40:00,12.85,26.0,2.46,10.3,990.5
2026-06-03 12:45:00,12.65,13.4,3.29,10.3,889.7
2026-06-03 12:50:00,13.47,18.5,3.75,10.5,923.5
2026-06-03 12:55:00,14.15,11.8,3.69,9.4,931.9
2026-06-03 13:00:00,13.84,15.9,3.44,11.1,960.0
2026-06-03 13:05:00,14.32,20.5,4.22,9.4,1014.8
2026-06-03 13:10:00,15.0,23.1,4.43,11.1,991.3
2026-06-03 13:15:00,13.38,10.6,3.57,10.8,891.1
2026-06-03 13:20:00,15.11,13.5,4.2,7.8,914.6
2026-06-03 13:25:00,15.71,23.7,3.35,10.8,894.0
2026-06-03 13:30:00,14.62,25.9,3.17,10.2,898.0
2026-06-03 13:35:00,13.18,13.4,3.82,11.3,926.4
2026-06-03 13:40:00,15.42,23.7,3.1,11.7,1002.4
2026-06-03 13:45:00,14.72,10.6,1.86,10.1,940.2
2026-06-03 13:50:00,14.93,16.2,3.06,10.4,945.4
2026-06-03 13:55:00,16.3,11.1,2.37,8.7,959.2
2026-06-03 14:00:00,15.06,15.6,2.99,9.8,912.4
2026-06-03 14:05:00,16.36,29.5,2.76,11.7,947.2
2026-06-03 14:10:00,13.78,17.7,2.88,10.0,959.9
2026-06-03 14:15:00,13.35,16.3,2.59,10.9,1048.4
2026-06-03 14:20:00,15.72,14.6,2.51,10.0,987.0
2026-06-03 14:25:00,12.52,16.2,2.83,9.9,1015.8
2026-06-03 14:30:00,16.83,13.1,3.03,10.6,951.2
2026-06-03 14:35:00,15.95,18.8,3.01,7.1,971.1
2026-06-03 14:40:00,14.13,17.8,3.36,10.4,960.5
2026-06-03 14:45:00,15.8,15.3,3.65,7.8,878.5
2026-06-03 14:50:00,14.99,14.7,2.63,9.9,851.5
2026-06-03 14:55:00,12.06,19.1,2.66,9.2,905.0
2026-06-03 15:00:00,12.78,13.6,4.24,8.8,999.7
2026-06-03 15:05:00,14.43,16.6,3.67,11.5,934.2
2026-06-03 15:10:00,14.24,15.3,2.76,11.1,981.1
2026-06-03 15:15:00,15.96,4.8,2.58,9.6,1002.2
2026-06-03 15:20:00,14.45,23.2,2.85,12.4,898.7
2026-06-03 15:25:00,12.1,7.0,3.16,11.0,1009.0
2026-06-03 15:30:00,13.18,7.4,3.72,9.8,903.5
2026-06-03 15:35:00,15.11,23.4,1.77,8.1,941.7
2026-06-03 15:40:00,11.27,11.3,2.69,9.9,906.8
2026-06-03 15:45:00,11.88,5.5,4.4,9.4,959.5
2026-06-03 15:50:00,13.44,26.0,3.13,9.5,943.5
2026-06-03 15:55:00,15.39,14.2,3.28,10.4,981.9
2026-06-03 16:00:00,13.67,25.3,2.79,9.4,990.0
2026-06-03 16:05:00,14.69,12.5,3.73,11.3,1013.2
2026-06-03 16:10:00,14.01,8.1,2.22,9.5,980.1
2026-06-03 16:15:00,13.79,16.1,2.96,9.0,982.6
2026-06-03 16:20:00,13.02,10.8,2.02,10.6,932.1
2026-06-03 16:25:00,15.26,20.4,3.16,10.0,942.9
2026-06-03 16:30:00,12.12,22.1,2.89,10.9,962.6
2026-06-03 16:35:00,13.65,23.6,2.17,10.2,900.4
2026-06-03 16:40:00,15.72,16.1,3.83,8.6,994.9
2026-06-03 16:45:00,12.85,26.3,3.53,10.3,944.6
2026-06-03 16:50:00,11.67,12.4,3.87,9.1,957.8
2026-06-03 16:55:00,10.82,18.8,2.29,10.1,889.3
2026-06-03 17:00:00,15.0,17.2,2.61,9.4,935.5
2026-06-03 17:05:00,15.1,29.8,3.8,9.8,984.5
2026-06-03 17:10:00,13.48,25.2,3.61,10.0,966.8
2026-06-03 17:15:00,12.09,18.2,4.04,10.7,983.2
2026-06-03 17:20:00,13.78,19.2,3.04,9.4,936.5
2026-06-03 17:25:00,15.77,27.2,3.04,7.2,955.2
2026-06-03 17:30:00,12.1,13.5,3.61,9.0,945.8
2026-06-03 17:35:00,15.59,5.8,2.51,10.1,976.6
2026-06-03 17:40:00,11.46,12.2,3.38,11.2,960.4
2026-06-03 17:45:00,12.29,15.5,4.75,10.3,934.7
2026-06-03 17:50:00,14.16,26.2,2.9,11.0,850.0
2026-06-03 17:55:00,15.42,24.2,2.18,10.2,956.8
2026-06-03 18:00:00,16.21,17.7,3.45,10.2,882.9
2026-06-03 18:05:00,15.49,20.8,2.63,9.8,977.6
2026-06-03 18:10:00,16.33,13.7,3.18,11.0,983.3
2026-06-03 18:15:00,14.27,30.5,3.73,11.6,858.6
2026-06-03 18:20:00,13.07,25.3,3.46,9.0,962.0
2026-06-03 18:25:00,15.78,18.3,2.9,10.2,961.0
2026-06-03 18:30:00,16.05,17.6,3.71,8.8,965.0
2026-06-03 18:35:00,15.4,22.2,2.16,11.7,900.7
2026-06-03 18:40:00,14.92,17.7,3.32,10.2,969.1
2026-06-03 18:45:00,16.09,7.1,3.08,10.0,899.6
2026-06-03 18:50:00,14.51,27.2,1.69,8.9,977.6
2026-06-03 18:55:00,13.97,25.0,2.4,9.8,967.4
2026-06-03 19:00:00,15.09,20.2,3.17,9.9,936.8
2026-06-03 19:05:00,14.72,15.5,3.67,8.9,967.0
2026-06-03 19:10:00,15.33,18.1,3.21,10.2,912.1
2026-06-03 19:15:00,13.8,2.1,3.18,9.1,927.7
2026-06-03 19:20:00,15.36,11.4,3.75,10.4,996.6
2026-06-03 19:25:00,15.29,28.6,3.26,9.0,995.0
2026-06-03 19:30:00,14.32,21.1,3.77,10.2,906.1
2026-06-03 19:35:00,12.87,6.3,3.66,9.8,925.2
2026-06-03 19:40:00,15.86,13.0,2.82,10.3,927.8
2026-06-03 19:45:00,12.19,6.4,3.72,10.2,952.5
2026-06-03 19:50:00,12.56,13.3,3.82,10.1,944.6
2026-06-03 19:55:00,14.25,17.0,4.05,9.3,1001.7
2026-06-03 20:00:00,10.24,27.6,2.79,10.6,1011.4
2026-06-03 20:05:00,16.31,22.7,2.94,10.3,1022.1
2026-06-03 20:10:00,14.02,16.2,3.75,10.6,1036.4
2026-06-03 20:15:00,16.31,16.5,3.72,10.0,886.8
2026-06-03 20:20:00,16.71,13.2,2.94,9.8,942.4
2026-06-03 20:25:00,13.77,24.5,2.73,9.0,922.2
2026-06-03 20:30:00,16.02,25.3,2.87,9.3,914.1
2026-06-03 20:35:00,12.41,10.0,3.33,9.5,1006.4
2026-06-03 20:40:00,14.65,7.7,2.77,11.0,966.8
2026-06-03 20:45:00,13.29,16.1,3.47,8.8,886.4
2026-06-03 20:50:00,15.04,16.8,2.18,8.7,1050.0
2026-06-03 20:55:00,15.32,19.6,2.69,9.9,877.4
2026-06-03 21:00:00,13.76,8.0,3.41,9.2,935.8
2026-06-03 21:05:00,14.82,13.7,2.69,9.6,953.5
2026-06-03 21:10:00,15.42,17.5,2.95,9.6,904.7
2026-06-03 21:15:00,14.28,13.3,3.17,9.4,972.0
2026-06-03 21:20:00,17.81,23.1,4.42,9.2,925.3
2026-06-03 21:25:00,13.79,29.2,2.3,9.1,982.9
2026-06-03 21:30:00,16.48,14.8,3.37,9.6,966.0
2026-06-03 21:35:00,15.72,23.3,2.53,8.5,850.0
2026-06-03 21:40:00,11.21,15.9,2.58,10.6,888.0
2026-06-03 21:45:00,16.24,12.4,2.73,9.1,983.9
2026-06-03 21:50:00,15.61,13.7,3.15,10.5,966.2
2026-06-03 21:55:00,14.17,22.6,4.01,9.3,909.0
2026-06-03 22:00:00,14.55,14.2,3.94,11.0,923.2
2026-06-03 22:05:00,14.74,15.3,2.95,10.0,946.5
2026-06-03 22:10:00,16.06,11.1,3.11,8.9,869.0
2026-06-03 22:15:00,13.38,21.8,3.52,12.5,1040.9
2026-06-03 22:20:00,16.38,20.7,3.21,9.6,910.8
2026-06-03 22:25:00,12.37,26.7,2.73,9.4,951.2
2026-06-03 22:30:00,11.36,21.6,3.56,9.5,1016.8
2026-06-03 22:35:00,14.89,20.5,4.15,10.4,942.6
2026-06-03 22:40:00,15.89,21.5,3.8,8.5,962.9
2026-06-03 22:45:00,13.73,16.5,4.03,10.1,911.7
2026-06-03 22:50:00,10.6,18.7,3.11,8.3,928.1
2026-06-03 22:55:00,11.76,23.6,2.49,9.9,913.0
2026-06-03 23:00:00,14.65,13.1,2.05,11.1,1001.2
2026-06-03 23:05:00,13.98,28.2,1.85,9.4,923.3
2026-06-03 23:10:00,15.93,21.8,3.04,10.9,920.3
2026-06-03 23:15:00,14.11,30.1,3.38,8.3,915.5
2026-06-03 23:20:00,12.89,10.9,3.78,9.4,965.3
2026-06-03 23:25:00,14.46,10.9,3.42,8.8,973.3
2026-06-03 23:30:00,15.52,20.2,2.74,11.9,870.1
2026-06-03 23:35:00,16.03,18.7,3.59,9.6,952.7
2026-06-03 23:40:00,13.83,15.3,2.51,9.3,962.1
2026-06-03 23:45:00,14.1,10.4,2.61,9.7,1006.2
2026-06-03 23:50:00,15.17,16.4,3.58,10.0,901.0
2026-06-03 23:55:00,12.88,19.3,2.45,9.6,905.2
2026-06-04 00:00:00,15.11,10.1,2.82,8.8,975.7
2026-06-04 00:05:00,13.65,15.5,2.64,11.3,947.6
2026-06-04 00:10:00,13.89,20.3,3.28,11.1,1005.1
2026-06-04 00:15:00,14.0,22.7,3.51,10.3,994.1
2026-06-04 00:20:00,14.19,16.3,3.59,10.3,961.2
2026-06-04 00:25:00,16.87,13.2,2.9,10.2,947.3
2026-06-04 00:30:00,13.3,18.7,3.09,9.5,943.7
2026-06-04 00:35:00,13.37,16.8,3.65,9.4,948.8
2026-06-04 00:40:00,16.17,9.2,2.97,11.6,952.4
2026-06-04 00:45:00,14.67,15.3,2.68,10.6,1006.9
2026-06-04 00:50:00,15.15,14.5,2.85,8.7,868.5
2026-06-04 00:55:00,12.45,18.1,2.83,9.5,933.2
2026-06-04 01:00:00,14.37,13.6,3.26,10.5,958.2
2026-06-04 01:05:00,15.22,14.7,3.22,10.4,925.9
2026-06-04 01:10:00,12.99,16.9,3.11,10.5,938.6
2026-06-04 01:15:00,14.94,21.8,2.68,8.5,932.4
2026-06-04 01:20:00,13.69,18.6,2.64,10.3,1002.1
2026-06-04 01:25:00,13.03,34.0,3.43,11.1,933.1
2026-06-04 01:30:00,15.52,10.4,3.48,8.5,921.2
2026-06-04 01:35:00,15.71,23.5,2.88,11.7,981.2
2026-06-04 01:40:00,14.19,17.5,3.17,10.3,928.6
2026-06-04 01:45:00,14.68,9.6,4.01,10.1,943.3
2026-06-04 01:50:00,15.99,15.7,3.18,9.0,905.7
2026-06-04 01:55:00,13.41,8.9,3.29,9.4,933.8
2026-06-04 02:00:00,14.52,18.5,4.11,9.6,948.6
2026-06-04 02:05:00,13.42,16.2,3.86,8.6,899.4
2026-06-04 02:10:00,12.47,13.9,2.86,9.7,946.0
2026-06-04 02:15:00,13.41,11.6,3.91,9.1,970.5
2026-06-04 02:20:00,12.31,24.1,3.04,10.7,870.3
2026-06-04 02:25:00,14.64,17.0,2.58,7.0,923.9
2026-06-04 02:30:00,12.84,19.3,3.97,9.8,1050.0
2026-06-04 02:35:00,11.9,19.1,2.76,9.0,941.8
2026-06-04 02:40:00,15.11,18.6,2.89,10.0,995.6
2026-06-04 02:45:00,15.02,16.0,2.99,12.4,948.9
2026-06-04 02:50:00,13.5,27.1,4.33,11.7,936.8
2026-06-04 02:55:00,15.05,31.4,2.49,9.5,987.3
2026-06-04 03:00:00,12.79,26.7,2.75,9.8,997.9
2026-06-04 03:05:00,13.44,18.1,2.99,9.2,914.3
2026-06-04 03:10:00,14.61,17.7,3.52,9.8,906.1
2026-06-04 03:15:00,15.55,24.6,3.09,10.7,895.3
2026-06-04 03:20:00,13.43,13.5,2.85,8.7,914.9
2026-06-04 03:25:00,13.11,28.3,3.47,11.6,995.4
2026-06-04 03:30:00,15.47,22.7,3.97,10.9,951.2
2026-06-04 03:35:00,14.92,16.3,2.24,10.9,997.4
2026-06-04 03:40:00,14.22,19.7,2.77,10.4,908.7
2026-06-04 03:45:00,15.77,21.8,3.47,9.1,909.9
2026-06-04 03:50:00,16.92,15.4,2.49,11.0,934.3
2026-06-04 03:55:00,14.55,24.2,3.05,9.7,961.9
2026-06-04 04:00:00,13.12,25.6,3.89,8.3,944.4
2026-06-04 04:05:00,14.75,16.4,3.59,10.1,977.9
2026-06-04 04:10:00,12.77,15.1,3.54,8.8,966.6
2026-06-04 04:15:00,15.86,17.4,3.65,9.4,969.5
2026-06-04 04:20:00,12.95,11.1,3.46,10.7,977.4
2026-06-04 04:25:00,13.71,8.0,3.1,9.9,993.9
2026-06-04 04:30:00,12.74,15.4,3.8,10.0,851.6
2026-06-04 04:35:00,14.27,12.2,2.97,11.2,949.5
2026-06-04 04:40:00,14.33,28.6,3.0,7.7,983.7
2026-06-04 04:45:00,15.11,15.3,2.23,11.1,1050.0
2026-06-04 04:50:00,14.18,20.7,2.89,10.1,946.0
2026-06-04 04:55:00,14.07,14.2,3.28,9.9,862.1
2026-06-04 05:00:00,13.14,28.7,3.11,10.0,1007.0
2026-06-04 05:05:00,13.57,16.8,3.77,10.6,901.3
2026-06-04 05:10:00,11.91,10.5,3.01,11.0,968.4
2026-06-04 05:15:00,16.09,22.0,2.92,9.8,971.5
2026-06-04 05:20:00,13.86,19.6,2.86,9.9,955.0
2026-06-04 05:25:00,16.46,25.2,3.27,10.6,864.7
2026-06-04 05:30:00,13.82,17.1,4.14,7.9,935.5
2026-06-04 05:35:00,11.15,18.6,1.81,9.9,887.2
2026-06-04 05:40:00,13.32,9.0,3.0,10.5,968.1
2026-06-04 05:45:00,14.0,23.0,2.94,9.5,914.6
2026-06-04 05:50:00,14.1,18.4,1.92,9.2,865.0
2026-06-04 05:55:00,15.02,17.3,3.13,9.8,978.5
2026-06-04 06:00:00,14.26,16.6,3.0,9.4,899.3
2026-06-04 06:05:00,13.49,16.3,2.95,9.8,955.4
2026-06-04 06:10:00,12.63,23.1,2.49,9.5,920.5
2026-06-04 06:15:00,13.39,12.4,3.2,11.6,984.7
2026-06-04 06:20:00,14.91,22.5,2.46,8.9,983.0
2026-06-04 06:25:00,15.29,8.4,2.79,10.8,959.5
2026-06-04 06:30:00,12.99,6.5,3.2,9.4,945.7
2026-06-04 06:35:00,15.51,26.5,3.73,10.3,932.4
2026-06-04 06:40:00,14.85,11.9,3.51,10.6,901.8
2026-06-04 06:45:00,12.67,18.6,3.56,11.5,926.5
2026-06-04 06:50:00,14.37,16.4,4.39,10.4,969.1
2026-06-04 06:55:00,14.55,20.1,3.44,9.6,1028.2
2026-06-04 07:00:00,12.4,18.3,2.57,10.1,972.8
2026-06-04 07:05:00,11.96,24.3,2.8,11.9,978.6
2026-06-04 07:10:00,14.71,9.4,2.77,10.2,945.7
2026-06-04 07:15:00,13.32,22.0,3.08,8.7,971.1
2026-06-04 07:20:00,16.27,17.7,2.96,9.6,864.1
2026-06-04 07:25:00,16.58,8.8,2.73,9.6,921.1
2026-06-04 07:30:00,14.71,14.8,3.79,10.7,978.1
2026-06-04 07:35:00,15.43,8.4,3.89,8.8,978.9
2026-06-04 07:40:00,12.46,8.0,3.41,9.5,928.3
2026-06-04 07:45:00,12.0,15.4,2.63,10.2,897.7
2026-06-04 07:50:00,13.79,25.1,3.2,9.7,947.2
2026-06-04 07:55:00,12.07,19.9,2.81,10.1,932.6
2026-06-04 08:00:00,14.46,25.8,3.89,10.1,987.6
2026-06-04 08:05:00,12.82,18.5,2.48,10.2,978.1
2026-06-04 08:10:00,14.29,27.3,3.5,9.1,1012.0
2026-06-04 08:15:00,13.74,26.7,3.5,10.8,994.4
2026-06-04 08:20:00,14.96,12.3,3.79,9.5,939.0
2026-06-04 08:25:00,14.49,18.4,3.31,10.0,963.9
2026-06-04 08:30:00,13.39,13.7,3.05,8.8,1031.4
2026-06-04 08:35:00,11.95,17.1,4.64,10.0,934.0
2026-06-04 08:40:00,14.24,27.9,2.57,10.2,957.0
2026-06-04 08:45:00,11.39,14.2,3.67,10.0,949.8
2026-06-04 08:50:00,15.87,10.9,3.28,9.2,950.7
2026-06-04 08:55:00,14.79,11.3,3.47,11.1,915.0
2026-06-04 09:00:00,15.26,15.6,3.43,10.6,1002.3
2026-06-04 09:05:00,12.55,35.0,2.38,9.9,913.3
2026-06-04 09:10:00,14.53,26.8,2.31,9.9,1024.3
2026-06-04 09:15:00,13.0,0.8,2.61,9.3,1015.5
2026-06-04 09:20:00,14.22,17.8,2.93,9.4,960.0
2026-06-04 09:25:00,12.5,14.2,3.39,11.5,950.2
2026-06-04 09:30:00,13.87,23.9,2.73,9.6,918.9
2026-06-04 09:35:00,11.93,10.9,2.41,12.8,952.8
2026-06-04 09:40:00,13.76,11.8,3.81,8.8,993.2
2026-06-04 09:45:00,11.53,14.6,2.31,10.4,922.6
2026-06-04 09:50:00,16.62,13.8,3.53,10.2,1008.7
2026-06-04 09:55:00,14.24,21.9,2.71,10.0,991.0
2026-06-04 10:00:00,14.01,16.0,3.95,8.4,945.8
2026-06-04 10:05:00,15.01,24.0,2.82,8.6,981.8
2026-06-04 10:10:00,12.05,13.1,2.19,10.2,913.5
2026-06-04 10:15:00,12.83,23.2,3.12,9.0,945.9
2026-06-04 10:20:00,14.8,11.1,2.77,11.2,1038.7
2026-06-04 10:25:00,14.24,21.7,3.65,9.8,997.8
2026-06-04 10:30:00,12.92,15.0,3.43,10.3,969.9
2026-06-04 10:35:00,14.97,23.3,2.77,10.0,952.8
2026-06-04 10:40:00,14.45,3.4,2.74,9.9,947.0
2026-06-04 10:45:00,14.76,13.3,2.59,11.5,948.8
2026-06-04 10:50:00,14.58,25.0,2.78,11.1,919.1
2026-06-04 10:55:00,12.98,16.8,4.03,10.2,976.1
2026-06-04 11:00:00,13.89,7.8,3.22,10.7,991.8
2026-06-04 11:05:00,11.21,13.8,3.81,11.2,939.9
2026-06-04 11:10:00,13.23,20.3,2.29,9.4,968.7
2026-06-04 11:15:00,13.63,13.1,2.1,8.4,920.9
2026-06-04 11:20:00,14.94,25.0,2.56,10.6,947.3
2026-06-04 11:25:00,14.77,24.5,3.53,11.2,916.2
2026-06-04 11:30:00,12.87,22.0,2.99,8.3,940.9
2026-06-04 11:35:00,12.84,24.2,3.67,9.4,954.8
2026-06-04 11:40:00,15.96,14.9,3.99,9.8,974.2
2026-06-04 11:45:00,13.56,26.9,2.54,9.0,925.5
2026-06-04 11:50:00,14.17,24.5,3.64,9.9,969.0
2026-06-04 11:55:00,15.18,17.2,4.04,8.9,911.7
2026-06-04 12:00:00,13.88,8.2,3.92,9.7,962.7
2026-06-04 12:05:00,13.77,3.8,2.39,10.7,1038.4
2026-06-04 12:10:00,13.53,23.9,2.03,7.9,935.1
2026-06-04 12:15:00,13.24,8.3,3.03,8.9,896.6
2026-06-04 12:20:00,14.21,12.5,3.01,11.4,985.9
2026-06-04 12:25:00,11.27,20.9,3.68,9.2,961.4
2026-06-04 12:30:00,13.46,10.2,2.7,7.4,968.3
2026-06-04 12:35:00,14.81,32.6,3.3,10.2,1000.9
2026-06-04 12:40:00,14.64,19.4,2.54,9.9,921.6
2026-06-04 12:45:00,16.12,26.9,3.32,10.1,922.8
2026-06-04 12:50:00,15.26,24.3,2.86,10.1,971.8
2026-06-04 12:55:00,14.61,2.8,3.57,11.3,991.6
2026-06-04 13:00:00,14.04,22.5,2.94,9.3,959.5
2026-06-04 13:05:00,13.32,17.9,1.88,9.9,947.1
2026-06-04 13:10:00,14.75,17.6,3.51,9.6,962.9
2026-06-04 13:15:00,14.49,17.8,3.9,10.7,979.3
2026-06-04 13:20:00,13.44,24.3,2.64,10.8,892.1
2026-06-04 13:25:00,12.7,27.9,3.59,10.4,910.4
2026-06-04 13:30:00,13.92,10.8,2.9,12.2,946.4
2026-06-04 13:35:00,15.73,18.5,2.39,10.6,977.6
2026-06-04 13:40:00,14.17,26.4,2.75,11.3,1036.9
2026-06-04 13:45:00,14.04,16.8,3.1,9.1,945.5
2026-06-04 13:50:00,14.63,19.2,2.4,9.3,959.8
2026-06-04 13:55:00,14.72,19.3,4.0,12.0,923.4
2026-06-04 14:00:00,14.37,30.7,2.15,8.6,976.3
2026-06-04 14:05:00,13.94,22.5,2.83,10.8,906.1
2026-06-04 14:10:00,13.24,30.4,2.52,11.3,949.5
2026-06-04 14:15:00,15.51,28.5,3.91,11.2,912.0
2026-06-04 14:20:00,13.36,16.6,2.31,8.4,865.5
2026-06-04 14:25:00,16.36,19.8,3.68,9.6,1050.0
2026-06-04 14:30:00,14.23,30.3,3.2,10.6,982.1
2026-06-04 14:35:00,14.08,11.1,2.52,10.7,982.4
2026-06-04 14:40:00,15.14,22.6,2.94,10.0,986.4
2026-06-04 14:45:00,13.02,22.6,3.04,9.3,1007.0
2026-06-04 14:50:00,14.86,16.3,3.57,9.7,956.5
2026-06-04 14:55:00,14.17,15.7,2.84,9.4,984.7
2026-06-04 15:00:00,14.62,16.5,3.59,8.8,930.0
2026-06-04 15:05:00,12.97,22.2,3.19,9.7,943.1
2026-06-04 15:10:00,12.96,26.8,3.38,11.8,888.6
2026-06-04 15:15:00,11.25,22.4,2.63,9.7,958.1
2026-06-04 15:20:00,13.31,10.5,3.13,8.5,928.8
2026-06-04 15:25:00,13.24,27.0,3.18,9.6,944.7
2026-06-04 15:30:00,13.0,25.2,3.18,11.7,983.2
2026-06-04 15:35:00,13.83,16.5,3.19,8.4,962.1
2026-06-04 15:40:00,14.1,14.1,4.49,10.0,991.2
2026-06-04 15:45:00,14.75,12.6,3.6,10.7,926.4
2026-06-04 15:50:00,14.85,24.4,3.57,8.9,965.3
2026-06-04 15:55:00,14.98,6.7,3.46,10.2,924.4
2026-06-04 16:00:00,15.04,24.6,3.45,9.1,943.0
2026-06-04 16:05:00,14.41,15.3,3.35,8.8,937.7
2026-06-04 16:10:00,14.08,19.7,4.27,10.6,909.4
2026-06-04 16:15:00,15.39,0.0,3.34,11.8,933.5
2026-06-04 16:20:00,15.04,7.4,3.81,9.6,973.1
2026-06-04 16:25:00,11.78,13.9,4.49,10.6,913.4
2026-06-04 16:30:00,13.74,12.5,3.65,10.5,923.4
2026-06-04 16:35:00,11.29,22.6,2.98,10.2,999.7
2026-06-04 16:40:00,11.27,19.8,2.74,9.3,1006.7
2026-06-04 16:45:00,13.24,29.6,2.79,9.0,983.3
2026-06-04 16:50:00,13.81,21.1,3.4,9.2,1018.3
2026-06-04 16:55:00,13.36,14.1,4.31,9.8,1004.6
2026-06-04 17:00:00,11.34,25.3,3.49,9.6,946.5
2026-06-04 17:05:00,15.16,15.2,3.0,8.9,1029.6
2026-06-04 17:10:00,12.94,14.9,3.05,9.8,1012.4
2026-06-04 17:15:00,14.73,18.0,3.11,9.4,947.1
2026-06-04 17:20:00,12.98,27.7,2.3,10.6,960.0
2026-06-04 17:25:00,13.25,24.3,2.86,9.6,923.5
2026-06-04 17:30:00,14.65,24.1,2.84,10.8,946.2
2026-06-04 17:35:00,13.48,29.8,4.75,10.2,887.8
2026-06-04 17:40:00,14.26,24.0,3.7,9.5,926.5
2026-06-04 17:45:00,14.42,10.6,2.63,9.8,981.8
2026-06-04 17:50:00,11.86,21.2,2.23,9.9,909.0
2026-06-04 17:55:00,14.72,27.7,2.32,10.2,937.5
2026-06-04 18:00:00,12.59,8.9,4.14,10.4,972.3
2026-06-04 18:05:00,12.33,17.9,2.39,9.5,938.4
2026-06-04 18:10:00,12.91,11.6,4.23,9.8,996.1
2026-06-04 18:15:00,15.22,18.8,3.34,10.1,997.9
2026-06-04 18:20:00,11.6,24.8,2.98,7.0,925.3
2026-06-04 18:25:00,14.98,26.1,2.43,10.6,932.5
2026-06-04 18:30:00,14.51,16.9,3.97,9.0,951.8
2026-06-04 18:35:00,14.11,22.0,3.49,9.7,923.4
2026-06-04 18:40:00,14.37,9.0,3.83,9.3,1015.3
2026-06-04 18:45:00,13.56,7.5,3.14,10.7,933.5
2026-06-04 18:50:00,15.02,24.7,3.53,11.0,986.4
2026-06-04 18:55:00,13.36,0.0,4.27,9.9,890.1
2026-06-04 19:00:00,11.56,13.9,3.6,9.9,919.1
2026-06-04 19:05:00,13.88,22.1,2.53,10.0,906.6
2026-06-04 19:10:00,15.2,19.3,3.5,10.0,900.2
2026-06-04 19:15:00,14.74,1.0,3.82,11.0,929.3
2026-06-04 19:20:00,16.72,21.2,4.17,13.0,964.7
2026-06-04 19:25:00,13.62,12.8,3.6,9.8,1011.3
2026-06-04 19:30:00,13.76,18.7,3.85,10.6,941.9
2026-06-04 19:35:00,13.65,14.3,3.61,9.2,953.3
2026-06-04 19:40:00,12.84,13.8,2.43,9.2,963.6
2026-06-04 19:45:00,13.29,7.2,3.81,9.0,920.9
2026-06-04 19:50:00,12.44,15.8,3.29,11.3,949.0
2026-06-04 19:55:00,10.56,25.4,4.32,10.7,1033.5
2026-06-04 20:00:00,13.13,15.5,2.36,9.6,965.5
2026-06-04 20:05:00,14.04,15.7,2.54,10.2,1033.5
2026-06-04 20:10:00,14.95,13.8,3.68,10.8,951.0
2026-06-04 20:15:00,13.14,10.3,4.18,11.2,925.2
2026-06-04 20:20:00,13.15,12.0,3.19,10.4,991.7
2026-06-04 20:25:00,15.55,19.3,3.12,10.1,1000.6
2026-06-04 20:30:00,12.0,32.8,3.18,11.3,930.1
2026-06-04 20:35:00,13.76,23.9,2.85,8.9,964.6
2026-06-04 20:40:00,15.44,21.7,3.76,8.1,947.5
2026-06-04 20:45:00,12.94,29.9,2.79,11.3,894.8
2026-06-04 20:50:00,11.7,20.8,3.59,9.6,897.1
2026-06-04 20:55:00,16.56,24.4,2.34,11.3,941.8
2026-06-04 21:00:00,15.2,19.3,4.22,11.9,996.0
2026-06-04 21:05:00,15.25,20.7,1.9,11.9,984.0
2026-06-04 21:10:00,13.87,9.5,2.65,7.0,913.3
2026-06-04 21:15:00,14.96,16.1,4.57,10.8,905.1
2026-06-04 21:20:00,10.26,14.6,3.29,9.5,915.1
2026-06-04 21:25:00,13.34,14.3,2.84,9.3,911.7
2026-06-04 21:30:00,15.42,14.0,2.47,10.4,914.7
2026-06-04 21:35:00,11.91,26.6,2.85,9.4,869.0
2026-06-04 21:40:00,13.5,15.8,3.4,10.7,852.3
2026-06-04 21:45:00,14.48,17.1,3.5,11.3,850.0
2026-06-04 21:50:00,12.82,31.6,3.26,9.8,888.0
2026-06-04 21:55:00,14.01,22.7,2.08,10.4,996.7
2026-06-04 22:00:00,14.58,18.0,3.28,9.5,1050.0
2026-06-04 22:05:00,14.45,24.4,3.34,10.5,1030.8
2026-06-04 22:10:00,13.4,14.0,3.45,11.4,960.0
2026-06-04 22:15:00,12.76,15.5,3.24,10.4,919.0
2026-06-04 22:20:00,14.59,15.8,2.48,9.9,932.8
2026-06-04 22:25:00,14.51,19.5,2.63,11.3,955.6
2026-06-04 22:30:00,14.44,20.8,3.9,9.6,1032.7
2026-06-04 22:35:00,14.17,12.3,2.79,9.6,910.3
2026-06-04 22:40:00,14.51,20.4,2.74,9.3,950.1
2026-06-04 22:45:00,15.32,21.6,2.99,8.4,953.9
2026-06-04 22:50:00,14.46,15.2,2.5,9.1,946.5
2026-06-04 22:55:00,14.15,17.0,3.59,10.1,869.6
2026-06-04 23:00:00,13.21,11.2,2.51,10.2,939.0
2026-06-04 23:05:00,16.08,8.9,3.94,9.0,895.9
2026-06-04 23:10:00,12.32,11.1,2.46,9.5,1041.5
2026-06-04 23:15:00,13.7,22.3,2.99,8.1,972.8
2026-06-04 23:20:00,13.24,21.1,3.37,12.2,994.7
2026-06-04 23:25:00,11.26,29.6,3.56,11.5,914.6
2026-06-04 23:30:00,14.53,18.2,3.06,9.3,932.0
2026-06-04 23:35:00,13.7,18.3,2.78,10.1,1031.7
2026-06-04 23:40:00,14.05,20.0,4.03,9.1,991.0
2026-06-04 23:45:00,13.73,11.6,3.37,11.0,966.9
2026-06-04 23:50:00,15.13,23.4,3.04,10.6,1003.7
2026-06-04 23:55:00,15.32,20.3,2.09,8.7,1028.4
2026-06-05 00:00:00,12.35,12.3,3.37,9.0,1010.7
2026-06-05 00:05:00,16.65,20.2,3.17,9.9,992.0
2026-06-05 00:10:00,13.64,22.6,2.34,11.4,995.8
2026-06-05 00:15:00,14.88,10.0,2.81,9.6,936.8
2026-06-05 00:20:00,14.27,24.3,3.19,11.3,957.8
2026-06-05 00:25:00,14.16,15.3,3.51,10.3,977.2
2026-06-05 00:30:00,14.84,0.0,2.77,9.2,962.7
2026-06-05 00:35:00,15.98,23.8,2.54,9.6,970.1
2026-06-05 00:40:00,15.17,26.1,3.19,10.6,944.4
2026-06-05 00:45:00,13.63,11.3,2.76,10.8,850.0
2026-06-05 00:50:00,13.87,8.0,3.18,10.9,977.1
2026-06-05 00:55:00,13.15,26.0,4.19,10.2,954.3
2026-06-05 01:00:00,15.07,14.3,3.21,10.4,955.1
2026-06-05 01:05:00,14.88,26.1,3.73,12.3,1038.0
2026-06-05 01:10:00,13.49,7.2,2.56,12.4,964.3
2026-06-05 01:15:00,15.99,26.4,2.65,10.0,917.8
2026-06-05 01:20:00,15.61,24.4,2.66,8.2,977.5
2026-06-05 01:25:00,16.74,21.2,2.51,10.1,953.4
2026-06-05 01:30:00,12.82,6.0,2.26,10.1,994.6
2026-06-05 01:35:00,13.85,15.8,3.34,8.7,926.1
2026-06-05 01:40:00,13.71,24.0,3.37,10.1,917.4
2026-06-05 01:45:00,17.91,7.9,2.73,9.0,928.4
2026-06-05 01:50:00,14.01,14.9,2.78,10.4,880.8
2026-06-05 01:55:00,15.9,20.4,3.22,10.6,932.5
2026-06-05 02:00:00,15.55,11.0,3.28,10.5,1013.6
2026-06-05 02:05:00,13.87,25.8,3.74,11.0,920.9
2026-06-05 02:10:00,14.08,24.6,3.81,10.5,895.7
2026-06-05 02:15:00,14.78,19.5,2.78,10.8,928.9
2026-06-05 02:20:00,15.89,20.6,3.13,11.3,958.8
2026-06-05 02:25:00,13.74,14.8,2.63,9.6,920.2
2026-06-05 02:30:00,13.24,21.5,4.07,9.9,952.9
2026-06-05 02:35:00,15.4,14.4,3.4,9.6,960.1
2026-06-05 02:40:00,12.28,16.8,3.81,9.3,950.1
2026-06-05 02:45:00,14.38,15.0,3.01,9.7,946.4
2026-06-05 02:50:00,15.59,26.6,3.73,10.8,1020.5
2026-06-05 02:55:00,14.65,25.2,3.57,10.7,957.1
2026-06-05 03:00:00,13.15,12.0,4.03,8.3,918.4
2026-06-05 03:05:00,12.5,26.0,2.31,11.7,980.2
2026-06-05 03:10:00,15.78,13.2,3.29,10.8,947.6
2026-06-05 03:15:00,13.74,29.1,3.75,10.2,952.9
2026-06-05 03:20:00,12.65,27.4,2.54,8.6,990.5
2026-06-05 03:25:00,15.71,31.2,3.38,8.8,1003.7
2026-06-05 03:30:00,15.2,19.8,3.53,11.5,904.4
2026-06-05 03:35:00,12.42,16.3,3.64,11.0,1019.3
2026-06-05 03:40:00,17.77,16.2,3.42,11.1,947.4
2026-06-05 03:45:00,13.19,20.3,3.55,9.9,947.7
2026-06-05 03:50:00,15.18,11.9,3.52,11.3,909.6
2026-06-05 03:55:00,16.98,3.5,4.06,8.6,979.9
2026-06-05 04:00:00,15.33,15.6,2.79,8.8,893.1
2026-06-05 04:05:00,14.39,18.2,3.4,11.0,971.5
2026-06-05 04:10:00,11.85,21.3,3.9,9.1,1016.1
2026-06-05 04:15:00,17.06,20.4,2.71,10.0,937.4
2026-06-05 04:20:00,15.3,18.8,2.78,8.2,993.3
2026-06-05 04:25:00,11.88,25.0,3.44,7.2,953.3
2026-06-05 04:30:00,16.32,12.8,4.08,9.0,894.3
2026-06-05 04:35:00,14.09,14.0,3.16,9.6,954.8
2026-06-05 04:40:00,13.58,30.7,3.13,9.1,942.6
2026-06-05 04:45:00,13.14,0.0,3.6,10.6,985.9
2026-06-05 04:50:00,14.26,24.7,2.84,11.0,935.5
2026-06-05 04:55:00,15.21,21.4,4.48,10.6,970.0
2026-06-05 05:00:00,13.26,18.0,2.65,8.8,907.8
2026-06-05 05:05:00,14.19,23.4,3.2,10.5,967.2
2026-06-05 05:10:00,18.0,22.3,3.22,8.8,951.0
2026-06-05 05:15:00,14.71,9.2,1.97,11.9,944.9
2026-06-05 05:20:00,15.45,12.2,2.75,10.0,951.2
2026-06-05 05:25:00,12.56,15.1,2.42,9.1,938.3
2026-06-05 05:30:00,11.96,5.3,3.76,10.1,955.7
2026-06-05 05:35:00,16.2,17.9,2.18,10.2,942.1
2026-06-05 05:40:00,15.77,21.8,3.73,10.7,911.1
2026-06-05 05:45:00,16.57,25.0,2.42,8.1,898.2
2026-06-05 05:50:00,13.88,18.5,3.77,9.3,930.2
2026-06-05 05:55:00,15.88,13.5,2.41,10.5,937.3
2026-06-05 06:00:00,10.17,19.3,3.44,10.8,850.0
2026-06-05 06:05:00,14.81,17.5,3.77,13.3,950.8
2026-06-05 06:10:00,15.55,22.7,3.5,11.4,1038.1
2026-06-05 06:15:00,12.97,17.7,2.47,9.3,977.6
2026-06-05 06:20:00,15.58,23.3,3.82,11.8,943.1
2026-06-05 06:25:00,13.73,16.4,3.54,10.6,917.4
2026-06-05 06:30:00,13.88,25.7,1.71,11.4,882.1
2026-06-05 06:35:00,13.61,19.1,3.26,10.5,985.5
2026-06-05 06:40:00,16.37,14.4,4.94,11.4,967.0
2026-06-05 06:45:00,13.32,16.0,3.89,11.1,900.6
2026-06-05 06:50:00,13.14,22.4,2.86,10.6,988.5
2026-06-05 06:55:00,12.71,10.4,3.6,9.6,983.6
2026-06-05 07:00:00,13.45,17.2,2.97,9.6,923.1
2026-06-05 07:05:00,14.29,24.4,3.74,9.1,938.3
2026-06-05 07:10:00,14.96,21.1,2.68,9.9,960.0
2026-06-05 07:15:00,12.87,11.1,3.99,11.1,972.1
2026-06-05 07:20:00,14.56,19.9,3.73,10.6,906.2
2026-06-05 07:25:00,14.92,9.9,3.67,9.2,972.7
2026-06-05 07:30:00,12.6,19.1,4.43,11.0,952.4
2026-06-05 07:35:00,14.09,26.3,3.72,8.8,994.4
2026-06-05 07:40:00,13.87,18.4,3.81,10.3,980.5
2026-06-05 07:45:00,14.11,11.2,3.94,11.4,952.3
2026-06-05 07:50:00,13.21,16.9,3.64,8.8,986.7
2026-06-05 07:55:00,13.8,19.2,3.47,10.2,889.6
2026-06-05 08:00:00,14.05,24.6,2.73,9.3,935.0
2026-06-05 08:05:00,16.8,24.5,2.74,11.6,911.1
2026-06-05 08:10:00,14.07,11.5,3.52,12.2,927.8
2026-06-05 08:15:00,16.01,16.1,3.58,10.6,927.3
2026-06-05 08:20:00,16.12,20.4,3.19,10.9,899.5
2026-06-05 08:25:00,12.02,14.4,2.95,11.4,988.1
2026-06-05 08:30:00,13.56,21.0,3.09,10.8,980.0
2026-06-05 08:35:00,16.12,9.9,3.25,9.2,925.7
2026-06-05 08:40:00,14.27,19.6,3.35,9.6,857.4
2026-06-05 08:45:00,13.83,24.2,3.01,9.5,929.8
2026-06-05 08:50:00,15.13,18.3,3.9,8.3,948.1
2026-06-05 08:55:00,15.6,19.1,3.12,11.0,1004.3
2026-06-05 09:00:00,13.96,23.1,2.76,8.7,927.4
2026-06-05 09:05:00,13.58,15.3,3.18,10.8,989.1
2026-06-05 09:10:00,10.45,21.7,2.5,9.3,929.8
2026-06-05 09:15:00,14.07,17.8,4.41,9.8,972.7
2026-06-05 09:20:00,13.43,12.6,3.65,10.6,982.3
2026-06-05 09:25:00,12.49,23.4,3.14,11.5,973.1
2026-06-05 09:30:00,13.69,26.4,3.97,10.9,911.7
2026-06-05 09:35:00,13.37,25.0,3.01,9.9,935.5
2026-06-05 09:40:00,14.25,23.4,3.13,10.0,973.5
2026-06-05 09:45:00,13.58,21.1,2.75,8.8,886.8
2026-06-05 09:50:00,14.67,20.2,2.61,10.6,981.6
2026-06-05 09:55:00,14.26,17.4,3.33,9.9,901.5
2026-06-05 10:00:00,15.91,14.0,3.88,9.1,895.9
2026-06-05 10:05:00,13.2,5.6,2.8,10.8,928.7
2026-06-05 10:10:00,16.67,8.6,3.15,11.4,922.6
2026-06-05 10:15:00,15.6,18.1,3.08,9.8,957.3
2026-06-05 10:20:00,16.23,10.3,3.74,9.4,960.7
2026-06-05 10:25:00,14.38,20.5,2.92,9.4,952.8
2026-06-05 10:30:00,13.58,28.5,3.55,10.4,910.7
2026-06-05 10:35:00,13.19,0.0,3.81,8.8,998.4
2026-06-05 10:40:00,16.63,12.2,2.86,10.1,952.6
2026-06-05 10:45:00,15.64,31.1,2.89,9.6,987.2
2026-06-05 10:50:00,12.49,23.0,3.2,10.5,858.3
2026-06-05 10:55:00,15.47,17.3,2.94,10.6,971.4
2026-06-05 11:00:00,12.76,14.8,2.7,8.9,927.1
2026-06-05 11:05:00,14.49,21.5,4.05,10.7,980.4
2026-06-05 11:10:00,15.24,23.9,2.07,10.5,1021.4
2026-06-05 11:15:00,16.19,10.4,3.42,9.8,903.3
2026-06-05 11:20:00,14.36,27.0,3.93,9.6,984.3
2026-06-05 11:25:00,13.8,20.4,2.69,9.6,926.0
2026-06-05 11:30:00,14.07,23.6,3.16,9.8,875.1
2026-06-05 11:35:00,15.6,24.1,3.68,9.1,987.1
2026-06-05 11:40:00,15.18,19.9,1.5,9.3,1022.8
2026-06-05 11:45:00,13.98,20.7,3.14,10.2,1034.4
2026-06-05 11:50:00,11.2,21.1,2.23,9.4,962.0
2026-06-05 11:55:00,10.35,15.9,3.8,10.9,892.2
2026-06-05 12:00:00,14.34,21.9,2.69,9.9,941.7
2026-06-05 12:05:00,12.23,16.4,4.29,9.5,945.6
2026-06-05 12:10:00,13.21,18.0,2.63,10.3,993.9
2026-06-05 12:15:00,13.66,27.4,3.38,9.6,949.0
2026-06-05 12:20:00,17.11,17.8,2.68,9.2,867.0
2026-06-05 12:25:00,14.18,20.5,3.03,9.7,975.2
2026-06-05 12:30:00,15.08,17.0,3.21,8.0,952.9
2026-06-05 12:35:00,14.76,15.8,3.24,8.0,986.2
2026-06-05 12:40:00,10.37,29.6,4.08,9.1,959.9
2026-06-05 12:45:00,13.4,9.2,4.14,8.8,977.6
2026-06-05 12:50:00,12.17,18.3,2.75,10.7,950.6
2026-06-05 12:55:00,16.59,10.8,3.3,11.3,961.3
2026-06-05 13:00:00,11.27,25.5,2.43,10.3,913.1
2026-06-05 13:05:00,13.37,17.6,2.37,8.1,964.2
2026-06-05 13:10:00,13.61,15.2,2.83,8.6,942.6
2026-06-05 13:15:00,12.52,7.0,4.32,10.4,969.6
2026-06-05 13:20:00,14.15,27.5,2.09,9.8,902.7
2026-06-05 13:25:00,13.94,10.0,3.63,8.1,1006.0
2026-06-05 13:30:00,14.24,20.9,3.45,9.1,959.9
2026-06-05 13:35:00,14.75,23.6,2.7,8.9,981.7
2026-06-05 13:40:00,14.36,31.0,3.46,11.5,950.2
2026-06-05 13:45:00,14.57,14.7,3.62,10.7,974.1
2026-06-05 13:50:00,15.67,12.9,3.23,9.7,860.2
2026-06-05 13:55:00,11.53,15.4,3.14,10.2,945.7
2026-06-05 14:00:00,15.05,14.5,3.09,10.1,918.3
2026-06-05 14:05:00,12.43,6.7,2.81,10.1,935.6
2026-06-05 14:10:00,13.04,27.8,3.2,11.8,990.4
2026-06-05 14:15:00,14.18,15.5,2.92,11.4,886.0
2026-06-05 14:20:00,14.62,17.0,3.31,11.5,979.6
2026-06-05 14:25:00,14.79,21.8,2.8,10.3,968.5
2026-06-05 14:30:00,12.58,26.3,2.72,9.7,1001.2
2026-06-05 14:35:00,16.45,11.0,2.94,8.8,867.1
2026-06-05 14:40:00,13.37,20.1,3.94,9.0,973.6
2026-06-05 14:45:00,12.92,10.7,2.45,11.0,960.1
2026-06-05 14:50:00,12.09,20.0,4.24,8.7,947.9
2026-06-05 14:55:00,11.94,19.8,3.64,9.8,1007.8
2026-06-05 15:00:00,11.9,15.2,2.29,8.6,865.7
2026-06-05 15:05:00,14.47,19.4,2.84,9.9,955.0
2026-06-05 15:10:00,14.91,19.5,2.21,8.9,990.9
2026-06-05 15:15:00,12.7,17.5,3.59,10.7,885.0
2026-06-05 15:20:00,12.29,16.8,3.98,9.8,973.8
2026-06-05 15:25:00,13.68,9.8,3.42,9.2,963.0
2026-06-05 15:30:00,14.15,11.5,4.0,9.0,864.8
2026-06-05 15:35:00,14.39,14.3,3.35,10.1,993.9
2026-06-05 15:40:00,12.55,11.9,3.84,10.1,914.3
2026-06-05 15:45:00,13.75,14.6,3.41,9.4,1013.1
2026-06-05 15:50:00,16.35,17.5,3.21,9.7,973.0
2026-06-05 15:55:00,12.21,18.5,3.66,9.5,962.0
2026-06-05 16:00:00,13.96,21.4,3.07,7.8,990.5
2026-06-05 16:05:00,14.75,18.9,4.06,10.0,985.8
2026-06-05 16:10:00,12.55,18.7,3.0,8.4,871.6
2026-06-05 16:15:00,14.92,21.2,3.51,9.1,881.8
2026-06-05 16:20:00,11.99,12.5,2.83,10.3,944.3
2026-06-05 16:25:00,14.95,13.0,2.31,9.8,907.0
2026-06-05 16:30:00,14.07,15.8,3.44,11.5,1016.4
2026-06-05 16:35:00,11.87,13.8,2.16,9.2,910.4
2026-06-05 16:40:00,15.03,7.5,4.59,9.6,953.7
2026-06-05 16:45:00,12.66,21.5,2.95,10.2,973.3
2026-06-05 16:50:00,13.77,12.0,3.21,10.0,1047.8
2026-06-05 16:55:00,14.95,28.9,2.91,11.0,996.0
2026-06-05 17:00:00,12.55,19.0,3.27,10.6,923.6
2026-06-05 17:05:00,13.21,9.0,3.49,11.4,971.0
2026-06-05 17:10:00,15.69,22.0,2.66,8.4,977.9
2026-06-05 17:15:00,10.9,18.2,1.67,10.8,974.9
2026-06-05 17:20:00,16.13,19.7,2.52,9.0,910.8
2026-06-05 17:25:00,11.8,15.0,2.94,10.4,1031.3
2026-06-05 17:30:00,12.95,12.4,3.42,9.8,901.0
2026-06-05 17:35:00,14.42,9.2,3.4,9.3,977.2
2026-06-05 17:40:00,14.9,10.3,3.73,11.2,914.7
2026-06-05 17:45:00,14.45,9.8,2.3,8.3,965.6
2026-06-05 17:50:00,14.07,15.9,2.69,11.8,942.2
2026-06-05 17:55:00,13.35,17.7,2.94,10.6,897.9
2026-06-05 18:00:00,16.34,8.7,4.21,10.2,851.0
2026-06-05 18:05:00,15.16,23.4,4.78,9.9,985.4
2026-06-05 18:10:00,15.76,18.8,2.38,9.6,927.6
2026-06-05 18:15:00,13.37,32.6,3.71,10.5,955.6
2026-06-05 18:20:00,10.51,15.6,3.28,8.6,1022.0
2026-06-05 18:25:00,15.53,31.4,3.4,7.0,975.0
2026-06-05 18:30:00,14.53,22.5,2.36,10.1,850.0
2026-06-05 18:35:00,14.27,6.2,4.13,9.3,901.0
2026-06-05 18:40:00,13.15,10.9,1.94,9.1,876.4
2026-06-05 18:45:00,13.48,19.9,2.39,8.4,916.7
2026-06-05 18:50:00,13.1,7.5,3.14,11.2,939.2
2026-06-05 18:55:00,14.07,12.6,2.9,11.8,1050.0
2026-06-05 19:00:00,12.3,8.4,3.31,9.9,990.3
2026-06-05 19:05:00,15.14,30.8,2.66,9.8,964.3
2026-06-05 19:10:00,17.05,24.6,2.92,10.4,967.8
2026-06-05 19:15:00,13.1,16.0,3.11,10.4,969.0
2026-06-05 19:20:00,11.61,27.1,2.98,9.5,879.9
2026-06-05 19:25:00,13.85,25.5,3.21,11.2,893.6
2026-06-05 19:30:00,14.47,25.9,3.66,11.1,968.2
2026-06-05 19:35:00,14.68,14.6,2.78,10.7,950.2
2026-06-05 19:40:00,16.4,16.1,4.03,11.8,962.1
2026-06-05 19:45:00,15.22,11.4,3.3,10.8,1014.2
2026-06-05 19:50:00,11.28,17.3,3.96,9.3,922.3
2026-06-05 19:55:00,12.15,13.1,3.04,10.1,935.2
2026-06-05 20:00:00,14.61,11.6,2.74,10.9,959.9
2026-06-05 20:05:00,13.32,24.8,3.18,8.9,881.9
2026-06-05 20:10:00,16.27,22.0,4.7,9.7,891.1
2026-06-05 20:15:00,12.59,12.7,2.43,8.4,1004.5
2026-06-05 20:20:00,15.44,23.7,3.55,12.0,938.2
2026-06-05 20:25:00,13.03,19.9,3.29,10.4,930.4
2026-06-05 20:30:00,14.39,16.1,3.46,10.6,959.6
2026-06-05 20:35:00,12.76,27.5,2.38,8.5,883.2
2026-06-05 20:40:00,14.84,19.8,3.46,11.1,937.7
2026-06-05 20:45:00,15.61,28.7,3.27,10.3,927.0
2026-06-05 20:50:00,14.38,21.4,2.28,8.2,964.7
2026-06-05 20:55:00,16.86,21.9,3.24,10.5,865.6
2026-06-05 21:00:00,12.92,11.5,3.12,9.0,918.0
2026-06-05 21:05:00,14.15,14.7,3.02,10.1,931.6
2026-06-05 21:10:00,15.27,26.7,3.09,10.8,930.6
2026-06-05 21:15:00,12.58,25.0,3.78,10.2,992.1
2026-06-05 21:20:00,14.09,15.9,3.5,8.2,918.5
2026-06-05 21:25:00,15.0,9.9,2.66,10.3,1050.0
2026-06-05 21:30:00,15.39,28.0,3.4,10.9,979.9
2026-06-05 21:35:00,15.71,24.4,3.11,9.8,930.5
2026-06-05 21:40:00,12.7,11.1,2.9,10.5,974.2
2026-06-05 21:45:00,14.43,11.1,2.52,10.5,979.1
2026-06-05 21:50:00,12.03,29.0,3.57,8.0,937.6
2026-06-05 21:55:00,12.91,15.0,2.89,11.3,996.1
2026-06-05 22:00:00,13.74,15.1,3.77,9.4,911.0
2026-06-05 22:05:00,15.72,13.9,2.59,9.3,973.5
2026-06-05 22:10:00,14.79,20.1,4.38,9.3,945.8
2026-06-05 22:15:00,14.06,9.6,4.86,11.2,961.6
2026-06-05 22:20:00,14.67,19.4,3.51,11.5,959.2
2026-06-05 22:25:00,14.78,9.6,4.06,10.5,950.7
2026-06-05 22:30:00,14.55,9.6,3.01,9.5,1029.1
2026-06-05 22:35:00,13.14,9.8,2.95,12.9,926.6
2026-06-05 22:40:00,12.56,10.0,4.0,10.0,918.4
2026-06-05 22:45:00,13.67,22.3,3.25,9.3,946.5
2026-06-05 22:50:00,12.81,22.3,2.33,11.0,1002.1
2026-06-05 22:55:00,14.93,17.0,3.26,9.9,951.5
2026-06-05 23:00:00,16.29,14.2,2.5,12.1,947.1
2026-06-05 23:05:00,14.85,26.3,3.01,9.2,927.8
2026-06-05 23:10:00,11.28,22.2,3.79,9.8,930.5
2026-06-05 23:15:00,13.05,10.9,4.15,11.5,992.8
2026-06-05 23:20:00,14.03,20.1,3.34,10.5,947.5
2026-06-05 23:25:00,11.85,19.8,3.98,9.7,960.2
2026-06-05 23:30:00,14.05,22.3,2.88,9.1,922.1
2026-06-05 23:35:00,14.7,34.5,4.06,8.9,981.1
2026-06-05 23:40:00,16.11,13.1,2.82,8.7,998.9
2026-06-05 23:45:00,16.73,21.3,2.68,11.0,912.9
2026-06-05 23:50:00,12.21,27.0,2.83,10.8,913.9
2026-06-05 23:55:00,13.83,28.3,2.65,10.5,916.2
2026-06-06 00:00:00,13.84,19.1,3.5,8.9,991.4
2026-06-06 00:05:00,12.93,10.2,4.03,9.7,911.6
2026-06-06 00:10:00,14.15,7.2,3.32,10.3,936.2
2026-06-06 00:15:00,13.88,23.0,3.34,11.3,910.6
2026-06-06 00:20:00,14.92,20.1,2.35,10.4,1017.7
2026-06-06 00:25:00,16.03,18.8,3.25,10.1,928.7
2026-06-06 00:30:00,14.2,19.7,4.25,9.1,1016.5
2026-06-06 00:35:00,13.26,23.9,3.99,10.9,948.9
2026-06-06 00:40:00,12.46,21.3,2.51,9.7,930.3
2026-06-06 00:45:00,17.06,20.3,2.91,8.6,982.0
2026-06-06 00:50:00,15.36,14.4,5.28,9.1,948.4
2026-06-06 00:55:00,14.6,24.2,3.39,10.7,1006.4
2026-06-06 01:00:00,13.75,14.5,4.14,10.7,941.3
2026-06-06 01:05:00,16.42,23.8,4.1,7.3,931.9
2026-06-06 01:10:00,13.76,15.6,2.55,9.9,931.8
2026-06-06 01:15:00,11.43,21.5,3.6,8.7,999.7
2026-06-06 01:20:00,14.4,28.6,3.21,10.4,960.0
2026-06-06 01:25:00,12.16,22.0,4.21,10.6,920.5
2026-06-06 01:30:00,14.4,26.5,4.29,8.9,892.6
2026-06-06 01:35:00,16.02,15.8,2.72,10.0,958.4
2026-06-06 01:40:00,11.49,18.6,5.26,10.8,912.5
2026-06-06 01:45:00,12.65,15.9,3.32,11.0,879.3
2026-06-06 01:50:00,15.3,8.0,3.68,9.2,993.5
2026-06-06 01:55:00,13.25,24.4,1.54,11.1,900.7
2026-06-06 02:00:00,14.62,21.4,3.77,10.3,878.5
2026-06-06 02:05:00,14.63,21.0,1.88,9.5,944.5
2026-06-06 02:10:00,15.33,25.4,3.04,9.9,938.0
2026-06-06 02:15:00,13.03,11.2,2.94,10.8,915.1
2026-06-06 02:20:00,10.17,9.7,3.56,10.8,958.8
2026-06-06 02:25:00,14.6,25.4,3.23,10.9,938.1
2026-06-06 02:30:00,11.65,17.6,3.56,9.3,1038.0
2026-06-06 02:35:00,15.4,19.3,3.93,10.2,942.3
2026-06-06 02:40:00,13.94,9.2,2.69,9.8,899.1
2026-06-06 02:45:00,13.56,26.8,2.99,10.2,962.0
2026-06-06 02:50:00,15.04,22.0,2.65,9.5,965.3
2026-06-06 02:55:00,11.39,14.5,2.68,11.6,936.6
2026-06-06 03:00:00,13.7,30.5,4.23,10.0,883.5
2026-06-06 03:05:00,14.67,9.8,2.52,9.9,1011.9
2026-06-06 03:10:00,14.38,16.0,2.73,10.4,899.5
2026-06-06 03:15:00,13.27,23.9,4.46,11.1,985.3
2026-06-06 03:20:00,13.28,24.9,3.05,10.0,999.3
2026-06-06 03:25:00,16.31,9.0,3.25,9.7,937.6
2026-06-06 03:30:00,15.37,16.3,3.46,10.9,985.2
2026-06-06 03:35:00,13.0,22.5,2.43,11.7,988.7
2026-06-06 03:40:00,16.02,26.8,2.56,11.4,907.1
2026-06-06 03:45:00,15.13,26.3,2.75,9.0,1008.8
2026-06-06 03:50:00,14.73,22.2,3.78,10.8,963.2
2026-06-06 03:55:00,14.79,18.5,3.6,9.9,863.4
2026-06-06 04:00:00,12.28,16.9,2.83,11.3,957.9
2026-06-06 04:05:00,16.26,21.0,3.09,11.8,927.6
2026-06-06 04:10:00,15.43,26.6,3.58,7.6,967.8
2026-06-06 04:15:00,14.37,16.7,1.78,10.0,924.4
2026-06-06 04:20:00,14.37,16.4,3.4,9.5,924.6
2026-06-06 04:25:00,13.86,24.9,3.59,9.3,908.6
2026-06-06 04:30:00,13.15,24.4,2.59,9.1,959.0
2026-06-06 04:35:00,14.8,15.0,3.62,9.6,970.8
2026-06-06 04:40:00,12.81,10.1,3.29,9.7,949.9
2026-06-06 04:45:00,14.23,7.7,4.39,9.6,938.2
2026-06-06 04:50:00,14.15,18.8,2.88,8.0,953.9
2026-06-06 04:55:00,14.58,11.4,3.62,10.1,992.3
2026-06-06 05:00:00,15.41,23.4,2.26,11.1,908.4
2026-06-06 05:05:00,14.61,7.7,3.35,9.4,896.5
2026-06-06 05:10:00,15.04,27.7,3.59,8.4,902.0
2026-06-06 05:15:00,11.09,16.0,2.9,10.1,884.4
2026-06-06 05:20:00,14.69,13.2,3.92,11.1,909.4
2026-06-06 05:25:00,14.11,14.8,3.78,10.2,995.6
2026-06-06 05:30:00,14.56,12.8,3.34,9.3,882.0
2026-06-06 05:35:00,13.21,27.1,2.95,9.0,940.0
2026-06-06 05:40:00,15.73,22.0,1.5,10.7,976.7
2026-06-06 05:45:00,14.38,18.6,2.81,9.8,950.5
2026-06-06 05:50:00,12.88,10.8,3.93,9.5,984.9
2026-06-06 05:55:00,13.15,17.7,3.04,9.4,926.8
2026-06-06 06:00:00,15.35,13.4,3.52,10.2,930.3
2026-06-06 06:05:00,13.87,2.2,3.08,10.1,934.4
2026-06-06 06:10:00,13.99,13.8,2.39,10.1,972.1
2026-06-06 06:15:00,13.7,21.6,3.61,9.0,1050.0
2026-06-06 06:20:00,15.52,15.4,2.49,9.0,949.7
2026-06-06 06:25:00,14.72,17.1,3.05,9.3,940.5
2026-06-06 06:30:00,12.22,24.2,3.36,10.3,911.5
2026-06-06 06:35:00,12.54,23.2,2.74,10.5,1019.6
2026-06-06 06:40:00,14.01,29.8,4.02,11.5,934.5
2026-06-06 06:45:00,13.04,4.8,4.51,9.2,925.3
2026-06-06 06:50:00,10.76,12.9,2.76,10.7,941.6
2026-06-06 06:55:00,12.88,23.4,2.68,8.3,1022.9
2026-06-06 07:00:00,13.58,20.6,2.91,10.4,927.5
2026-06-06 07:05:00,13.4,18.6,3.89,8.5,949.0
2026-06-06 07:10:00,15.08,14.4,3.53,8.8,850.0
2026-06-06 07:15:00,10.65,19.4,3.64,10.8,989.2
2026-06-06 07:20:00,12.84,19.0,3.98,10.2,938.5
2026-06-06 07:25:00,15.19,6.9,2.77,9.7,986.5
2026-06-06 07:30:00,13.0,19.3,3.49,8.6,975.4
2026-06-06 07:35:00,12.18,14.9,3.26,10.4,956.4
2026-06-06 07:40:00,12.98,23.0,3.41,10.1,932.0
2026-06-06 07:45:00,14.67,20.1,3.87,10.7,952.5
2026-06-06 07:50:00,13.62,29.7,2.99,8.3,896.4
2026-06-06 07:55:00,12.91,18.0,2.78,10.6,959.0
2026-06-06 08:00:00,14.72,11.5,2.63,9.5,972.1
2026-06-06 08:05:00,14.56,3.1,4.4,10.3,953.3
2026-06-06 08:10:00,12.1,12.4,3.23,9.9,951.4
2026-06-06 08:15:00,14.14,20.3,2.36,9.1,925.8
2026-06-06 08:20:00,12.05,21.8,3.99,9.6,943.6
2026-06-06 08:25:00,15.76,14.4,2.21,9.1,906.1
2026-06-06 08:30:00,15.85,15.4,2.3,9.5,928.2
2026-06-06 08:35:00,13.57,18.4,3.01,9.1,1032.6
2026-06-06 08:40:00,15.6,20.3,2.85,10.4,953.5
2026-06-06 08:45:00,12.87,24.1,3.33,9.1,969.4
2026-06-06 08:50:00,13.79,14.5,2.08,10.6,948.9
2026-06-06 08:55:00,13.12,13.5,3.44,13.3,952.6
2026-06-06 09:00:00,13.96,30.1,3.85,9.7,955.4
2026-06-06 09:05:00,14.1,28.7,2.5,8.4,940.4
2026-06-06 09:10:00,14.0,14.8,3.0,12.1,973.7
2026-06-06 09:15:00,13.86,24.9,2.65,10.3,921.4
2026-06-06 09:20:00,14.19,31.2,3.26,9.9,890.7
2026-06-06 09:25:00,15.88,25.9,2.48,9.6,957.9
2026-06-06 09:30:00,10.98,13.4,2.53,8.9,994.7
2026-06-06 09:35:00,16.88,18.6,3.1,9.7,924.0
2026-06-06 09:40:00,13.47,7.5,3.51,9.2,981.4
2026-06-06 09:45:00,13.88,12.2,3.35,9.2,976.9
2026-06-06 09:50:00,15.99,17.9,2.94,10.6,1012.4
2026-06-06 09:55:00,14.91,19.3,3.59,11.0,1024.5
2026-06-06 10:00:00,14.8,13.8,3.38,9.8,973.2
2026-06-06 10:05:00,15.87,1.5,2.66,10.5,945.2
2026-06-06 10:10:00,13.75,19.2,1.58,12.1,885.3
2026-06-06 10:15:00,15.38,22.4,3.47,9.2,989.1
2026-06-06 10:20:00,12.11,22.6,3.0,8.4,995.3
2026-06-06 10:25:00,14.63,16.8,2.55,10.8,939.7
2026-06-06 10:30:00,14.84,17.2,4.18,9.3,964.1
2026-06-06 10:35:00,15.72,19.5,4.15,9.5,908.9
2026-06-06 10:40:00,15.06,20.5,3.94,10.1,926.1
2026-06-06 10:45:00,14.31,17.4,3.34,11.2,897.1
2026-06-06 10:50:00,13.52,4.1,1.5,10.1,960.8
2026-06-06 10:55:00,13.51,26.4,3.82,7.9,934.0
2026-06-06 11:00:00,13.52,15.2,2.68,10.4,1000.0
2026-06-06 11:05:00,12.05,10.7,2.94,10.2,959.4
2026-06-06 11:10:00,16.62,15.6,3.76,9.1,964.1
2026-06-06 11:15:00,15.5,18.7,4.41,8.3,950.5
2026-06-06 11:20:00,14.38,14.3,4.16,9.6,1013.2
2026-06-06 11:25:00,15.22,14.8,3.34,7.7,1008.1
2026-06-06 11:30:00,15.13,16.1,3.66,8.2,943.1
2026-06-06 11:35:00,12.51,20.2,2.51,8.6,961.9
2026-06-06 11:40:00,14.96,13.2,2.27,8.7,1006.6
2026-06-06 11:45:00,15.9,20.0,3.83,10.9,903.0
2026-06-06 11:50:00,12.98,9.7,3.48,9.8,962.1
2026-06-06 11:55:00,11.7,30.0,2.21,10.3,936.0
2026-06-06 12:00:00,12.26,24.4,3.11,10.2,1008.9
2026-06-06 12:05:00,13.86,16.4,3.59,8.5,971.2
2026-06-06 12:10:00,12.17,20.0,3.72,9.4,880.5
2026-06-06 12:15:00,13.74,11.0,3.65,9.8,933.4
2026-06-06 12:20:00,13.02,21.4,2.95,9.9,1006.1
2026-06-06 12:25:00,14.0,23.1,2.64,10.5,985.7
2026-06-06 12:30:00,13.24,19.6,3.25,10.9,908.3
2026-06-06 12:35:00,13.95,23.4,3.63,10.4,910.9
2026-06-06 12:40:00,14.9,18.0,3.74,11.8,953.1
2026-06-06 12:45:00,12.56,17.4,4.15,10.4,947.8
2026-06-06 12:50:00,14.42,14.0,3.26,9.5,939.7
2026-06-06 12:55:00,12.72,21.3,2.5,11.3,933.9
2026-06-06 13:00:00,13.99,13.0,3.9,8.8,926.5
2026-06-06 13:05:00,13.88,20.5,3.22,10.5,1040.2
2026-06-06 13:10:00,14.53,19.8,2.41,9.8,935.4
2026-06-06 13:15:00,14.28,26.1,3.49,9.1,923.6
2026-06-06 13:20:00,15.86,21.5,4.01,10.2,970.2
2026-06-06 13:25:00,13.96,7.5,3.54,9.7,945.9
2026-06-06 13:30:00,13.06,14.0,4.09,8.2,913.1
2026-06-06 13:35:00,15.39,13.9,2.95,10.2,940.0
2026-06-06 13:40:00,14.5,13.6,2.81,9.0,947.6
2026-06-06 13:45:00,15.33,23.8,3.65,10.1,967.2
2026-06-06 13:50:00,13.82,4.8,3.12,9.9,962.5
2026-06-06 13:55:00,12.04,26.5,3.84,10.4,909.4
2026-06-06 14:00:00,17.37,24.0,3.24,7.7,974.3
2026-06-06 14:05:00,13.1,19.1,3.92,9.0,985.7
2026-06-06 14:10:00,12.26,20.1,3.56,10.1,907.0
2026-06-06 14:15:00,15.08,18.5,2.66,12.9,918.9
2026-06-06 14:20:00,12.58,19.0,2.0,10.1,943.0
2026-06-06 14:25:00,13.41,24.8,3.6,9.6,958.8
2026-06-06 14:30:00,14.19,16.7,3.55,10.9,960.3
2026-06-06 14:35:00,13.79,21.6,2.55,9.4,948.3
2026-06-06 14:40:00,13.45,12.8,3.73,10.4,892.7
2026-06-06 14:45:00,16.38,21.2,4.0,10.1,990.5
2026-06-06 14:50:00,13.83,16.4,2.79,11.1,910.3
2026-06-06 14:55:00,12.65,20.6,2.01,10.7,1004.0
2026-06-06 15:00:00,15.47,12.8,3.83,9.5,996.7
2026-06-06 15:05:00,12.92,20.7,3.94,8.5,905.5
2026-06-06 15:10:00,13.84,17.7,2.76,8.9,964.1
2026-06-06 15:15:00,12.64,27.4,3.57,10.3,1004.4
2026-06-06 15:20:00,14.32,19.6,3.38,9.9,973.6
2026-06-06 15:25:00,14.06,21.0,3.1,10.0,882.1
2026-06-06 15:30:00,13.96,15.4,3.57,10.3,948.5
2026-06-06 15:35:00,14.23,19.9,2.88,9.2,983.4
2026-06-06 15:40:00,15.23,20.8,2.51,9.9,1017.2
2026-06-06 15:45:00,15.05,15.9,3.46,10.0,944.6
2026-06-06 15:50:00,12.44,15.4,3.39,8.6,883.4
2026-06-06 15:55:00,12.99,13.2,1.72,9.4,1037.5
2026-06-06 16:00:00,15.39,17.5,2.5,10.4,945.1
2026-06-06 16:05:00,12.83,14.1,2.84,10.7,1007.8
2026-06-06 16:10:00,14.74,19.8,3.5,9.2,939.7
2026-06-06 16:15:00,15.26,13.3,2.33,10.5,972.0
2026-06-06 16:20:00,11.54,17.3,3.02,9.4,922.6
2026-06-06 16:25:00,13.39,12.3,4.42,9.1,923.4
2026-06-06 16:30:00,15.22,24.9,3.17,11.9,1022.4
2026-06-06 16:35:00,13.78,18.1,3.28,9.6,987.6
2026-06-06 16:40:00,13.39,18.1,3.16,8.5,948.9
2026-06-06 16:45:00,15.25,21.6,3.75,9.6,987.4
2026-06-06 16:50:00,15.66,28.7,3.12,9.7,922.9
2026-06-06 16:55:00,12.98,18.5,3.06,10.9,950.1
2026-06-06 17:00:00,16.65,9.1,3.38,9.6,954.1
2026-06-06 17:05:00,11.32,25.1,3.92,10.4,919.7
2026-06-06 17:10:00,11.74,9.9,3.52,11.1,914.4
2026-06-06 17:15:00,13.32,15.0,3.26,9.4,874.5
2026-06-06 17:20:00,13.5,25.2,3.84,10.3,911.3
2026-06-06 17:25:00,13.57,16.0,2.91,9.9,1023.1
2026-06-06 17:30:00,13.2,14.6,1.5,10.2,878.9
2026-06-06 17:35:00,12.91,19.7,3.45,10.1,948.6
2026-06-06 17:40:00,13.67,18.1,3.46,10.1,956.1
2026-06-06 17:45:00,13.12,13.8,2.87,9.7,940.0
2026-06-06 17:50:00,15.02,23.3,2.99,10.0,985.0
2026-06-06 17:55:00,14.05,25.4,3.88,9.7,939.0
2026-06-06 18:00:00,13.67,26.3,3.39,12.3,988.1
2026-06-06 18:05:00,13.89,21.3,4.05,10.6,972.0
2026-06-06 18:10:00,15.67,13.8,3.4,10.0,895.9
2026-06-06 18:15:00,13.27,10.5,3.18,9.7,996.5
2026-06-06 18:20:00,12.09,4.1,3.76,11.0,937.4
2026-06-06 18:25:00,12.53,24.2,3.36,9.2,878.4
2026-06-06 18:30:00,13.65,19.2,3.45,8.7,968.9
2026-06-06 18:35:00,14.72,15.5,3.09,8.6,938.5
2026-06-06 18:40:00,15.32,6.4,2.97,11.3,1015.1
2026-06-06 18:45:00,16.47,10.9,2.95,11.2,993.8
2026-06-06 18:50:00,15.11,7.4,3.62,10.2,913.9
2026-06-06 18:55:00,12.68,26.7,3.5,9.4,988.0
2026-06-06 19:00:00,13.7,21.8,1.58,9.5,922.2
2026-06-06 19:05:00,10.75,10.2,2.84,12.0,883.7
2026-06-06 19:10:00,13.53,27.8,2.15,9.9,925.4
2026-06-06 19:15:00,13.09,13.7,2.94,10.3,896.8
2026-06-06 19:20:00,10.53,20.1,2.82,9.6,949.5
2026-06-06 19:25:00,17.16,20.1,3.27,10.1,1027.2
2026-06-06 19:30:00,13.43,17.4,3.32,10.4,953.1
2026-06-06 19:35:00,10.84,16.2,4.5,11.8,968.5
2026-06-06 19:40:00,13.59,18.2,3.42,9.9,909.9
2026-06-06 19:45:00,16.48,16.3,3.6,10.5,928.4
2026-06-06 19:50:00,16.86,19.5,2.33,9.6,971.8
2026-06-06 19:55:00,14.09,19.7,2.98,10.2,947.3
2026-06-06 20:00:00,14.14,14.9,2.58,10.3,921.2
2026-06-06 20:05:00,15.84,24.6,3.49,9.8,990.1
2026-06-06 20:10:00,13.77,13.0,3.28,10.2,955.6
2026-06-06 20:15:00,14.69,20.3,2.97,9.3,1032.2
2026-06-06 20:20:00,15.26,16.0,3.79,10.5,976.4
2026-06-06 20:25:00,12.39,12.8,3.09,10.1,904.6
2026-06-06 20:30:00,16.31,16.3,4.02,9.4,954.6
2026-06-06 20:35:00,12.68,14.0,4.03,9.9,901.8
2026-06-06 20:40:00,13.05,22.0,2.78,11.3,1030.2
2026-06-06 20:45:00,14.15,17.4,3.87,9.9,910.4
2026-06-06 20:50:00,15.41,26.2,3.19,10.4,994.6
2026-06-06 20:55:00,15.02,12.3,3.02,10.4,988.2
2026-06-06 21:00:00,13.93,4.8,3.57,10.6,922.7
2026-06-06 21:05:00,14.43,20.4,2.22,8.9,963.1
2026-06-06 21:10:00,15.61,28.3,2.77,9.0,960.2
2026-06-06 21:15:00,14.01,20.9,3.42,9.3,983.3
2026-06-06 21:20:00,12.78,12.3,3.08,10.6,957.1
2026-06-06 21:25:00,13.1,11.9,3.91,10.3,923.3
2026-06-06 21:30:00,15.36,30.2,2.84,10.2,972.4
2026-06-06 21:35:00,12.78,15.7,3.3,9.9,972.6
2026-06-06 21:40:00,11.65,11.9,3.19,8.7,912.8
2026-06-06 21:45:00,13.54,25.1,2.21,9.4,857.8
2026-06-06 21:50:00,13.89,17.1,3.44,10.2,973.7
2026-06-06 21:55:00,15.29,5.8,3.51,9.8,964.9
2026-06-06 22:00:00,11.81,30.5,1.92,10.2,967.3
2026-06-06 22:05:00,14.52,21.5,1.68,8.4,1002.8
2026-06-06 22:10:00,15.73,8.9,3.02,10.0,985.0
2026-06-06 22:15:00,12.77,26.4,3.85,7.9,1001.7
2026-06-06 22:20:00,14.12,11.7,4.89,8.7,981.3
2026-06-06 22:25:00,10.77,11.4,2.17,9.0,955.8
2026-06-06 22:30:00,15.31,12.6,4.23,8.2,900.8
2026-06-06 22:35:00,15.19,29.6,3.78,9.2,1011.6
2026-06-06 22:40:00,13.97,30.3,2.73,10.3,941.6
2026-06-06 22:45:00,12.01,14.7,4.36,11.2,925.8
2026-06-06 22:50:00,15.0,28.2,3.38,9.5,975.5
2026-06-06 22:55:00,13.63,4.3,3.2,9.3,876.6
2026-06-06 23:00:00,10.0,23.5,2.08,9.9,920.4
2026-06-06 23:05:00,15.17,26.2,3.18,9.7,924.8
2026-06-06 23:10:00,15.75,27.0,3.13,9.0,923.7
2026-06-06 23:15:00,16.01,18.5,4.54,10.5,1027.4
2026-06-06 23:20:00,12.08,21.4,2.6,9.7,946.7
2026-06-06 23:25:00,11.12,13.7,2.71,9.3,924.4
2026-06-06 23:30:00,13.38,18.2,2.89,9.4,948.1
2026-06-06 23:35:00,14.78,17.0,4.8,12.4,984.1
2026-06-06 23:40:00,12.59,16.7,2.52,10.8,873.8
2026-06-06 23:45:00,11.61,24.8,3.92,9.7,954.6
2026-06-06 23:50:00,15.09,19.3,2.25,7.6,931.9
2026-06-06 23:55:00,13.48,28.2,3.36,8.3,960.8
2026-06-07 00:00:00,14.93,19.5,3.24,10.1,904.2
2026-06-07 00:05:00,14.02,31.1,2.65,9.7,942.8
2026-06-07 00:10:00,13.75,25.4,3.56,8.8,944.5
2026-06-07 00:15:00,13.9,17.5,2.72,9.9,899.2
2026-06-07 00:20:00,13.46,19.0,2.22,9.3,1024.6
2026-06-07 00:25:00,13.31,13.0,3.06,9.4,966.6
2026-06-07 00:30:00,12.35,19.0,2.64,9.8,986.9
2026-06-07 00:35:00,14.73,12.1,3.41,9.0,935.8
2026-06-07 00:40:00,15.87,26.0,2.95,8.6,958.6
2026-06-07 00:45:00,13.25,15.9,4.16,8.6,901.9
2026-06-07 00:50:00,16.8,20.1,2.99,9.6,924.4
2026-06-07 00:55:00,14.56,4.3,3.5,8.4,914.0
2026-06-07 01:00:00,14.39,16.4,2.52,12.2,961.9
2026-06-07 01:05:00,14.98,15.8,2.97,10.9,1018.3
2026-06-07 01:10:00,15.46,23.5,2.6,10.7,986.1
2026-06-07 01:15:00,13.32,21.1,3.88,9.1,1022.5
2026-06-07 01:20:00,14.83,24.1,2.68,9.2,981.8
2026-06-07 01:25:00,15.57,20.7,2.78,8.6,966.8
2026-06-07 01:30:00,13.43,25.4,3.31,11.8,913.1
2026-06-07 01:35:00,14.01,20.5,2.75,11.3,962.9
2026-06-07 01:40:00,12.85,9.7,4.13,10.7,931.0
2026-06-07 01:45:00,13.26,17.5,4.38,9.9,983.3
2026-06-07 01:50:00,13.48,17.8,2.66,9.6,895.6
2026-06-07 01:55:00,12.64,0.0,3.89,10.5,945.7
2026-06-07 02:00:00,13.91,11.9,2.75,11.6,950.7
2026-06-07 02:05:00,14.5,30.3,2.86,10.6,1021.5
2026-06-07 02:10:00,14.64,16.4,3.63,8.9,909.1
2026-06-07 02:15:00,12.79,17.4,3.29,9.2,996.7
2026-06-07 02:20:00,13.09,4.9,3.43,10.5,982.9
2026-06-07 02:25:00,15.28,9.9,3.94,9.1,939.8
2026-06-07 02:30:00,13.09,20.9,3.83,9.5,966.4
2026-06-07 02:35:00,15.24,15.2,3.26,11.5,940.0
2026-06-07 02:40:00,12.9,11.3,2.89,9.7,950.6
2026-06-07 02:45:00,14.57,25.8,3.12,8.4,980.1
2026-06-07 02:50:00,15.13,13.8,2.64,12.9,1050.0
2026-06-07 02:55:00,10.03,10.2,3.75,11.1,988.6
2026-06-07 03:00:00,15.3,18.2,3.08,9.9,959.9
2026-06-07 03:05:00,15.96,13.1,2.59,10.0,1006.9
2026-06-07 03:10:00,13.54,13.1,4.05,7.9,893.2
2026-06-07 03:15:00,14.52,17.6,3.2,9.6,933.8
2026-06-07 03:20:00,12.74,14.1,2.79,9.3,952.7
2026-06-07 03:25:00,14.55,8.0,3.99,10.1,908.5
2026-06-07 03:30:00,17.69,21.4,3.92,11.6,928.4
2026-06-07 03:35:00,10.7,23.2,2.02,10.4,883.8
2026-06-07 03:40:00,13.25,16.5,3.88,12.0,898.9
2026-06-07 03:45:00,15.2,21.7,3.26,8.6,940.2
2026-06-07 03:50:00,15.89,15.8,3.8,8.5,912.4
2026-06-07 03:55:00,11.93,6.5,3.27,11.2,966.8
2026-06-07 04:00:00,13.04,23.4,3.37,10.1,960.7
2026-06-07 04:05:00,13.13,17.4,3.02,10.5,964.3
2026-06-07 04:10:00,13.02,18.9,3.79,10.0,929.8
2026-06-07 04:15:00,13.83,17.4,2.8,10.2,993.3
2026-06-07 04:20:00,11.86,16.9,3.83,10.7,970.0
2026-06-07 04:25:00,13.62,18.9,3.3,10.3,959.0
2026-06-07 04:30:00,12.6,19.0,3.64,9.4,959.3
2026-06-07 04:35:00,13.9,25.6,2.52,12.3,941.7
2026-06-07 04:40:00,12.94,20.6,3.43,10.1,1002.7
2026-06-07 04:45:00,13.75,25.1,3.45,9.8,995.7
2026-06-07 04:50:00,12.45,27.0,4.22,9.7,935.4
2026-06-07 04:55:00,15.43,8.3,3.72,10.3,956.6
2026-06-07 05:00:00,13.51,25.7,2.77,9.8,934.1
2026-06-07 05:05:00,14.02,21.9,2.78,8.0,1048.6
2026-06-07 05:10:00,13.78,20.9,3.63,9.7,939.8
2026-06-07 05:15:00,14.01,23.9,2.82,8.9,997.8
2026-06-07 05:20:00,14.0,16.4,2.9,10.3,1050.0
2026-06-07 05:25:00,15.21,21.6,2.65,10.0,962.7
2026-06-07 05:30:00,13.57,11.7,3.34,9.3,880.3
2026-06-07 05:35:00,12.92,9.5,3.42,10.9,1010.4
2026-06-07 05:40:00,14.06,21.2,2.97,9.9,929.5
2026-06-07 05:45:00,13.08,17.6,4.22,9.6,922.5
2026-06-07 05:50:00,13.89,18.0,3.54,9.6,1021.2
2026-06-07 05:55:00,12.42,13.2,4.3,9.6,897.9
2026-06-07 06:00:00,15.57,20.3,3.26,10.5,1007.4
2026-06-07 06:05:00,12.83,15.4,2.79,9.2,941.0
2026-06-07 06:10:00,15.8,17.7,2.61,10.1,875.9
2026-06-07 06:15:00,13.91,15.1,3.16,9.5,985.4
2026-06-07 06:20:00,15.28,13.2,3.7,9.4,859.9
2026-06-07 06:25:00,12.85,16.8,3.03,10.5,948.2
2026-06-07 06:30:00,11.05,25.1,3.64,9.1,884.6
2026-06-07 06:35:00,11.53,15.2,4.07,10.5,936.9
2026-06-07 06:40:00,17.75,17.2,2.72,10.3,977.9
2026-06-07 06:45:00,13.1,16.4,2.56,11.3,966.9
2026-06-07 06:50:00,15.64,14.2,3.81,8.2,958.3
2026-06-07 06:55:00,12.05,25.4,3.29,11.0,990.4
2026-06-07 07:00:00,14.27,9.8,3.48,9.7,950.0
2026-06-07 07:05:00,14.52,17.5,3.62,8.2,941.3
2026-06-07 07:10:00,18.0,12.9,2.34,9.3,961.4
2026-06-07 07:15:00,13.52,21.4,3.43,10.5,923.5
2026-06-07 07:20:00,12.93,18.8,3.3,9.9,984.5
2026-06-07 07:25:00,14.53,25.1,3.41,11.3,952.8
2026-06-07 07:30:00,12.61,22.4,2.58,9.7,978.6
2026-06-07 07:35:00,14.61,18.5,3.24,10.0,942.9
2026-06-07 07:40:00,13.92,22.5,2.87,9.8,970.0
2026-06-07 07:45:00,12.87,23.0,3.78,9.0,976.6
2026-06-07 07:50:00,14.74,12.5,3.2,10.0,869.2
2026-06-07 07:55:00,14.16,22.6,2.79,9.8,891.6
2026-06-07 08:00:00,15.14,19.8,2.59,10.1,927.7
2026-06-07 08:05:00,16.48,20.9,3.69,10.1,944.8
2026-06-07 08:10:00,13.25,15.6,3.81,10.0,1001.0
2026-06-07 08:15:00,13.38,12.9,4.41,10.1,968.2
2026-06-07 08:20:00,11.98,11.8,3.07,11.1,970.9
2026-06-07 08:25:00,14.78,0.0,2.77,9.0,1011.7
2026-06-07 08:30:00,13.03,13.7,3.17,9.3,1005.0
2026-06-07 08:35:00,14.52,32.6,2.63,11.4,909.7
2026-06-07 08:40:00,15.75,22.9,2.77,11.3,999.3
2026-06-07 08:45:00,12.97,19.9,3.47,10.3,954.2
2026-06-07 08:50:00,13.29,23.8,3.8,12.0,929.4
2026-06-07 08:55:00,15.52,16.4,3.46,10.5,938.3
2026-06-07 09:00:00,15.06,15.6,3.29,11.9,925.0
2026-06-07 09:05:00,14.9,16.3,3.71,11.5,955.6
2026-06-07 09:10:00,13.41,13.6,3.11,11.6,946.7
2026-06-07 09:15:00,11.85,14.1,4.11,8.9,999.4
2026-06-07 09:20:00,12.93,17.9,5.0,10.7,1027.3
2026-06-07 09:25:00,12.49,18.4,2.82,9.9,933.8
2026-06-07 09:30:00,14.87,26.0,3.85,8.7,898.2
2026-06-07 09:35:00,14.43,24.1,3.87,11.3,976.7
2026-06-07 09:40:00,13.1,9.1,3.61,11.2,987.7
2026-06-07 09:45:00,13.36,16.2,3.99,9.9,965.2
2026-06-07 09:50:00,14.71,11.4,3.48,9.4,888.5
2026-06-07 09:55:00,13.52,2.4,3.75,10.1,918.3
2026-06-07 10:00:00,13.13,18.5,3.24,8.2,955.9
2026-06-07 10:05:00,16.97,21.5,3.25,8.7,925.4
2026-06-07 10:10:00,13.18,18.4,3.58,9.7,910.1
2026-06-07 10:15:00,15.0,20.6,3.43,10.6,1035.8
2026-06-07 10:20:00,14.59,16.0,2.59,9.8,910.0
2026-06-07 10:25:00,11.72,11.8,3.57,9.4,998.3
2026-06-07 10:30:00,12.98,15.8,3.07,9.2,966.5
2026-06-07 10:35:00,15.23,26.2,2.78,12.4,974.3
2026-06-07 10:40:00,13.8,20.2,3.76,8.9,995.5
2026-06-07 10:45:00,11.8,8.9,2.73,8.2,922.4
2026-06-07 10:50:00,14.59,18.8,3.03,9.4,938.0
2026-06-07 10:55:00,13.13,25.6,2.48,10.5,968.9
2026-06-07 11:00:00,14.65,22.6,2.91,10.1,876.0
2026-06-07 11:05:00,18.0,25.7,4.56,9.2,1016.0
2026-06-07 11:10:00,14.57,9.1,2.83,10.2,954.6
2026-06-07 11:15:00,14.92,18.8,3.1,11.1,912.3
2026-06-07 11:20:00,13.62,15.9,4.06,10.2,993.8
2026-06-07 11:25:00,12.32,21.6,3.43,10.2,953.7
2026-06-07 11:30:00,15.54,12.9,3.17,10.2,921.1
2026-06-07 11:35:00,13.09,12.8,2.84,9.3,987.8
2026-06-07 11:40:00,13.66,18.0,3.6,10.4,857.0
2026-06-07 11:45:00,16.69,12.5,3.06,11.0,966.8
2026-06-07 11:50:00,13.49,19.6,4.49,11.4,1002.4
2026-06-07 11:55:00,15.82,5.8,3.15,10.4,916.7
2026-06-07 12:00:00,14.58,25.1,4.14,10.0,898.7
2026-06-07 12:05:00,13.17,1.3,3.89,11.9,966.9
2026-06-07 12:10:00,14.51,23.4,3.67,10.1,922.9
2026-06-07 12:15:00,12.93,14.5,3.14,9.5,1039.9
2026-06-07 12:20:00,15.36,9.3,3.01,9.3,928.8
2026-06-07 12:25:00,15.87,19.0,3.03,9.2,942.2
2026-06-07 12:30:00,14.07,23.3,3.77,9.5,970.9
2026-06-07 12:35:00,16.01,25.0,3.44,11.9,877.3
2026-06-07 12:40:00,14.24,24.8,2.01,9.2,952.4
2026-06-07 12:45:00,15.37,12.8,2.48,11.5,994.8
2026-06-07 12:50:00,18.0,19.2,3.11,9.8,946.8
2026-06-07 12:55:00,17.71,7.3,3.63,11.0,904.1
2026-06-07 13:00:00,13.73,18.5,3.06,8.9,932.6
2026-06-07 13:05:00,14.44,20.0,2.88,10.0,873.4
2026-06-07 13:10:00,12.42,15.7,2.63,8.4,938.4
2026-06-07 13:15:00,15.2,7.0,3.86,10.0,994.4
2026-06-07 13:20:00,14.58,14.4,3.3,10.8,925.0
2026-06-07 13:25:00,12.84,29.4,4.09,11.0,978.0
2026-06-07 13:30:00,15.78,20.3,2.4,10.0,890.7
2026-06-07 13:35:00,13.6,15.1,3.64,9.6,1025.2
2026-06-07 13:40:00,13.22,17.0,3.54,10.1,995.3
2026-06-07 13:45:00,14.6,20.3,3.69,9.4,930.3
2026-06-07 13:50:00,13.3,8.7,3.79,9.4,897.1
2026-06-07 13:55:00,13.95,9.0,2.99,9.6,929.7
2026-06-07 14:00:00,16.62,13.6,3.14,10.2,961.3
2026-06-07 14:05:00,13.08,14.9,3.33,11.4,993.4
2026-06-07 14:10:00,15.01,28.8,2.49,11.3,865.6
2026-06-07 14:15:00,13.12,18.4,3.81,9.7,998.2
2026-06-07 14:20:00,12.54,14.9,1.75,9.2,960.3
2026-06-07 14:25:00,13.88,18.3,2.5,9.3,903.5
2026-06-07 14:30:00,18.0,5.9,2.31,8.5,850.0
2026-06-07 14:35:00,15.17,12.6,3.91,10.7,955.5
2026-06-07 14:40:00,14.69,13.5,3.37,8.6,958.8
2026-06-07 14:45:00,13.21,11.9,2.94,7.7,925.3
2026-06-07 14:50:00,13.42,25.4,3.18,10.7,986.5
2026-06-07 14:55:00,11.77,22.0,3.32,10.7,1031.4
2026-06-07 15:00:00,16.69,10.7,2.53,8.9,934.0
2026-06-07 15:05:00,14.4,10.4,3.36,10.3,920.1
2026-06-07 15:10:00,14.27,10.4,4.11,8.7,1018.7
2026-06-07 15:15:00,14.31,16.9,4.15,9.9,941.2
2026-06-07 15:20:00,17.14,19.2,3.7,10.4,976.4
2026-06-07 15:25:00,14.45,20.5,3.33,10.7,925.7
2026-06-07 15:30:00,13.71,11.9,3.82,10.4,995.6
2026-06-07 15:35:00,16.7,16.9,3.63,8.1,900.2
2026-06-07 15:40:00,13.81,17.7,2.53,10.3,955.8
2026-06-07 15:45:00,11.46,25.2,2.58,12.2,961.8
2026-06-07 15:50:00,11.71,22.6,3.53,10.4,942.7
2026-06-07 15:55:00,13.71,9.4,2.89,8.6,924.5
2026-06-07 16:00:00,14.44,6.7,2.7,9.3,1021.7
2026-06-07 16:05:00,15.23,17.3,3.98,9.5,982.4
2026-06-07 16:10:00,12.62,14.2,3.28,7.7,915.4
2026-06-07 16:15:00,13.66,12.2,3.22,10.1,874.6
2026-06-07 16:20:00,12.79,13.5,2.52,9.6,1009.1
2026-06-07 16:25:00,15.67,21.5,2.9,9.7,913.0
2026-06-07 16:30:00,15.92,9.0,3.08,9.9,952.5
2026-06-07 16:35:00,16.94,29.1,2.55,9.3,953.7
2026-06-07 16:40:00,14.53,13.7,2.51,10.9,961.4
2026-06-07 16:45:00,16.8,21.8,4.21,10.2,882.5
2026-06-07 16:50:00,12.96,14.0,4.09,9.5,936.0
2026-06-07 16:55:00,14.32,8.9,3.23,10.4,949.4
2026-06-07 17:00:00,12.41,17.1,2.41,10.4,947.8
2026-06-07 17:05:00,14.86,10.5,2.24,9.0,978.6
2026-06-07 17:10:00,14.43,18.9,2.92,9.8,956.6
2026-06-07 17:15:00,10.32,17.8,1.85,9.8,967.8
2026-06-07 17:20:00,15.66,13.8,2.97,9.4,926.1
2026-06-07 17:25:00,15.28,18.9,1.98,8.6,1018.3
2026-06-07 17:30:00,13.17,24.2,3.08,9.4,938.4
2026-06-07 17:35:00,14.42,17.3,3.32,11.3,963.2
2026-06-07 17:40:00,11.76,13.6,3.13,9.4,954.6
2026-06-07 17:45:00,12.84,20.4,4.48,10.9,968.0
2026-06-07 17:50:00,16.5,20.6,3.05,10.0,998.0
2026-06-07 17:55:00,12.27,16.3,4.26,10.2,916.4
2026-06-07 18:00:00,14.01,26.2,3.3,8.8,983.0
2026-06-07 18:05:00,11.91,16.2,4.43,11.2,979.5
2026-06-07 18:10:00,14.51,26.9,2.06,12.1,956.9
2026-06-07 18:15:00,14.84,14.1,2.59,9.3,959.1
2026-06-07 18:20:00,15.09,23.1,2.98,11.3,903.8
2026-06-07 18:25:00,14.7,16.7,4.18,8.7,936.4
2026-06-07 18:30:00,16.14,19.6,3.04,9.9,873.7
2026-06-07 18:35:00,13.17,5.8,2.91,8.8,937.8
2026-06-07 18:40:00,12.41,31.0,3.43,10.4,947.5
2026-06-07 18:45:00,13.12,19.9,3.72,9.8,894.0
2026-06-07 18:50:00,11.98,24.1,2.68,9.9,962.0
2026-06-07 18:55:00,14.12,9.7,2.87,11.3,998.3
2026-06-07 19:00:00,13.79,19.0,4.21,11.2,958.6
2026-06-07 19:05:00,14.72,16.9,3.96,9.8,949.8
2026-06-07 19:10:00,11.58,11.7,4.17,11.1,929.0
2026-06-07 19:15:00,13.98,25.7,3.69,11.2,964.9
2026-06-07 19:20:00,15.82,18.9,2.68,11.1,909.4
2026-06-07 19:25:00,14.86,17.7,3.18,10.1,853.5
2026-06-07 19:30:00,11.16,21.7,2.53,10.3,1013.2
2026-06-07 19:35:00,13.98,12.9,3.84,9.7,988.4
2026-06-07 19:40:00,12.9,19.0,2.86,12.3,906.0
2026-06-07 19:45:00,14.02,18.5,2.17,10.4,892.2
2026-06-07 19:50:00,13.43,18.8,3.26,9.9,954.3
2026-06-07 19:55:00,16.61,24.2,3.81,10.5,952.6
2026-06-07 20:00:00,14.13,15.5,2.4,10.3,982.6
2026-06-07 20:05:00,14.48,14.8,3.16,12.1,936.6
2026-06-07 20:10:00,13.93,14.3,2.9,10.0,996.2
2026-06-07 20:15:00,14.71,14.1,3.83,10.8,941.3
2026-06-07 20:20:00,13.67,24.6,1.91,9.9,998.5
2026-06-07 20:25:00,15.16,17.6,3.89,8.3,942.7
2026-06-07 20:30:00,13.41,24.1,2.72,10.0,915.4
2026-06-07 20:35:00,16.06,19.6,3.09,10.9,935.0
2026-06-07 20:40:00,14.74,12.8,3.77,10.1,976.2
2026-06-07 20:45:00,13.77,9.0,4.18,8.8,964.2
2026-06-07 20:50:00,15.26,9.3,3.32,11.6,952.1
2026-06-07 20:55:00,14.74,12.7,2.82,8.8,908.2
2026-06-07 21:00:00,15.24,24.1,2.82,9.2,947.6
2026-06-07 21:05:00,14.13,25.8,3.82,8.9,923.9
2026-06-07 21:10:00,13.64,18.6,2.66,9.0,922.8
2026-06-07 21:15:00,14.2,23.6,3.34,10.0,989.8
2026-06-07 21:20:00,13.25,14.7,3.24,10.6,919.3
2026-06-07 21:25:00,15.47,14.2,3.69,9.4,917.1
2026-06-07 21:30:00,16.2,22.6,3.17,10.6,962.6
2026-06-07 21:35:00,14.87,19.0,2.93,10.8,913.4
2026-06-07 21:40:00,16.13,22.4,2.85,9.7,927.8
2026-06-07 21:45:00,15.69,18.3,2.88,8.5,1027.0
2026-06-07 21:50:00,13.6,15.7,2.39,11.5,943.3
2026-06-07 21:55:00,15.25,16.7,3.52,9.3,977.0
2026-06-07 22:00:00,12.08,19.8,3.31,7.8,1050.0
2026-06-07 22:05:00,14.28,19.4,2.31,9.6,958.0
2026-06-07 22:10:00,12.23,12.4,3.01,10.6,971.0
2026-06-07 22:15:00,13.84,17.3,3.04,10.7,962.5
2026-06-07 22:20:00,11.84,8.9,2.94,8.9,937.0
2026-06-07 22:25:00,15.64,15.9,3.15,8.2,955.0
2026-06-07 22:30:00,13.41,12.5,3.19,10.3,942.9
2026-06-07 22:35:00,15.36,0.0,3.92,10.5,913.6
2026-06-07 22:40:00,13.89,31.3,3.06,11.1,983.3
2026-06-07 22:45:00,11.23,13.4,3.6,11.0,877.6
2026-06-07 22:50:00,13.27,12.4,2.42,10.1,950.3
2026-06-07 22:55:00,13.2,27.7,2.47,9.1,938.8
2026-06-07 23:00:00,13.98,11.0,2.45,9.5,908.6
2026-06-07 23:05:00,16.26,9.3,3.05,9.8,974.9
2026-06-07 23:10:00,16.51,16.8,3.25,9.1,909.1
2026-06-07 23:15:00,13.65,15.0,4.23,11.1,933.7
2026-06-07 23:20:00,12.11,14.2,2.74,11.0,979.1
2026-06-07 23:25:00,12.88,12.5,3.76,8.6,873.0
2026-06-07 23:30:00,14.72,16.9,2.71,9.7,993.1
2026-06-07 23:35:00,13.84,27.8,3.12,12.1,948.5
2026-06-07 23:40:00,11.64,8.3,3.21,11.2,937.6
2026-06-07 23:45:00,13.24,23.0,2.6,10.2,894.8
2026-06-07 23:50:00,15.97,27.2,2.6,11.1,953.6
2026-06-07 23:55:00,14.44,14.2,4.2,11.6,951.0
2026-06-08 00:00:00,14.07,20.3,2.86,10.1,971.9
2026-06-08 00:05:00,13.42,17.3,3.81,8.6,931.2
2026-06-08 00:10:00,13.31,7.7,3.71,10.9,911.0
2026-06-08 00:15:00,14.82,25.3,2.76,10.9,962.5
2026-06-08 00:20:00,14.21,18.2,3.2,9.0,926.9
2026-06-08 00:25:00,15.16,14.9,3.3,10.3,970.2
2026-06-08 00:30:00,14.82,8.9,3.58,9.2,908.8
2026-06-08 00:35:00,14.03,21.1,2.93,8.4,981.8
2026-06-08 00:40:00,14.58,18.9,2.29,10.2,1009.6
2026-06-08 00:45:00,13.11,21.6,2.74,11.5,943.3
2026-06-08 00:50:00,13.93,21.3,3.87,10.3,1004.0
2026-06-08 00:55:00,16.01,13.1,3.23,10.2,980.1
2026-06-08 01:00:00,14.02,0.0,3.13,8.7,963.5
2026-06-08 01:05:00,13.67,17.3,2.32,10.6,949.5
2026-06-08 01:10:00,14.32,16.9,3.95,9.4,928.2
2026-06-08 01:15:00,12.25,19.0,3.07,9.2,997.9
2026-06-08 01:20:00,14.33,27.1,3.76,10.9,989.8
2026-06-08 01:25:00,16.54,17.7,3.61,8.8,908.2
2026-06-08 01:30:00,12.79,22.2,3.64,9.8,954.6
2026-06-08 01:35:00,14.4,20.3,4.17,8.9,917.4
2026-06-08 01:40:00,13.96,9.7,3.36,9.7,969.0
2026-06-08 01:45:00,13.93,10.3,3.2,7.8,980.0
2026-06-08 01:50:00,13.9,24.9,4.07,10.5,887.5
2026-06-08 01:55:00,15.07,12.7,3.75,10.4,946.7
2026-06-08 02:00:00,12.35,20.2,2.75,12.2,967.0
2026-06-08 02:05:00,15.03,11.9,3.89,10.2,953.7
2026-06-08 02:10:00,14.1,22.5,4.06,9.1,1021.3
2026-06-08 02:15:00,11.36,19.5,1.81,11.0,887.1
2026-06-08 02:20:00,14.57,16.2,2.47,11.0,1004.2
2026-06-08 02:25:00,14.17,22.0,2.67,11.3,914.7
2026-06-08 02:30:00,12.69,19.6,3.62,8.0,864.3
2026-06-08 02:35:00,14.24,13.7,3.72,9.3,962.8
2026-06-08 02:40:00,12.03,18.1,3.51,9.1,945.0
2026-06-08 02:45:00,12.97,22.0,3.69,11.5,953.7
2026-06-08 02:50:00,14.06,24.6,2.47,10.8,970.9
2026-06-08 02:55:00,11.47,17.2,2.48,11.1,972.0
2026-06-08 03:00:00,12.27,28.7,3.84,8.9,928.8
2026-06-08 03:05:00,12.5,13.5,3.31,10.1,982.5
2026-06-08 03:10:00,14.12,8.7,4.02,8.4,869.3
2026-06-08 03:15:00,14.66,9.5,2.87,8.9,946.2
2026-06-08 03:20:00,12.66,17.9,2.57,10.1,995.2
2026-06-08 03:25:00,12.58,18.1,2.44,10.2,961.4
2026-06-08 03:30:00,14.21,18.8,3.67,10.4,952.0
2026-06-08 03:35:00,14.17,14.0,3.92,9.3,936.2
2026-06-08 03:40:00,12.95,31.4,3.39,10.4,963.9
2026-06-08 03:45:00,16.74,27.1,2.82,10.0,938.8
2026-06-08 03:50:00,14.28,11.1,3.65,11.6,975.1
2026-06-08 03:55:00,13.74,17.4,3.57,9.6,929.2
2026-06-08 04:00:00,13.42,18.3,1.98,8.2,1011.0
2026-06-08 04:05:00,15.51,22.1,2.95,10.6,971.9
2026-06-08 04:10:00,14.82,8.9,3.46,10.3,1022.5
2026-06-08 04:15:00,11.39,7.7,3.97,9.1,934.5
2026-06-08 04:20:00,12.96,10.7,3.22,9.7,999.0
2026-06-08 04:25:00,13.33,27.0,3.2,10.2,899.4
2026-06-08 04:30:00,13.98,14.1,3.2,9.6,978.9
2026-06-08 04:35:00,14.94,22.9,3.31,8.9,945.4
2026-06-08 04:40:00,12.39,21.5,2.34,9.8,954.8
2026-06-08 04:45:00,13.88,16.9,2.85,10.9,979.2
2026-06-08 04:50:00,16.55,23.0,1.81,9.6,979.7
2026-06-08 04:55:00,14.04,10.6,3.01,10.2,983.5
2026-06-08 05:00:00,12.96,15.2,3.53,9.8,964.1
2026-06-08 05:05:00,12.0,4.7,2.86,8.8,971.7
2026-06-08 05:10:00,13.27,18.6,3.04,9.9,941.1
2026-06-08 05:15:00,12.38,13.2,3.48,9.6,924.2
2026-06-08 05:20:00,13.41,31.1,4.7,10.8,956.7
2026-06-08 05:25:00,14.81,18.4,3.15,11.2,864.2
2026-06-08 05:30:00,14.06,22.9,3.58,10.9,966.8
2026-06-08 05:35:00,13.28,21.9,3.05,9.3,984.8
2026-06-08 05:40:00,11.31,17.5,3.42,8.8,974.8
2026-06-08 05:45:00,15.25,24.0,3.12,8.5,925.6
2026-06-08 05:50:00,13.47,18.2,2.94,10.2,868.2
2026-06-08 05:55:00,14.16,20.9,3.05,9.3,976.2
2026-06-08 06:00:00,12.63,32.1,3.81,8.9,918.5
2026-06-08 06:05:00,13.39,19.2,3.36,12.0,898.5
2026-06-08 06:10:00,13.13,14.8,2.51,10.5,987.9
2026-06-08 06:15:00,12.0,13.8,2.99,10.3,895.8
2026-06-08 06:20:00,12.64,17.5,2.67,10.3,943.1
2026-06-08 06:25:00,13.98,18.7,3.75,11.6,1021.1
2026-06-08 06:30:00,14.45,18.4,2.74,9.8,923.3
2026-06-08 06:35:00,12.97,8.5,3.81,10.6,907.4
2026-06-08 06:40:00,12.2,4.4,3.92,10.9,970.3
2026-06-08 06:45:00,13.47,12.2,3.34,11.9,963.1
2026-06-08 06:50:00,15.17,18.4,3.52,10.0,883.7
2026-06-08 06:55:00,12.59,18.4,2.9,11.2,952.1
2026-06-08 07:00:00,14.02,20.7,3.68,8.2,997.1
2026-06-08 07:05:00,13.01,20.2,2.43,12.1,1006.0
2026-06-08 07:10:00,15.69,15.0,2.95,10.4,939.6
2026-06-08 07:15:00,13.24,11.9,3.08,10.8,969.8
2026-06-08 07:20:00,14.99,21.1,3.76,8.7,971.7
2026-06-08 07:25:00,15.52,19.4,4.21,8.7,990.3
2026-06-08 07:30:00,16.31,11.4,2.99,9.4,946.4
2026-06-08 07:35:00,11.97,21.7,3.1,10.0,1001.8
2026-06-08 07:40:00,11.9,23.7,2.43,9.7,920.8
2026-06-08 07:45:00,15.75,22.7,3.1,9.6,981.2
2026-06-08 07:50:00,15.5,23.8,3.8,9.8,909.9
2026-06-08 07:55:00,13.07,13.5,2.17,7.7,878.4
2026-06-08 08:00:00,10.0,23.1,3.16,10.4,974.5
2026-06-08 08:05:00,14.12,17.1,3.64,9.8,1050.0
2026-06-08 08:10:00,11.72,30.3,3.11,11.0,962.8
2026-06-08 08:15:00,12.76,23.4,3.03,9.5,941.6
2026-06-08 08:20:00,14.27,20.6,3.7,9.6,999.7
2026-06-08 08:25:00,14.47,28.3,2.61,10.2,932.2
2026-06-08 08:30:00,16.37,15.0,2.76,10.7,879.4
2026-06-08 08:35:00,13.44,21.3,2.06,11.2,987.7
2026-06-08 08:40:00,12.54,31.4,3.26,10.0,1012.2
2026-06-08 08:45:00,15.38,22.9,3.28,10.4,955.2
2026-06-08 08:50:00,14.57,18.9,2.85,10.0,962.5
2026-06-08 08:55:00,13.46,16.4,2.68,9.7,925.6
2026-06-08 09:00:00,14.05,12.2,3.23,8.1,943.5
2026-06-08 09:05:00,13.43,16.3,3.28,10.2,958.9
2026-06-08 09:10:00,15.04,13.1,2.53,9.1,951.8
2026-06-08 09:15:00,16.53,16.6,2.05,10.9,951.4
2026-06-08 09:20:00,12.91,17.3,2.17,9.1,850.0
2026-06-08 09:25:00,14.63,23.9,2.27,9.4,956.6
2026-06-08 09:30:00,11.71,15.5,2.5,9.2,896.9
2026-06-08 09:35:00,12.39,14.4,3.19,10.5,969.0
2026-06-08 09:40:00,14.84,23.3,3.2,9.7,992.3
2026-06-08 09:45:00,13.89,22.2,3.06,10.6,972.4
2026-06-08 09:50:00,12.34,16.5,3.43,7.3,904.1
2026-06-08 09:55:00,14.01,21.6,3.4,12.0,916.6
2026-06-08 10:00:00,15.32,16.4,3.41,9.0,947.3
2026-06-08 10:05:00,11.83,16.7,3.27,10.8,984.1
2026-06-08 10:10:00,16.62,27.3,2.47,10.5,989.8
2026-06-08 10:15:00,14.86,17.2,2.41,10.7,964.4
2026-06-08 10:20:00,14.89,15.6,2.89,9.2,911.4
2026-06-08 10:25:00,14.0,18.1,3.88,9.7,997.0
2026-06-08 10:30:00,16.62,6.2,4.72,10.4,949.0
2026-06-08 10:35:00,15.44,17.0,3.54,10.0,934.1
2026-06-08 10:40:00,13.45,19.5,3.4,9.1,930.5
2026-06-08 10:45:00,15.14,29.9,3.72,10.6,889.1
2026-06-08 10:50:00,12.9,18.6,4.1,12.3,994.0
2026-06-08 10:55:00,13.58,20.6,2.62,9.6,945.0
2026-06-08 11:00:00,16.2,20.1,4.92,10.5,922.3
2026-06-08 11:05:00,14.58,31.6,4.02,10.2,974.3
2026-06-08 11:10:00,14.99,24.0,2.32,9.6,981.5
2026-06-08 11:15:00,15.75,9.3,2.69,10.8,880.7
2026-06-08 11:20:00,14.82,25.4,4.82,10.8,1012.0
2026-06-08 11:25:00,12.78,12.3,3.88,9.5,1038.9
2026-06-08 11:30:00,16.49,14.1,2.88,11.4,954.1
2026-06-08 11:35:00,14.77,10.2,3.33,10.0,959.6
2026-06-08 11:40:00,14.88,28.9,3.54,11.1,1045.7
2026-06-08 11:45:00,14.08,25.1,3.66,10.3,906.3
2026-06-08 11:50:00,15.67,25.4,3.95,10.0,929.1
2026-06-08 11:55:00,16.87,24.2,3.28,10.0,973.3
2026-06-08 12:00:00,13.44,22.1,3.33,10.7,995.9
2026-06-08 12:05:00,15.6,16.1,3.0,8.9,951.5
2026-06-08 12:10:00,14.05,19.2,2.63,10.4,917.5
2026-06-08 12:15:00,11.0,14.9,2.65,11.3,1001.5
2026-06-08 12:20:00,11.89,12.9,3.16,10.5,949.7
2026-06-08 12:25:00,14.64,14.2,3.44,8.3,950.1
2026-06-08 12:30:00,15.52,32.1,2.19,8.6,987.2
2026-06-08 12:35:00,14.91,15.7,4.45,10.0,1010.2
2026-06-08 12:40:00,15.15,24.0,2.72,9.2,959.6
2026-06-08 12:45:00,17.88,30.5,2.56,10.9,969.1
2026-06-08 12:50:00,14.79,22.7,3.14,9.5,991.9
2026-06-08 12:55:00,13.6,13.3,1.83,10.6,940.9
2026-06-08 13:00:00,13.81,13.6,3.46,11.9,928.1
2026-06-08 13:05:00,16.45,18.7,2.6,10.0,935.3
2026-06-08 13:10:00,12.1,31.5,1.91,9.0,913.2
2026-06-08 13:15:00,15.86,26.5,3.2,10.4,906.5
2026-06-08 13:20:00,14.02,21.2,3.25,10.3,1038.8
2026-06-08 13:25:00,12.75,16.8,4.38,10.3,914.2
2026-06-08 13:30:00,11.82,20.3,3.29,11.4,960.9
2026-06-08 13:35:00,16.22,19.1,3.29,8.8,946.6
2026-06-08 13:40:00,12.71,19.1,3.21,11.0,991.9
2026-06-08 13:45:00,14.09,12.7,1.71,9.4,954.6
2026-06-08 13:50:00,12.54,12.6,3.3,11.4,1005.5
2026-06-08 13:55:00,16.95,20.0,3.15,7.9,944.8
2026-06-08 14:00:00,14.15,11.0,3.18,12.2,959.8
2026-06-08 14:05:00,11.98,14.2,2.74,9.7,980.0
2026-06-08 14:10:00,13.36,18.2,3.54,8.8,958.0
2026-06-08 14:15:00,16.09,20.0,2.59,10.9,971.1
2026-06-08 14:20:00,12.53,24.7,3.56,10.5,961.3
2026-06-08 14:25:00,13.46,10.5,3.51,10.5,893.5
2026-06-08 14:30:00,15.78,10.5,4.12,10.9,980.6
2026-06-08 14:35:00,14.51,25.8,2.84,10.0,997.1
2026-06-08 14:40:00,12.17,28.1,3.9,9.7,944.8
2026-06-08 14:45:00,14.34,11.7,3.39,8.8,941.8
2026-06-08 14:50:00,13.77,12.9,3.21,9.9,961.7
2026-06-08 14:55:00,14.08,21.3,2.66,9.5,1027.8
2026-06-08 15:00:00,15.42,18.3,3.43,10.0,938.6
2026-06-08 15:05:00,14.36,18.3,2.91,10.1,974.9
2026-06-08 15:10:00,13.86,13.3,3.23,11.7,943.0
2026-06-08 15:15:00,13.79,22.3,3.62,9.3,973.9
2026-06-08 15:20:00,15.62,16.6,3.2,9.9,899.0
2026-06-08 15:25:00,12.92,16.4,3.41,9.6,1021.8
2026-06-08 15:30:00,10.75,11.2,4.18,8.6,964.7
2026-06-08 15:35:00,13.66,22.7,3.49,12.9,938.8
2026-06-08 15:40:00,14.57,15.8,2.81,9.1,939.9
2026-06-08 15:45:00,13.38,17.7,2.96,10.4,961.1
2026-06-08 15:50:00,13.21,25.1,3.21,11.7,1030.1
2026-06-08 15:55:00,13.45,11.7,4.54,8.8,1011.9
2026-06-08 16:00:00,13.96,17.5,2.4,10.9,939.2
2026-06-08 16:05:00,12.05,8.7,3.41,8.5,953.8
2026-06-08 16:10:00,14.99,14.9,4.05,9.2,955.8
2026-06-08 16:15:00,10.01,25.7,3.49,10.6,871.9
2026-06-08 16:20:00,14.81,8.8,3.21,9.7,940.8
2026-06-08 16:25:00,14.47,19.4,2.15,11.5,958.4
2026-06-08 16:30:00,14.75,27.6,4.01,10.1,913.7
2026-06-08 16:35:00,11.11,21.3,2.88,10.5,1019.1
2026-06-08 16:40:00,14.44,14.5,2.66,9.3,905.0
2026-06-08 16:45:00,13.19,11.3,3.42,9.0,909.4
2026-06-08 16:50:00,16.4,6.4,4.17,8.8,977.7
2026-06-08 16:55:00,14.54,27.4,3.35,9.1,961.2
2026-06-08 17:00:00,12.23,15.5,3.01,9.3,931.9
2026-06-08 17:05:00,11.46,7.2,3.46,11.2,990.3
2026-06-08 17:10:00,13.08,11.9,3.33,10.4,959.8
2026-06-08 17:15:00,15.22,11.5,2.98,8.7,1024.0
2026-06-08 17:20:00,15.73,15.0,3.27,9.6,878.9
2026-06-08 17:25:00,14.27,32.3,2.56,10.0,929.1
2026-06-08 17:30:00,14.12,23.5,2.55,12.9,1016.2
2026-06-08 17:35:00,13.5,20.9,3.5,10.0,969.2
2026-06-08 17:40:00,13.97,25.2,2.89,10.5,945.8
2026-06-08 17:45:00,15.82,29.0,3.07,9.0,933.9
2026-06-08 17:50:00,13.48,21.2,2.71,10.7,964.0
2026-06-08 17:55:00,14.99,26.6,2.77,11.4,904.2
2026-06-08 18:00:00,13.21,14.2,2.95,9.8,892.6
2026-06-08 18:05:00,15.52,12.8,2.9,10.6,972.5
2026-06-08 18:10:00,14.87,11.8,3.02,10.6,984.2
2026-06-08 18:15:00,15.46,19.8,3.3,10.1,987.6
2026-06-08 18:20:00,16.82,2.2,4.19,11.3,932.8
2026-06-08 18:25:00,10.13,25.9,3.58,9.2,931.2
2026-06-08 18:30:00,15.13,15.0,3.03,9.1,949.9
2026-06-08 18:35:00,14.7,23.0,2.77,10.0,910.3
2026-06-08 18:40:00,14.67,9.6,2.22,9.6,976.6
2026-06-08 18:45:00,14.36,24.7,2.73,7.1,938.2
2026-06-08 18:50:00,14.36,26.3,2.46,9.3,947.3
2026-06-08 18:55:00,14.5,18.6,3.23,7.9,943.0
2026-06-08 19:00:00,15.36,21.2,4.17,9.7,970.6
2026-06-08 19:05:00,15.24,11.8,3.02,10.7,961.4
2026-06-08 19:10:00,13.96,18.3,2.33,10.1,1026.3
2026-06-08 19:15:00,13.72,23.8,3.02,10.1,934.6
2026-06-08 19:20:00,14.03,16.2,2.95,9.8,1021.7
2026-06-08 19:25:00,13.38,27.2,3.87,10.2,877.5
2026-06-08 19:30:00,16.67,7.3,2.18,12.8,969.6
2026-06-08 19:35:00,12.09,16.0,2.62,9.6,886.6
2026-06-08 19:40:00,15.12,6.5,3.77,10.0,909.0
2026-06-08 19:45:00,15.12,19.9,2.24,9.1,911.0
2026-06-08 19:50:00,13.2,16.7,3.56,8.1,907.9
2026-06-08 19:55:00,14.44,16.9,2.81,10.3,925.7
2026-06-08 20:00:00,15.89,22.4,3.77,11.1,1038.0
2026-06-08 20:05:00,13.5,16.3,3.19,12.3,914.9
2026-06-08 20:10:00,15.97,34.8,2.94,9.8,885.4
2026-06-08 20:15:00,15.68,22.9,3.51,9.7,969.7
2026-06-08 20:20:00,12.94,18.2,3.21,10.9,959.7
2026-06-08 20:25:00,12.34,14.0,2.5,11.7,1038.7
2026-06-08 20:30:00,14.25,12.5,2.94,8.8,948.4
2026-06-08 20:35:00,12.14,20.6,2.2,10.7,858.5
2026-06-08 20:40:00,10.0,14.8,2.71,11.8,932.9
2026-06-08 20:45:00,13.27,23.9,1.86,9.8,932.1
2026-06-08 20:50:00,17.26,17.5,4.61,8.8,900.7
2026-06-08 20:55:00,13.33,17.5,3.19,10.8,927.5
2026-06-08 21:00:00,14.57,18.7,3.51,8.7,944.0
2026-06-08 21:05:00,15.05,17.1,2.71,11.2,947.6
2026-06-08 21:10:00,13.94,19.7,3.5,12.0,894.8
2026-06-08 21:15:00,13.5,30.4,3.54,9.5,974.4
2026-06-08 21:20:00,15.84,21.2,3.73,11.7,1015.4
2026-06-08 21:25:00,14.06,20.5,3.13,10.6,961.2
2026-06-08 21:30:00,13.86,22.7,3.76,11.4,994.3
2026-06-08 21:35:00,15.2,17.3,2.84,9.4,957.3
2026-06-08 21:40:00,12.46,12.2,3.48,10.6,908.1
2026-06-08 21:45:00,12.11,0.0,3.41,10.2,960.8
2026-06-08 21:50:00,11.56,5.7,2.62,9.2,929.9
2026-06-08 21:55:00,14.85,22.5,2.06,9.6,905.6
2026-06-08 22:00:00,13.75,20.2,3.0,10.6,946.9
2026-06-08 22:05:00,15.24,17.1,3.03,8.9,982.8
2026-06-08 22:10:00,14.08,32.2,2.9,8.8,936.4
2026-06-08 22:15:00,11.94,17.8,3.83,8.7,1027.6
2026-06-08 22:20:00,13.47,3.8,4.17,9.2,988.0
2026-06-08 22:25:00,15.35,22.5,3.55,10.3,928.1
2026-06-08 22:30:00,13.61,25.0,3.48,9.5,926.9
2026-06-08 22:35:00,15.78,22.3,3.11,11.3,1035.8
2026-06-08 22:40:00,13.32,25.1,3.24,8.6,936.5
2026-06-08 22:45:00,15.08,7.4,3.56,10.5,964.6
2026-06-08 22:50:00,11.33,18.6,3.28,9.6,966.9
2026-06-08 22:55:00,13.66,13.0,3.61,9.9,881.0
2026-06-08 23:00:00,13.42,21.1,3.2,10.7,881.6
2026-06-08 23:05:00,11.9,27.1,2.81,7.4,984.3
2026-06-08 23:10:00,15.67,15.8,3.38,7.9,908.1
2026-06-08 23:15:00,13.04,21.9,3.02,9.9,950.5
2026-06-08 23:20:00,12.89,12.7,4.12,9.8,889.6
2026-06-08 23:25:00,15.95,17.9,2.94,8.6,936.9
2026-06-08 23:30:00,14.24,14.9,4.95,12.0,958.5
2026-06-08 23:35:00,15.17,28.8,4.08,8.8,867.6
2026-06-08 23:40:00,11.45,11.5,2.59,9.5,952.2
2026-06-08 23:45:00,12.8,18.5,3.95,11.1,954.4
2026-06-08 23:50:00,17.13,26.2,3.04,9.3,931.3
2026-06-08 23:55:00,15.28,6.3,3.66,9.1,906.0
2026-06-09 00:00:00,12.39,20.6,4.12,10.4,934.9
2026-06-09 00:05:00,14.34,18.7,2.73,9.3,935.0
2026-06-09 00:10:00,12.51,13.9,2.96,10.4,1027.0
2026-06-09 00:15:00,16.09,25.3,3.58,10.5,945.2
2026-06-09 00:20:00,10.6,28.3,2.88,10.4,931.4
2026-06-09 00:25:00,14.41,21.9,1.83,11.2,945.1
2026-06-09 00:30:00,14.39,16.2,3.8,9.6,966.9
2026-06-09 00:35:00,12.33,9.3,3.51,9.5,965.5
2026-06-09 00:40:00,13.59,19.1,3.18,9.9,968.0
2026-06-09 00:45:00,14.56,17.1,3.28,7.2,974.1
2026-06-09 00:50:00,11.33,17.4,4.55,10.2,891.6
2026-06-09 00:55:00,12.08,15.0,3.84,9.7,970.7
2026-06-09 01:00:00,13.77,14.5,2.72,10.4,957.4
2026-06-09 01:05:00,12.75,18.2,3.27,9.1,925.1
2026-06-09 01:10:00,13.31,10.6,3.99,11.3,954.3
2026-06-09 01:15:00,13.97,24.2,3.84,9.8,945.6
2026-06-09 01:20:00,12.63,13.4,2.34,10.8,949.2
2026-06-09 01:25:00,13.96,18.7,2.89,9.5,957.0
2026-06-09 01:30:00,14.45,16.1,2.54,10.5,882.9
2026-06-09 01:35:00,15.17,21.9,3.54,8.4,960.5
2026-06-09 01:40:00,12.13,21.6,2.62,7.8,976.0
2026-06-09 01:45:00,13.06,21.0,4.1,9.8,959.8
2026-06-09 01:50:00,14.88,11.0,4.05,10.0,921.0
2026-06-09 01:55:00,11.78,16.8,3.06,9.9,915.5
2026-06-09 02:00:00,14.16,27.6,2.34,9.7,957.3
2026-06-09 02:05:00,14.04,15.9,2.75,9.6,982.1
2026-06-09 02:10:00,10.12,24.3,3.41,10.7,1002.3
2026-06-09 02:15:00,13.26,17.9,3.71,11.8,980.6
2026-06-09 02:20:00,14.5,16.1,3.2,12.6,970.5
2026-06-09 02:25:00,13.68,19.1,1.65,11.1,850.0
2026-06-09 02:30:00,13.29,13.0,3.66,7.7,925.5
2026-06-09 02:35:00,14.23,23.4,1.93,11.1,962.5
2026-06-09 02:40:00,15.48,12.9,1.98,11.0,922.8
2026-06-09 02:45:00,14.81,21.3,3.77,9.9,912.8
2026-06-09 02:50:00,12.87,24.5,2.42,10.9,907.5
2026-06-09 02:55:00,11.81,20.6,3.32,10.4,1020.6
2026-06-09 03:00:00,14.78,14.6,3.29,10.0,898.0
2026-06-09 03:05:00,12.23,19.1,2.71,10.3,941.5
2026-06-09 03:10:00,13.21,13.6,3.37,9.4,920.9
2026-06-09 03:15:00,14.3,16.7,2.88,8.2,915.4
2026-06-09 03:20:00,15.72,14.9,3.26,8.1,966.5
2026-06-09 03:25:00,15.93,13.4,3.01,10.9,982.9
2026-06-09 03:30:00,14.09,21.8,2.86,9.0,902.9
2026-06-09 03:35:00,13.24,23.9,2.75,8.5,952.1
2026-06-09 03:40:00,12.2,24.3,2.6,8.5,945.5
2026-06-09 03:45:00,16.94,19.5,3.7,9.5,931.9
2026-06-09 03:50:00,13.57,26.8,2.84,11.5,912.7
2026-06-09 03:55:00,15.02,13.9,2.56,9.9,994.3
2026-06-09 04:00:00,14.3,25.7,2.88,8.6,908.6
2026-06-09 04:05:00,13.26,23.5,2.83,11.5,897.9
2026-06-09 04:10:00,13.19,18.2,2.96,10.3,994.0
2026-06-09 04:15:00,11.93,19.3,3.61,9.7,958.0
2026-06-09 04:20:00,15.68,24.2,2.76,10.5,902.8
2026-06-09 04:25:00,13.82,22.0,2.93,10.0,946.9
2026-06-09 04:30:00,16.14,19.6,3.57,9.3,925.0
2026-06-09 04:35:00,13.33,15.3,3.49,9.5,1009.6
2026-06-09 04:40:00,13.55,12.5,2.84,8.8,940.3
2026-06-09 04:45:00,12.3,18.6,3.77,9.5,971.3
2026-06-09 04:50:00,13.53,11.1,3.81,10.9,949.1
2026-06-09 04:55:00,12.14,22.4,3.66,10.9,1007.5
2026-06-09 05:00:00,14.6,7.4,3.49,9.8,958.1
2026-06-09 05:05:00,14.16,19.8,3.08,9.8,996.3
2026-06-09 05:10:00,16.21,16.3,2.57,9.0,971.7
2026-06-09 05:15:00,11.81,15.4,2.4,10.4,927.9
2026-06-09 05:20:00,15.82,16.3,3.17,8.6,950.1
2026-06-09 05:25:00,12.53,0.7,3.38,10.8,941.5
2026-06-09 05:30:00,14.52,15.3,3.07,10.4,927.1
2026-06-09 05:35:00,12.28,12.8,3.19,9.7,906.9
2026-06-09 05:40:00,14.3,12.9,4.07,10.4,1004.4
2026-06-09 05:45:00,10.23,35.0,4.01,9.7,867.6
2026-06-09 05:50:00,12.99,9.7,2.62,10.2,1003.3
2026-06-09 05:55:00,14.16,20.4,3.35,10.2,896.5
2026-06-09 06:00:00,16.63,13.2,3.28,11.2,971.7
2026-06-09 06:05:00,10.81,12.5,3.66,10.5,926.6
2026-06-09 06:10:00,14.0,9.9,4.32,11.0,883.3
2026-06-09 06:15:00,13.22,24.8,4.45,10.4,995.8
2026-06-09 06:20:00,11.13,25.2,3.56,9.9,854.0
2026-06-09 06:25:00,12.31,14.3,3.26,10.5,981.8
2026-06-09 06:30:00,13.29,23.5,2.93,10.3,955.2
2026-06-09 06:35:00,14.7,11.8,4.75,9.6,992.0
2026-06-09 06:40:00,14.13,15.6,2.76,8.6,975.1
2026-06-09 06:45:00,12.03,22.1,3.65,9.5,974.5
2026-06-09 06:50:00,11.25,12.0,3.1,9.5,985.9
2026-06-09 06:55:00,14.63,13.6,2.44,10.6,983.5
2026-06-09 07:00:00,13.71,18.1,4.23,9.9,968.0
2026-06-09 07:05:00,16.42,18.2,2.15,9.2,936.6
2026-06-09 07:10:00,13.47,11.5,1.98,9.8,940.8
2026-06-09 07:15:00,15.71,31.4,3.49,9.7,954.3
2026-06-09 07:20:00,14.82,12.9,3.07,9.1,939.4
2026-06-09 07:25:00,15.23,23.7,3.4,11.5,1037.4
2026-06-09 07:30:00,14.65,21.6,3.16,9.8,946.5
2026-06-09 07:35:00,14.68,13.2,3.61,9.2,904.0
2026-06-09 07:40:00,10.56,20.8,2.99,8.3,945.2
2026-06-09 07:45:00,13.64,13.0,3.79,10.1,916.5
2026-06-09 07:50:00,13.0,18.4,3.75,10.5,1028.3
2026-06-09 07:55:00,15.91,22.9,4.08,9.3,953.9
2026-06-09 08:00:00,12.5,14.7,3.99,10.1,975.4
2026-06-09 08:05:00,13.58,20.5,3.11,8.9,970.6
2026-06-09 08:10:00,15.2,14.5,3.65,9.8,987.8
2026-06-09 08:15:00,14.45,19.1,3.44,11.1,959.5
2026-06-09 08:20:00,14.25,18.6,3.45,9.8,934.0
2026-06-09 08:25:00,15.66,15.8,2.43,9.4,951.9
2026-06-09 08:30:00,14.39,7.0,3.76,11.3,900.9
2026-06-09 08:35:00,13.18,22.7,3.52,10.2,944.0
2026-06-09 08:40:00,12.06,29.9,4.17,9.5,1021.8
2026-06-09 08:45:00,14.73,18.8,3.89,9.1,979.4
2026-06-09 08:50:00,12.84,14.3,3.33,8.9,945.7
2026-06-09 08:55:00,13.64,19.2,3.13,10.4,1030.5
2026-06-09 09:00:00,15.62,24.9,2.53,10.8,925.6
2026-06-09 09:05:00,13.67,25.7,4.21,10.0,963.7
2026-06-09 09:10:00,13.33,23.5,2.51,9.8,937.9
2026-06-09 09:15:00,13.58,20.7,2.05,10.6,941.8
2026-06-09 09:20:00,13.62,22.1,3.7,8.6,965.8
2026-06-09 09:25:00,12.51,18.7,3.25,10.1,973.0
2026-06-09 09:30:00,16.52,12.3,3.42,10.0,941.9
2026-06-09 09:35:00,13.18,15.7,3.33,10.4,916.6
2026-06-09 09:40:00,15.18,16.1,2.58,10.5,1023.3
2026-06-09 09:45:00,12.47,19.8,3.4,9.6,954.1
2026-06-09 09:50:00,14.82,7.4,3.11,11.9,908.5
2026-06-09 09:55:00,14.25,21.1,2.89,8.9,909.1
2026-06-09 10:00:00,14.04,5.9,4.17,9.5,1029.6
2026-06-09 10:05:00,14.26,20.5,3.65,10.9,1048.6
2026-06-09 10:10:00,14.62,25.0,1.75,9.4,963.5
2026-06-09 10:15:00,13.66,23.4,3.28,10.1,925.4
2026-06-09 10:20:00,13.73,12.6,3.89,9.5,963.3
2026-06-09 10:25:00,14.87,21.7,2.42,9.6,937.8
2026-06-09 10:30:00,12.29,22.2,2.64,8.7,972.9
2026-06-09 10:35:00,12.06,28.2,3.7,10.8,964.0
2026-06-09 10:40:00,14.27,20.2,2.91,10.8,948.7
2026-06-09 10:45:00,10.99,24.2,1.95,10.8,946.6
2026-06-09 10:50:00,11.48,15.4,3.95,9.6,941.2
2026-06-09 10:55:00,16.71,12.9,3.15,10.3,987.9
2026-06-09 11:00:00,16.32,23.2,3.37,12.0,942.3
2026-06-09 11:05:00,13.14,23.3,3.12,10.3,1032.2
2026-06-09 11:10:00,15.5,14.2,3.91,8.8,1036.0
2026-06-09 11:15:00,15.55,10.7,2.61,9.1,934.9
2026-06-09 11:20:00,14.71,18.7,3.59,9.1,935.6
2026-06-09 11:25:00,13.88,18.3,3.99,11.3,948.0
2026-06-09 11:30:00,14.94,19.4,2.38,10.4,924.3
2026-06-09 11:35:00,15.2,23.3,2.7,8.4,984.1
2026-06-09 11:40:00,14.96,24.2,4.13,11.3,997.4
2026-06-09 11:45:00,11.68,18.0,3.85,10.6,1001.3
2026-06-09 11:50:00,17.05,12.0,2.77,10.2,941.7
2026-06-09 11:55:00,17.6,13.6,2.51,11.5,941.2
2026-06-09 12:00:00,11.14,14.4,3.41,9.8,870.4
2026-06-09 12:05:00,14.77,17.3,3.4,11.4,923.7
2026-06-09 12:10:00,17.07,14.9,3.2,7.8,912.7
2026-06-09 12:15:00,15.5,16.5,4.61,9.3,905.7
2026-06-09 12:20:00,15.52,18.4,3.58,10.8,930.5
2026-06-09 12:25:00,11.84,14.1,2.73,11.7,937.7
2026-06-09 12:30:00,15.19,19.9,3.82,8.8,949.0
2026-06-09 12:35:00,14.36,29.0,3.13,9.6,1004.4
2026-06-09 12:40:00,15.17,17.0,2.8,10.2,996.6
2026-06-09 12:45:00,12.45,13.9,3.78,9.1,905.0
2026-06-09 12:50:00,12.39,19.8,4.07,9.7,967.1
2026-06-09 12:55:00,13.79,13.2,3.38,11.6,918.0
2026-06-09 13:00:00,13.43,17.1,2.62,9.0,955.9
2026-06-09 13:05:00,13.76,13.9,3.31,9.8,1002.4
2026-06-09 13:10:00,13.28,11.6,2.69,10.3,930.5
2026-06-09 13:15:00,13.7,12.7,3.39,10.5,910.5
2026-06-09 13:20:00,13.0,14.0,3.69,9.1,952.1
2026-06-09 13:25:00,13.93,11.7,2.08,9.8,1002.8
2026-06-09 13:30:00,11.86,25.7,3.55,9.7,1030.2
2026-06-09 13:35:00,14.77,20.6,2.95,10.3,925.4
2026-06-09 13:40:00,14.39,23.7,2.81,8.8,955.3
2026-06-09 13:45:00,12.11,9.9,2.49,11.3,961.0
2026-06-09 13:50:00,15.99,16.2,2.57,10.3,893.1
2026-06-09 13:55:00,12.76,20.5,4.23,11.1,891.0
2026-06-09 14:00:00,15.78,27.9,3.61,9.4,963.0
2026-06-09 14:05:00,14.49,13.5,4.02,8.8,935.0
2026-06-09 14:10:00,15.5,10.3,2.76,9.0,893.9
2026-06-09 14:15:00,14.26,19.1,4.27,10.7,977.5
2026-06-09 14:20:00,14.85,14.0,3.2,9.6,952.4
2026-06-09 14:25:00,15.48,28.2,2.62,8.4,950.5
2026-06-09 14:30:00,16.86,21.3,2.52,10.2,906.2
2026-06-09 14:35:00,15.61,16.3,2.59,9.7,881.7
2026-06-09 14:40:00,14.67,16.3,2.77,9.7,926.1
2026-06-09 14:45:00,11.98,17.2,2.67,8.3,951.9
2026-06-09 14:50:00,10.38,7.1,3.85,8.5,921.6
2026-06-09 14:55:00,13.8,18.3,4.76,9.5,906.1
2026-06-09 15:00:00,12.93,15.1,3.08,9.1,935.1
2026-06-09 15:05:00,12.98,21.8,3.03,9.4,951.4
2026-06-09 15:10:00,13.88,12.6,2.14,10.8,1006.6
2026-06-09 15:15:00,14.99,22.1,2.6,8.9,956.0
2026-06-09 15:20:00,13.07,21.3,2.19,9.1,891.3
2026-06-09 15:25:00,15.34,19.0,3.68,9.5,869.1
2026-06-09 15:30:00,14.05,25.5,4.28,9.0,851.9
2026-06-09 15:35:00,14.06,6.7,2.66,9.8,963.6
2026-06-09 15:40:00,16.81,20.7,3.05,11.0,907.9
2026-06-09 15:45:00,14.27,17.7,3.05,9.7,969.9
2026-06-09 15:50:00,13.92,17.6,3.61,10.3,997.2
2026-06-09 15:55:00,14.79,12.1,3.32,7.7,973.6
2026-06-09 16:00:00,16.7,9.5,4.55,10.1,940.9
2026-06-09 16:05:00,13.93,23.4,2.7,11.5,1023.9
2026-06-09 16:10:00,14.66,22.7,3.69,10.1,931.6
2026-06-09 16:15:00,13.84,28.8,2.73,10.1,913.9
2026-06-09 16:20:00,13.85,29.8,2.12,10.3,963.3
2026-06-09 16:25:00,13.26,8.7,4.15,11.6,980.9
2026-06-09 16:30:00,13.16,17.1,4.33,11.4,850.0
2026-06-09 16:35:00,16.54,19.5,3.43,9.0,994.4
2026-06-09 16:40:00,13.17,23.8,2.76,11.2,885.0
2026-06-09 16:45:00,11.69,26.6,2.43,11.4,867.9
2026-06-09 16:50:00,14.19,11.8,3.6,8.3,936.2
2026-06-09 16:55:00,15.53,14.8,1.96,10.0,907.5
2026-06-09 17:00:00,15.86,26.2,3.64,10.5,966.6
2026-06-09 17:05:00,12.21,8.0,3.05,7.2,964.3
2026-06-09 17:10:00,15.67,11.5,3.0,9.3,962.3
2026-06-09 17:15:00,17.09,20.6,2.53,9.3,999.0
2026-06-09 17:20:00,12.97,30.3,2.21,9.4,937.4
2026-06-09 17:25:00,13.74,7.9,3.27,11.0,964.7
2026-06-09 17:30:00,12.15,18.4,3.31,9.9,883.2
2026-06-09 17:35:00,16.78,21.3,3.11,10.4,988.4
2026-06-09 17:40:00,11.76,26.8,3.77,10.1,930.0
2026-06-09 17:45:00,13.4,20.7,3.21,12.5,938.6
2026-06-09 17:50:00,15.18,7.0,3.74,11.0,936.3
2026-06-09 17:55:00,12.97,10.3,2.4,10.0,946.0
2026-06-09 18:00:00,12.52,26.2,2.85,9.7,935.2
2026-06-09 18:05:00,13.92,20.6,4.06,9.3,863.4
2026-06-09 18:10:00,17.59,11.2,3.85,9.0,999.6
2026-06-09 18:15:00,13.62,21.0,3.37,8.8,924.0
2026-06-09 18:20:00,13.69,19.8,2.95,11.0,935.0
2026-06-09 18:25:00,12.33,3.0,2.79,9.1,942.3
2026-06-09 18:30:00,14.58,5.4,3.01,10.6,971.0
2026-06-09 18:35:00,15.33,19.9,3.56,9.5,930.3
2026-06-09 18:40:00,13.09,30.2,1.89,9.2,992.6
2026-06-09 18:45:00,14.8,19.6,4.26,9.7,1025.0
2026-06-09 18:50:00,13.1,3.3,4.09,11.8,1015.4
2026-06-09 18:55:00,11.16,8.3,4.03,13.0,960.1
2026-06-09 19:00:00,14.69,21.8,3.53,9.6,926.9
2026-06-09 19:05:00,17.11,22.4,3.22,9.5,925.9
2026-06-09 19:10:00,12.21,16.8,3.44,11.0,935.2
2026-06-09 19:15:00,14.27,15.1,3.01,10.2,916.0
2026-06-09 19:20:00,15.96,22.8,4.42,9.3,966.6
2026-06-09 19:25:00,13.85,24.6,3.05,10.5,940.9
2026-06-09 19:30:00,11.86,22.2,2.87,10.8,949.3
2026-06-09 19:35:00,14.07,12.3,3.1,9.8,937.7
2026-06-09 19:40:00,16.24,23.4,2.71,9.8,968.0
2026-06-09 19:45:00,13.24,15.9,3.71,11.7,960.2
2026-06-09 19:50:00,14.35,14.4,2.92,9.2,935.9
2026-06-09 19:55:00,12.42,14.2,3.16,9.5,944.1
2026-06-09 20:00:00,13.85,18.1,4.0,9.5,944.0
2026-06-09 20:05:00,14.58,21.4,3.81,11.7,976.8
2026-06-09 20:10:00,14.19,5.9,2.71,8.0,918.9
2026-06-09 20:15:00,13.35,13.6,3.95,10.8,931.4
2026-06-09 20:20:00,14.66,15.2,2.38,10.0,874.0
2026-06-09 20:25:00,15.0,24.2,2.24,11.8,907.0
2026-06-09 20:30:00,15.1,12.8,3.06,10.4,940.6
2026-06-09 20:35:00,13.56,16.0,3.4,7.8,932.5
2026-06-09 20:40:00,13.07,22.9,3.02,11.6,871.5
2026-06-09 20:45:00,16.94,18.2,3.46,9.8,971.0
2026-06-09 20:50:00,14.21,27.2,2.88,8.0,914.8
2026-06-09 20:55:00,13.61,17.1,1.97,9.6,885.2
2026-06-09 21:00:00,11.78,29.3,2.97,10.0,964.6
2026-06-09 21:05:00,12.6,30.4,2.16,9.0,983.4
2026-06-09 21:10:00,13.04,20.7,3.17,8.5,852.5
2026-06-09 21:15:00,14.66,20.5,2.42,10.3,977.3
2026-06-09 21:20:00,13.47,21.4,3.48,8.8,941.4
2026-06-09 21:25:00,14.02,22.9,3.96,9.0,939.8
2026-06-09 21:30:00,11.85,18.7,2.16,11.4,905.2
2026-06-09 21:35:00,16.11,25.0,1.9,9.7,943.8
2026-06-09 21:40:00,12.89,21.0,2.99,8.8,946.4
2026-06-09 21:45:00,14.35,26.3,3.79,9.1,1040.1
2026-06-09 21:50:00,13.2,9.3,3.38,10.4,970.9
2026-06-09 21:55:00,13.52,19.3,2.93,10.4,949.9
2026-06-09 22:00:00,12.81,24.1,2.49,10.7,997.3
2026-06-09 22:05:00,14.44,11.2,3.7,10.8,985.4
2026-06-09 22:10:00,12.53,20.6,4.1,10.3,891.8
2026-06-09 22:15:00,14.47,21.7,2.04,10.6,976.5
2026-06-09 22:20:00,13.82,28.4,3.27,9.5,953.9
2026-06-09 22:25:00,14.95,16.0,4.75,8.9,922.0
2026-06-09 22:30:00,15.09,19.3,2.82,11.4,908.6
2026-06-09 22:35:00,13.52,14.7,3.12,10.9,944.1
2026-06-09 22:40:00,14.55,17.2,3.19,9.7,949.6
2026-06-09 22:45:00,13.33,27.7,2.86,9.3,995.9
2026-06-09 22:50:00,15.97,17.8,3.86,12.3,859.9
2026-06-09 22:55:00,13.46,13.7,4.32,9.1,899.6
2026-06-09 23:00:00,13.7,16.9,2.19,10.2,957.8
2026-06-09 23:05:00,13.3,14.9,2.67,9.3,944.5
2026-06-09 23:10:00,12.9,15.4,3.97,9.6,954.4
2026-06-09 23:15:00,17.05,14.8,3.59,9.2,931.7
2026-06-09 23:20:00,14.73,15.0,3.49,7.8,960.0
2026-06-09 23:25:00,14.1,10.9,3.69,10.4,886.4
2026-06-09 23:30:00,13.29,18.4,3.25,10.7,1033.9
2026-06-09 23:35:00,15.67,12.1,3.55,9.3,966.7
2026-06-09 23:40:00,13.18,24.8,2.94,12.6,968.3
2026-06-09 23:45:00,14.18,16.1,3.08,10.3,907.4
2026-06-09 23:50:00,17.3,20.5,3.12,10.2,926.5
2026-06-09 23:55:00,12.56,20.5,2.93,10.4,970.4
2026-06-10 00:00:00,14.81,7.0,3.59,9.4,936.0
2026-06-10 00:05:00,14.43,16.4,3.39,9.0,960.7
2026-06-10 00:10:00,14.79,28.3,1.98,9.2,918.8
2026-06-10 00:15:00,13.57,13.3,3.12,9.5,896.5
2026-06-10 00:20:00,13.11,31.6,3.08,10.6,994.4
2026-06-10 00:25:00,14.34,21.3,4.09,9.6,914.1
2026-06-10 00:30:00,13.32,21.1,3.0,10.6,986.4
2026-06-10 00:35:00,10.5,19.4,3.24,8.7,916.5
2026-06-10 00:40:00,12.76,24.3,3.09,9.4,943.7
2026-06-10 00:45:00,13.52,24.6,3.93,9.3,934.5
2026-06-10 00:50:00,12.38,17.9,2.48,7.0,941.6
2026-06-10 00:55:00,14.23,15.4,2.75,9.5,980.3
2026-06-10 01:00:00,12.86,9.5,2.77,9.0,1015.3
2026-06-10 01:05:00,13.93,22.9,3.16,10.5,942.3
2026-06-10 01:10:00,17.25,18.4,2.3,10.7,954.8
2026-06-10 01:15:00,15.84,12.9,4.13,8.6,939.2
2026-06-10 01:20:00,14.89,14.5,3.48,9.8,953.5
2026-06-10 01:25:00,16.71,17.6,3.56,8.7,921.3
2026-06-10 01:30:00,13.89,12.1,4.52,10.3,908.6
2026-06-10 01:35:00,13.91,18.3,2.99,9.3,963.0
2026-06-10 01:40:00,12.42,8.3,3.81,9.5,958.9
2026-06-10 01:45:00,15.92,14.8,3.58,9.8,995.4
2026-06-10 01:50:00,16.94,11.0,4.19,10.3,952.0
2026-06-10 01:55:00,15.36,19.2,3.6,10.1,948.1
2026-06-10 02:00:00,16.14,12.1,2.95,10.4,970.7
2026-06-10 02:05:00,10.0,14.6,3.49,10.7,989.4
2026-06-10 02:10:00,17.51,31.6,2.68,9.9,943.7
2026-06-10 02:15:00,13.84,23.2,2.87,9.0,850.0
2026-06-10 02:20:00,17.53,21.6,3.16,8.4,908.0
2026-06-10 02:25:00,16.6,25.8,3.01,9.2,992.8
2026-06-10 02:30:00,15.16,21.1,2.63,10.2,1018.2
2026-06-10 02:35:00,13.49,9.6,1.92,8.6,1003.3
2026-06-10 02:40:00,14.24,10.1,3.46,11.1,932.4
2026-06-10 02:45:00,11.13,1.7,3.58,8.9,936.9
2026-06-10 02:50:00,15.4,19.2,3.41,9.9,979.6
2026-06-10 02:55:00,10.17,11.6,4.41,11.5,974.0
2026-06-10 03:00:00,13.55,14.6,2.31,9.8,850.6
2026-06-10 03:05:00,16.31,16.1,4.15,8.9,951.7
2026-06-10 03:10:00,15.08,14.3,4.73,7.5,947.8
2026-06-10 03:15:00,11.71,17.8,4.26,10.4,903.9
2026-06-10 03:20:00,11.99,16.3,3.01,10.3,926.1
2026-06-10 03:25:00,13.1,15.7,3.49,10.6,960.6
2026-06-10 03:30:00,14.12,8.7,2.83,10.1,941.3
2026-06-10 03:35:00,15.31,19.5,2.78,9.5,987.3
2026-06-10 03:40:00,14.91,31.1,4.1,9.2,1020.4
2026-06-10 03:45:00,12.41,19.7,3.6,10.0,987.8
2026-06-10 03:50:00,14.93,31.6,3.52,11.0,967.9
2026-06-10 03:55:00,15.09,14.6,2.56,7.0,944.1
2026-06-10 04:00:00,14.73,16.5,2.33,10.9,981.9
2026-06-10 04:05:00,17.72,17.9,3.83,9.7,925.1
2026-06-10 04:10:00,15.09,17.0,3.46,9.8,928.1
2026-06-10 04:15:00,15.45,25.0,2.95,10.7,900.7
2026-06-10 04:20:00,16.81,4.9,4.37,9.8,888.0
2026-06-10 04:25:00,15.28,15.3,3.58,10.2,1001.2
2026-06-10 04:30:00,13.17,28.0,2.59,8.4,960.8
2026-06-10 04:35:00,15.86,15.0,2.07,9.7,971.3
2026-06-10 04:40:00,13.4,23.6,3.5,10.5,944.9
2026-06-10 04:45:00,12.53,21.6,2.88,9.6,1025.6
2026-06-10 04:50:00,12.65,17.6,3.12,9.7,1020.3
2026-06-10 04:55:00,15.85,19.9,3.05,10.2,949.3
2026-06-10 05:00:00,14.93,17.5,4.06,10.4,948.9
2026-06-10 05:05:00,15.59,5.2,3.83,11.5,941.2
2026-06-10 05:10:00,14.94,20.8,3.11,10.4,905.4
2026-06-10 05:15:00,14.28,14.3,3.16,11.4,933.6
2026-06-10 05:20:00,14.48,9.7,3.46,9.9,937.4
2026-06-10 05:25:00,14.89,20.3,3.97,7.6,861.3
2026-06-10 05:30:00,13.1,19.9,3.23,9.6,858.9
2026-06-10 05:35:00,12.06,23.9,2.8,9.2,947.4
2026-06-10 05:40:00,13.27,16.4,2.49,9.9,983.3
2026-06-10 05:45:00,14.82,23.2,3.1,9.7,919.2
2026-06-10 05:50:00,13.03,18.1,2.48,10.3,1020.0
2026-06-10 05:55:00,17.19,20.1,3.38,9.3,938.8
2026-06-10 06:00:00,14.66,20.6,3.45,10.2,916.1
2026-06-10 06:05:00,14.18,10.0,3.99,10.4,893.0
2026-06-10 06:10:00,13.09,20.3,3.05,10.0,953.9
2026-06-10 06:15:00,15.37,18.6,3.81,8.5,869.6
2026-06-10 06:20:00,12.18,16.4,4.18,10.9,920.0
2026-06-10 06:25:00,14.47,18.7,3.24,10.6,951.8
2026-06-10 06:30:00,13.35,33.3,4.39,9.8,894.1
2026-06-10 06:35:00,14.18,6.5,4.18,8.2,929.1
2026-06-10 06:40:00,14.73,17.2,2.92,10.3,951.0
2026-06-10 06:45:00,12.28,22.9,4.92,9.5,901.3
2026-06-10 06:50:00,11.49,10.5,3.23,9.5,976.0
2026-06-10 06:55:00,12.6,20.2,4.02,9.9,987.7
2026-06-10 07:00:00,15.32,19.8,3.56,11.5,909.6
2026-06-10 07:05:00,14.56,8.5,3.48,10.1,942.0
2026-06-10 07:10:00,13.4,14.5,4.02,9.9,945.0
2026-06-10 07:15:00,16.95,28.7,3.18,9.5,963.9
2026-06-10 07:20:00,15.93,8.5,3.25,10.0,938.1
2026-06-10 07:25:00,15.57,15.4,3.2,10.0,921.1
2026-06-10 07:30:00,12.91,17.0,2.52,10.6,907.7
2026-06-10 07:35:00,15.55,18.0,3.84,9.5,983.5
2026-06-10 07:40:00,14.51,15.5,2.83,9.2,926.8
2026-06-10 07:45:00,12.92,18.5,3.32,9.6,918.9
2026-06-10 07:50:00,13.84,17.8,3.21,9.9,991.9
2026-06-10 07:55:00,12.44,22.3,3.52,10.0,955.8
2026-06-10 08:00:00,12.93,23.1,3.14,10.0,909.1
2026-06-10 08:05:00,12.28,20.6,3.01,9.0,942.2
2026-06-10 08:10:00,15.43,19.4,3.43,9.9,911.2
2026-06-10 08:15:00,13.89,8.6,3.49,10.7,902.8
2026-06-10 08:20:00,12.59,18.7,2.56,11.3,928.2
2026-06-10 08:25:00,14.78,24.7,3.07,11.0,941.8
2026-06-10 08:30:00,14.0,8.3,4.06,9.9,925.3
2026-06-10 08:35:00,15.58,10.1,4.75,9.8,971.7
2026-06-10 08:40:00,14.2,27.0,2.09,11.2,976.1
2026-06-10 08:45:00,11.84,9.0,3.79,9.9,921.7
2026-06-10 08:50:00,13.25,17.4,3.27,10.9,943.0
2026-06-10 08:55:00,12.26,14.7,2.88,10.0,931.2
2026-06-10 09:00:00,14.84,26.6,2.86,7.6,910.4
2026-06-10 09:05:00,15.63,19.8,2.62,10.7,956.3
2026-06-10 09:10:00,11.68,22.7,2.34,11.0,874.8
2026-06-10 09:15:00,13.81,18.3,3.43,9.7,911.6
2026-06-10 09:20:00,15.73,30.0,4.15,8.8,903.5
2026-06-10 09:25:00,11.66,13.5,3.46,11.5,913.9
2026-06-10 09:30:00,13.35,20.1,3.28,9.9,906.6
2026-06-10 09:35:00,14.0,25.5,2.75,9.7,885.4
2026-06-10 09:40:00,15.6,26.9,2.55,10.4,938.3
2026-06-10 09:45:00,14.82,16.4,3.23,12.7,935.2
2026-06-10 09:50:00,15.12,5.8,2.7,10.5,949.6
2026-06-10 09:55:00,14.9,15.7,3.9,10.2,959.4
2026-06-10 10:00:00,13.44,28.5,2.75,10.1,966.2
2026-06-10 10:05:00,16.47,13.4,2.74,11.7,917.8
2026-06-10 10:10:00,12.99,19.7,4.53,10.5,952.5
2026-06-10 10:15:00,10.0,16.2,4.0,10.9,939.5
2026-06-10 10:20:00,11.3,17.6,2.49,10.3,945.7
2026-06-10 10:25:00,13.82,25.9,2.59,10.5,931.7
2026-06-10 10:30:00,13.5,19.5,3.07,9.7,917.9
2026-06-10 10:35:00,13.2,30.3,2.98,10.2,940.2
2026-06-10 10:40:00,14.23,23.9,2.87,9.3,931.0
2026-06-10 10:45:00,15.8,18.8,3.99,9.5,962.0
2026-06-10 10:50:00,14.68,17.4,3.33,10.5,987.8
2026-06-10 10:55:00,14.97,20.0,3.16,9.3,912.4
2026-06-10 11:00:00,12.38,10.6,2.91,10.1,928.5
2026-06-10 11:05:00,13.22,11.7,2.63,9.6,1042.7
2026-06-10 11:10:00,15.05,22.5,2.78,8.9,877.2
2026-06-10 11:15:00,14.16,23.5,2.62,10.2,885.6
2026-06-10 11:20:00,14.72,10.1,2.52,10.8,992.1
2026-06-10 11:25:00,14.92,23.2,3.8,8.7,1026.5
2026-06-10 11:30:00,14.25,16.9,3.77,10.6,1008.1
2026-06-10 11:35:00,16.37,13.0,3.03,8.9,962.6
2026-06-10 11:40:00,13.2,16.1,4.01,11.4,932.8
2026-06-10 11:45:00,12.77,23.3,3.5,10.6,939.0
2026-06-10 11:50:00,11.35,21.7,2.52,8.7,966.0
2026-06-10 11:55:00,15.12,19.8,2.31,10.9,987.4
2026-06-10 12:00:00,13.14,20.3,3.36,9.4,971.5
2026-06-10 12:05:00,15.9,11.2,3.55,9.0,869.4
2026-06-10 12:10:00,14.37,21.3,2.39,10.7,902.9
2026-06-10 12:15:00,13.49,15.3,2.91,11.2,961.1
2026-06-10 12:20:00,12.42,30.1,3.59,10.5,894.6
2026-06-10 12:25:00,15.27,15.7,4.17,9.6,873.8
2026-06-10 12:30:00,13.92,31.4,3.12,10.2,985.0
2026-06-10 12:35:00,14.4,17.0,3.24,9.4,960.3
2026-06-10 12:40:00,14.91,17.4,2.94,9.8,1011.9
2026-06-10 12:45:00,14.4,16.2,4.11,10.4,988.9
2026-06-10 12:50:00,12.73,10.5,3.61,8.6,925.1
2026-06-10 12:55:00,14.78,26.0,2.62,10.4,959.9
2026-06-10 13:00:00,15.23,18.6,3.66,8.6,918.3
2026-06-10 13:05:00,14.54,21.8,2.74,8.7,885.5
2026-06-10 13:10:00,14.95,27.7,2.53,10.7,997.8
2026-06-10 13:15:00,15.09,17.2,2.94,9.2,942.2
2026-06-10 13:20:00,13.41,17.4,2.69,9.0,1003.9
2026-06-10 13:25:00,13.35,18.9,2.65,9.7,954.3
2026-06-10 13:30:00,17.34,10.3,2.44,9.4,961.1
2026-06-10 13:35:00,15.99,7.0,2.89,10.2,973.1
2026-06-10 13:40:00,13.93,9.0,2.97,10.2,942.7
2026-06-10 13:45:00,15.02,25.4,2.31,9.0,940.5
2026-06-10 13:50:00,12.59,16.0,3.54,8.3,959.7
2026-06-10 13:55:00,13.1,22.7,2.09,9.8,999.8
2026-06-10 14:00:00,12.13,16.4,2.99,11.1,970.2
2026-06-10 14:05:00,14.43,8.5,3.69,9.9,950.7
2026-06-10 14:10:00,14.45,23.2,3.83,9.7,933.6
2026-06-10 14:15:00,15.63,12.7,2.91,11.7,945.3
2026-06-10 14:20:00,13.68,21.5,3.77,10.8,915.5
2026-06-10 14:25:00,15.6,23.5,2.92,8.3,910.7
2026-06-10 14:30:00,14.98,17.7,4.56,9.7,940.5
2026-06-10 14:35:00,17.69,20.8,2.3,10.2,950.2
2026-06-10 14:40:00,16.5,9.5,2.68,8.9,979.1
2026-06-10 14:45:00,16.24,35.0,3.13,9.7,904.8
2026-06-10 14:50:00,15.25,20.6,2.42,10.0,950.4
2026-06-10 14:55:00,12.66,22.7,2.73,9.8,967.1
2026-06-10 15:00:00,14.44,23.6,3.42,8.8,910.7
2026-06-10 15:05:00,17.37,17.2,3.32,11.5,931.6
2026-06-10 15:10:00,14.76,18.5,3.17,10.3,980.4
2026-06-10 15:15:00,12.77,24.5,3.12,9.1,947.6
2026-06-10 15:20:00,14.5,15.8,1.75,10.9,869.3
2026-06-10 15:25:00,12.52,20.3,3.27,9.9,981.0
2026-06-10 15:30:00,12.72,20.8,2.79,11.0,953.6
2026-06-10 15:35:00,14.62,13.6,3.02,9.9,885.8
2026-06-10 15:40:00,15.11,20.7,2.22,8.5,914.9
2026-06-10 15:45:00,12.8,7.8,3.71,8.9,944.9
2026-06-10 15:50:00,13.16,23.5,3.48,11.1,962.5
2026-06-10 15:55:00,11.86,27.4,2.41,11.0,991.1
2026-06-10 16:00:00,13.81,23.4,3.25,8.7,913.9
2026-06-10 16:05:00,11.08,27.0,4.1,11.4,931.9
2026-06-10 16:10:00,13.55,13.4,3.33,11.0,985.3
2026-06-10 16:15:00,14.12,16.7,2.0,9.4,991.8
2026-06-10 16:20:00,11.37,18.8,2.85,9.9,937.1
2026-06-10 16:25:00,12.49,18.8,3.27,7.8,928.7
2026-06-10 16:30:00,13.91,15.4,4.5,9.3,970.0
2026-06-10 16:35:00,13.71,12.5,2.53,9.8,867.2
2026-06-10 16:40:00,13.77,28.4,3.01,10.3,949.5
2026-06-10 16:45:00,14.43,13.0,2.61,9.9,948.9
2026-06-10 16:50:00,11.49,27.9,3.63,10.1,931.3
2026-06-10 16:55:00,15.06,21.0,2.95,9.0,968.9
2026-06-10 17:00:00,13.52,19.2,1.55,10.3,993.7
2026-06-10 17:05:00,13.11,21.3,2.93,11.7,911.0
2026-06-10 17:10:00,11.2,27.1,3.04,10.4,920.9
2026-06-10 17:15:00,13.6,2.3,3.59,10.0,976.6
2026-06-10 17:20:00,14.77,20.2,3.29,9.3,891.9
2026-06-10 17:25:00,14.21,18.9,3.59,9.6,928.7
2026-06-10 17:30:00,14.26,19.1,3.11,8.7,1036.7
2026-06-10 17:35:00,13.49,23.6,3.19,8.6,957.6
2026-06-10 17:40:00,13.91,14.3,3.24,9.9,938.6
2026-06-10 17:45:00,12.34,11.1,3.02,10.6,881.0
2026-06-10 17:50:00,13.99,9.7,3.62,9.1,853.7
2026-06-10 17:55:00,13.26,12.6,3.76,11.2,992.5
2026-06-10 18:00:00,12.31,22.1,3.13,9.4,903.5
2026-06-10 18:05:00,15.13,21.0,2.87,9.9,951.8
2026-06-10 18:10:00,11.64,23.3,2.5,10.9,1001.0
2026-06-10 18:15:00,14.79,15.2,3.44,9.7,930.1
2026-06-10 18:20:00,14.88,15.5,2.62,10.6,931.6
2026-06-10 18:25:00,13.21,27.9,3.2,10.6,977.8
2026-06-10 18:30:00,15.55,24.1,3.22,9.3,1004.2
2026-06-10 18:35:00,13.18,22.5,3.8,9.4,983.9
2026-06-10 18:40:00,13.08,7.1,4.14,11.2,1008.8
2026-06-10 18:45:00,12.2,29.7,1.5,11.3,857.7
2026-06-10 18:50:00,13.99,17.4,3.08,10.6,966.9
2026-06-10 18:55:00,12.56,19.0,1.93,9.1,1001.4
2026-06-10 19:00:00,12.81,20.7,3.87,10.9,968.0
2026-06-10 19:05:00,13.9,19.0,3.18,9.7,944.2
2026-06-10 19:10:00,13.96,17.0,3.9,8.7,901.0
2026-06-10 19:15:00,15.88,18.9,3.35,9.4,920.7
2026-06-10 19:20:00,15.4,21.8,2.35,9.8,1010.0
2026-06-10 19:25:00,14.83,23.1,2.57,11.1,948.6
2026-06-10 19:30:00,13.78,25.3,3.05,9.2,924.8
2026-06-10 19:35:00,13.39,11.4,3.61,9.0,888.0
2026-06-10 19:40:00,13.96,14.7,3.27,9.5,968.6
2026-06-10 19:45:00,13.17,23.1,3.26,9.9,917.8
2026-06-10 19:50:00,12.95,8.6,3.08,10.7,948.7
2026-06-10 19:55:00,13.88,19.0,3.87,10.6,1019.0
2026-06-10 20:00:00,12.68,13.3,3.33,7.8,981.9
2026-06-10 20:05:00,12.77,21.3,3.2,9.6,1002.4
2026-06-10 20:10:00,15.43,12.9,3.43,10.1,955.7
2026-06-10 20:15:00,11.93,15.8,2.97,9.1,978.5
2026-06-10 20:20:00,12.44,16.3,3.01,9.2,1003.2
2026-06-10 20:25:00,15.91,19.5,3.47,10.6,916.8
2026-06-10 20:30:00,13.41,23.7,3.61,10.7,948.5
2026-06-10 20:35:00,16.06,24.2,3.67,9.8,922.4
2026-06-10 20:40:00,12.25,19.2,3.07,10.4,925.7
2026-06-10 20:45:00,14.11,11.3,3.34,10.5,944.1
2026-06-10 20:50:00,15.16,33.5,2.68,8.9,911.9
2026-06-10 20:55:00,12.64,17.5,3.68,8.9,935.2
2026-06-10 21:00:00,16.51,19.6,2.62,9.6,977.4
2026-06-10 21:05:00,13.41,19.5,3.32,9.3,946.1
2026-06-10 21:10:00,14.76,20.1,3.71,9.4,919.0
2026-06-10 21:15:00,12.98,12.9,3.33,9.9,981.5
2026-06-10 21:20:00,16.24,20.6,3.35,9.9,913.3
2026-06-10 21:25:00,14.46,28.9,2.93,7.4,905.8
2026-06-10 21:30:00,17.15,5.9,2.21,10.1,998.0
2026-06-10 21:35:00,15.77,18.2,2.79,9.7,983.8
2026-06-10 21:40:00,15.26,11.3,3.29,10.2,936.4
2026-06-10 21:45:00,12.57,23.9,2.73,9.4,1025.8
2026-06-10 21:50:00,14.13,24.8,3.42,9.4,927.4
2026-06-10 21:55:00,13.52,17.2,2.33,9.6,977.3
2026-06-10 22:00:00,14.04,18.4,2.03,11.1,886.8
2026-06-10 22:05:00,14.22,12.7,3.67,9.6,909.4
2026-06-10 22:10:00,12.65,3.9,3.15,11.1,991.2
2026-06-10 22:15:00,13.77,16.4,3.42,11.0,1006.8
2026-06-10 22:20:00,13.86,16.7,2.9,9.7,944.0
2026-06-10 22:25:00,12.48,18.3,3.54,9.5,1041.2
2026-06-10 22:30:00,15.2,0.0,4.19,9.5,1002.4
2026-06-10 22:35:00,14.33,7.6,4.16,9.9,922.1
2026-06-10 22:40:00,15.22,9.1,2.9,9.4,934.9
2026-06-10 22:45:00,14.73,18.5,2.94,10.7,894.6
2026-06-10 22:50:00,11.43,21.5,3.27,9.4,932.3
2026-06-10 22:55:00,12.75,11.0,4.39,10.9,959.6
2026-06-10 23:00:00,16.48,16.3,2.52,9.1,951.6
2026-06-10 23:05:00,15.18,14.5,2.55,8.3,951.2
2026-06-10 23:10:00,11.57,30.2,3.6,8.2,989.9
2026-06-10 23:15:00,14.71,15.7,2.82,9.5,956.7
2026-06-10 23:20:00,12.75,15.4,3.62,9.2,977.4
2026-06-10 23:25:00,10.86,13.1,2.9,9.1,967.9
2026-06-10 23:30:00,16.49,6.6,3.53,11.0,961.5
2026-06-10 23:35:00,14.11,21.9,2.86,9.3,986.9
2026-06-10 23:40:00,14.33,16.4,2.61,8.0,982.1
2026-06-10 23:45:00,12.11,15.7,3.31,10.6,904.9
2026-06-10 23:50:00,12.27,19.1,2.46,11.3,1022.8
2026-06-10 23:55:00,11.61,8.5,3.57,10.4,954.8
2026-06-11 00:00:00,16.13,28.6,2.95,9.3,912.0
2026-06-11 00:05:00,11.54,7.1,2.49,10.2,947.4
2026-06-11 00:10:00,16.43,28.7,3.27,9.2,960.4
2026-06-11 00:15:00,12.52,17.9,3.37,9.0,973.5
2026-06-11 00:20:00,12.16,15.7,1.81,9.8,988.4
2026-06-11 00:25:00,13.92,22.0,3.13,9.9,980.7
2026-06-11 00:30:00,12.97,15.9,3.23,9.8,1023.5
2026-06-11 00:35:00,14.15,23.6,3.2,11.7,954.2
2026-06-11 00:40:00,12.68,19.8,2.09,10.0,943.6
2026-06-11 00:45:00,13.53,22.3,3.37,11.0,891.3
2026-06-11 00:50:00,12.86,24.2,3.45,12.2,988.8
2026-06-11 00:55:00,15.29,17.0,2.65,9.5,974.4
2026-06-11 01:00:00,14.77,23.8,2.3,10.1,927.4
2026-06-11 01:05:00,14.37,21.1,2.58,10.8,959.7
2026-06-11 01:10:00,15.58,26.0,3.2,10.1,949.6
2026-06-11 01:15:00,14.39,15.8,2.48,9.7,957.0
2026-06-11 01:20:00,14.27,26.2,2.31,12.3,939.0
2026-06-11 01:25:00,13.82,13.4,4.51,11.2,954.5
2026-06-11 01:30:00,12.93,6.0,3.32,7.9,889.2
2026-06-11 01:35:00,12.93,9.8,3.1,11.4,933.8
2026-06-11 01:40:00,14.22,16.0,2.82,11.6,962.3
2026-06-11 01:45:00,15.53,19.6,2.93,11.2,921.8
2026-06-11 01:50:00,14.86,18.1,4.28,10.8,965.6
2026-06-11 01:55:00,14.85,22.7,3.64,11.6,1032.6
2026-06-11 02:00:00,12.34,10.8,4.7,10.9,903.8
2026-06-11 02:05:00,14.78,28.3,3.33,10.6,876.7
2026-06-11 02:10:00,13.4,26.1,2.55,10.1,998.2
2026-06-11 02:15:00,14.26,23.6,3.31,8.9,1033.7
2026-06-11 02:20:00,14.83,25.6,3.45,8.6,964.8
2026-06-11 02:25:00,12.27,8.7,3.66,10.8,950.3
2026-06-11 02:30:00,14.24,22.2,2.89,10.8,924.2
2026-06-11 02:35:00,14.35,22.4,4.24,10.0,971.6
2026-06-11 02:40:00,15.5,23.8,2.38,9.1,949.4
2026-06-11 02:45:00,13.22,23.1,3.35,8.9,984.0
2026-06-11 02:50:00,13.91,20.7,3.0,9.6,881.5
2026-06-11 02:55:00,14.25,20.4,2.71,10.7,963.1
2026-06-11 03:00:00,13.22,25.2,3.28,12.2,916.6
2026-06-11 03:05:00,13.2,14.3,3.99,10.0,987.9
2026-06-11 03:10:00,13.14,20.2,3.42,10.3,904.2
2026-06-11 03:15:00,13.81,14.7,3.4,11.1,975.2
2026-06-11 03:20:00,16.62,17.1,2.0,9.9,926.7
2026-06-11 03:25:00,13.86,2.0,3.91,10.4,932.6
2026-06-11 03:30:00,14.73,12.8,3.01,10.8,984.0
2026-06-11 03:35:00,14.05,15.4,3.55,11.1,918.1
2026-06-11 03:40:00,13.54,15.5,3.78,10.1,890.0
2026-06-11 03:45:00,13.96,16.0,3.34,9.5,952.9
2026-06-11 03:50:00,15.15,10.9,2.07,10.2,923.6
2026-06-11 03:55:00,13.92,16.0,4.07,8.3,895.2
2026-06-11 04:00:00,13.76,24.5,4.22,10.3,964.0
2026-06-11 04:05:00,13.65,16.2,3.71,10.9,961.6
2026-06-11 04:10:00,12.51,25.8,2.69,11.7,954.7
2026-06-11 04:15:00,15.56,25.4,3.86,10.9,970.3
2026-06-11 04:20:00,13.33,14.5,3.07,7.4,870.2
2026-06-11 04:25:00,16.2,21.4,3.13,11.4,919.5
2026-06-11 04:30:00,14.37,10.1,4.0,11.5,961.1
2026-06-11 04:35:00,16.11,11.7,3.65,9.1,991.4
2026-06-11 04:40:00,13.7,18.7,1.78,9.6,959.6
2026-06-11 04:45:00,12.9,21.1,3.29,11.4,996.7
2026-06-11 04:50:00,15.56,27.7,3.81,10.1,922.9
2026-06-11 04:55:00,13.16,17.0,2.39,9.4,925.4
2026-06-11 05:00:00,15.93,19.1,3.78,9.2,935.1
2026-06-11 05:05:00,14.87,18.6,2.19,12.6,946.7
2026-06-11 05:10:00,16.2,28.8,2.96,10.8,879.0
2026-06-11 05:15:00,12.54,26.1,3.44,9.7,949.2
2026-06-11 05:20:00,15.43,20.3,3.03,11.4,948.6
2026-06-11 05:25:00,12.89,22.8,3.86,9.9,925.5
2026-06-11 05:30:00,10.41,20.1,2.33,11.2,919.2
2026-06-11 05:35:00,15.34,24.4,3.62,10.6,960.9
2026-06-11 05:40:00,13.99,23.2,3.18,9.7,973.6
2026-06-11 05:45:00,15.44,16.2,2.71,10.5,955.8
2026-06-11 05:50:00,14.14,18.6,3.46,10.5,955.7
2026-06-11 05:55:00,14.03,19.0,3.15,10.8,948.5
2026-06-11 06:00:00,16.25,18.9,4.08,11.6,950.6
2026-06-11 06:05:00,14.18,15.0,3.58,12.2,977.2
2026-06-11 06:10:00,13.29,20.0,3.43,10.4,1014.9
2026-06-11 06:15:00,13.87,14.9,2.83,8.1,1009.7
2026-06-11 06:20:00,14.24,14.5,3.32,10.9,906.7
2026-06-11 06:25:00,10.0,17.3,2.86,9.7,865.6
2026-06-11 06:30:00,14.74,19.6,3.15,8.3,971.2
2026-06-11 06:35:00,16.04,25.4,3.87,10.7,950.9
2026-06-11 06:40:00,13.93,22.3,2.99,10.4,947.6
2026-06-11 06:45:00,13.37,24.7,2.27,9.2,965.2
2026-06-11 06:50:00,14.58,28.6,3.39,8.8,940.2
2026-06-11 06:55:00,16.62,14.5,3.71,11.4,885.2
2026-06-11 07:00:00,14.7,22.3,4.11,10.5,904.3
2026-06-11 07:05:00,14.32,22.5,3.67,9.2,906.8
2026-06-11 07:10:00,13.41,19.5,3.02,10.7,976.7
2026-06-11 07:15:00,12.4,23.4,3.3,9.6,1025.4
2026-06-11 07:20:00,14.04,18.5,3.43,10.5,931.2
2026-06-11 07:25:00,14.06,22.0,3.42,10.3,1050.0
2026-06-11 07:30:00,11.1,9.5,1.8,7.4,874.1
2026-06-11 07:35:00,12.91,18.0,2.86,10.1,929.7
2026-06-11 07:40:00,15.74,22.3,3.44,9.8,957.3
2026-06-11 07:45:00,13.61,24.2,3.8,9.3,850.0
2026-06-11 07:50:00,10.32,12.8,2.87,8.7,1010.9
2026-06-11 07:55:00,16.4,17.5,2.96,9.8,922.3
2026-06-11 08:00:00,12.66,11.6,3.12,9.6,951.3
2026-06-11 08:05:00,13.29,15.7,3.14,10.7,967.9
2026-06-11 08:10:00,15.59,19.9,3.69,9.9,886.4
2026-06-11 08:15:00,12.89,24.2,2.69,10.1,1047.3
2026-06-11 08:20:00,11.05,23.4,3.66,10.3,955.3
2026-06-11 08:25:00,14.33,19.3,4.04,9.5,936.4
2026-06-11 08:30:00,15.2,14.1,3.0,9.0,905.6
2026-06-11 08:35:00,13.3,17.2,2.95,12.2,958.2
2026-06-11 08:40:00,13.82,33.2,3.14,9.9,887.0
2026-06-11 08:45:00,12.23,9.6,2.93,9.8,955.6
2026-06-11 08:50:00,12.51,10.8,3.22,11.4,1005.9
2026-06-11 08:55:00,13.52,19.1,2.31,11.9,996.6
2026-06-11 09:00:00,14.97,22.2,3.67,11.4,927.8
2026-06-11 09:05:00,14.15,23.2,4.15,9.6,938.9
2026-06-11 09:10:00,15.53,19.7,2.78,10.3,971.7
2026-06-11 09:15:00,16.48,8.9,2.3,10.6,997.3
2026-06-11 09:20:00,15.33,16.7,3.77,12.2,1011.3
2026-06-11 09:25:00,11.62,7.4,3.05,10.4,1015.2
2026-06-11 09:30:00,13.57,20.4,2.78,10.5,912.7
2026-06-11 09:35:00,15.32,20.7,3.1,9.0,980.1
2026-06-11 09:40:00,13.82,17.2,2.48,8.7,894.7
2026-06-11 09:45:00,11.57,10.9,3.56,11.4,931.5
2026-06-11 09:50:00,13.17,13.1,2.49,10.3,903.0
2026-06-11 09:55:00,10.59,8.3,2.59,10.4,903.9
2026-06-11 10:00:00,13.58,17.7,2.48,11.1,959.7
2026-06-11 10:05:00,12.97,35.0,3.13,10.9,922.3
2026-06-11 10:10:00,13.46,17.4,2.12,10.7,961.5
2026-06-11 10:15:00,15.77,15.5,4.48,10.6,901.7
2026-06-11 10:20:00,12.0,19.3,2.96,10.1,969.4
2026-06-11 10:25:00,12.92,11.1,2.0,10.2,932.8
2026-06-11 10:30:00,12.29,11.3,2.63,10.9,938.3
2026-06-11 10:35:00,15.61,14.3,3.6,9.1,898.0
2026-06-11 10:40:00,15.7,23.3,3.96,8.9,990.8
2026-06-11 10:45:00,14.54,20.0,3.28,10.1,955.6
2026-06-11 10:50:00,14.46,17.0,3.26,10.1,971.6
2026-06-11 10:55:00,12.2,22.5,2.24,10.7,898.9
2026-06-11 11:00:00,14.3,28.3,3.99,9.8,977.0
2026-06-11 11:05:00,12.32,22.4,3.49,9.2,951.6
2026-06-11 11:10:00,14.06,11.9,3.45,10.6,930.2
2026-06-11 11:15:00,13.48,6.7,3.32,11.3,1005.1
2026-06-11 11:20:00,13.11,7.5,3.62,10.4,966.4
2026-06-11 11:25:00,14.04,23.2,2.67,8.5,968.1
2026-06-11 11:30:00,15.02,13.5,3.81,10.3,871.4
2026-06-11 11:35:00,16.66,22.9,3.63,8.1,993.2
2026-06-11 11:40:00,14.83,15.3,3.17,10.0,967.9
2026-06-11 11:45:00,17.42,20.3,3.01,8.0,999.5
2026-06-11 11:50:00,14.3,22.2,1.86,9.6,926.3
2026-06-11 11:55:00,16.68,13.3,2.21,10.5,921.5
2026-06-11 12:00:00,14.65,22.9,3.48,9.7,1014.6
2026-06-11 12:05:00,14.36,14.0,3.78,11.1,988.3
2026-06-11 12:10:00,13.75,13.8,3.88,10.2,892.9
2026-06-11 12:15:00,14.45,22.9,2.34,8.9,950.6
2026-06-11 12:20:00,14.65,21.8,4.54,10.9,990.9
2026-06-11 12:25:00,11.87,20.8,3.77,10.7,957.1
2026-06-11 12:30:00,15.05,11.4,2.92,11.3,928.0
2026-06-11 12:35:00,11.77,15.7,3.32,10.7,923.2
2026-06-11 12:40:00,15.05,22.1,2.14,10.5,952.6
2026-06-11 12:45:00,14.9,31.7,2.69,9.0,990.8
2026-06-11 12:50:00,16.13,28.9,3.41,10.8,910.2
2026-06-11 12:55:00,12.71,15.2,3.27,9.9,864.6
2026-06-11 13:00:00,12.52,14.0,4.29,10.8,933.8
2026-06-11 13:05:00,15.66,28.4,2.21,12.2,968.0
2026-06-11 13:10:00,12.39,21.6,3.09,11.2,976.9
2026-06-11 13:15:00,12.24,15.2,2.55,10.3,909.4
2026-06-11 13:20:00,14.31,18.8,4.11,10.1,960.8
2026-06-11 13:25:00,13.93,10.5,3.43,9.6,924.5
2026-06-11 13:30:00,14.23,24.1,3.14,7.7,979.4
2026-06-11 13:35:00,14.81,26.4,3.04,10.0,944.7
2026-06-11 13:40:00,14.81,27.2,2.58,9.5,983.5
2026-06-11 13:45:00,13.88,24.8,3.85,10.3,952.7
2026-06-11 13:50:00,14.07,16.1,3.32,9.5,970.0
2026-06-11 13:55:00,13.9,23.4,3.29,10.2,932.3
2026-06-11 14:00:00,14.05,26.8,3.46,11.2,921.6
2026-06-11 14:05:00,11.92,23.7,2.63,10.2,938.6
2026-06-11 14:10:00,15.13,23.1,4.35,8.9,974.7
2026-06-11 14:15:00,15.57,19.1,4.13,9.2,1050.0
2026-06-11 14:20:00,14.96,12.6,3.23,10.7,1000.4
2026-06-11 14:25:00,14.84,29.1,2.91,10.8,1010.8
2026-06-11 14:30:00,12.51,17.8,3.59,9.1,945.8
2026-06-11 14:35:00,11.88,25.3,3.8,10.0,928.5
2026-06-11 14:40:00,15.25,32.9,4.1,10.9,861.9
2026-06-11 14:45:00,14.04,23.5,3.53,11.7,926.1
2026-06-11 14:50:00,14.25,25.0,3.21,10.2,894.8
2026-06-11 14:55:00,14.32,12.4,3.34,9.8,980.7
2026-06-11 15:00:00,14.39,13.6,2.12,9.6,942.1
2026-06-11 15:05:00,14.97,25.6,2.87,10.1,897.2
2026-06-11 15:10:00,13.86,14.7,3.45,11.4,971.9
2026-06-11 15:15:00,11.14,10.0,1.93,10.1,962.7
2026-06-11 15:20:00,15.03,8.0,3.41,10.5,904.7
2026-06-11 15:25:00,14.87,16.7,2.73,8.6,1010.5
2026-06-11 15:30:00,12.06,16.6,4.16,11.6,919.9
2026-06-11 15:35:00,12.25,24.0,2.97,11.3,973.9
2026-06-11 15:40:00,15.32,12.1,3.1,9.7,945.0
2026-06-11 15:45:00,15.68,26.3,3.03,9.9,1015.9
2026-06-11 15:50:00,10.0,10.7,3.27,11.2,986.8
2026-06-11 15:55:00,14.66,10.9,3.75,12.9,906.1
2026-06-11 16:00:00,13.67,18.8,2.99,8.3,1022.8
2026-06-11 16:05:00,14.11,18.3,3.21,9.5,899.3
2026-06-11 16:10:00,14.2,21.5,3.64,9.6,907.6
2026-06-11 16:15:00,12.86,10.9,3.28,11.0,1014.9
2026-06-11 16:20:00,14.98,20.1,3.57,10.4,948.9
2026-06-11 16:25:00,12.97,7.9,3.03,9.5,962.5
2026-06-11 16:30:00,15.12,4.8,3.54,8.6,966.9
2026-06-11 16:35:00,15.45,29.0,3.88,11.0,906.9
2026-06-11 16:40:00,12.69,24.3,3.5,9.8,1025.2
2026-06-11 16:45:00,12.73,18.0,2.08,8.8,1037.8
2026-06-11 16:50:00,14.17,5.9,3.65,9.3,875.3
2026-06-11 16:55:00,16.26,15.3,2.54,9.6,932.0
2026-06-11 17:00:00,13.11,20.7,2.62,9.7,977.2
2026-06-11 17:05:00,13.4,15.2,3.52,9.0,945.5
2026-06-11 17:10:00,14.48,27.4,2.52,9.0,928.3
2026-06-11 17:15:00,14.99,21.8,2.5,12.4,972.5
2026-06-11 17:20:00,14.79,12.5,3.25,10.3,976.4
2026-06-11 17:25:00,14.05,8.4,2.93,9.6,1017.7
2026-06-11 17:30:00,13.54,23.2,2.17,10.4,880.6
2026-06-11 17:35:00,14.5,23.0,3.48,10.2,909.7
2026-06-11 17:40:00,10.0,22.5,3.75,9.1,919.8
2026-06-11 17:45:00,16.8,28.1,3.64,8.1,1045.9
2026-06-11 17:50:00,13.72,20.7,2.63,9.5,1010.4
2026-06-11 17:55:00,14.27,18.6,3.44,9.8,961.0
2026-06-11 18:00:00,17.15,22.6,2.86,9.9,946.6
2026-06-11 18:05:00,12.89,25.4,2.37,8.2,967.6
2026-06-11 18:10:00,17.5,22.1,2.71,12.5,997.0
2026-06-11 18:15:00,15.11,18.2,1.51,12.4,939.9
2026-06-11 18:20:00,14.67,23.8,2.51,10.4,961.0
2026-06-11 18:25:00,14.97,18.6,2.31,10.0,936.5
2026-06-11 18:30:00,12.74,15.1,3.35,9.4,894.2
2026-06-11 18:35:00,11.53,18.7,3.37,10.6,878.4
2026-06-11 18:40:00,12.23,16.1,2.21,9.9,922.4
2026-06-11 18:45:00,15.63,17.5,3.7,11.3,935.1
2026-06-11 18:50:00,12.6,12.9,2.89,10.9,967.5
2026-06-11 18:55:00,11.52,24.0,2.5,9.1,960.7
2026-06-11 19:00:00,13.88,19.3,2.11,9.3,894.4
2026-06-11 19:05:00,14.86,22.3,2.68,11.0,950.4
2026-06-11 19:10:00,14.06,20.9,3.09,10.7,928.2
2026-06-11 19:15:00,14.91,12.6,3.85,8.9,940.0
2026-06-11 19:20:00,15.73,25.9,3.06,9.5,953.2
2026-06-11 19:25:00,14.86,16.6,3.02,9.8,1001.2
2026-06-11 19:30:00,13.77,15.8,3.57,10.0,931.6
2026-06-11 19:35:00,13.18,19.3,3.27,9.9,1017.1
2026-06-11 19:40:00,15.16,19.4,2.28,10.9,898.0
2026-06-11 19:45:00,14.41,33.6,2.78,10.1,914.9
2026-06-11 19:50:00,12.71,21.6,2.82,10.1,946.2
2026-06-11 19:55:00,15.95,15.1,3.14,9.2,903.2
2026-06-11 20:00:00,14.39,29.4,2.8,10.2,897.2
2026-06-11 20:05:00,14.98,8.2,2.81,10.0,952.9
2026-06-11 20:10:00,13.41,15.1,4.11,9.5,897.0
2026-06-11 20:15:00,15.7,14.7,3.21,8.8,911.6
2026-06-11 20:20:00,11.62,18.0,3.49,11.3,946.7
2026-06-11 20:25:00,16.51,20.1,3.11,11.8,1018.1
2026-06-11 20:30:00,11.09,20.6,3.66,10.2,942.3
2026-06-11 20:35:00,11.94,20.5,3.12,11.4,955.2
2026-06-11 20:40:00,14.38,21.8,3.75,10.2,904.0
2026-06-11 20:45:00,13.2,17.6,1.5,8.6,908.1
2026-06-11 20:50:00,13.51,25.7,3.18,10.3,858.3
2026-06-11 20:55:00,13.2,8.3,3.45,9.7,910.7
2026-06-11 21:00:00,12.83,2.7,3.54,10.5,980.6
2026-06-11 21:05:00,14.48,22.4,2.51,11.6,927.0
2026-06-11 21:10:00,13.93,16.0,2.79,9.5,956.0
2026-06-11 21:15:00,15.33,28.3,2.47,10.4,958.9
2026-06-11 21:20:00,14.12,24.3,3.43,10.9,979.4
2026-06-11 21:25:00,13.37,21.5,3.71,11.4,1016.4
2026-06-11 21:30:00,15.16,15.1,2.24,11.0,974.3
2026-06-11 21:35:00,11.25,22.1,3.28,8.9,940.5
2026-06-11 21:40:00,10.13,15.6,2.71,8.9,981.9
2026-06-11 21:45:00,11.62,18.4,4.24,10.8,962.2
2026-06-11 21:50:00,13.48,16.0,3.56,9.6,860.5
2026-06-11 21:55:00,14.59,19.6,2.97,9.0,902.0
2026-06-11 22:00:00,10.0,16.5,3.13,11.2,941.0
2026-06-11 22:05:00,13.98,24.0,3.92,9.6,926.6
2026-06-11 22:10:00,13.47,20.7,3.21,11.6,945.1
2026-06-11 22:15:00,14.21,14.9,2.16,9.6,852.9
2026-06-11 22:20:00,11.14,15.3,4.14,9.3,983.6
2026-06-11 22:25:00,17.92,10.4,3.76,9.9,948.0
2026-06-11 22:30:00,14.05,6.3,2.99,10.8,998.7
2026-06-11 22:35:00,12.17,23.6,3.5,10.3,951.0
2026-06-11 22:40:00,14.19,15.9,2.85,11.9,958.0
2026-06-11 22:45:00,16.24,10.7,2.89,10.2,908.6
2026-06-11 22:50:00,12.07,20.7,3.1,9.8,901.8
2026-06-11 22:55:00,11.76,13.7,3.6,11.5,955.3
2026-06-11 23:00:00,13.82,17.6,3.49,10.6,950.1
2026-06-11 23:05:00,13.95,10.2,3.84,9.6,884.3
2026-06-11 23:10:00,15.06,21.9,3.45,10.2,987.6
2026-06-11 23:15:00,16.21,18.5,4.07,10.2,952.0
2026-06-11 23:20:00,15.17,21.0,4.2,9.8,929.8
2026-06-11 23:25:00,11.92,15.4,3.41,10.2,915.2
2026-06-11 23:30:00,12.39,19.5,2.98,8.7,980.3
2026-06-11 23:35:00,12.8,9.3,3.18,9.6,922.2
2026-06-11 23:40:00,15.17,31.6,1.91,10.4,959.4
2026-06-11 23:45:00,14.91,20.5,3.19,9.5,943.3
2026-06-11 23:50:00,15.89,28.2,2.73,9.1,928.8
2026-06-11 23:55:00,14.84,16.4,2.79,10.0,898.1
2026-06-12 00:00:00,13.06,11.7,3.24,9.5,1002.0
2026-06-12 00:05:00,13.7,15.1,1.97,8.7,909.8
2026-06-12 00:10:00,11.81,17.7,3.1,8.7,915.5
2026-06-12 00:15:00,14.94,17.3,3.33,10.4,1003.6
2026-06-12 00:20:00,13.06,29.2,2.17,10.1,945.9
2026-06-12 00:25:00,15.84,12.9,4.06,10.3,962.8
2026-06-12 00:30:00,14.9,14.4,3.5,9.7,1010.6
2026-06-12 00:35:00,16.91,22.3,3.93,8.5,1009.6
2026-06-12 00:40:00,14.63,8.5,3.56,9.1,928.0
2026-06-12 00:45:00,14.6,17.8,3.42,9.7,996.1
2026-06-12 00:50:00,13.73,18.9,4.1,10.4,885.9
2026-06-12 00:55:00,13.42,20.6,3.96,8.3,879.7
2026-06-12 01:00:00,13.61,20.1,4.34,7.7,951.8
2026-06-12 01:05:00,15.5,29.9,3.01,11.4,946.6
2026-06-12 01:10:00,11.98,12.7,2.78,10.6,975.9
2026-06-12 01:15:00,14.09,14.1,2.54,9.1,971.7
2026-06-12 01:20:00,11.5,21.7,2.58,9.8,977.7
2026-06-12 01:25:00,14.56,19.4,3.59,9.6,1014.1
2026-06-12 01:30:00,13.31,20.1,4.81,10.3,1028.5
2026-06-12 01:35:00,14.76,9.6,4.19,9.5,985.1
2026-06-12 01:40:00,12.89,31.1,2.96,8.9,949.1
2026-06-12 01:45:00,13.61,20.7,3.63,10.5,941.8
2026-06-12 01:50:00,14.95,8.5,2.96,11.8,949.4
2026-06-12 01:55:00,14.19,21.7,2.87,10.5,927.0
2026-06-12 02:00:00,16.31,11.4,2.65,10.1,986.9
2026-06-12 02:05:00,13.28,23.6,2.56,9.8,991.6
2026-06-12 02:10:00,13.15,10.1,3.61,9.2,924.6
2026-06-12 02:15:00,15.86,24.0,4.03,9.6,943.4
2026-06-12 02:20:00,13.45,10.7,3.9,10.4,879.2
2026-06-12 02:25:00,13.38,12.2,4.13,11.2,946.4
2026-06-12 02:30:00,14.57,18.8,3.66,11.2,951.5
2026-06-12 02:35:00,13.75,14.3,3.22,10.2,905.7
2026-06-12 02:40:00,13.53,14.7,2.92,10.2,928.9
2026-06-12 02:45:00,12.96,8.8,3.64,10.1,903.9
2026-06-12 02:50:00,16.04,16.0,2.21,10.6,887.0
2026-06-12 02:55:00,13.77,23.3,2.78,10.0,1009.3
2026-06-12 03:00:00,13.16,29.3,2.61,10.1,887.1
2026-06-12 03:05:00,13.55,23.0,3.9,9.1,954.6
2026-06-12 03:10:00,14.53,22.1,2.33,9.1,989.0
2026-06-12 03:15:00,16.19,7.9,3.86,9.3,1006.9
2026-06-12 03:20:00,13.75,17.8,3.43,10.2,907.5
2026-06-12 03:25:00,12.71,14.1,3.48,9.7,1001.1
2026-06-12 03:30:00,16.88,8.9,3.01,12.6,956.5
2026-06-12 03:35:00,14.2,10.4,2.4,10.4,972.9
2026-06-12 03:40:00,13.84,22.0,3.46,11.6,1020.4
2026-06-12 03:45:00,14.11,14.7,3.76,11.5,974.4
2026-06-12 03:50:00,12.13,9.1,3.59,10.4,912.9
2026-06-12 03:55:00,13.93,14.2,3.15,10.0,867.8
2026-06-12 04:00:00,15.14,19.7,2.5,9.1,975.6
2026-06-12 04:05:00,15.83,14.0,2.87,9.4,966.3
2026-06-12 04:10:00,13.46,10.7,3.54,10.8,918.2
2026-06-12 04:15:00,14.28,12.5,2.78,10.3,957.3
2026-06-12 04:20:00,15.86,23.3,2.57,9.4,895.8
2026-06-12 04:25:00,14.06,5.5,2.46,9.8,964.4
2026-06-12 04:30:00,15.08,16.4,3.54,10.3,896.4
2026-06-12 04:35:00,14.64,17.3,3.52,10.0,998.4
2026-06-12 04:40:00,13.0,13.5,3.94,9.8,1034.0
2026-06-12 04:45:00,12.63,12.3,1.97,9.9,961.6
2026-06-12 04:50:00,15.59,23.9,3.84,7.6,965.5
2026-06-12 04:55:00,10.0,23.9,3.81,10.0,973.5
2026-06-12 05:00:00,13.0,18.6,3.92,8.9,961.1
2026-06-12 05:05:00,11.91,14.7,3.3,10.4,906.1
2026-06-12 05:10:00,15.59,18.7,3.33,10.1,1006.5
2026-06-12 05:15:00,16.05,20.4,3.31,10.7,968.0
2026-06-12 05:20:00,12.91,17.3,2.66,10.8,972.4
2026-06-12 05:25:00,18.0,20.6,2.65,11.7,990.3
2026-06-12 05:30:00,16.07,15.9,3.36,8.0,988.6
2026-06-12 05:35:00,14.3,0.0,3.23,9.9,999.4
2026-06-12 05:40:00,16.25,16.8,3.64,8.0,968.2
2026-06-12 05:45:00,13.04,22.1,2.94,10.5,915.6
2026-06-12 05:50:00,13.59,18.2,2.32,9.8,966.7
2026-06-12 05:55:00,14.69,20.1,2.33,9.5,949.0
2026-06-12 06:00:00,12.96,16.4,2.76,10.3,915.0
2026-06-12 06:05:00,12.07,16.8,3.65,8.9,1008.1
2026-06-12 06:10:00,12.59,19.0,2.88,11.8,944.0
2026-06-12 06:15:00,13.7,29.7,3.26,9.8,959.1
2026-06-12 06:20:00,14.7,23.1,2.15,10.1,920.9
2026-06-12 06:25:00,13.49,22.3,3.25,9.9,947.8
2026-06-12 06:30:00,11.54,19.2,3.21,10.9,987.2
2026-06-12 06:35:00,14.71,10.0,3.99,8.8,1031.8
2026-06-12 06:40:00,15.91,25.4,3.22,10.8,891.6
2026-06-12 06:45:00,13.01,23.4,3.6,9.5,950.9
2026-06-12 06:50:00,16.49,20.2,4.35,9.5,850.0
2026-06-12 06:55:00,15.3,17.7,3.23,10.9,932.8
2026-06-12 07:00:00,12.42,21.3,4.09,9.7,954.7
2026-06-12 07:05:00,13.03,16.6,3.29,10.6,956.5
2026-06-12 07:10:00,13.53,22.4,2.84,10.6,1015.5
2026-06-12 07:15:00,13.72,13.0,3.19,9.7,940.9
2026-06-12 07:20:00,10.34,6.5,3.01,10.2,1012.5
2026-06-12 07:25:00,12.87,10.8,2.99,9.5,959.9
2026-06-12 07:30:00,13.17,18.8,2.85,10.0,929.6
2026-06-12 07:35:00,16.84,16.2,3.04,10.5,957.6
2026-06-12 07:40:00,14.34,17.1,3.64,9.0,955.2
2026-06-12 07:45:00,12.8,10.2,2.26,10.4,957.9
2026-06-12 07:50:00,13.34,19.8,3.35,10.3,922.1
2026-06-12 07:55:00,14.64,11.8,3.33,8.5,921.6
2026-06-12 08:00:00,13.43,21.0,4.0,9.3,995.4
2026-06-12 08:05:00,13.12,9.5,3.07,9.3,992.2
2026-06-12 08:10:00,13.17,13.0,3.93,9.6,916.9
2026-06-12 08:15:00,14.72,12.2,2.74,9.0,944.6
2026-06-12 08:20:00,11.93,21.4,2.89,10.9,965.3
2026-06-12 08:25:00,12.37,15.2,3.48,11.1,982.6
2026-06-12 08:30:00,12.61,20.5,3.54,9.2,957.5
2026-06-12 08:35:00,12.34,24.8,2.97,8.8,996.2
2026-06-12 08:40:00,12.76,28.7,3.23,10.0,946.9
2026-06-12 08:45:00,15.35,19.4,3.09,11.3,1011.9
2026-06-12 08:50:00,15.55,11.4,3.74,12.2,1050.0
2026-06-12 08:55:00,14.41,25.5,3.04,9.3,952.9
2026-06-12 09:00:00,14.32,27.1,2.98,7.7,965.0
2026-06-12 09:05:00,13.0,17.6,3.8,8.5,912.4
2026-06-12 09:10:00,10.88,25.9,3.25,8.2,943.1
2026-06-12 09:15:00,14.22,20.0,3.58,10.4,957.2
2026-06-12 09:20:00,14.45,8.0,4.8,10.1,977.9
2026-06-12 09:25:00,12.99,14.2,2.05,10.2,941.8
2026-06-12 09:30:00,12.39,15.0,2.61,11.1,979.9
2026-06-12 09:35:00,12.09,15.8,2.67,11.6,935.0
2026-06-12 09:40:00,14.25,12.4,2.74,10.8,990.4
2026-06-12 09:45:00,14.12,12.2,4.11,10.7,966.6
2026-06-12 09:50:00,15.79,26.1,1.52,8.5,964.8
2026-06-12 09:55:00,12.79,7.6,3.59,9.5,931.6
2026-06-12 10:00:00,13.57,13.7,2.32,11.4,946.6
2026-06-12 10:05:00,14.03,21.7,3.18,9.5,935.0
2026-06-12 10:10:00,13.18,14.7,3.39,11.1,984.8
2026-06-12 10:15:00,15.26,20.4,3.72,10.1,895.8
2026-06-12 10:20:00,15.86,15.6,3.06,10.8,921.7
2026-06-12 10:25:00,12.34,20.6,3.07,9.1,998.3
2026-06-12 10:30:00,13.31,11.8,2.03,10.8,957.5
2026-06-12 10:35:00,15.99,6.8,4.68,9.4,998.9
2026-06-12 10:40:00,14.48,15.6,3.41,10.2,983.2
2026-06-12 10:45:00,14.18,7.3,3.57,10.0,987.3
2026-06-12 10:50:00,14.51,17.6,3.85,11.2,966.8
2026-06-12 10:55:00,14.98,11.2,3.23,10.8,923.7
2026-06-12 11:00:00,14.58,11.3,3.52,8.2,953.0
2026-06-12 11:05:00,14.32,26.8,3.54,9.2,900.1
2026-06-12 11:10:00,14.01,19.6,2.3,9.4,943.4
2026-06-12 11:15:00,16.02,8.8,3.61,10.7,928.2
2026-06-12 11:20:00,13.6,17.7,4.45,9.5,875.6
2026-06-12 11:25:00,14.0,17.1,4.26,8.9,967.1
2026-06-12 11:30:00,16.33,5.6,4.24,8.6,963.1
2026-06-12 11:35:00,14.49,20.1,4.33,10.7,1000.5
2026-06-12 11:40:00,13.9,23.7,2.39,7.9,901.1
2026-06-12 11:45:00,14.95,15.5,2.91,11.1,993.2
2026-06-12 11:50:00,14.34,16.2,2.67,8.7,857.2
2026-06-12 11:55:00,12.89,14.7,5.33,9.6,944.1
2026-06-12 12:00:00,14.37,20.3,3.32,8.8,1029.1
2026-06-12 12:05:00,12.79,16.5,2.37,9.1,948.9
2026-06-12 12:10:00,16.74,16.7,2.55,9.8,920.6
2026-06-12 12:15:00,14.36,13.1,3.31,9.9,946.7
2026-06-12 12:20:00,12.59,30.2,2.26,8.5,983.9
2026-06-12 12:25:00,13.41,16.4,4.34,9.6,938.7
2026-06-12 12:30:00,15.14,22.2,3.63,10.1,965.7
2026-06-12 12:35:00,12.36,19.6,3.37,10.5,965.2
2026-06-12 12:40:00,18.0,2.6,2.72,8.0,972.0
2026-06-12 12:45:00,11.82,15.8,2.43,9.5,991.5
2026-06-12 12:50:00,15.39,11.1,3.48,7.9,1029.2
2026-06-12 12:55:00,13.27,23.9,3.22,9.5,953.5
2026-06-12 13:00:00,12.79,10.4,2.51,9.6,962.9
2026-06-12 13:05:00,14.81,21.0,3.14,10.6,902.5
2026-06-12 13:10:00,13.32,24.0,3.11,11.0,987.8
2026-06-12 13:15:00,16.39,19.7,3.63,9.0,1004.4
2026-06-12 13:20:00,11.9,18.0,4.46,10.3,977.5
2026-06-12 13:25:00,14.84,15.6,1.98,10.7,894.6
2026-06-12 13:30:00,13.59,17.3,3.69,9.3,933.8
2026-06-12 13:35:00,14.44,10.0,2.86,10.8,952.0
2026-06-12 13:40:00,14.77,19.1,3.44,10.1,915.7
2026-06-12 13:45:00,11.4,24.3,3.22,9.7,1035.8
2026-06-12 13:50:00,14.35,12.8,3.55,10.1,966.4
2026-06-12 13:55:00,15.63,18.1,2.45,8.4,987.3
2026-06-12 14:00:00,14.7,17.4,3.79,10.1,987.9
2026-06-12 14:05:00,13.45,19.9,3.21,9.2,954.5
2026-06-12 14:10:00,11.88,14.8,4.07,10.0,902.0
2026-06-12 14:15:00,14.76,8.9,4.25,9.6,981.6
2026-06-12 14:20:00,16.81,11.3,3.41,10.3,1030.5
2026-06-12 14:25:00,14.99,4.1,3.93,11.2,934.9
2026-06-12 14:30:00,15.74,22.7,3.7,10.1,927.3
2026-06-12 14:35:00,15.4,20.4,3.98,11.0,983.5
2026-06-12 14:40:00,13.41,17.9,3.96,9.0,987.0
2026-06-12 14:45:00,14.14,13.8,2.54,11.4,995.8
2026-06-12 14:50:00,15.3,17.0,3.38,9.0,944.3
2026-06-12 14:55:00,11.63,17.8,2.37,8.7,944.3
2026-06-12 15:00:00,14.98,14.9,2.92,9.7,850.0
2026-06-12 15:05:00,15.89,15.1,2.94,9.6,952.0
2026-06-12 15:10:00,13.92,25.9,3.47,8.4,927.4
2026-06-12 15:15:00,15.22,10.5,3.14,8.9,861.7
2026-06-12 15:20:00,13.17,24.0,3.04,7.0,1025.8
2026-06-12 15:25:00,14.06,8.3,3.9,8.6,959.7
2026-06-12 15:30:00,13.59,27.6,3.63,9.3,878.7
2026-06-12 15:35:00,14.69,3.7,3.51,11.5,965.1
2026-06-12 15:40:00,13.84,20.8,3.62,10.7,1024.4
2026-06-12 15:45:00,11.49,14.0,3.63,10.3,998.1
2026-06-12 15:50:00,12.92,17.0,4.39,12.2,988.7
2026-06-12 15:55:00,16.91,17.2,3.08,8.2,900.7
2026-06-12 16:00:00,14.85,21.6,2.71,9.9,928.2
2026-06-12 16:05:00,10.85,6.2,3.44,12.0,915.3
2026-06-12 16:10:00,15.81,17.8,2.63,9.5,950.7
2026-06-12 16:15:00,12.27,19.1,2.97,9.2,981.0
2026-06-12 16:20:00,15.34,14.0,3.51,10.8,967.5
2026-06-12 16:25:00,15.94,17.3,2.9,9.4,913.7
2026-06-12 16:30:00,14.15,14.0,3.1,11.3,942.6
2026-06-12 16:35:00,12.5,21.3,3.0,10.8,991.7
2026-06-12 16:40:00,12.93,20.2,2.92,9.8,970.4
2026-06-12 16:45:00,14.94,19.3,2.53,11.0,966.0
2026-06-12 16:50:00,12.3,22.0,3.77,9.8,914.9
2026-06-12 16:55:00,13.13,25.5,3.95,10.1,956.4
2026-06-12 17:00:00,14.77,12.1,3.83,10.6,904.6
2026-06-12 17:05:00,13.02,31.3,3.63,9.6,917.0
2026-06-12 17:10:00,16.13,20.4,2.93,11.5,890.8
2026-06-12 17:15:00,12.44,15.0,3.34,10.1,1019.1
2026-06-12 17:20:00,10.0,31.8,2.59,10.3,1020.8
2026-06-12 17:25:00,12.83,15.5,3.14,8.7,909.8
2026-06-12 17:30:00,14.47,10.7,3.25,9.4,919.0
2026-06-12 17:35:00,15.29,14.9,2.4,10.2,937.3
2026-06-12 17:40:00,13.39,14.7,3.31,10.9,998.7
2026-06-12 17:45:00,13.58,24.5,2.82,11.4,974.3
2026-06-12 17:50:00,13.95,17.3,3.37,8.9,1005.3
2026-06-12 17:55:00,16.61,18.6,3.05,9.2,1017.5
2026-06-12 18:00:00,14.57,18.4,3.4,8.8,969.3
2026-06-12 18:05:00,13.26,25.0,3.55,10.5,961.9
2026-06-12 18:10:00,17.08,16.1,2.47,11.4,1004.5
2026-06-12 18:15:00,14.02,16.8,3.02,9.8,993.2
2026-06-12 18:20:00,10.89,13.9,2.85,10.1,993.0
2026-06-12 18:25:00,11.92,15.5,3.93,10.1,969.0
2026-06-12 18:30:00,14.84,21.2,4.19,9.5,991.7
2026-06-12 18:35:00,11.33,22.4,3.18,8.8,938.0
2026-06-12 18:40:00,14.75,28.2,3.34,11.1,927.3
2026-06-12 18:45:00,12.83,17.4,2.32,10.2,936.4
2026-06-12 18:50:00,15.77,16.4,3.4,9.5,1040.9
2026-06-12 18:55:00,14.25,20.4,3.02,13.0,908.3
2026-06-12 19:00:00,11.54,15.2,4.04,10.0,987.7
2026-06-12 19:05:00,15.37,14.2,3.1,8.3,1029.2
2026-06-12 19:10:00,16.05,19.9,2.69,10.7,965.9
2026-06-12 19:15:00,12.08,15.6,2.42,8.2,937.3
2026-06-12 19:20:00,12.8,16.3,3.33,10.5,972.2
2026-06-12 19:25:00,14.75,21.6,2.84,10.4,930.3
2026-06-12 19:30:00,15.02,19.9,3.91,11.4,913.6
2026-06-12 19:35:00,17.53,30.0,3.46,9.0,1003.8
2026-06-12 19:40:00,15.34,23.5,3.08,9.7,1001.3
2026-06-12 19:45:00,17.6,13.4,3.62,9.9,937.3
2026-06-12 19:50:00,14.03,15.6,4.27,10.9,930.5
2026-06-12 19:55:00,14.58,9.8,2.59,10.4,958.7
2026-06-12 20:00:00,13.15,12.2,2.88,10.5,946.2
2026-06-12 20:05:00,13.22,25.6,4.29,11.2,917.3
2026-06-12 20:10:00,14.22,16.3,2.76,9.8,889.0
2026-06-12 20:15:00,13.13,9.7,3.68,11.5,891.7
2026-06-12 20:20:00,10.15,6.3,4.03,9.9,902.0
2026-06-12 20:25:00,13.0,9.2,3.28,10.9,908.4
2026-06-12 20:30:00,15.62,13.2,3.66,9.5,958.5
2026-06-12 20:35:00,14.11,18.0,3.02,10.6,917.9
2026-06-12 20:40:00,14.12,15.6,4.31,11.2,918.9
2026-06-12 20:45:00,12.85,22.2,2.89,8.9,899.9
2026-06-12 20:50:00,14.5,12.4,2.68,10.9,900.6
2026-06-12 20:55:00,16.49,25.4,3.66,10.2,899.5
2026-06-12 21:00:00,16.1,17.2,3.63,12.0,946.8
2026-06-12 21:05:00,14.55,20.7,3.26,9.7,991.7
2026-06-12 21:10:00,12.72,14.9,3.25,10.3,1010.1
2026-06-12 21:15:00,16.65,24.1,2.84,9.8,952.1
2026-06-12 21:20:00,15.59,10.0,2.84,10.7,992.5
2026-06-12 21:25:00,11.78,10.6,2.91,7.8,918.7
2026-06-12 21:30:00,11.36,12.2,3.45,8.6,972.7
2026-06-12 21:35:00,11.86,25.1,3.01,10.7,915.1
2026-06-12 21:40:00,13.26,16.6,2.32,10.0,967.4
2026-06-12 21:45:00,15.35,12.3,3.0,8.0,917.2
2026-06-12 21:50:00,15.32,16.8,3.08,9.4,920.4
2026-06-12 21:55:00,14.51,19.0,3.5,9.6,947.9
2026-06-12 22:00:00,13.79,11.5,3.44,9.5,1014.8
2026-06-12 22:05:00,17.56,19.0,4.24,10.9,984.2
2026-06-12 22:10:00,14.05,17.2,2.62,11.3,920.8
2026-06-12 22:15:00,13.87,15.0,3.56,7.8,907.8
2026-06-12 22:20:00,13.24,10.4,3.66,9.9,917.3
2026-06-12 22:25:00,17.32,23.3,3.31,10.1,975.8
2026-06-12 22:30:00,15.08,15.2,3.05,8.5,958.7
2026-06-12 22:35:00,12.45,0.4,2.97,11.3,976.1
2026-06-12 22:40:00,12.27,20.1,3.15,10.4,929.5
2026-06-12 22:45:00,11.48,20.3,2.1,10.9,963.4
2026-06-12 22:50:00,13.85,23.6,2.59,9.6,960.8
2026-06-12 22:55:00,11.75,20.5,2.59,9.2,1000.6
2026-06-12 23:00:00,12.25,18.8,3.49,9.4,1013.2
2026-06-12 23:05:00,15.6,15.1,3.6,9.9,986.1
2026-06-12 23:10:00,15.34,15.1,2.59,9.6,1000.6
2026-06-12 23:15:00,16.24,22.1,2.37,10.9,949.2
2026-06-12 23:20:00,11.79,17.1,2.33,12.7,922.0
2026-06-12 23:25:00,12.5,9.4,3.87,10.6,948.8
2026-06-12 23:30:00,13.06,15.9,3.77,8.1,944.7
2026-06-12 23:35:00,16.46,17.7,3.59,10.2,942.0
2026-06-12 23:40:00,14.09,6.1,4.22,8.8,949.6
2026-06-12 23:45:00,16.73,22.5,4.22,9.6,943.2
2026-06-12 23:50:00,14.94,18.0,2.6,10.0,931.7
2026-06-12 23:55:00,13.83,9.8,3.05,9.7,944.8
2026-06-13 00:00:00,14.86,16.2,3.69,9.0,982.1
2026-06-13 00:05:00,11.41,17.4,1.55,10.5,915.4
2026-06-13 00:10:00,10.92,23.7,2.99,8.0,1003.8
2026-06-13 00:15:00,14.39,23.5,3.72,10.4,993.3
2026-06-13 00:20:00,14.02,24.5,2.93,9.1,953.5
2026-06-13 00:25:00,16.9,20.3,3.62,10.3,854.7
2026-06-13 00:30:00,11.93,14.1,2.04,8.7,862.9
2026-06-13 00:35:00,14.56,12.6,3.42,10.2,954.5
2026-06-13 00:40:00,15.04,13.8,2.97,11.4,977.1
2026-06-13 00:45:00,14.51,17.6,3.07,9.4,1020.9
2026-06-13 00:50:00,15.65,17.8,2.63,9.4,933.8
2026-06-13 00:55:00,13.05,24.2,4.1,10.4,929.4
2026-06-13 01:00:00,15.25,16.5,3.26,10.2,901.3
2026-06-13 01:05:00,14.84,5.9,3.41,8.6,974.0
2026-06-13 01:10:00,15.75,10.8,4.51,11.1,950.3
2026-06-13 01:15:00,13.23,12.1,2.7,10.8,930.9
2026-06-13 01:20:00,12.22,12.1,3.34,11.3,950.9
2026-06-13 01:25:00,13.06,1.2,2.96,10.5,946.2
2026-06-13 01:30:00,12.41,27.4,2.67,11.9,988.7
2026-06-13 01:35:00,13.15,4.9,3.52,8.1,932.9
2026-06-13 01:40:00,13.5,14.6,3.07,11.5,949.9
2026-06-13 01:45:00,12.63,22.0,4.35,9.6,984.0
2026-06-13 01:50:00,14.01,21.5,4.23,9.5,939.4
2026-06-13 01:55:00,12.23,9.2,3.19,9.3,920.3
2026-06-13 02:00:00,13.89,25.2,2.2,10.5,898.8
2026-06-13 02:05:00,13.26,24.4,2.96,10.8,908.4
2026-06-13 02:10:00,13.82,16.9,3.84,9.5,924.3
2026-06-13 02:15:00,14.59,18.2,2.67,10.3,988.4
2026-06-13 02:20:00,13.37,12.5,4.22,12.8,920.5
2026-06-13 02:25:00,12.83,19.5,3.53,9.3,941.4
2026-06-13 02:30:00,13.02,19.4,2.48,9.6,908.8
2026-06-13 02:35:00,15.53,15.1,2.83,11.4,952.1
2026-06-13 02:40:00,15.91,21.9,2.85,8.4,961.5
2026-06-13 02:45:00,13.23,20.0,2.7,10.2,964.2
2026-06-13 02:50:00,13.77,35.0,2.34,7.6,1020.2
2026-06-13 02:55:00,11.44,12.6,2.91,8.6,949.4
2026-06-13 03:00:00,13.73,26.0,2.89,8.8,961.7
2026-06-13 03:05:00,11.82,12.9,4.03,9.1,927.4
2026-06-13 03:10:00,13.27,21.2,3.43,8.8,1036.9
2026-06-13 03:15:00,15.62,2.4,3.65,10.2,983.9
2026-06-13 03:20:00,11.75,14.9,3.44,11.4,985.4
2026-06-13 03:25:00,12.65,20.8,2.69,12.0,993.6
2026-06-13 03:30:00,12.65,19.4,3.87,9.0,979.9
2026-06-13 03:35:00,11.5,6.0,3.06,10.7,995.5
2026-06-13 03:40:00,15.29,15.5,3.02,11.2,942.5
2026-06-13 03:45:00,14.42,26.9,3.34,10.1,1040.6
2026-06-13 03:50:00,16.71,24.2,4.64,10.7,888.2
2026-06-13 03:55:00,12.51,23.8,2.8,10.5,939.0
2026-06-13 04:00:00,11.34,32.1,2.08,10.5,1019.3
2026-06-13 04:05:00,15.41,7.5,3.48,9.3,943.2
2026-06-13 04:10:00,13.46,15.6,3.63,8.0,976.5
2026-06-13 04:15:00,13.3,18.2,2.94,9.7,931.1
2026-06-13 04:20:00,16.22,13.6,2.89,9.2,967.8
2026-06-13 04:25:00,14.25,18.7,2.43,9.7,935.6
2026-06-13 04:30:00,15.36,25.8,3.32,11.0,996.7
2026-06-13 04:35:00,13.07,18.7,4.36,11.4,961.6
2026-06-13 04:40:00,12.91,4.8,4.36,10.2,880.0
2026-06-13 04:45:00,13.45,22.1,3.34,8.8,917.5
2026-06-13 04:50:00,15.01,17.9,2.95,9.6,911.0
2026-06-13 04:55:00,14.08,4.9,3.56,9.2,1006.2
2026-06-13 05:00:00,14.7,14.3,3.04,10.1,900.3
2026-06-13 05:05:00,10.1,7.6,2.92,9.5,939.3
2026-06-13 05:10:00,11.18,16.3,3.31,10.9,1034.5
2026-06-13 05:15:00,10.77,15.0,4.0,9.2,999.9
2026-06-13 05:20:00,13.43,8.8,3.18,12.2,915.8
2026-06-13 05:25:00,11.9,19.5,3.06,8.5,914.6
2026-06-13 05:30:00,16.53,11.5,3.11,10.3,910.8
2026-06-13 05:35:00,13.97,25.9,3.6,8.4,958.3
2026-06-13 05:40:00,14.33,19.0,3.7,11.0,930.2
2026-06-13 05:45:00,12.37,16.4,2.57,10.0,959.2
2026-06-13 05:50:00,12.32,25.5,3.02,10.2,962.4
2026-06-13 05:55:00,16.33,19.6,3.85,9.1,951.9
2026-06-13 06:00:00,16.67,20.1,2.98,11.1,955.9
2026-06-13 06:05:00,14.62,17.6,4.04,10.6,953.4
2026-06-13 06:10:00,10.95,16.1,3.63,9.5,919.1
2026-06-13 06:15:00,13.36,20.4,4.23,10.0,892.2
2026-06-13 06:20:00,14.47,27.1,2.92,9.1,952.2
2026-06-13 06:25:00,13.66,0.0,3.8,9.0,918.7
2026-06-13 06:30:00,10.82,29.2,3.53,9.4,989.0
2026-06-13 06:35:00,16.77,12.0,3.91,9.7,900.0
2026-06-13 06:40:00,12.75,19.2,3.4,10.0,935.7
2026-06-13 06:45:00,11.99,7.7,3.97,10.0,956.2
2026-06-13 06:50:00,13.95,26.9,2.73,9.1,1000.4
2026-06-13 06:55:00,15.78,9.7,3.25,10.8,934.3
2026-06-13 07:00:00,14.77,24.7,2.24,11.1,957.4
2026-06-13 07:05:00,12.03,16.6,3.05,10.9,974.7
2026-06-13 07:10:00,11.78,17.0,2.7,10.7,980.5
2026-06-13 07:15:00,10.71,10.4,3.47,7.5,964.7
2026-06-13 07:20:00,13.56,25.3,3.72,9.0,1022.3
2026-06-13 07:25:00,13.29,17.1,3.55,8.5,934.1
2026-06-13 07:30:00,14.77,22.3,3.63,8.2,1019.2
2026-06-13 07:35:00,12.97,5.6,3.38,11.1,977.6
2026-06-13 07:40:00,15.46,12.7,3.17,11.7,959.8
2026-06-13 07:45:00,14.98,19.5,2.48,10.0,962.9
2026-06-13 07:50:00,12.91,8.5,2.14,10.5,987.5
2026-06-13 07:55:00,14.59,20.2,2.27,9.6,921.2
2026-06-13 08:00:00,15.99,14.0,2.84,11.2,955.8
2026-06-13 08:05:00,12.56,13.3,3.79,10.3,940.3
2026-06-13 08:10:00,13.68,21.1,2.43,9.5,1014.1
2026-06-13 08:15:00,13.65,19.0,2.7,10.6,924.0
2026-06-13 08:20:00,13.46,11.3,2.99,9.8,1029.9
2026-06-13 08:25:00,15.2,24.7,3.91,10.2,932.1
2026-06-13 08:30:00,15.32,21.0,3.15,10.7,894.5
2026-06-13 08:35:00,14.61,5.9,3.4,13.8,915.2
2026-06-13 08:40:00,14.54,16.2,3.46,11.8,916.0
2026-06-13 08:45:00,13.16,20.2,4.01,10.2,1016.3
2026-06-13 08:50:00,14.5,17.3,3.26,9.1,896.2
2026-06-13 08:55:00,12.07,0.0,2.32,7.7,962.9
2026-06-13 09:00:00,17.72,18.4,3.27,11.3,1008.7
2026-06-13 09:05:00,16.03,22.5,4.02,11.1,1050.0
2026-06-13 09:10:00,15.43,17.5,3.59,9.4,945.6
2026-06-13 09:15:00,14.61,18.3,3.33,9.9,954.5
2026-06-13 09:20:00,14.61,24.1,3.35,10.2,903.4
2026-06-13 09:25:00,11.46,8.5,2.19,10.6,934.8
2026-06-13 09:30:00,12.11,22.4,1.97,11.7,1037.4
2026-06-13 09:35:00,12.3,20.0,3.72,8.7,984.9
2026-06-13 09:40:00,14.09,8.3,4.07,10.7,998.6
2026-06-13 09:45:00,13.58,22.2,2.78,10.2,975.9
2026-06-13 09:50:00,15.22,28.8,3.21,9.5,992.7
2026-06-13 09:55:00,12.55,20.0,3.55,10.8,1027.5
2026-06-13 10:00:00,15.54,21.3,4.16,9.9,931.7
2026-06-13 10:05:00,12.77,11.6,3.22,9.9,979.5
2026-06-13 10:10:00,13.37,14.3,3.68,10.3,922.3
2026-06-13 10:15:00,15.34,11.9,4.46,9.5,868.6
2026-06-13 10:20:00,14.76,20.4,3.01,10.7,960.6
2026-06-13 10:25:00,12.12,14.9,3.27,9.6,955.0
2026-06-13 10:30:00,15.6,14.5,2.57,11.7,947.0
2026-06-13 10:35:00,14.13,22.2,2.52,10.2,924.4
2026-06-13 10:40:00,10.79,28.0,3.63,9.3,955.5
2026-06-13 10:45:00,12.74,17.5,3.92,10.3,966.9
2026-06-13 10:50:00,13.39,8.6,3.99,11.0,1028.5
2026-06-13 10:55:00,12.25,18.2,2.58,8.4,971.4
2026-06-13 11:00:00,16.01,19.1,3.07,11.3,973.5
2026-06-13 11:05:00,13.44,23.0,3.44,10.3,920.0
2026-06-13 11:10:00,14.69,16.1,1.85,10.0,911.8
2026-06-13 11:15:00,14.31,23.3,3.42,9.3,910.8
2026-06-13 11:20:00,15.06,22.4,4.28,10.3,938.2
2026-06-13 11:25:00,16.51,16.2,3.9,9.1,952.4
2026-06-13 11:30:00,15.01,22.9,1.7,8.0,958.6
2026-06-13 11:35:00,16.61,23.6,3.38,9.3,917.3
2026-06-13 11:40:00,15.05,11.5,3.4,9.7,860.3
2026-06-13 11:45:00,14.2,23.8,3.31,10.6,933.2
2026-06-13 11:50:00,14.48,17.3,3.27,9.8,987.5
2026-06-13 11:55:00,10.06,16.5,3.02,8.9,934.9
2026-06-13 12:00:00,13.32,17.4,1.81,9.3,947.0
2026-06-13 12:05:00,13.78,25.4,3.31,10.0,886.2
2026-06-13 12:10:00,14.66,25.4,3.5,10.6,955.0
2026-06-13 12:15:00,13.96,20.9,2.84,10.8,966.4
2026-06-13 12:20:00,14.5,19.6,3.94,8.6,927.2
2026-06-13 12:25:00,12.02,17.4,2.22,10.1,988.6
2026-06-13 12:30:00,11.63,34.2,2.0,10.8,998.0
2026-06-13 12:35:00,12.23,13.9,3.29,9.1,1034.6
2026-06-13 12:40:00,16.36,15.3,2.82,11.8,912.9
2026-06-13 12:45:00,12.1,19.8,3.77,9.5,961.5
2026-06-13 12:50:00,12.82,12.6,3.0,11.0,902.5
2026-06-13 12:55:00,14.16,24.3,3.95,10.7,974.2
2026-06-13 13:00:00,11.61,9.2,2.86,9.3,969.4
2026-06-13 13:05:00,12.69,13.7,3.33,10.0,872.9
2026-06-13 13:10:00,15.02,15.6,2.03,11.4,960.9
2026-06-13 13:15:00,13.34,12.0,3.23,9.5,942.0
2026-06-13 13:20:00,16.53,24.2,3.18,10.2,902.6
2026-06-13 13:25:00,11.45,10.1,4.0,8.5,938.3
2026-06-13 13:30:00,13.48,12.2,2.35,10.4,1032.5
2026-06-13 13:35:00,13.34,13.9,3.07,9.6,972.9
2026-06-13 13:40:00,13.99,23.1,4.02,10.5,916.9
2026-06-13 13:45:00,12.16,26.7,4.06,9.2,936.7
2026-06-13 13:50:00,13.13,21.1,2.67,10.3,872.6
2026-06-13 13:55:00,15.18,10.1,2.87,9.6,906.8
2026-06-13 14:00:00,13.6,14.3,2.22,7.4,1017.4
2026-06-13 14:05:00,12.4,27.4,1.83,10.1,986.7
2026-06-13 14:10:00,17.12,18.2,2.96,11.3,968.0
2026-06-13 14:15:00,14.07,9.3,2.9,8.9,965.6
2026-06-13 14:20:00,14.92,31.2,4.31,9.4,1006.7
2026-06-13 14:25:00,15.15,14.6,3.44,11.3,962.8
2026-06-13 14:30:00,13.89,17.6,3.08,10.6,938.7
2026-06-13 14:35:00,12.82,13.9,3.63,9.7,946.3
2026-06-13 14:40:00,14.3,12.3,3.87,10.3,939.5
2026-06-13 14:45:00,12.95,25.8,3.85,9.4,939.0
2026-06-13 14:50:00,14.56,19.2,3.34,12.5,1017.9
2026-06-13 14:55:00,13.75,19.9,3.17,10.9,907.7
2026-06-13 15:00:00,15.54,10.3,3.37,11.7,929.8
2026-06-13 15:05:00,12.29,16.2,3.18,10.1,877.0
2026-06-13 15:10:00,15.08,14.3,2.92,8.7,990.4
2026-06-13 15:15:00,14.92,13.0,3.88,10.5,963.7
2026-06-13 15:20:00,13.64,20.8,3.06,11.3,1019.5
2026-06-13 15:25:00,15.1,16.0,2.61,11.3,924.4
2026-06-13 15:30:00,14.63,22.2,3.17,8.3,918.2
2026-06-13 15:35:00,15.0,22.3,3.59,10.2,903.4
2026-06-13 15:40:00,14.91,15.4,2.35,8.4,968.2
2026-06-13 15:45:00,14.08,20.7,3.01,9.4,936.0
2026-06-13 15:50:00,13.11,15.2,2.75,10.6,962.0
2026-06-13 15:55:00,13.09,13.3,4.56,11.3,933.0
2026-06-13 16:00:00,13.68,11.6,3.32,10.2,1007.6
2026-06-13 16:05:00,15.26,18.5,4.13,8.9,1000.6
2026-06-13 16:10:00,14.95,13.5,3.39,10.6,953.4
2026-06-13 16:15:00,15.51,26.3,3.32,9.1,992.1
2026-06-13 16:20:00,15.66,27.8,3.07,9.7,944.7
2026-06-13 16:25:00,13.67,20.8,3.04,10.1,948.2
2026-06-13 16:30:00,16.94,19.5,3.14,9.3,863.4
2026-06-13 16:35:00,13.84,18.1,2.8,10.6,970.3
2026-06-13 16:40:00,13.26,32.2,3.05,10.8,950.9
2026-06-13 16:45:00,14.5,29.8,2.11,11.0,985.2
2026-06-13 16:50:00,14.73,16.8,3.32,11.4,978.6
2026-06-13 16:55:00,12.89,16.8,2.49,9.9,920.1
2026-06-13 17:00:00,13.76,20.0,3.24,8.8,942.3
2026-06-13 17:05:00,13.33,10.9,3.46,8.9,930.9
2026-06-13 17:10:00,14.21,7.2,4.16,11.7,991.8
2026-06-13 17:15:00,15.19,10.0,3.47,11.6,1012.9
2026-06-13 17:20:00,13.6,16.2,3.06,11.3,981.9
2026-06-13 17:25:00,14.86,12.3,2.88,9.4,1029.4
2026-06-13 17:30:00,11.92,26.7,3.54,11.7,971.0
2026-06-13 17:35:00,15.33,9.2,3.23,9.8,911.0
2026-06-13 17:40:00,13.32,10.0,2.83,10.3,894.5
2026-06-13 17:45:00,13.29,7.0,3.4,10.8,913.2
2026-06-13 17:50:00,14.6,14.1,2.12,11.3,931.9
2026-06-13 17:55:00,14.68,15.6,3.27,10.5,922.9
2026-06-13 18:00:00,13.83,17.5,2.74,11.4,952.2
2026-06-13 18:05:00,12.67,17.8,3.01,10.0,942.8
2026-06-13 18:10:00,13.28,14.3,4.43,9.8,953.0
2026-06-13 18:15:00,14.14,11.7,2.97,9.7,1047.7
2026-06-13 18:20:00,14.73,20.5,3.65,8.9,985.0
2026-06-13 18:25:00,12.77,12.6,3.88,7.2,960.8
2026-06-13 18:30:00,13.04,22.7,3.67,11.0,992.5
2026-06-13 18:35:00,14.39,9.1,3.51,9.8,917.7
2026-06-13 18:40:00,13.88,13.5,2.58,10.7,916.0
2026-06-13 18:45:00,14.22,30.3,2.69,10.6,986.7
2026-06-13 18:50:00,10.08,31.1,2.37,10.2,950.0
2026-06-13 18:55:00,13.56,9.8,3.07,10.9,954.9
2026-06-13 19:00:00,15.28,25.2,2.92,11.1,904.3
2026-06-13 19:05:00,13.08,27.7,2.55,9.0,931.0
2026-06-13 19:10:00,14.73,24.4,3.46,11.5,933.6
2026-06-13 19:15:00,12.19,17.6,2.91,10.9,930.8
2026-06-13 19:20:00,11.66,6.4,3.1,9.1,1035.8
2026-06-13 19:25:00,14.63,18.5,2.25,9.4,1034.8
2026-06-13 19:30:00,13.92,20.5,3.22,8.8,995.5
2026-06-13 19:35:00,13.5,19.4,3.13,10.6,953.9
2026-06-13 19:40:00,15.27,20.9,2.81,9.8,926.5
2026-06-13 19:45:00,13.53,13.1,3.48,7.5,908.6
2026-06-13 19:50:00,13.05,15.1,3.3,9.4,963.7
2026-06-13 19:55:00,12.89,3.6,3.7,9.6,1001.0
2026-06-13 20:00:00,12.57,23.3,3.53,10.1,981.1
2026-06-13 20:05:00,14.7,12.6,3.68,8.5,954.1
2026-06-13 20:10:00,13.53,16.5,4.22,10.1,976.7
2026-06-13 20:15:00,15.71,19.5,3.26,11.5,949.2
2026-06-13 20:20:00,10.0,14.6,2.67,10.2,938.9
2026-06-13 20:25:00,15.38,11.6,3.01,10.6,909.5
2026-06-13 20:30:00,14.54,19.5,2.94,11.6,936.8
2026-06-13 20:35:00,13.86,7.3,2.76,9.9,962.1
2026-06-13 20:40:00,12.06,22.6,1.65,9.9,933.3
2026-06-13 20:45:00,11.51,22.0,3.3,10.3,904.3
2026-06-13 20:50:00,15.13,14.7,3.25,9.1,954.6
2026-06-13 20:55:00,14.36,15.0,4.38,9.3,962.1
2026-06-13 21:00:00,14.33,12.1,4.37,8.0,935.2
2026-06-13 21:05:00,13.85,15.7,3.63,12.3,949.1
2026-06-13 21:10:00,15.27,16.8,3.55,10.8,850.0
2026-06-13 21:15:00,13.12,16.1,2.72,9.1,979.7
2026-06-13 21:20:00,13.5,26.7,3.23,11.0,961.5
2026-06-13 21:25:00,13.74,7.5,3.24,9.2,1006.6
2026-06-13 21:30:00,13.68,12.6,3.34,10.1,941.5
2026-06-13 21:35:00,16.0,22.4,2.69,10.1,979.4
2026-06-13 21:40:00,12.12,30.3,3.33,9.6,997.1
2026-06-13 21:45:00,11.07,12.8,2.43,9.2,951.0
2026-06-13 21:50:00,11.82,24.1,4.96,11.2,963.8
2026-06-13 21:55:00,15.03,11.1,4.14,10.1,955.7
2026-06-13 22:00:00,13.85,15.7,4.02,11.7,886.0
2026-06-13 22:05:00,11.6,18.1,2.43,9.0,965.5
2026-06-13 22:10:00,14.15,13.9,2.27,9.5,912.3
2026-06-13 22:15:00,13.51,15.5,3.39,10.0,915.7
2026-06-13 22:20:00,14.84,9.8,3.1,11.1,971.0
2026-06-13 22:25:00,15.19,22.0,4.27,9.2,1001.7
2026-06-13 22:30:00,17.78,12.6,3.63,10.6,981.2
2026-06-13 22:35:00,12.23,14.0,3.22,10.3,973.3
2026-06-13 22:40:00,11.21,13.3,4.13,11.4,963.5
2026-06-13 22:45:00,14.88,13.6,3.35,10.5,984.7
2026-06-13 22:50:00,15.48,18.9,3.33,8.2,1017.4
2026-06-13 22:55:00,12.09,18.4,3.82,9.0,926.9
2026-06-13 23:00:00,12.09,33.1,2.64,9.0,928.2
2026-06-13 23:05:00,14.52,16.5,3.83,9.5,979.2
2026-06-13 23:10:00,16.57,17.4,3.55,11.3,881.8
2026-06-13 23:15:00,12.69,26.0,2.57,9.7,946.0
2026-06-13 23:20:00,14.13,19.3,4.36,10.0,960.4
2026-06-13 23:25:00,11.15,17.4,2.93,9.8,928.3
2026-06-13 23:30:00,13.7,17.2,2.23,10.5,873.3
2026-06-13 23:35:00,13.83,19.2,2.72,9.3,1005.4
2026-06-13 23:40:00,16.2,23.8,2.52,9.8,926.0
2026-06-13 23:45:00,12.94,26.1,3.24,9.8,927.8
2026-06-13 23:50:00,15.03,24.2,4.11,9.9,1003.1
2026-06-13 23:55:00,12.84,20.8,3.32,9.4,850.0
2026-06-14 00:00:00,14.14,19.3,4.14,8.7,1010.4
2026-06-14 00:05:00,17.12,30.2,3.72,10.9,1039.0
2026-06-14 00:10:00,16.69,15.2,1.63,9.9,914.4
2026-06-14 00:15:00,16.94,22.2,3.7,11.1,930.4
2026-06-14 00:20:00,14.6,25.0,2.78,10.5,969.5
2026-06-14 00:25:00,13.68,24.3,3.44,10.5,960.0
2026-06-14 00:30:00,14.43,13.4,3.21,11.1,989.4
2026-06-14 00:35:00,14.7,34.9,4.7,12.6,969.9
2026-06-14 00:40:00,14.58,28.0,3.36,11.3,983.2
2026-06-14 00:45:00,12.93,24.4,3.49,10.9,1050.0
2026-06-14 00:50:00,12.87,12.0,3.91,10.3,886.2
2026-06-14 00:55:00,13.11,23.9,2.25,11.3,1003.7
2026-06-14 01:00:00,15.61,4.1,3.99,9.3,1009.2
2026-06-14 01:05:00,15.77,16.6,3.08,10.6,906.1
2026-06-14 01:10:00,18.0,18.6,2.78,11.3,918.0
2026-06-14 01:15:00,14.64,15.3,3.72,11.0,970.1
2026-06-14 01:20:00,12.82,27.5,2.21,9.9,900.0
2026-06-14 01:25:00,13.28,18.6,3.76,10.5,925.4
2026-06-14 01:30:00,13.76,12.2,3.16,9.7,959.6
2026-06-14 01:35:00,16.26,22.5,3.09,9.2,922.7
2026-06-14 01:40:00,15.1,20.4,1.83,11.5,940.9
2026-06-14 01:45:00,11.98,7.5,3.85,9.6,915.3
2026-06-14 01:50:00,13.91,26.0,3.27,9.6,912.3
2026-06-14 01:55:00,11.79,18.6,2.91,9.6,968.9
2026-06-14 02:00:00,14.89,23.9,2.58,9.3,946.0
2026-06-14 02:05:00,12.94,20.5,3.64,9.3,954.9
2026-06-14 02:10:00,13.08,16.0,3.43,8.3,978.2
2026-06-14 02:15:00,11.18,20.5,3.18,8.4,957.4
2026-06-14 02:20:00,15.14,17.4,2.61,9.8,936.6
2026-06-14 02:25:00,15.81,19.7,3.36,10.5,914.8
2026-06-14 02:30:00,12.96,21.6,3.31,8.3,968.0
2026-06-14 02:35:00,13.76,18.9,3.98,10.2,1029.8
2026-06-14 02:40:00,13.28,20.8,2.45,11.3,985.2
2026-06-14 02:45:00,13.67,15.8,2.79,9.5,889.8
2026-06-14 02:50:00,12.77,14.6,4.4,9.0,869.0
2026-06-14 02:55:00,12.35,22.6,3.27,9.9,920.6
2026-06-14 03:00:00,16.05,26.7,3.26,10.5,888.5
2026-06-14 03:05:00,10.04,14.9,3.81,9.4,898.6
2026-06-14 03:10:00,14.76,19.9,4.27,11.0,855.0
2026-06-14 03:15:00,14.42,9.5,2.59,10.5,959.3
2026-06-14 03:20:00,16.48,28.8,4.4,11.7,903.7
2026-06-14 03:25:00,13.65,24.9,3.11,8.3,903.3
2026-06-14 03:30:00,13.44,14.5,3.39,8.6,923.5
2026-06-14 03:35:00,12.79,15.9,3.26,9.6,924.3
2026-06-14 03:40:00,14.53,25.3,4.03,8.7,939.5
2026-06-14 03:45:00,12.94,19.1,3.76,11.6,894.0
2026-06-14 03:50:00,12.31,21.8,3.08,10.2,989.4
2026-06-14 03:55:00,12.89,12.1,2.58,9.7,961.2
2026-06-14 04:00:00,12.58,21.5,3.02,11.6,966.6
2026-06-14 04:05:00,12.49,17.1,2.41,10.3,932.4
2026-06-14 04:10:00,14.13,19.8,3.72,9.8,993.0
2026-06-14 04:15:00,13.71,15.6,2.82,9.2,969.5
2026-06-14 04:20:00,14.82,16.7,3.15,10.6,957.6
2026-06-14 04:25:00,14.22,18.6,3.9,10.5,989.9
2026-06-14 04:30:00,12.2,14.5,3.72,10.7,883.2
2026-06-14 04:35:00,10.82,31.6,3.29,10.8,957.8
2026-06-14 04:40:00,12.42,11.7,2.79,11.5,923.2
2026-06-14 04:45:00,15.15,21.0,3.46,9.2,920.9
2026-06-14 04:50:00,15.11,19.8,2.7,12.2,982.0
2026-06-14 04:55:00,15.48,22.6,3.45,11.8,1004.9
2026-06-14 05:00:00,15.26,3.0,2.57,11.7,1000.9
2026-06-14 05:05:00,15.63,7.9,4.03,9.8,950.3
2026-06-14 05:10:00,14.61,14.7,3.35,9.3,937.0
2026-06-14 05:15:00,16.7,23.5,3.14,10.1,999.6
2026-06-14 05:20:00,14.44,16.4,3.45,10.3,910.7
2026-06-14 05:25:00,17.0,16.2,3.15,10.9,1017.9
2026-06-14 05:30:00,13.06,18.1,3.24,9.8,934.6
2026-06-14 05:35:00,13.02,13.0,4.03,10.9,948.0
2026-06-14 05:40:00,13.71,20.8,3.81,9.7,928.7
2026-06-14 05:45:00,13.94,19.2,3.62,10.0,951.4
2026-06-14 05:50:00,13.52,21.0,3.32,10.7,913.6
2026-06-14 05:55:00,14.81,27.1,2.92,10.1,935.1
2026-06-14 06:00:00,13.85,16.6,3.86,9.3,956.1
2026-06-14 06:05:00,13.09,18.7,2.65,9.1,945.7
2026-06-14 06:10:00,13.41,12.1,4.33,11.1,850.4
2026-06-14 06:15:00,15.83,10.5,3.7,10.5,1049.0
2026-06-14 06:20:00,14.48,18.0,3.91,11.4,1013.3
2026-06-14 06:25:00,11.49,18.6,3.47,11.1,903.4
2026-06-14 06:30:00,16.27,22.1,3.09,9.7,925.1
2026-06-14 06:35:00,14.65,21.5,3.73,11.0,943.1
2026-06-14 06:40:00,14.96,19.5,2.34,10.4,976.6
2026-06-14 06:45:00,15.39,28.1,2.75,9.9,968.9
2026-06-14 06:50:00,15.47,16.1,3.1,12.6,906.0
2026-06-14 06:55:00,12.62,16.9,2.38,12.3,1043.7
2026-06-14 07:00:00,12.39,19.7,3.57,10.7,934.1
2026-06-14 07:05:00,17.59,10.9,4.03,9.2,1022.2
2026-06-14 07:10:00,12.95,22.1,2.13,9.5,925.8
2026-06-14 07:15:00,14.57,18.4,2.95,9.5,992.3
2026-06-14 07:20:00,16.45,18.5,3.09,10.8,965.0
2026-06-14 07:25:00,13.33,21.3,3.36,10.4,915.8
2026-06-14 07:30:00,13.46,20.3,3.69,9.7,973.5
2026-06-14 07:35:00,15.39,20.5,3.01,12.1,957.3
2026-06-14 07:40:00,14.32,15.7,3.79,9.6,986.9
2026-06-14 07:45:00,14.74,27.4,3.16,11.9,919.0
2026-06-14 07:50:00,13.88,9.2,2.93,11.2,946.6
2026-06-14 07:55:00,13.21,13.9,3.38,10.6,982.4
2026-06-14 08:00:00,13.5,14.7,2.48,9.2,876.9
2026-06-14 08:05:00,15.79,13.7,3.09,11.6,903.8
2026-06-14 08:10:00,13.56,7.5,3.2,12.0,951.6
2026-06-14 08:15:00,14.64,27.9,2.74,10.2,957.2
2026-06-14 08:20:00,12.55,21.9,4.68,11.2,946.2
2026-06-14 08:25:00,17.06,14.2,4.02,10.1,981.9
2026-06-14 08:30:00,14.48,22.2,3.28,11.5,946.0
2026-06-14 08:35:00,14.51,17.0,3.47,9.1,990.9
2026-06-14 08:40:00,15.39,16.3,3.53,11.0,962.9
2026-06-14 08:45:00,13.28,12.2,3.63,7.5,905.3
2026-06-14 08:50:00,15.79,18.1,4.14,8.8,956.5
2026-06-14 08:55:00,11.73,14.2,3.79,8.9,946.9
2026-06-14 09:00:00,13.08,12.2,2.07,10.0,923.2
2026-06-14 09:05:00,12.8,23.7,3.64,9.1,889.3
2026-06-14 09:10:00,11.18,13.1,2.75,9.1,902.8
2026-06-14 09:15:00,13.21,26.4,2.78,9.8,916.1
2026-06-14 09:20:00,13.92,13.7,3.83,9.9,992.4
2026-06-14 09:25:00,12.37,9.0,2.17,8.8,937.0
2026-06-14 09:30:00,12.15,21.2,4.2,8.7,998.9
2026-06-14 09:35:00,14.06,15.3,3.72,9.1,909.1
2026-06-14 09:40:00,13.88,8.5,3.5,11.0,921.8
2026-06-14 09:45:00,13.6,19.5,3.69,12.6,927.5
2026-06-14 09:50:00,12.1,10.2,3.97,11.5,938.3
2026-06-14 09:55:00,13.41,6.1,3.45,9.6,959.6
2026-06-14 10:00:00,13.0,22.1,3.62,10.4,975.1
2026-06-14 10:05:00,14.13,26.9,2.52,10.0,1000.2
2026-06-14 10:10:00,13.16,15.6,3.71,9.9,862.0
2026-06-14 10:15:00,13.94,25.3,3.49,10.1,1031.0
2026-06-14 10:20:00,12.03,22.8,4.02,10.3,907.6
2026-06-14 10:25:00,11.9,22.0,3.26,8.3,954.0
2026-06-14 10:30:00,14.84,17.0,3.39,9.4,988.4
2026-06-14 10:35:00,15.15,14.4,2.68,10.0,975.7
2026-06-14 10:40:00,13.41,20.1,3.18,12.4,994.8
2026-06-14 10:45:00,14.04,21.9,3.53,10.6,990.7
2026-06-14 10:50:00,13.33,10.4,3.7,11.1,966.7
2026-06-14 10:55:00,15.65,16.1,4.25,9.9,980.0
2026-06-14 11:00:00,13.7,16.9,3.49,11.4,900.5
2026-06-14 11:05:00,13.25,16.3,3.16,10.3,921.6
2026-06-14 11:10:00,15.45,13.9,3.57,10.8,911.0
2026-06-14 11:15:00,12.84,10.0,2.95,10.2,855.2
2026-06-14 11:20:00,14.23,16.2,4.01,10.6,912.4
2026-06-14 11:25:00,12.43,16.3,2.8,9.5,908.6
2026-06-14 11:30:00,15.0,15.2,2.99,11.8,912.8
2026-06-14 11:35:00,15.22,21.9,2.52,9.5,976.7
2026-06-14 11:40:00,12.07,9.8,3.33,9.1,919.3
2026-06-14 11:45:00,11.83,19.7,3.57,10.2,983.8
2026-06-14 11:50:00,14.43,7.2,4.3,11.9,887.3
2026-06-14 11:55:00,16.91,17.6,3.17,9.3,923.9
2026-06-14 12:00:00,15.33,4.5,3.2,9.8,934.4
2026-06-14 12:05:00,13.68,12.7,1.65,10.3,997.4
2026-06-14 12:10:00,12.72,17.9,3.34,8.7,952.5
2026-06-14 12:15:00,12.18,9.4,3.3,8.6,961.7
2026-06-14 12:20:00,15.08,9.5,3.29,11.1,906.1
2026-06-14 12:25:00,15.38,23.9,4.04,10.1,984.1
2026-06-14 12:30:00,13.05,8.4,3.62,8.9,947.6
2026-06-14 12:35:00,13.63,17.3,2.96,9.7,879.9
2026-06-14 12:40:00,14.07,26.9,2.57,9.4,978.0
2026-06-14 12:45:00,16.72,18.9,2.5,10.0,961.7
2026-06-14 12:50:00,14.1,18.2,2.93,10.2,936.2
2026-06-14 12:55:00,12.53,13.7,3.47,7.9,936.2
2026-06-14 13:00:00,12.27,13.7,1.98,11.3,907.2
2026-06-14 13:05:00,12.63,17.0,3.13,10.1,996.3
2026-06-14 13:10:00,15.9,6.0,3.8,9.4,979.1
2026-06-14 13:15:00,14.77,24.1,2.52,10.9,907.7
2026-06-14 13:20:00,13.48,19.2,3.08,9.0,952.0
2026-06-14 13:25:00,10.0,7.5,2.71,9.7,921.6
2026-06-14 13:30:00,12.72,24.2,1.51,8.8,899.0
2026-06-14 13:35:00,14.52,22.1,2.68,10.7,1012.2
2026-06-14 13:40:00,14.53,20.6,2.54,11.2,935.9
2026-06-14 13:45:00,14.52,31.4,3.53,10.4,916.4
2026-06-14 13:50:00,11.98,18.6,3.48,9.8,902.4
2026-06-14 13:55:00,14.27,27.2,2.48,8.7,940.3
2026-06-14 14:00:00,12.54,18.2,3.97,9.5,865.2
2026-06-14 14:05:00,14.0,20.7,3.61,10.2,943.9
2026-06-14 14:10:00,12.85,14.7,3.08,9.4,998.4
2026-06-14 14:15:00,15.61,6.7,3.51,9.5,987.1
2026-06-14 14:20:00,14.51,7.0,2.74,8.9,969.3
2026-06-14 14:25:00,13.79,17.5,1.73,9.3,1046.2
2026-06-14 14:30:00,16.07,16.6,3.27,8.5,960.2
2026-06-14 14:35:00,13.44,10.9,2.45,10.3,913.5
2026-06-14 14:40:00,11.88,16.3,3.08,10.0,983.4
2026-06-14 14:45:00,15.58,20.7,3.42,10.1,955.4
2026-06-14 14:50:00,14.38,25.7,1.96,9.6,951.6
2026-06-14 14:55:00,13.52,13.8,3.37,9.4,961.8
2026-06-14 15:00:00,13.03,20.4,3.67,9.7,934.2
2026-06-14 15:05:00,14.77,28.4,1.85,9.6,1024.8
2026-06-14 15:10:00,15.22,22.5,3.58,10.2,884.9
2026-06-14 15:15:00,12.85,13.4,4.39,11.8,982.6
2026-06-14 15:20:00,14.85,18.6,3.04,9.8,955.3
2026-06-14 15:25:00,14.38,19.1,3.63,9.4,968.2
2026-06-14 15:30:00,12.76,21.8,2.56,9.8,934.8
2026-06-14 15:35:00,14.01,18.2,3.75,9.5,1010.6
2026-06-14 15:40:00,13.18,20.9,3.48,9.5,985.4
2026-06-14 15:45:00,15.86,24.1,3.27,9.4,919.2
2026-06-14 15:50:00,13.03,11.7,3.36,10.7,994.8
2026-06-14 15:55:00,16.26,10.1,3.52,10.7,962.0
2026-06-14 16:00:00,14.2,21.7,3.13,10.9,926.7
2026-06-14 16:05:00,11.38,17.1,2.63,11.1,882.3
2026-06-14 16:10:00,10.74,23.2,3.06,9.6,980.8
2026-06-14 16:15:00,13.69,24.5,3.11,8.4,921.0
2026-06-14 16:20:00,16.0,6.9,2.61,12.0,971.1
2026-06-14 16:25:00,15.85,13.0,3.18,7.7,1008.5
2026-06-14 16:30:00,14.25,17.2,3.17,9.7,917.6
2026-06-14 16:35:00,12.89,11.9,2.95,8.6,1003.8
2026-06-14 16:40:00,13.37,15.2,3.44,10.4,904.0
2026-06-14 16:45:00,14.31,10.3,3.63,9.0,1009.3
2026-06-14 16:50:00,15.63,15.4,2.83,11.1,1022.8
2026-06-14 16:55:00,14.85,12.2,3.35,10.2,986.0
2026-06-14 17:00:00,15.45,20.1,3.72,11.5,967.5
2026-06-14 17:05:00,14.97,23.4,2.54,10.1,985.6
2026-06-14 17:10:00,15.41,20.5,2.18,11.2,936.5
2026-06-14 17:15:00,10.61,33.6,2.48,8.9,896.9
2026-06-14 17:20:00,12.66,23.6,3.46,11.0,920.4
2026-06-14 17:25:00,12.34,23.4,2.87,9.9,1041.5
2026-06-14 17:30:00,12.2,17.5,2.46,10.2,903.4
2026-06-14 17:35:00,14.01,16.2,3.98,10.9,988.4
2026-06-14 17:40:00,11.83,25.6,2.42,10.4,945.6
2026-06-14 17:45:00,12.58,16.5,3.11,9.2,935.7
2026-06-14 17:50:00,13.85,18.2,3.64,9.5,1017.6
2026-06-14 17:55:00,11.59,17.0,3.61,8.9,953.7
2026-06-14 18:00:00,13.27,21.2,3.42,10.7,987.3
2026-06-14 18:05:00,14.96,23.3,2.75,9.7,1046.0
2026-06-14 18:10:00,12.16,24.4,3.47,9.6,941.6
2026-06-14 18:15:00,15.19,16.2,3.23,10.2,968.9
2026-06-14 18:20:00,12.79,19.1,3.43,9.8,978.2
2026-06-14 18:25:00,14.41,20.0,4.0,11.2,937.1
2026-06-14 18:30:00,12.34,26.8,2.4,10.8,969.7
2026-06-14 18:35:00,14.68,7.3,3.54,10.7,995.1
2026-06-14 18:40:00,13.54,18.1,3.28,9.6,981.3
2026-06-14 18:45:00,14.7,14.1,3.81,10.7,954.7
2026-06-14 18:50:00,13.18,14.8,4.3,10.5,850.0
2026-06-14 18:55:00,14.83,12.9,4.3,8.8,892.2
2026-06-14 19:00:00,15.27,21.2,3.67,9.8,1023.4
2026-06-14 19:05:00,14.18,3.3,2.99,9.8,911.8
2026-06-14 19:10:00,13.28,17.2,2.95,11.5,996.7
2026-06-14 19:15:00,13.65,7.1,3.74,9.6,901.0
2026-06-14 19:20:00,12.1,13.8,2.47,10.5,911.5
2026-06-14 19:25:00,14.3,16.7,3.07,11.3,977.2
2026-06-14 19:30:00,14.93,15.6,2.78,9.1,1012.2
2026-06-14 19:35:00,16.35,22.1,2.45,10.3,976.0
2026-06-14 19:40:00,15.96,25.5,3.27,12.0,964.3
2026-06-14 19:45:00,12.53,29.7,3.56,8.4,895.6
2026-06-14 19:50:00,14.32,18.0,3.56,9.4,864.9
2026-06-14 19:55:00,13.8,25.0,3.2,10.3,932.7
2026-06-14 20:00:00,15.83,26.8,2.9,10.4,956.2
2026-06-14 20:05:00,12.94,15.1,2.91,10.2,947.9
2026-06-14 20:10:00,15.32,25.4,3.65,10.5,1038.4
2026-06-14 20:15:00,12.52,4.9,3.02,11.3,888.3
2026-06-14 20:20:00,13.84,19.8,2.86,10.1,937.8
2026-06-14 20:25:00,12.67,27.6,3.35,9.9,1016.8
2026-06-14 20:30:00,11.05,18.6,2.61,10.6,976.0
2026-06-14 20:35:00,12.64,16.9,3.26,12.0,906.2
2026-06-14 20:40:00,13.61,16.8,2.89,10.6,861.4
2026-06-14 20:45:00,16.14,26.8,2.71,11.0,934.3
2026-06-14 20:50:00,12.37,8.4,3.15,8.4,909.5
2026-06-14 20:55:00,13.09,15.7,3.68,9.8,932.2
2026-06-14 21:00:00,11.84,23.1,3.26,8.8,1041.5
2026-06-14 21:05:00,15.73,19.9,3.36,10.0,909.5
2026-06-14 21:10:00,13.31,25.1,3.58,11.4,924.1
2026-06-14 21:15:00,13.49,22.1,3.53,8.7,986.5
2026-06-14 21:20:00,13.48,15.2,3.12,11.7,961.8
2026-06-14 21:25:00,11.07,21.5,3.5,10.0,1010.0
2026-06-14 21:30:00,11.8,10.1,3.18,10.9,982.7
2026-06-14 21:35:00,12.57,5.9,3.58,11.0,922.4
2026-06-14 21:40:00,14.92,14.3,3.86,12.0,970.6
2026-06-14 21:45:00,10.25,18.5,3.51,10.6,954.7
2026-06-14 21:50:00,14.81,13.1,2.5,9.1,879.6
2026-06-14 21:55:00,14.51,19.0,2.89,11.0,1036.5
2026-06-14 22:00:00,11.28,18.4,3.59,7.3,907.6
2026-06-14 22:05:00,13.52,6.8,2.02,9.1,945.7
2026-06-14 22:10:00,15.75,14.8,3.43,9.4,931.1
2026-06-14 22:15:00,12.39,23.6,3.3,7.9,954.7
2026-06-14 22:20:00,13.17,20.9,4.81,11.7,957.7
2026-06-14 22:25:00,18.0,13.8,3.5,11.3,973.1
2026-06-14 22:30:00,14.49,21.7,3.1,10.5,931.0
2026-06-14 22:35:00,13.61,28.5,3.79,11.0,993.3
2026-06-14 22:40:00,13.28,15.5,3.02,10.4,922.8
2026-06-14 22:45:00,14.56,22.4,3.18,10.9,928.7
2026-06-14 22:50:00,15.03,21.5,3.22,11.3,881.2
2026-06-14 22:55:00,10.77,15.1,3.59,8.6,959.2
2026-06-14 23:00:00,10.65,11.2,2.71,10.9,1010.8
2026-06-14 23:05:00,12.5,27.9,3.6,11.1,940.1
2026-06-14 23:10:00,13.77,24.5,2.82,9.4,1020.6
2026-06-14 23:15:00,14.11,16.3,4.45,9.8,906.4
2026-06-14 23:20:00,11.44,25.3,2.22,9.2,895.7
2026-06-14 23:25:00,13.69,21.3,2.71,10.3,1005.5
2026-06-14 23:30:00,13.89,25.2,1.91,10.4,943.2
2026-06-14 23:35:00,12.73,7.2,5.09,10.2,911.0
2026-06-14 23:40:00,13.2,15.6,2.49,9.2,960.5
2026-06-14 23:45:00,12.91,27.4,3.56,11.4,963.3
2026-06-14 23:50:00,14.7,33.9,3.48,9.4,987.8
2026-06-14 23:55:00,14.01,15.7,2.68,10.6,936.8
2026-06-15 00:00:00,12.29,15.6,3.69,10.8,895.8
2026-06-15 00:05:00,15.43,22.1,2.52,8.3,939.1
2026-06-15 00:10:00,11.95,20.1,2.69,10.3,949.2
2026-06-15 00:15:00,11.43,21.2,2.23,11.3,995.1
2026-06-15 00:20:00,13.63,5.0,3.73,10.0,889.7
2026-06-15 00:25:00,13.62,16.6,2.04,10.9,934.9
2026-06-15 00:30:00,14.11,22.8,3.39,9.3,961.7
2026-06-15 00:35:00,12.23,3.9,3.27,11.1,1011.8
2026-06-15 00:40:00,15.34,8.3,4.34,8.9,923.2
2026-06-15 00:45:00,16.57,7.4,3.33,10.0,917.5
2026-06-15 00:50:00,13.97,21.9,3.67,11.2,976.6
2026-06-15 00:55:00,14.47,12.4,3.56,11.2,858.9
2026-06-15 01:00:00,10.83,10.8,3.21,8.7,927.3
2026-06-15 01:05:00,13.35,18.3,3.87,9.8,973.6
2026-06-15 01:10:00,12.96,10.6,3.5,9.4,964.1
2026-06-15 01:15:00,12.71,20.7,3.71,11.2,958.1
2026-06-15 01:20:00,13.01,32.5,2.5,9.9,884.4
2026-06-15 01:25:00,13.16,15.8,3.54,10.1,899.0
2026-06-15 01:30:00,11.82,6.3,3.8,10.5,1003.7
2026-06-15 01:35:00,13.27,15.3,2.57,8.8,946.2
2026-06-15 01:40:00,12.44,20.9,3.13,10.3,941.3
2026-06-15 01:45:00,15.18,20.3,2.13,9.0,918.4
2026-06-15 01:50:00,14.5,23.0,2.2,9.5,950.7
2026-06-15 01:55:00,14.5,14.4,3.2,9.6,930.5
2026-06-15 02:00:00,15.47,16.3,4.3,10.5,984.3
2026-06-15 02:05:00,12.76,3.3,4.47,9.2,907.8
2026-06-15 02:10:00,14.4,21.7,2.98,9.5,983.4
2026-06-15 02:15:00,15.61,10.1,2.71,10.3,1015.8
2026-06-15 02:20:00,12.66,19.2,3.74,11.4,974.7
2026-06-15 02:25:00,10.96,12.8,2.05,10.4,900.6
2026-06-15 02:30:00,12.96,17.5,2.96,11.1,982.8
2026-06-15 02:35:00,15.43,23.8,2.69,7.9,930.4
2026-06-15 02:40:00,12.57,15.4,3.17,11.4,929.1
2026-06-15 02:45:00,13.3,13.6,4.07,9.1,955.4
2026-06-15 02:50:00,12.83,18.0,1.65,9.4,940.1
2026-06-15 02:55:00,13.71,14.1,3.42,11.9,931.4
2026-06-15 03:00:00,12.43,12.3,3.46,10.2,977.4
2026-06-15 03:05:00,11.78,29.2,3.05,9.3,954.6
2026-06-15 03:10:00,13.34,6.9,3.49,9.4,873.5
2026-06-15 03:15:00,13.59,21.9,3.47,8.6,990.9
2026-06-15 03:20:00,15.67,17.2,3.3,10.0,998.0
2026-06-15 03:25:00,14.1,13.0,2.03,9.7,974.1
2026-06-15 03:30:00,12.24,20.1,2.65,10.7,976.4
2026-06-15 03:35:00,12.9,18.2,4.16,11.7,941.1
2026-06-15 03:40:00,15.07,25.9,2.42,8.7,902.1
2026-06-15 03:45:00,13.36,11.2,3.32,10.6,957.1
2026-06-15 03:50:00,12.36,14.9,2.8,8.5,1011.9
2026-06-15 03:55:00,14.12,24.1,3.5,10.4,960.9
2026-06-15 04:00:00,12.82,16.8,3.09,8.8,1016.5
2026-06-15 04:05:00,14.72,21.3,3.56,8.7,1018.4
2026-06-15 04:10:00,14.54,25.3,3.36,12.6,948.6
2026-06-15 04:15:00,12.28,21.4,2.93,12.1,931.5
2026-06-15 04:20:00,16.68,14.3,1.9,9.3,932.8
2026-06-15 04:25:00,13.82,15.9,2.7,11.9,944.9
2026-06-15 04:30:00,10.0,25.3,2.4,10.0,911.0
2026-06-15 04:35:00,14.57,18.9,2.46,8.6,972.3
2026-06-15 04:40:00,10.1,16.8,3.51,10.6,988.3
2026-06-15 04:45:00,15.56,20.3,4.39,10.9,876.0
2026-06-15 04:50:00,14.09,10.3,1.8,10.8,1021.4
2026-06-15 04:55:00,13.78,16.6,2.31,8.3,928.9
2026-06-15 05:00:00,13.87,17.5,3.34,8.9,938.2
2026-06-15 05:05:00,14.75,17.4,3.05,10.9,962.3
2026-06-15 05:10:00,13.15,15.6,3.5,8.8,916.5
2026-06-15 05:15:00,13.86,16.1,3.19,11.0,926.4
2026-06-15 05:20:00,14.05,17.3,4.0,9.6,916.8
2026-06-15 05:25:00,10.0,26.8,3.45,8.4,949.9
2026-06-15 05:30:00,14.76,4.8,3.86,8.7,926.7
2026-06-15 05:35:00,15.02,22.2,3.77,10.5,965.1
2026-06-15 05:40:00,14.55,17.5,2.49,10.5,897.4
2026-06-15 05:45:00,14.45,17.6,3.56,11.6,967.8
2026-06-15 05:50:00,16.27,15.6,3.61,10.0,904.9
2026-06-15 05:55:00,13.81,21.0,2.96,9.8,990.4
2026-06-15 06:00:00,13.86,23.7,2.93,11.8,982.5
2026-06-15 06:05:00,12.89,6.6,3.12,9.2,864.4
2026-06-15 06:10:00,11.0,30.6,2.55,9.7,983.7
2026-06-15 06:15:00,14.56,18.9,2.36,10.5,850.0
2026-06-15 06:20:00,13.06,18.7,4.48,9.1,903.1
2026-06-15 06:25:00,10.99,9.6,3.93,10.4,991.3
2026-06-15 06:30:00,13.76,14.6,3.25,10.0,928.4
2026-06-15 06:35:00,13.72,26.2,2.24,11.1,1012.4
2026-06-15 06:40:00,13.53,18.4,3.52,9.6,978.3
2026-06-15 06:45:00,14.08,20.5,2.96,9.4,932.8
2026-06-15 06:50:00,11.53,15.2,3.13,11.9,927.1
2026-06-15 06:55:00,15.36,29.8,4.43,10.9,1010.1
2026-06-15 07:00:00,14.52,17.1,4.35,11.1,930.8
2026-06-15 07:05:00,15.74,24.8,1.71,10.8,875.6
2026-06-15 07:10:00,13.04,17.1,3.43,9.3,912.9
2026-06-15 07:15:00,14.52,20.1,3.28,9.0,954.9
2026-06-15 07:20:00,11.07,20.1,3.39,9.1,918.6
2026-06-15 07:25:00,12.62,23.5,2.81,9.4,1045.6
2026-06-15 07:30:00,11.81,22.4,3.16,11.2,924.1
2026-06-15 07:35:00,14.26,15.2,2.57,10.0,925.0
2026-06-15 07:40:00,12.22,25.0,3.75,10.9,910.6
2026-06-15 07:45:00,13.22,12.1,3.86,10.8,985.3
2026-06-15 07:50:00,13.87,10.9,4.26,11.6,938.8
2026-06-15 07:55:00,13.26,16.3,2.75,10.8,982.6
2026-06-15 08:00:00,11.9,20.4,3.34,10.2,996.2
2026-06-15 08:05:00,16.34,11.9,4.49,8.7,964.5
2026-06-15 08:10:00,14.05,17.5,2.8,11.9,962.3
2026-06-15 08:15:00,16.36,9.7,2.68,11.1,902.0
2026-06-15 08:20:00,12.32,16.4,3.4,10.4,889.4
2026-06-15 08:25:00,13.31,23.8,3.84,10.2,890.1
2026-06-15 08:30:00,14.0,12.9,2.85,8.2,952.9
2026-06-15 08:35:00,16.17,10.7,4.43,10.4,1042.2
2026-06-15 08:40:00,16.34,20.3,2.63,9.5,927.3
2026-06-15 08:45:00,13.22,13.3,3.64,8.4,991.0
2026-06-15 08:50:00,12.78,32.5,2.65,9.5,971.0
2026-06-15 08:55:00,13.86,19.2,2.91,10.2,951.4
2026-06-15 09:00:00,15.67,24.1,3.63,10.4,940.3
2026-06-15 09:05:00,14.08,10.1,3.15,8.8,932.8
2026-06-15 09:10:00,14.35,20.7,2.26,8.6,932.1
2026-06-15 09:15:00,15.66,12.0,2.78,9.7,974.2
2026-06-15 09:20:00,15.42,16.9,3.64,10.6,984.4
2026-06-15 09:25:00,15.48,13.5,3.48,9.2,933.0
2026-06-15 09:30:00,14.93,24.2,3.57,9.6,932.5
2026-06-15 09:35:00,16.03,19.9,2.82,10.2,926.7
2026-06-15 09:40:00,12.18,18.7,2.56,9.2,990.0
2026-06-15 09:45:00,17.37,26.2,2.63,8.0,985.2
2026-06-15 09:50:00,15.59,18.1,2.75,10.3,1009.1
2026-06-15 09:55:00,13.76,24.2,3.11,8.3,917.5
2026-06-15 10:00:00,15.66,28.8,2.38,10.3,925.3
2026-06-15 10:05:00,13.48,18.8,3.83,9.8,1016.2
2026-06-15 10:10:00,14.71,19.6,3.49,9.8,1003.0
2026-06-15 10:15:00,14.89,23.7,2.62,8.9,910.4
2026-06-15 10:20:00,15.29,26.6,2.99,9.7,914.2
2026-06-15 10:25:00,13.31,18.8,2.66,9.1,960.1
2026-06-15 10:30:00,15.33,14.2,3.15,12.8,999.7
2026-06-15 10:35:00,13.34,23.2,2.65,9.2,913.8
2026-06-15 10:40:00,15.1,21.4,4.45,11.0,953.5
2026-06-15 10:45:00,13.97,23.1,2.19,9.4,993.6
2026-06-15 10:50:00,11.26,22.2,2.4,10.2,941.9
2026-06-15 10:55:00,12.89,19.2,3.04,10.0,946.9
2026-06-15 11:00:00,15.27,19.6,3.24,9.8,1006.9
2026-06-15 11:05:00,13.54,22.2,3.22,9.8,933.3
2026-06-15 11:10:00,15.82,9.3,3.84,10.2,1000.7
2026-06-15 11:15:00,12.18,26.0,3.39,11.4,944.0
2026-06-15 11:20:00,15.04,20.7,2.62,8.9,906.6
2026-06-15 11:25:00,13.93,12.9,3.89,8.2,972.3
2026-06-15 11:30:00,13.63,19.1,3.57,9.2,925.3
2026-06-15 11:35:00,12.23,25.9,3.95,10.1,903.2
2026-06-15 11:40:00,14.32,19.7,3.21,9.7,1028.6
2026-06-15 11:45:00,12.49,13.6,3.9,11.5,966.8
2026-06-15 11:50:00,13.05,10.4,1.64,11.4,937.2
2026-06-15 11:55:00,13.79,32.8,2.76,9.5,938.0
2026-06-15 12:00:00,13.45,7.6,2.76,11.5,1011.2
2026-06-15 12:05:00,15.54,20.0,3.6,10.4,1014.2
2026-06-15 12:10:00,10.11,14.5,2.79,9.3,928.2
2026-06-15 12:15:00,13.73,24.3,3.72,9.9,960.6
2026-06-15 12:20:00,13.46,10.7,3.75,9.8,935.3
2026-06-15 12:25:00,13.99,27.7,2.74,9.3,980.7
2026-06-15 12:30:00,13.18,17.2,3.35,9.4,935.8
2026-06-15 12:35:00,15.54,16.7,3.08,10.5,872.7
2026-06-15 12:40:00,13.61,16.1,3.29,9.6,908.7
2026-06-15 12:45:00,14.2,14.4,3.69,9.7,991.7
2026-06-15 12:50:00,15.34,15.8,3.03,9.8,921.2
2026-06-15 12:55:00,14.08,22.3,2.16,9.8,981.4
2026-06-15 13:00:00,12.1,7.7,3.66,10.9,964.9
2026-06-15 13:05:00,13.36,13.5,3.89,9.2,921.5
2026-06-15 13:10:00,13.81,27.0,2.09,10.2,943.8
2026-06-15 13:15:00,11.53,17.5,3.18,8.5,925.0
2026-06-15 13:20:00,12.93,14.6,2.68,9.5,934.8
2026-06-15 13:25:00,13.9,10.4,3.95,8.7,878.6
2026-06-15 13:30:00,17.02,11.0,3.98,11.6,945.4
2026-06-15 13:35:00,14.56,23.9,2.66,10.1,926.9
2026-06-15 13:40:00,14.24,13.1,2.46,9.6,953.1
2026-06-15 13:45:00,16.54,22.8,3.3,8.3,971.1
2026-06-15 13:50:00,14.88,12.1,2.59,8.7,974.8
2026-06-15 13:55:00,15.09,17.2,3.72,10.9,927.3
2026-06-15 14:00:00,13.39,17.6,3.13,10.4,924.2
2026-06-15 14:05:00,12.1,13.5,4.21,8.6,943.9
2026-06-15 14:10:00,14.39,18.5,4.19,8.6,993.8
2026-06-15 14:15:00,16.73,5.3,4.26,11.8,929.4
2026-06-15 14:20:00,16.27,17.5,3.45,11.4,922.6
2026-06-15 14:25:00,14.99,20.7,2.61,10.3,906.0
2026-06-15 14:30:00,12.97,13.0,2.36,10.1,970.3
2026-06-15 14:35:00,11.67,19.3,3.54,9.8,938.3
2026-06-15 14:40:00,12.77,18.9,3.59,8.7,909.8
2026-06-15 14:45:00,14.33,19.2,3.35,10.9,918.1
2026-06-15 14:50:00,13.29,9.9,2.48,9.8,976.8
2026-06-15 14:55:00,15.5,18.6,2.72,10.7,955.8
2026-06-15 15:00:00,11.77,7.7,3.35,9.6,923.2
2026-06-15 15:05:00,13.81,14.2,2.87,10.4,973.0
2026-06-15 15:10:00,12.85,18.0,2.73,9.5,991.4
2026-06-15 15:15:00,15.49,19.3,2.61,10.1,976.2
2026-06-15 15:20:00,14.81,10.7,3.19,10.8,958.3
2026-06-15 15:25:00,12.75,16.3,3.09,9.5,1017.1
2026-06-15 15:30:00,15.28,22.8,2.66,12.0,1003.0
2026-06-15 15:35:00,11.57,12.1,3.26,9.4,952.5
2026-06-15 15:40:00,11.32,5.1,3.48,10.1,990.4
2026-06-15 15:45:00,12.67,21.2,3.38,11.4,976.0
2026-06-15 15:50:00,11.03,12.3,2.68,11.5,928.7
2026-06-15 15:55:00,13.83,14.2,3.05,10.5,1014.0
2026-06-15 16:00:00,13.88,18.8,3.2,10.3,1017.5
2026-06-15 16:05:00,13.39,18.5,3.27,10.1,997.9
2026-06-15 16:10:00,14.81,24.1,2.34,11.4,975.2
2026-06-15 16:15:00,12.91,16.5,3.01,11.0,987.8
2026-06-15 16:20:00,12.05,18.4,3.55,11.1,936.6
2026-06-15 16:25:00,12.8,7.8,2.95,11.6,993.8
2026-06-15 16:30:00,12.17,21.8,3.38,10.5,898.4
2026-06-15 16:35:00,13.08,13.9,3.25,9.6,937.0
2026-06-15 16:40:00,14.89,35.0,2.75,10.4,850.0
2026-06-15 16:45:00,11.37,16.7,3.97,10.1,966.0
2026-06-15 16:50:00,13.49,20.5,2.99,9.8,991.2
2026-06-15 16:55:00,15.44,21.8,3.04,9.6,1016.0
2026-06-15 17:00:00,15.61,17.5,2.91,10.5,941.4
2026-06-15 17:05:00,12.98,20.6,4.06,10.6,959.3
2026-06-15 17:10:00,17.32,31.5,3.9,9.3,949.4
2026-06-15 17:15:00,12.42,13.5,3.93,10.3,1022.3
2026-06-15 17:20:00,13.66,4.5,3.86,11.6,963.3
2026-06-15 17:25:00,12.24,10.2,2.75,9.3,1024.2
2026-06-15 17:30:00,14.65,24.0,2.87,11.4,999.8
2026-06-15 17:35:00,18.0,15.1,2.77,9.1,980.1
2026-06-15 17:40:00,16.77,32.0,3.68,10.4,927.7
2026-06-15 17:45:00,15.27,22.4,4.56,8.2,906.7
2026-06-15 17:50:00,13.09,14.1,3.65,10.6,953.6
2026-06-15 17:55:00,13.75,13.3,4.25,9.8,953.9
2026-06-15 18:00:00,15.67,15.3,3.5,8.3,903.5
2026-06-15 18:05:00,15.12,5.6,3.51,9.5,993.3
2026-06-15 18:10:00,14.12,19.7,2.84,11.8,957.4
2026-06-15 18:15:00,14.21,22.2,3.53,10.6,973.5
2026-06-15 18:20:00,15.58,12.2,3.81,10.1,1018.0
2026-06-15 18:25:00,15.96,8.7,3.93,10.5,918.9
2026-06-15 18:30:00,11.75,12.5,3.32,11.0,866.7
2026-06-15 18:35:00,14.34,24.0,3.26,11.5,926.6
2026-06-15 18:40:00,14.87,22.8,3.12,9.7,1019.2
2026-06-15 18:45:00,13.2,19.3,2.85,10.6,950.3
2026-06-15 18:50:00,15.92,27.9,3.63,10.5,942.4
2026-06-15 18:55:00,13.57,7.9,2.16,10.1,929.3
2026-06-15 19:00:00,15.96,16.7,2.21,9.8,949.7
2026-06-15 19:05:00,13.45,21.4,2.84,11.6,927.2
2026-06-15 19:10:00,14.39,22.7,2.39,10.3,930.3
2026-06-15 19:15:00,14.36,22.8,3.8,8.8,991.9
2026-06-15 19:20:00,16.49,22.3,2.89,7.1,1050.0
2026-06-15 19:25:00,15.11,25.9,3.65,11.0,916.3
2026-06-15 19:30:00,13.31,22.6,3.94,9.6,928.6
2026-06-15 19:35:00,13.59,11.1,3.31,9.8,927.7
2026-06-15 19:40:00,13.59,15.3,3.42,10.4,1013.6
2026-06-15 19:45:00,14.03,7.8,4.04,12.5,980.3
2026-06-15 19:50:00,12.58,24.0,3.74,11.4,939.7
2026-06-15 19:55:00,13.88,25.2,1.89,9.8,929.9
2026-06-15 20:00:00,16.05,10.7,3.03,10.7,1012.5
2026-06-15 20:05:00,15.99,15.7,3.53,9.4,951.6
2026-06-15 20:10:00,11.65,7.5,3.43,10.8,948.4
2026-06-15 20:15:00,11.42,17.3,2.61,9.2,863.6
2026-06-15 20:20:00,13.11,13.0,2.23,10.2,981.8
2026-06-15 20:25:00,11.33,11.0,3.64,10.2,949.7
2026-06-15 20:30:00,12.1,17.9,2.7,8.9,954.3
2026-06-15 20:35:00,14.53,29.3,3.01,9.4,954.1
2026-06-15 20:40:00,13.94,22.8,3.24,7.8,987.6
2026-06-15 20:45:00,11.42,16.5,3.12,9.6,860.7
2026-06-15 20:50:00,15.76,17.7,2.64,11.1,902.1
2026-06-15 20:55:00,13.37,29.3,3.04,12.0,1028.4
2026-06-15 21:00:00,13.22,25.6,2.8,11.5,900.9
2026-06-15 21:05:00,15.52,16.1,4.21,9.6,919.5
2026-06-15 21:10:00,14.62,21.0,3.3,10.0,1000.0
2026-06-15 21:15:00,13.94,12.0,4.8,9.9,952.0
2026-06-15 21:20:00,13.26,18.1,2.41,9.8,952.4
2026-06-15 21:25:00,14.85,22.6,2.97,11.0,1013.6
2026-06-15 21:30:00,13.35,24.1,2.96,9.4,927.0
2026-06-15 21:35:00,13.66,14.2,2.77,11.5,928.5
2026-06-15 21:40:00,12.24,24.0,2.93,10.1,980.4
2026-06-15 21:45:00,15.71,18.9,2.9,8.8,956.4
2026-06-15 21:50:00,16.33,16.3,2.63,9.9,991.1
2026-06-15 21:55:00,14.32,29.5,4.16,10.5,924.2
2026-06-15 22:00:00,13.27,15.8,3.17,11.0,958.0
2026-06-15 22:05:00,15.4,11.4,3.82,10.8,947.1
2026-06-15 22:10:00,14.88,14.0,3.83,9.7,934.4
2026-06-15 22:15:00,13.33,22.4,4.01,9.5,898.7
2026-06-15 22:20:00,15.73,12.1,2.67,11.7,933.2
2026-06-15 22:25:00,13.36,23.0,3.91,10.0,928.4
2026-06-15 22:30:00,12.07,12.9,3.21,8.9,1000.1
2026-06-15 22:35:00,13.9,17.5,4.43,9.4,972.7
2026-06-15 22:40:00,15.63,31.3,3.38,8.0,967.8
2026-06-15 22:45:00,14.15,12.7,2.56,8.4,942.7
2026-06-15 22:50:00,12.24,5.9,4.08,9.5,914.3
2026-06-15 22:55:00,13.4,26.2,3.81,9.2,958.9
2026-06-15 23:00:00,15.79,9.6,2.51,9.3,1006.7
2026-06-15 23:05:00,14.41,13.1,3.7,10.8,915.7
2026-06-15 23:10:00,13.97,22.4,4.12,10.9,968.2
2026-06-15 23:15:00,13.8,22.1,3.45,8.8,931.9
2026-06-15 23:20:00,15.62,3.8,2.76,11.9,949.8
2026-06-15 23:25:00,15.52,15.9,3.83,10.1,943.8
2026-06-15 23:30:00,11.9,23.1,3.55,10.0,968.0
2026-06-15 23:35:00,15.41,30.2,2.94,9.2,943.8
2026-06-15 23:40:00,14.77,10.6,3.0,9.7,929.9
2026-06-15 23:45:00,16.39,24.4,3.53,12.0,886.9
2026-06-15 23:50:00,13.9,14.0,2.69,8.9,958.8
2026-06-15 23:55:00,15.7,24.2,3.26,10.3,974.4
2026-06-16 00:00:00,14.7,11.8,3.98,9.5,952.5
2026-06-16 00:05:00,12.33,16.6,4.13,8.2,947.1
2026-06-16 00:10:00,15.53,20.3,2.86,8.5,1009.5
2026-06-16 00:15:00,15.21,23.7,2.19,10.6,1014.8
2026-06-16 00:20:00,13.03,21.4,2.74,8.3,992.9
2026-06-16 00:25:00,14.43,15.4,3.72,8.8,963.4
2026-06-16 00:30:00,17.16,15.0,2.79,10.8,953.9
2026-06-16 00:35:00,13.28,28.7,3.74,10.7,907.9
2026-06-16 00:40:00,15.09,19.7,2.74,10.1,873.8
2026-06-16 00:45:00,12.36,15.1,2.89,8.8,1004.8
2026-06-16 00:50:00,13.14,21.2,3.06,8.8,954.6
2026-06-16 00:55:00,15.22,21.7,3.73,8.7,1050.0
2026-06-16 01:00:00,14.39,9.9,2.33,9.9,926.6
2026-06-16 01:05:00,13.7,20.9,3.34,10.6,967.1
2026-06-16 01:10:00,16.55,9.0,3.45,9.6,990.9
2026-06-16 01:15:00,12.62,14.1,2.64,10.9,923.9
2026-06-16 01:20:00,13.78,12.1,3.47,11.6,939.2
2026-06-16 01:25:00,14.74,17.2,3.1,10.4,942.2
2026-06-16 01:30:00,12.69,15.4,2.55,8.7,933.7
2026-06-16 01:35:00,14.76,16.8,3.17,10.1,966.0
2026-06-16 01:40:00,15.61,6.6,2.69,11.4,952.2
2026-06-16 01:45:00,13.83,17.5,2.82,9.4,868.5
2026-06-16 01:50:00,12.97,11.4,3.79,9.3,954.4
2026-06-16 01:55:00,13.53,31.7,2.88,11.1,965.0
2026-06-16 02:00:00,10.0,15.6,3.74,8.6,948.4
2026-06-16 02:05:00,15.51,16.5,3.12,10.2,1015.9
2026-06-16 02:10:00,14.4,22.2,2.58,9.4,963.9
2026-06-16 02:15:00,13.74,25.9,3.41,9.6,950.9
2026-06-16 02:20:00,11.5,10.9,3.61,11.7,986.4
2026-06-16 02:25:00,15.66,21.4,2.43,9.5,1040.7
2026-06-16 02:30:00,13.34,23.8,3.82,10.1,944.3
2026-06-16 02:35:00,14.85,19.1,4.1,11.0,992.1
2026-06-16 02:40:00,13.98,19.0,3.57,8.7,1023.6
2026-06-16 02:45:00,11.58,14.9,3.28,10.8,940.8
2026-06-16 02:50:00,15.9,16.1,4.43,9.6,903.1
2026-06-16 02:55:00,15.62,17.4,3.53,8.7,967.5
2026-06-16 03:00:00,15.15,15.4,3.34,9.5,1003.9
2026-06-16 03:05:00,14.47,23.3,4.17,10.1,938.6
2026-06-16 03:10:00,12.2,12.8,4.21,10.2,993.8
2026-06-16 03:15:00,15.3,23.1,2.29,9.3,915.6
2026-06-16 03:20:00,17.31,26.0,2.82,9.8,940.1
2026-06-16 03:25:00,14.17,20.2,3.53,8.6,946.3
2026-06-16 03:30:00,14.2,7.3,4.04,9.3,944.4
2026-06-16 03:35:00,12.35,21.7,2.46,8.6,915.6
2026-06-16 03:40:00,10.89,14.1,3.78,9.9,936.6
2026-06-16 03:45:00,13.46,14.8,2.99,9.2,871.3
2026-06-16 03:50:00,16.22,20.2,3.61,12.1,977.7
2026-06-16 03:55:00,16.02,24.6,2.79,10.4,951.4
2026-06-16 04:00:00,13.9,8.0,1.9,8.4,996.0
2026-06-16 04:05:00,14.65,18.3,2.13,9.3,946.4
2026-06-16 04:10:00,12.17,30.0,2.4,10.7,878.1
2026-06-16 04:15:00,14.17,11.4,2.91,10.2,962.8
2026-06-16 04:20:00,13.21,16.8,3.21,8.4,923.5
2026-06-16 04:25:00,14.08,14.3,2.93,9.2,992.8
2026-06-16 04:30:00,13.59,22.2,3.13,10.6,941.5
2026-06-16 04:35:00,13.56,10.5,2.98,10.4,1030.6
2026-06-16 04:40:00,15.49,8.6,3.29,10.6,914.2
2026-06-16 04:45:00,16.95,23.0,3.71,9.7,959.9
2026-06-16 04:50:00,13.75,19.4,3.18,9.1,973.9
2026-06-16 04:55:00,16.13,10.9,3.6,8.7,936.8
2026-06-16 05:00:00,12.14,17.6,3.63,10.9,896.7
2026-06-16 05:05:00,13.86,10.3,3.18,11.9,942.0
2026-06-16 05:10:00,12.06,23.5,2.07,10.3,877.2
2026-06-16 05:15:00,13.53,19.7,3.33,10.9,922.1
2026-06-16 05:20:00,15.07,13.7,2.84,9.2,942.9
2026-06-16 05:25:00,15.68,14.5,3.75,10.0,990.0
2026-06-16 05:30:00,12.83,15.2,4.05,9.9,961.2
2026-06-16 05:35:00,14.69,11.5,3.11,10.4,933.8
2026-06-16 05:40:00,15.84,26.0,3.22,10.1,931.4
2026-06-16 05:45:00,15.63,25.0,3.53,12.8,928.0
2026-06-16 05:50:00,14.39,15.6,2.74,10.8,986.8
2026-06-16 05:55:00,13.12,16.1,3.22,11.3,890.6
2026-06-16 06:00:00,12.97,11.3,2.34,10.3,916.1
2026-06-16 06:05:00,12.74,17.0,3.84,7.9,890.4
2026-06-16 06:10:00,13.95,20.9,4.18,10.4,973.4
2026-06-16 06:15:00,12.77,25.1,3.19,11.1,1010.6
2026-06-16 06:20:00,15.02,12.6,2.8,11.4,973.0
2026-06-16 06:25:00,14.34,7.9,3.46,9.9,975.8
2026-06-16 06:30:00,14.27,12.0,2.5,8.6,929.0
2026-06-16 06:35:00,11.24,21.3,2.91,9.7,969.5
2026-06-16 06:40:00,14.04,17.7,2.95,8.6,920.0
2026-06-16 06:45:00,13.31,24.0,2.83,11.3,927.0
2026-06-16 06:50:00,17.25,18.2,3.33,10.5,948.5
2026-06-16 06:55:00,12.08,27.7,3.36,9.5,951.7
2026-06-16 07:00:00,13.69,8.5,3.3,10.7,1021.7
2026-06-16 07:05:00,14.57,3.1,3.89,11.5,984.7
2026-06-16 07:10:00,12.54,26.1,3.35,10.8,954.6
2026-06-16 07:15:00,16.89,13.2,2.95,12.0,1018.4
2026-06-16 07:20:00,16.92,18.8,3.13,9.1,1046.1
2026-06-16 07:25:00,12.71,18.8,3.14,11.0,950.8
2026-06-16 07:30:00,13.11,20.0,2.95,8.5,965.3
2026-06-16 07:35:00,17.22,15.2,3.53,11.9,900.5
2026-06-16 07:40:00,16.09,12.3,1.98,10.7,956.6
2026-06-16 07:45:00,13.45,11.8,3.28,9.6,922.9
2026-06-16 07:50:00,14.65,21.6,3.35,8.8,874.6
2026-06-16 07:55:00,11.92,22.6,3.51,9.5,989.6
2026-06-16 08:00:00,17.3,16.5,3.88,9.7,954.3
2026-06-16 08:05:00,14.11,14.4,3.15,10.2,915.2
2026-06-16 08:10:00,14.88,21.4,3.66,10.0,876.9
2026-06-16 08:15:00,12.6,9.1,3.66,9.4,925.6
2026-06-16 08:20:00,12.3,29.7,3.24,11.2,923.0
2026-06-16 08:25:00,14.68,20.7,2.34,8.3,945.6
2026-06-16 08:30:00,16.87,17.0,3.86,10.6,880.3
2026-06-16 08:35:00,13.19,23.0,3.21,10.2,967.2
2026-06-16 08:40:00,12.53,21.8,3.01,10.0,975.7
2026-06-16 08:45:00,14.46,19.4,2.49,10.6,897.9
2026-06-16 08:50:00,16.46,6.7,1.85,9.3,882.2
2026-06-16 08:55:00,13.04,20.5,4.32,9.2,990.6
2026-06-16 09:00:00,13.63,26.7,3.3,9.7,944.0
2026-06-16 09:05:00,15.26,14.7,2.57,9.5,975.6
2026-06-16 09:10:00,15.42,23.8,2.39,9.8,954.4
2026-06-16 09:15:00,13.57,23.1,2.98,10.7,946.5
2026-06-16 09:20:00,15.64,19.8,3.67,10.1,991.4
2026-06-16 09:25:00,14.79,19.0,3.57,10.0,983.6
2026-06-16 09:30:00,14.02,21.4,3.58,10.2,965.4
2026-06-16 09:35:00,15.35,20.5,2.64,9.7,968.1
2026-06-16 09:40:00,15.15,29.3,2.98,10.9,932.6
2026-06-16 09:45:00,12.43,23.8,3.22,10.6,972.2
2026-06-16 09:50:00,16.23,22.2,3.12,10.0,1012.1
2026-06-16 09:55:00,14.52,24.3,3.46,8.9,991.0
2026-06-16 10:00:00,16.06,22.2,4.1,11.3,875.1
2026-06-16 10:05:00,14.08,5.5,3.45,10.7,968.1
2026-06-16 10:10:00,14.37,17.3,2.86,10.6,971.4
2026-06-16 10:15:00,14.6,14.3,2.37,11.7,995.3
2026-06-16 10:20:00,14.82,20.0,3.29,10.7,999.5
2026-06-16 10:25:00,16.29,14.7,2.84,10.0,969.8
2026-06-16 10:30:00,14.7,21.5,3.42,9.5,900.5
2026-06-16 10:35:00,13.96,15.5,3.44,9.5,945.5
2026-06-16 10:40:00,15.51,28.2,4.04,10.3,918.3
2026-06-16 10:45:00,14.65,27.9,3.23,11.0,903.4
2026-06-16 10:50:00,18.0,9.3,3.56,11.0,1005.9
2026-06-16 10:55:00,14.44,19.9,2.79,8.6,931.4
2026-06-16 11:00:00,15.86,15.2,2.37,10.9,1029.6
2026-06-16 11:05:00,15.32,19.5,3.83,9.7,934.6
2026-06-16 11:10:00,10.93,21.5,3.89,9.4,921.4
2026-06-16 11:15:00,12.89,10.3,3.08,10.4,974.1
2026-06-16 11:20:00,13.34,12.2,2.1,10.8,946.9
2026-06-16 11:25:00,11.75,12.9,4.07,8.8,961.1
2026-06-16 11:30:00,13.41,14.7,3.95,10.2,928.4
2026-06-16 11:35:00,11.94,14.9,3.16,8.4,928.4
2026-06-16 11:40:00,12.34,22.8,3.79,10.8,930.4
2026-06-16 11:45:00,14.36,19.3,3.16,8.9,908.3
2026-06-16 11:50:00,16.88,12.8,3.38,10.2,988.7
2026-06-16 11:55:00,11.96,16.1,2.24,9.6,958.2
2026-06-16 12:00:00,12.18,3.8,4.08,9.4,956.1
2026-06-16 12:05:00,13.2,30.1,2.03,8.0,976.6
2026-06-16 12:10:00,13.78,18.1,4.23,8.6,964.3
2026-06-16 12:15:00,11.69,24.0,4.23,9.9,1040.6
2026-06-16 12:20:00,12.95,22.8,1.62,9.1,967.1
2026-06-16 12:25:00,12.81,17.8,4.14,9.7,867.9
2026-06-16 12:30:00,14.48,3.7,3.2,9.2,930.2
2026-06-16 12:35:00,14.64,14.7,3.49,9.7,912.7
2026-06-16 12:40:00,13.77,20.1,2.33,8.8,968.7
2026-06-16 12:45:00,13.43,18.4,3.0,9.5,933.5
2026-06-16 12:50:00,12.94,24.2,2.43,9.7,970.0
2026-06-16 12:55:00,14.08,18.0,2.73,10.0,922.6
2026-06-16 13:00:00,12.54,29.1,3.82,8.2,957.8
2026-06-16 13:05:00,16.32,11.6,3.86,10.1,928.9
2026-06-16 13:10:00,11.75,21.1,3.66,8.9,936.4
2026-06-16 13:15:00,13.02,11.8,2.94,8.6,959.0
2026-06-16 13:20:00,15.3,23.5,2.73,11.2,968.1
2026-06-16 13:25:00,13.4,13.5,2.26,10.7,1007.1
2026-06-16 13:30:00,15.01,7.5,3.71,10.6,995.2
2026-06-16 13:35:00,16.58,9.1,4.45,9.8,987.7
2026-06-16 13:40:00,15.25,15.2,4.1,9.4,967.3
2026-06-16 13:45:00,12.2,27.4,3.12,11.5,930.5
2026-06-16 13:50:00,12.27,22.4,3.45,10.1,974.9
2026-06-16 13:55:00,13.72,20.7,3.32,9.1,997.8
2026-06-16 14:00:00,14.66,17.6,3.75,9.0,997.8
2026-06-16 14:05:00,15.81,11.2,4.31,10.3,950.6
2026-06-16 14:10:00,12.82,12.4,2.91,9.7,936.3
2026-06-16 14:15:00,13.27,14.7,2.91,11.0,981.7
2026-06-16 14:20:00,13.62,14.1,3.07,10.1,852.6
2026-06-16 14:25:00,13.59,14.1,3.22,8.8,1013.9
2026-06-16 14:30:00,16.24,12.3,3.69,11.9,999.1
2026-06-16 14:35:00,13.84,18.0,3.16,9.0,938.8
2026-06-16 14:40:00,14.23,13.5,2.73,8.8,936.7
2026-06-16 14:45:00,15.37,24.8,2.63,9.9,1033.0
2026-06-16 14:50:00,16.39,24.7,2.43,10.5,908.6
2026-06-16 14:55:00,13.95,21.6,3.1,9.1,939.5
2026-06-16 15:00:00,15.89,20.9,3.79,10.7,1020.1
2026-06-16 15:05:00,16.74,8.7,3.55,9.5,907.1
2026-06-16 15:10:00,13.83,31.7,3.4,12.4,956.5
2026-06-16 15:15:00,13.15,16.3,2.57,10.3,940.4
2026-06-16 15:20:00,17.28,22.8,2.45,8.9,1032.4
2026-06-16 15:25:00,15.68,23.0,3.26,9.3,928.3
2026-06-16 15:30:00,14.02,11.8,4.01,10.5,895.7
2026-06-16 15:35:00,14.97,14.2,3.74,9.2,959.7
2026-06-16 15:40:00,12.43,20.4,2.77,9.9,928.3
2026-06-16 15:45:00,15.66,8.7,4.67,12.0,973.9
2026-06-16 15:50:00,11.3,17.5,1.99,10.6,967.3
2026-06-16 15:55:00,15.61,3.6,3.36,10.6,903.2
2026-06-16 16:00:00,12.92,18.1,3.26,12.0,1023.6
2026-06-16 16:05:00,11.52,26.3,2.99,9.2,925.6
2026-06-16 16:10:00,11.0,18.0,3.52,10.0,929.8
2026-06-16 16:15:00,13.29,9.2,3.17,9.7,973.1
2026-06-16 16:20:00,15.07,14.7,2.34,9.4,1015.3
2026-06-16 16:25:00,11.92,21.7,3.11,9.7,898.6
2026-06-16 16:30:00,12.15,19.0,3.29,9.5,931.5
2026-06-16 16:35:00,13.26,20.7,3.72,9.3,988.3
2026-06-16 16:40:00,15.21,17.0,4.06,9.7,927.1
2026-06-16 16:45:00,15.4,13.4,2.73,9.3,956.3
2026-06-16 16:50:00,14.21,18.8,4.2,10.3,933.5
2026-06-16 16:55:00,15.48,18.4,2.94,9.0,969.8
2026-06-16 17:00:00,15.03,24.2,2.83,11.0,900.1
2026-06-16 17:05:00,13.37,15.2,2.98,10.7,962.7
2026-06-16 17:10:00,15.36,18.3,2.03,10.4,969.4
2026-06-16 17:15:00,12.07,17.1,2.96,9.5,977.2
2026-06-16 17:20:00,14.73,31.6,3.85,10.0,929.0
2026-06-16 17:25:00,12.25,13.5,3.53,9.9,1007.9
2026-06-16 17:30:00,14.21,15.7,3.36,10.0,866.0
2026-06-16 17:35:00,15.83,12.3,3.47,8.7,923.5
2026-06-16 17:40:00,14.32,25.8,3.88,10.1,1047.8
2026-06-16 17:45:00,13.98,26.3,2.59,10.3,951.2
2026-06-16 17:50:00,14.34,16.7,3.76,11.4,995.0
2026-06-16 17:55:00,14.99,25.1,3.17,9.0,957.6
2026-06-16 18:00:00,17.2,20.0,2.71,8.8,1019.5
2026-06-16 18:05:00,14.98,22.2,3.44,11.0,942.3
2026-06-16 18:10:00,13.25,12.0,3.31,8.5,958.9
2026-06-16 18:15:00,13.69,19.0,2.71,11.5,985.0
2026-06-16 18:20:00,12.65,29.2,2.45,11.2,1011.3
2026-06-16 18:25:00,12.14,26.9,2.85,10.6,876.2
2026-06-16 18:30:00,10.35,22.8,2.85,8.5,970.7
2026-06-16 18:35:00,13.31,23.7,3.88,9.8,915.9
2026-06-16 18:40:00,11.89,32.6,2.93,9.9,947.8
2026-06-16 18:45:00,14.15,22.7,2.93,10.3,928.6
2026-06-16 18:50:00,13.24,14.0,3.92,10.6,860.4
2026-06-16 18:55:00,12.37,25.3,3.94,9.3,992.3
2026-06-16 19:00:00,10.84,17.6,2.71,11.1,897.5
2026-06-16 19:05:00,13.48,20.9,2.42,10.5,947.2
2026-06-16 19:10:00,11.37,18.7,3.5,10.5,945.7
2026-06-16 19:15:00,15.06,13.7,3.12,9.8,918.2
2026-06-16 19:20:00,14.38,19.9,2.85,10.4,975.6
2026-06-16 19:25:00,13.66,23.8,3.76,7.9,935.4
2026-06-16 19:30:00,16.18,22.4,3.0,10.4,921.4
2026-06-16 19:35:00,14.01,20.9,4.32,11.7,891.8
2026-06-16 19:40:00,14.58,16.8,3.24,10.8,913.0
2026-06-16 19:45:00,15.03,8.0,3.4,10.7,966.9
2026-06-16 19:50:00,13.22,17.7,4.55,10.8,870.1
2026-06-16 19:55:00,13.23,21.3,3.35,11.2,1017.1
2026-06-16 20:00:00,14.06,5.0,2.91,9.8,943.9
2026-06-16 20:05:00,11.98,17.6,2.59,11.0,915.3
2026-06-16 20:10:00,16.68,17.4,2.93,10.5,973.8
2026-06-16 20:15:00,14.24,12.5,3.4,10.1,933.3
2026-06-16 20:20:00,13.7,22.6,3.7,11.4,985.6
2026-06-16 20:25:00,17.13,23.7,2.24,9.3,907.5
2026-06-16 20:30:00,12.35,28.9,3.09,9.4,910.4
2026-06-16 20:35:00,16.3,17.8,3.97,7.6,973.8
2026-06-16 20:40:00,15.22,25.7,3.28,9.1,997.9
2026-06-16 20:45:00,15.68,13.1,4.06,9.6,957.8
2026-06-16 20:50:00,13.74,15.8,2.32,9.9,959.2
2026-06-16 20:55:00,14.08,22.1,3.02,10.4,916.6
2026-06-16 21:00:00,13.49,14.1,3.31,10.9,929.4
2026-06-16 21:05:00,15.49,17.0,3.54,8.7,923.7
2026-06-16 21:10:00,14.59,23.0,2.64,10.1,1001.8
2026-06-16 21:15:00,13.16,18.0,3.45,9.0,1005.6
2026-06-16 21:20:00,13.23,12.5,3.55,8.7,970.8
2026-06-16 21:25:00,13.98,14.5,3.19,10.3,1030.4
2026-06-16 21:30:00,13.5,16.4,3.5,10.1,974.7
2026-06-16 21:35:00,16.16,21.5,3.35,10.5,997.3
2026-06-16 21:40:00,15.21,16.1,2.82,10.6,941.2
2026-06-16 21:45:00,15.21,3.3,3.25,9.5,943.7
2026-06-16 21:50:00,14.35,22.7,2.4,11.1,943.7
2026-06-16 21:55:00,12.76,21.9,2.26,9.1,912.5
2026-06-16 22:00:00,15.04,11.6,3.42,8.9,932.4
2026-06-16 22:05:00,10.85,11.2,2.13,10.4,963.2
2026-06-16 22:10:00,14.26,26.1,2.97,10.2,926.0
2026-06-16 22:15:00,12.78,16.6,3.46,9.2,972.3
2026-06-16 22:20:00,12.67,22.5,3.16,9.2,920.4
2026-06-16 22:25:00,13.3,13.8,4.55,10.4,918.5
2026-06-16 22:30:00,13.87,21.9,3.42,10.3,950.5
2026-06-16 22:35:00,13.96,12.5,3.09,9.0,868.3
2026-06-16 22:40:00,15.19,20.5,3.54,9.4,993.2
2026-06-16 22:45:00,13.74,20.1,2.39,9.1,978.2
2026-06-16 22:50:00,13.85,5.6,3.92,7.9,982.6
2026-06-16 22:55:00,11.91,18.7,2.89,11.4,979.8
2026-06-16 23:00:00,12.1,13.7,3.91,10.2,945.4
2026-06-16 23:05:00,14.43,24.6,3.37,11.2,959.8
2026-06-16 23:10:00,14.95,19.4,3.56,9.7,965.6
2026-06-16 23:15:00,13.61,16.5,2.88,9.0,892.0
2026-06-16 23:20:00,15.4,27.1,2.42,9.1,958.1
2026-06-16 23:25:00,11.89,6.6,2.62,9.1,934.9
2026-06-16 23:30:00,14.6,29.6,2.05,9.5,1023.9
2026-06-16 23:35:00,12.72,29.3,2.86,8.5,942.3
2026-06-16 23:40:00,12.6,15.7,2.87,9.6,945.0
2026-06-16 23:45:00,12.85,23.3,3.75,9.4,901.2
2026-06-16 23:50:00,13.88,20.9,2.55,10.9,934.4
2026-06-16 23:55:00,14.66,3.1,4.67,10.5,865.4
2026-06-17 00:00:00,14.54,17.3,2.61,9.6,1024.4
2026-06-17 00:05:00,13.56,10.4,2.73,10.5,973.3
2026-06-17 00:10:00,14.95,9.9,2.39,8.9,935.3
2026-06-17 00:15:00,16.53,16.3,3.22,8.7,970.2
2026-06-17 00:20:00,13.82,16.5,3.02,9.9,911.6
2026-06-17 00:25:00,14.14,25.3,3.06,10.1,942.7
2026-06-17 00:30:00,13.08,13.5,3.49,9.9,905.7
2026-06-17 00:35:00,13.41,15.6,3.81,11.4,888.8
2026-06-17 00:40:00,15.87,26.2,2.42,10.7,980.6
2026-06-17 00:45:00,15.89,16.9,3.22,11.0,945.8
2026-06-17 00:50:00,13.7,14.9,3.74,9.4,880.8
2026-06-17 00:55:00,14.74,23.1,2.49,10.3,916.9
2026-06-17 01:00:00,15.38,21.2,4.83,9.0,1002.2
2026-06-17 01:05:00,13.33,18.6,4.6,9.3,921.1
2026-06-17 01:10:00,12.04,23.5,3.1,10.3,974.9
2026-06-17 01:15:00,15.03,10.5,2.61,9.1,920.6
2026-06-17 01:20:00,15.34,14.5,2.65,9.2,959.7
2026-06-17 01:25:00,15.12,30.0,3.22,10.4,971.0
2026-06-17 01:30:00,13.44,0.0,3.76,9.2,923.6
2026-06-17 01:35:00,16.28,14.0,2.14,11.0,944.6
2026-06-17 01:40:00,14.43,10.9,2.7,9.8,962.3
2026-06-17 01:45:00,12.28,18.4,3.28,9.8,927.3
2026-06-17 01:50:00,11.61,21.6,2.32,10.3,941.6
2026-06-17 01:55:00,13.55,24.6,2.96,9.9,912.3
2026-06-17 02:00:00,14.34,15.5,3.48,10.3,954.2
2026-06-17 02:05:00,13.57,12.5,3.16,9.1,993.0
2026-06-17 02:10:00,16.99,9.3,2.85,7.3,903.5
2026-06-17 02:15:00,14.61,18.3,3.25,8.6,921.8
2026-06-17 02:20:00,12.54,30.8,3.38,9.5,868.2
2026-06-17 02:25:00,10.59,14.5,2.68,10.5,970.5
2026-06-17 02:30:00,14.35,17.6,3.41,12.2,886.0
2026-06-17 02:35:00,15.48,18.8,3.39,9.4,970.1
2026-06-17 02:40:00,16.8,15.5,3.54,9.3,972.8
2026-06-17 02:45:00,13.7,26.5,3.27,10.3,986.4
2026-06-17 02:50:00,16.58,25.3,3.21,10.2,964.8
2026-06-17 02:55:00,11.96,22.9,3.06,10.3,889.6
2026-06-17 03:00:00,13.48,23.8,2.96,9.7,944.7
2026-06-17 03:05:00,12.48,13.9,3.67,8.0,957.8
2026-06-17 03:10:00,15.19,11.1,3.21,10.2,971.3
2026-06-17 03:15:00,12.05,13.9,3.56,10.0,972.8
2026-06-17 03:20:00,14.6,19.7,3.49,8.4,932.9
2026-06-17 03:25:00,12.14,16.1,2.66,10.6,945.7
2026-06-17 03:30:00,16.64,21.4,2.97,10.7,946.1
2026-06-17 03:35:00,13.44,18.6,3.16,10.6,899.4
2026-06-17 03:40:00,14.57,10.0,3.33,9.6,911.3
2026-06-17 03:45:00,11.32,25.4,3.38,10.2,947.1
2026-06-17 03:50:00,11.76,14.9,3.34,9.1,916.5
2026-06-17 03:55:00,12.84,22.7,3.18,8.6,891.5
2026-06-17 04:00:00,15.28,12.9,2.99,9.9,889.2
2026-06-17 04:05:00,14.99,12.7,3.89,8.5,977.8
2026-06-17 04:10:00,15.63,12.4,3.46,9.9,964.2
2026-06-17 04:15:00,11.74,9.4,3.22,9.9,955.9
2026-06-17 04:20:00,14.76,9.6,3.05,9.2,936.9
2026-06-17 04:25:00,13.16,20.3,3.35,11.9,926.7
2026-06-17 04:30:00,12.79,12.4,3.27,9.4,869.3
2026-06-17 04:35:00,13.19,20.1,2.26,10.2,973.8
2026-06-17 04:40:00,13.83,18.6,2.6,9.8,933.7
2026-06-17 04:45:00,14.99,23.3,3.93,10.9,974.9
2026-06-17 04:50:00,15.68,11.9,3.48,9.7,912.5
2026-06-17 04:55:00,14.78,24.4,2.75,8.7,1015.9
2026-06-17 05:00:00,14.95,12.6,3.03,10.4,957.5
2026-06-17 05:05:00,16.73,1.5,2.85,8.5,945.2
2026-06-17 05:10:00,15.05,19.1,2.87,9.2,909.2
2026-06-17 05:15:00,13.68,12.7,3.87,9.5,956.6
2026-06-17 05:20:00,14.87,27.0,3.0,9.5,974.7
2026-06-17 05:25:00,16.56,19.8,3.68,9.7,860.4
2026-06-17 05:30:00,12.69,17.5,4.18,9.6,944.6
2026-06-17 05:35:00,13.35,19.2,2.95,10.1,945.3
2026-06-17 05:40:00,16.18,15.0,2.45,9.3,968.1
2026-06-17 05:45:00,13.56,28.1,3.36,10.4,882.9
2026-06-17 05:50:00,15.15,14.7,2.74,9.2,982.0
2026-06-17 05:55:00,15.93,20.8,3.17,8.7,979.5
2026-06-17 06:00:00,12.12,13.1,3.35,8.9,981.0
2026-06-17 06:05:00,13.39,18.0,4.31,9.6,923.5
2026-06-17 06:10:00,15.81,10.6,3.47,11.0,994.9
2026-06-17 06:15:00,13.81,19.4,2.91,10.0,917.5
2026-06-17 06:20:00,10.97,18.4,3.57,9.5,865.5
2026-06-17 06:25:00,13.24,21.3,3.66,10.0,962.4
2026-06-17 06:30:00,15.19,20.8,3.89,8.8,947.6
2026-06-17 06:35:00,15.91,18.2,2.64,8.3,998.8
2026-06-17 06:40:00,14.08,30.2,3.85,9.0,908.6
2026-06-17 06:45:00,14.73,17.9,4.57,9.0,936.2
2026-06-17 06:50:00,13.45,18.2,3.96,12.4,932.6
2026-06-17 06:55:00,15.35,17.5,4.08,11.9,982.1
2026-06-17 07:00:00,16.14,19.2,2.93,11.9,906.6
2026-06-17 07:05:00,15.15,16.3,4.23,8.8,1000.9
2026-06-17 07:10:00,13.82,15.8,2.94,11.8,920.6
2026-06-17 07:15:00,14.65,22.5,3.13,9.3,932.3
2026-06-17 07:20:00,15.43,17.7,2.92,11.6,951.7
2026-06-17 07:25:00,14.04,24.3,2.79,10.4,909.4
2026-06-17 07:30:00,15.2,6.6,3.31,9.0,965.7
2026-06-17 07:35:00,14.56,27.1,2.42,11.7,960.5
2026-06-17 07:40:00,16.13,23.4,2.73,11.6,925.2
2026-06-17 07:45:00,15.05,17.7,2.62,8.9,961.4
2026-06-17 07:50:00,13.25,17.5,4.13,10.3,962.5
2026-06-17 07:55:00,16.11,21.8,4.13,8.1,972.8
2026-06-17 08:00:00,14.69,11.8,4.79,9.6,994.0
2026-06-17 08:05:00,13.79,18.2,3.16,9.6,966.7
2026-06-17 08:10:00,11.97,18.9,3.21,9.6,969.4
2026-06-17 08:15:00,14.35,5.7,3.79,11.6,905.9
2026-06-17 08:20:00,16.75,20.1,2.41,8.7,888.7
2026-06-17 08:25:00,10.0,9.9,2.69,9.8,927.9
2026-06-17 08:30:00,10.0,24.5,2.18,10.8,963.1
2026-06-17 08:35:00,15.15,26.0,3.62,8.7,966.6
2026-06-17 08:40:00,14.35,27.1,2.59,9.1,850.0
2026-06-17 08:45:00,15.01,16.1,3.82,11.1,955.3
2026-06-17 08:50:00,13.21,16.0,2.94,11.3,995.0
2026-06-17 08:55:00,10.79,6.1,3.32,9.6,1040.4
2026-06-17 09:00:00,12.75,22.1,3.06,10.9,1007.6
2026-06-17 09:05:00,16.34,8.9,3.4,11.6,929.1
2026-06-17 09:10:00,13.32,9.3,2.99,9.6,926.8
2026-06-17 09:15:00,13.34,16.2,3.84,10.8,969.7
2026-06-17 09:20:00,10.06,11.4,3.17,9.6,982.4
2026-06-17 09:25:00,11.29,12.2,3.48,8.6,994.9
2026-06-17 09:30:00,15.67,18.3,3.26,10.0,973.9
2026-06-17 09:35:00,13.61,23.3,2.54,9.8,901.0
2026-06-17 09:40:00,15.49,21.2,3.98,9.1,894.3
2026-06-17 09:45:00,12.87,19.1,2.8,9.7,1008.4
2026-06-17 09:50:00,11.8,24.9,3.62,9.8,943.4
2026-06-17 09:55:00,13.61,18.8,3.63,10.3,911.3
2026-06-17 10:00:00,13.14,14.8,2.33,11.0,904.7
2026-06-17 10:05:00,12.75,13.4,3.14,11.0,928.3
2026-06-17 10:10:00,12.79,21.3,3.51,9.9,1013.8
2026-06-17 10:15:00,13.8,11.4,3.09,9.5,940.3
2026-06-17 10:20:00,13.26,20.1,3.1,11.3,978.9
2026-06-17 10:25:00,12.6,15.4,3.36,9.9,964.0
2026-06-17 10:30:00,16.71,13.0,3.02,9.4,947.7
2026-06-17 10:35:00,14.69,12.9,3.47,10.2,871.0
2026-06-17 10:40:00,14.24,23.8,3.17,8.2,983.5
2026-06-17 10:45:00,13.9,12.9,3.13,9.5,920.3
2026-06-17 10:50:00,15.0,16.3,2.63,9.5,883.8
2026-06-17 10:55:00,14.8,15.2,3.47,9.2,876.1
2026-06-17 11:00:00,12.45,24.4,1.69,10.4,973.6
2026-06-17 11:05:00,11.7,27.2,3.27,11.1,982.2
2026-06-17 11:10:00,10.59,23.5,3.15,11.7,858.6
2026-06-17 11:15:00,16.69,15.7,2.73,9.5,929.1
2026-06-17 11:20:00,13.33,20.1,2.35,9.7,964.6
2026-06-17 11:25:00,14.89,12.5,3.51,9.3,956.2
2026-06-17 11:30:00,14.3,19.3,3.04,10.5,929.4
2026-06-17 11:35:00,15.37,7.5,3.39,8.1,946.6
2026-06-17 11:40:00,13.9,19.4,2.08,9.6,987.9
2026-06-17 11:45:00,12.01,17.7,3.49,10.3,967.5
2026-06-17 11:50:00,12.44,20.6,3.74,9.4,975.9
2026-06-17 11:55:00,13.47,17.9,3.11,9.6,932.5
2026-06-17 12:00:00,11.62,23.0,2.61,11.0,899.1
2026-06-17 12:05:00,12.72,13.4,3.51,9.9,959.7
2026-06-17 12:10:00,12.2,22.5,2.98,11.2,982.0
2026-06-17 12:15:00,13.51,20.8,3.69,11.6,922.9
2026-06-17 12:20:00,13.26,24.5,3.15,10.5,959.3
2026-06-17 12:25:00,14.18,24.9,1.85,9.7,949.9
2026-06-17 12:30:00,15.28,12.3,1.85,11.6,883.5
2026-06-17 12:35:00,13.64,21.1,2.74,7.5,943.7
2026-06-17 12:40:00,11.75,11.0,3.54,8.4,957.0
2026-06-17 12:45:00,10.93,25.0,2.84,10.8,931.4
2026-06-17 12:50:00,14.24,12.9,3.55,12.5,993.7
2026-06-17 12:55:00,13.0,15.7,2.83,10.7,900.1
2026-06-17 13:00:00,13.76,19.3,4.42,10.2,1036.0
2026-06-17 13:05:00,14.49,22.4,3.04,9.5,949.8
2026-06-17 13:10:00,16.16,20.2,3.34,10.6,942.3
2026-06-17 13:15:00,11.38,22.6,2.58,11.2,986.6
2026-06-17 13:20:00,12.48,18.1,2.95,10.7,890.2
2026-06-17 13:25:00,13.87,19.5,3.48,10.1,1041.1
2026-06-17 13:30:00,12.29,7.4,3.28,11.0,922.7
2026-06-17 13:35:00,11.77,24.2,1.5,10.3,985.5
2026-06-17 13:40:00,15.96,16.3,3.52,10.5,950.1
2026-06-17 13:45:00,12.43,15.4,3.59,11.0,909.3
2026-06-17 13:50:00,12.04,29.6,3.52,9.1,990.7
2026-06-17 13:55:00,12.28,1.7,4.02,10.0,971.2
2026-06-17 14:00:00,15.63,18.6,3.3,10.1,1050.0
2026-06-17 14:05:00,12.96,4.6,4.77,8.8,965.5
2026-06-17 14:10:00,11.92,20.0,3.32,8.9,924.7
2026-06-17 14:15:00,12.74,13.8,1.86,9.4,875.8
2026-06-17 14:20:00,13.93,0.4,3.51,11.0,920.2
2026-06-17 14:25:00,15.34,24.5,3.81,9.8,960.3
2026-06-17 14:30:00,15.21,10.3,2.45,10.1,935.0
2026-06-17 14:35:00,12.83,23.7,2.98,10.3,980.5
2026-06-17 14:40:00,13.2,12.2,3.99,10.6,964.5
2026-06-17 14:45:00,17.15,15.2,2.89,10.5,900.1
2026-06-17 14:50:00,15.49,4.3,3.19,10.1,933.6
2026-06-17 14:55:00,13.62,20.5,3.64,9.9,915.4
2026-06-17 15:00:00,10.56,14.6,2.47,11.1,963.8
2026-06-17 15:05:00,13.31,15.8,3.21,9.5,967.2
2026-06-17 15:10:00,12.01,17.4,2.62,11.4,925.9
2026-06-17 15:15:00,12.71,8.1,3.14,9.4,884.4
2026-06-17 15:20:00,12.55,22.1,3.3,9.7,1050.0
2026-06-17 15:25:00,13.65,14.6,3.87,10.7,962.9
2026-06-17 15:30:00,14.1,31.8,3.25,12.4,962.8
2026-06-17 15:35:00,12.9,15.1,2.89,8.1,875.0
2026-06-17 15:40:00,12.08,15.7,3.94,10.9,979.0
2026-06-17 15:45:00,13.73,9.9,3.65,10.5,992.5
2026-06-17 15:50:00,13.25,8.3,2.13,9.5,963.5
2026-06-17 15:55:00,11.15,23.3,3.65,10.4,955.4
2026-06-17 16:00:00,14.91,24.4,3.18,8.8,955.4
2026-06-17 16:05:00,12.91,14.6,3.21,9.2,914.5
2026-06-17 16:10:00,13.6,18.7,3.91,10.4,922.1
2026-06-17 16:15:00,13.67,25.5,3.0,9.0,940.8
2026-06-17 16:20:00,13.98,19.7,3.72,10.2,994.0
2026-06-17 16:25:00,14.22,20.9,3.94,9.3,960.7
2026-06-17 16:30:00,12.04,18.5,3.23,9.5,920.3
2026-06-17 16:35:00,14.47,14.1,3.51,11.1,924.1
2026-06-17 16:40:00,13.48,20.3,3.59,8.8,863.5
2026-06-17 16:45:00,15.63,29.2,3.37,10.0,968.0
2026-06-17 16:50:00,15.22,14.9,3.76,10.5,941.6
2026-06-17 16:55:00,15.98,23.2,2.52,10.3,957.5
2026-06-17 17:00:00,12.59,19.1,2.8,9.4,1050.0
2026-06-17 17:05:00,15.93,14.5,2.48,10.4,932.1
2026-06-17 17:10:00,14.14,23.4,4.16,9.0,958.6
2026-06-17 17:15:00,15.04,22.7,2.15,9.5,924.8
2026-06-17 17:20:00,15.01,21.5,3.96,11.6,943.3
2026-06-17 17:25:00,14.69,28.5,3.38,10.6,911.1
2026-06-17 17:30:00,12.37,29.0,2.56,10.0,906.1
2026-06-17 17:35:00,15.43,18.3,2.43,10.4,877.8
2026-06-17 17:40:00,14.53,17.4,3.18,9.2,906.7
2026-06-17 17:45:00,11.79,9.4,3.15,10.3,959.3
2026-06-17 17:50:00,13.27,27.2,3.35,9.5,937.5
2026-06-17 17:55:00,12.18,17.6,1.88,9.4,941.2
2026-06-17 18:00:00,11.86,14.3,3.12,9.9,932.0
2026-06-17 18:05:00,15.28,12.4,2.73,9.4,956.2
2026-06-17 18:10:00,11.78,12.4,4.02,10.1,953.7
2026-06-17 18:15:00,12.02,28.6,3.34,10.4,951.2
2026-06-17 18:20:00,16.97,23.4,2.84,9.7,937.0
2026-06-17 18:25:00,13.33,9.1,4.14,7.1,979.2
2026-06-17 18:30:00,14.99,9.3,3.03,9.1,869.7
2026-06-17 18:35:00,15.69,18.7,3.13,8.9,919.4
2026-06-17 18:40:00,15.16,11.9,3.42,10.4,918.1
2026-06-17 18:45:00,14.22,16.5,3.76,9.3,975.8
2026-06-17 18:50:00,13.94,27.3,3.11,9.5,928.4
2026-06-17 18:55:00,14.81,24.4,3.99,10.8,911.1
2026-06-17 19:00:00,13.66,7.7,3.06,9.2,956.9
2026-06-17 19:05:00,15.04,11.9,2.67,10.2,982.0
2026-06-17 19:10:00,13.61,19.5,4.14,9.4,979.6
2026-06-17 19:15:00,13.78,24.8,2.94,9.5,987.2
2026-06-17 19:20:00,16.82,13.1,3.61,8.8,954.8
2026-06-17 19:25:00,13.28,20.2,3.64,9.5,961.2
2026-06-17 19:30:00,14.03,15.3,4.48,10.5,939.6
2026-06-17 19:35:00,14.65,28.5,2.92,9.0,937.0
2026-06-17 19:40:00,14.74,21.7,3.48,9.3,911.0
2026-06-17 19:45:00,14.44,16.8,2.74,12.2,977.7
2026-06-17 19:50:00,12.12,9.0,3.0,10.3,878.1
2026-06-17 19:55:00,14.24,11.6,2.81,10.3,897.7
2026-06-17 20:00:00,14.36,2.8,3.86,9.4,1024.7
2026-06-17 20:05:00,15.71,19.6,3.74,11.0,945.4
2026-06-17 20:10:00,15.11,22.0,3.38,11.2,955.6
2026-06-17 20:15:00,15.81,22.3,2.69,9.4,901.5
2026-06-17 20:20:00,12.5,14.3,2.85,11.1,969.4
2026-06-17 20:25:00,12.51,25.7,2.7,11.3,1005.0
2026-06-17 20:30:00,14.49,27.5,3.32,7.9,1008.0
2026-06-17 20:35:00,15.7,14.0,2.29,10.9,889.3
2026-06-17 20:40:00,13.7,25.1,2.89,9.2,996.7
2026-06-17 20:45:00,12.89,18.8,2.39,11.3,950.4
2026-06-17 20:50:00,11.6,14.8,3.54,9.2,850.0
2026-06-17 20:55:00,14.54,25.4,2.53,10.6,888.4
2026-06-17 21:00:00,13.83,10.8,4.45,8.2,874.8
2026-06-17 21:05:00,13.35,9.1,3.92,11.1,974.1
2026-06-17 21:10:00,15.36,15.6,3.17,10.1,942.5
2026-06-17 21:15:00,13.87,16.6,3.46,11.3,924.0
2026-06-17 21:20:00,14.0,8.1,3.58,9.3,946.2
2026-06-17 21:25:00,15.35,20.9,2.59,10.2,1020.3
2026-06-17 21:30:00,17.29,13.3,3.99,11.5,938.2
2026-06-17 21:35:00,13.33,10.1,3.22,10.0,963.1
2026-06-17 21:40:00,12.69,21.9,2.7,10.4,975.2
2026-06-17 21:45:00,12.52,15.4,3.55,10.7,901.4
2026-06-17 21:50:00,14.72,24.3,2.46,8.4,972.6
2026-06-17 21:55:00,12.36,20.8,3.57,9.5,986.8
2026-06-17 22:00:00,13.44,16.8,3.42,11.1,990.0
2026-06-17 22:05:00,13.57,24.6,2.74,8.0,944.2
2026-06-17 22:10:00,16.33,20.5,3.75,11.1,987.5
2026-06-17 22:15:00,15.79,17.9,3.62,9.4,969.6
2026-06-17 22:20:00,11.69,21.1,2.98,12.1,952.7
2026-06-17 22:25:00,16.38,21.3,3.49,10.4,986.6
2026-06-17 22:30:00,12.18,11.4,2.47,9.2,1019.8
2026-06-17 22:35:00,14.24,32.1,3.35,11.0,986.9
2026-06-17 22:40:00,12.75,18.4,2.32,11.4,947.0
2026-06-17 22:45:00,13.42,18.5,3.27,10.6,930.5
2026-06-17 22:50:00,12.53,7.5,3.72,9.6,971.1
2026-06-17 22:55:00,16.51,18.8,3.4,11.4,956.2
2026-06-17 23:00:00,13.79,19.0,4.12,9.1,994.9
2026-06-17 23:05:00,14.34,11.1,2.79,11.1,912.0
2026-06-17 23:10:00,12.39,11.8,3.51,7.6,991.5
2026-06-17 23:15:00,11.88,12.6,1.97,10.1,894.2
2026-06-17 23:20:00,13.33,16.2,2.91,9.4,943.0
2026-06-17 23:25:00,14.78,19.3,3.01,8.6,973.3
2026-06-17 23:30:00,13.82,16.7,4.15,11.3,945.5
2026-06-17 23:35:00,15.46,19.8,3.17,7.9,967.6
2026-06-17 23:40:00,14.19,22.1,3.71,11.4,1005.4
2026-06-17 23:45:00,14.01,21.3,2.62,8.5,927.3
2026-06-17 23:50:00,14.8,20.2,2.98,11.1,893.8
2026-06-17 23:55:00,14.15,19.7,2.68,9.2,904.6
2026-06-18 00:00:00,15.42,19.7,2.59,8.0,946.5
2026-06-18 00:05:00,14.83,17.1,2.65,9.5,999.8
2026-06-18 00:10:00,15.37,14.0,2.87,10.6,937.4
2026-06-18 00:15:00,15.07,17.4,4.43,9.1,1036.2
2026-06-18 00:20:00,16.04,21.9,3.13,10.3,899.1
2026-06-18 00:25:00,15.24,21.9,2.35,10.7,880.1
2026-06-18 00:30:00,16.62,21.0,2.85,11.5,959.4
2026-06-18 00:35:00,13.19,15.1,3.84,10.1,927.3
2026-06-18 00:40:00,15.25,16.7,2.79,11.2,919.9
2026-06-18 00:45:00,11.93,16.7,4.11,10.8,950.9
2026-06-18 00:50:00,15.42,14.4,3.85,9.9,900.7
2026-06-18 00:55:00,14.08,23.4,3.03,11.1,971.8
2026-06-18 01:00:00,15.41,7.0,2.92,10.9,957.8
2026-06-18 01:05:00,16.52,30.1,2.51,9.8,935.7
2026-06-18 01:10:00,15.2,30.4,3.19,10.7,958.4
2026-06-18 01:15:00,13.38,18.3,3.45,10.3,1026.5
2026-06-18 01:20:00,12.37,20.4,3.98,10.5,940.2
2026-06-18 01:25:00,14.8,23.1,3.36,11.9,930.4
2026-06-18 01:30:00,13.57,13.5,3.03,9.2,976.9
2026-06-18 01:35:00,15.0,21.4,3.99,10.3,923.5
2026-06-18 01:40:00,13.24,25.9,3.61,10.0,969.3
2026-06-18 01:45:00,12.61,7.2,2.9,10.8,982.9
2026-06-18 01:50:00,13.64,9.4,3.24,9.5,1006.0
2026-06-18 01:55:00,14.75,22.5,3.55,9.4,937.2
2026-06-18 02:00:00,14.18,16.4,3.4,9.9,897.2
2026-06-18 02:05:00,12.78,15.7,2.62,10.5,939.7
2026-06-18 02:10:00,16.7,16.0,3.33,9.5,957.1
2026-06-18 02:15:00,13.79,11.2,2.86,7.3,925.3
2026-06-18 02:20:00,10.61,15.5,3.26,9.0,955.3
2026-06-18 02:25:00,15.4,10.1,2.5,11.4,1019.7
2026-06-18 02:30:00,13.98,25.9,2.59,11.5,927.2
2026-06-18 02:35:00,13.74,18.8,4.45,9.5,917.7
2026-06-18 02:40:00,13.71,18.6,2.94,11.8,987.5
2026-06-18 02:45:00,13.72,22.0,3.83,9.7,900.4
2026-06-18 02:50:00,16.5,34.7,2.96,8.5,950.5
2026-06-18 02:55:00,14.7,11.7,2.54,9.7,929.1
2026-06-18 03:00:00,14.39,6.9,2.66,10.7,883.9
2026-06-18 03:05:00,13.61,17.8,2.73,9.4,944.3
2026-06-18 03:10:00,16.59,7.0,4.6,10.6,924.9
2026-06-18 03:15:00,15.26,16.0,3.08,10.3,970.3
2026-06-18 03:20:00,15.48,23.2,3.26,9.7,958.0
2026-06-18 03:25:00,14.42,27.2,3.52,10.8,957.0
2026-06-18 03:30:00,15.5,8.6,3.6,11.2,912.1
2026-06-18 03:35:00,14.59,12.3,3.78,10.2,927.4
2026-06-18 03:40:00,13.44,20.2,2.86,10.6,960.1
2026-06-18 03:45:00,14.55,22.5,2.44,8.5,914.4
2026-06-18 03:50:00,17.15,22.9,2.58,11.4,948.5
2026-06-18 03:55:00,14.31,26.9,2.19,9.5,964.0
2026-06-18 04:00:00,15.91,22.4,2.84,9.1,980.0
2026-06-18 04:05:00,15.79,17.3,1.5,10.9,928.4
2026-06-18 04:10:00,14.84,24.4,3.57,9.6,934.3
2026-06-18 04:15:00,16.49,18.4,3.54,9.3,957.8
2026-06-18 04:20:00,10.74,19.6,2.6,9.7,920.7
2026-06-18 04:25:00,11.25,15.0,2.4,8.8,894.7
2026-06-18 04:30:00,16.59,18.9,4.11,9.3,964.1
2026-06-18 04:35:00,13.03,8.2,3.88,11.0,939.5
2026-06-18 04:40:00,14.17,24.2,2.98,11.2,971.4
2026-06-18 04:45:00,16.63,11.9,2.86,10.1,927.1
2026-06-18 04:50:00,14.3,12.7,3.28,9.3,953.5
2026-06-18 04:55:00,16.53,4.0,2.48,10.4,877.8
2026-06-18 05:00:00,13.42,13.1,3.43,8.1,974.3
2026-06-18 05:05:00,14.92,12.2,2.54,11.2,928.5
2026-06-18 05:10:00,14.09,19.3,1.75,9.9,944.4
2026-06-18 05:15:00,16.24,10.2,2.79,9.0,943.9
2026-06-18 05:20:00,13.61,15.3,2.62,11.5,936.1
2026-06-18 05:25:00,12.55,13.9,4.32,10.0,952.6
2026-06-18 05:30:00,13.3,7.4,4.31,9.6,950.5
2026-06-18 05:35:00,13.37,19.4,2.52,12.0,958.8
2026-06-18 05:40:00,13.03,16.7,3.15,9.5,899.7
2026-06-18 05:45:00,12.97,18.2,2.8,10.7,980.9
2026-06-18 05:50:00,15.68,23.0,4.25,10.7,945.0
2026-06-18 05:55:00,16.11,18.0,2.11,9.2,963.6
2026-06-18 06:00:00,14.59,16.0,3.5,9.9,944.8
2026-06-18 06:05:00,13.03,23.5,3.91,9.7,907.4
2026-06-18 06:10:00,13.12,16.0,2.89,8.2,1050.0
2026-06-18 06:15:00,10.89,15.0,3.24,8.0,955.0
2026-06-18 06:20:00,14.57,22.0,3.79,7.8,886.9
2026-06-18 06:25:00,12.98,13.3,2.58,9.6,946.3
2026-06-18 06:30:00,16.21,25.0,3.51,9.0,934.3
2026-06-18 06:35:00,11.93,19.0,2.26,9.1,943.5
2026-06-18 06:40:00,13.11,27.4,2.15,9.6,884.6
2026-06-18 06:45:00,13.86,17.6,3.71,10.0,951.2
2026-06-18 06:50:00,14.7,23.7,2.56,9.7,915.1
2026-06-18 06:55:00,16.7,8.2,3.41,9.3,1009.0
2026-06-18 07:00:00,11.94,25.7,2.42,11.9,945.7
2026-06-18 07:05:00,13.55,22.1,3.33,9.8,978.8
2026-06-18 07:10:00,11.86,14.1,2.24,11.0,985.4
2026-06-18 07:15:00,15.18,23.2,3.93,8.8,967.9
2026-06-18 07:20:00,13.03,10.4,3.76,11.3,956.5
2026-06-18 07:25:00,13.85,15.0,2.87,9.5,993.9
2026-06-18 07:30:00,13.74,12.9,2.13,12.8,925.1
2026-06-18 07:35:00,14.17,23.5,3.02,8.7,979.9
2026-06-18 07:40:00,13.77,25.5,2.91,8.9,933.4
2026-06-18 07:45:00,12.54,15.3,2.9,9.8,953.6
2026-06-18 07:50:00,14.13,10.4,3.91,9.6,901.6
2026-06-18 07:55:00,12.81,12.1,3.99,8.8,897.8
2026-06-18 08:00:00,15.22,18.6,3.45,11.5,947.0
2026-06-18 08:05:00,14.09,18.2,4.09,11.4,992.9
2026-06-18 08:10:00,12.44,16.0,1.54,9.7,941.9
2026-06-18 08:15:00,17.61,13.0,3.07,11.0,1017.6
2026-06-18 08:20:00,16.49,27.8,2.89,11.4,965.9
2026-06-18 08:25:00,17.67,14.3,3.74,10.0,943.3
2026-06-18 08:30:00,13.49,13.0,3.06,9.3,1009.3
2026-06-18 08:35:00,12.75,24.9,3.46,11.3,1002.4
2026-06-18 08:40:00,15.21,16.3,2.93,11.1,895.5
2026-06-18 08:45:00,15.66,21.1,2.76,8.7,948.5
2026-06-18 08:50:00,14.3,12.7,3.73,11.4,970.5
2026-06-18 08:55:00,10.84,21.0,3.17,9.0,978.8
2026-06-18 09:00:00,12.53,22.4,3.34,10.4,974.4
2026-06-18 09:05:00,14.63,11.3,2.52,9.2,943.4
2026-06-18 09:10:00,13.01,14.8,3.64,10.2,937.6
2026-06-18 09:15:00,11.95,12.6,2.61,10.1,945.8
2026-06-18 09:20:00,13.61,14.8,4.26,12.2,920.0
2026-06-18 09:25:00,10.0,27.6,2.95,8.4,895.4
2026-06-18 09:30:00,13.1,19.5,2.94,9.2,970.7
2026-06-18 09:35:00,13.36,29.7,3.62,9.5,973.0
2026-06-18 09:40:00,14.47,26.9,3.08,10.3,1020.2
2026-06-18 09:45:00,14.82,24.8,3.56,9.7,926.4
2026-06-18 09:50:00,14.57,26.7,2.93,7.8,964.6
2026-06-18 09:55:00,15.35,25.0,3.56,10.7,939.8
2026-06-18 10:00:00,13.75,28.2,3.05,11.3,944.2
2026-06-18 10:05:00,11.82,21.3,3.69,10.4,924.7
2026-06-18 10:10:00,14.07,22.1,3.85,9.5,951.9
2026-06-18 10:15:00,12.69,21.9,2.21,10.2,1005.4
2026-06-18 10:20:00,11.96,15.4,3.44,8.8,932.8
2026-06-18 10:25:00,14.87,23.1,4.25,11.1,966.2
2026-06-18 10:30:00,11.88,25.5,3.5,10.5,926.2
2026-06-18 10:35:00,15.02,14.4,4.7,9.5,891.5
2026-06-18 10:40:00,12.06,12.9,2.69,10.1,943.8
2026-06-18 10:45:00,13.56,14.7,3.39,11.0,1026.6
2026-06-18 10:50:00,13.15,26.1,3.41,11.2,917.4
2026-06-18 10:55:00,15.71,16.6,2.9,9.9,911.3
2026-06-18 11:00:00,14.89,11.4,2.52,12.1,915.0
2026-06-18 11:05:00,12.76,11.8,4.56,11.4,1022.3
2026-06-18 11:10:00,13.76,12.6,3.93,10.5,994.2
2026-06-18 11:15:00,15.99,13.7,3.58,9.6,975.3
2026-06-18 11:20:00,16.24,9.6,3.31,9.6,1004.2
2026-06-18 11:25:00,11.95,21.6,3.25,10.2,986.3
2026-06-18 11:30:00,15.97,16.9,3.59,9.9,945.7
2026-06-18 11:35:00,15.86,21.2,4.03,11.7,932.0
2026-06-18 11:40:00,14.27,4.2,2.91,9.1,991.1
2026-06-18 11:45:00,13.86,24.4,3.2,10.5,954.5
2026-06-18 11:50:00,13.17,17.5,2.98,8.0,913.3
2026-06-18 11:55:00,12.12,21.0,2.54,10.4,971.0
2026-06-18 12:00:00,14.51,27.1,2.74,10.9,937.2
2026-06-18 12:05:00,13.74,20.2,3.31,11.4,994.4
2026-06-18 12:10:00,14.65,30.7,2.89,9.4,911.3
2026-06-18 12:15:00,14.69,6.7,3.33,9.3,972.7
2026-06-18 12:20:00,17.78,16.1,3.65,11.0,956.4
2026-06-18 12:25:00,15.8,7.2,4.0,11.2,957.3
2026-06-18 12:30:00,14.82,19.9,4.77,9.8,961.1
2026-06-18 12:35:00,10.79,18.5,3.66,8.0,942.3
2026-06-18 12:40:00,14.59,11.4,2.9,8.9,970.1
2026-06-18 12:45:00,16.37,31.0,3.73,9.9,961.2
2026-06-18 12:50:00,13.36,15.8,3.03,8.6,954.6
2026-06-18 12:55:00,17.29,4.8,2.91,10.7,998.3
2026-06-18 13:00:00,14.82,22.1,3.53,9.2,896.3
2026-06-18 13:05:00,14.44,22.2,4.01,9.9,973.5
2026-06-18 13:10:00,12.51,15.1,2.87,11.1,958.8
2026-06-18 13:15:00,16.26,22.7,3.34,10.4,970.1
2026-06-18 13:20:00,12.75,12.3,3.53,11.9,974.1
2026-06-18 13:25:00,13.15,15.5,2.66,11.4,976.4
2026-06-18 13:30:00,11.18,20.4,2.32,9.0,934.6
2026-06-18 13:35:00,15.34,23.5,2.3,10.6,923.9
2026-06-18 13:40:00,14.88,16.7,3.98,10.2,968.9
2026-06-18 13:45:00,14.02,15.1,2.95,11.2,1009.0
2026-06-18 13:50:00,15.11,17.8,2.82,10.5,941.7
2026-06-18 13:55:00,14.97,5.7,3.51,9.5,909.5
2026-06-18 14:00:00,13.45,16.3,4.0,10.5,981.6
2026-06-18 14:05:00,12.82,6.1,2.62,9.6,916.6
2026-06-18 14:10:00,11.43,13.0,2.12,9.4,962.5
2026-06-18 14:15:00,13.73,9.5,4.17,9.9,909.9
2026-06-18 14:20:00,12.04,21.2,3.48,10.2,938.5
2026-06-18 14:25:00,14.24,13.6,2.6,11.3,949.5
2026-06-18 14:30:00,13.76,25.4,2.86,9.5,938.2
2026-06-18 14:35:00,13.4,6.9,2.71,8.1,959.3
2026-06-18 14:40:00,15.57,16.5,3.6,9.8,962.8
2026-06-18 14:45:00,12.52,18.5,3.81,10.3,929.6
2026-06-18 14:50:00,11.23,20.9,3.57,10.2,928.0
2026-06-18 14:55:00,13.66,30.9,3.17,9.7,1000.5
2026-06-18 15:00:00,12.89,6.2,3.54,10.9,940.5
2026-06-18 15:05:00,14.18,13.5,2.8,10.3,961.8
2026-06-18 15:10:00,12.63,30.0,2.81,10.6,895.1
2026-06-18 15:15:00,14.63,12.5,3.26,8.2,1021.9
2026-06-18 15:20:00,12.54,20.7,3.01,9.8,968.3
2026-06-18 15:25:00,12.52,12.4,3.26,9.9,869.1
2026-06-18 15:30:00,14.92,9.6,2.31,11.7,909.5
2026-06-18 15:35:00,13.93,13.1,3.78,9.9,921.2
2026-06-18 15:40:00,12.22,29.9,2.44,9.3,1018.4
2026-06-18 15:45:00,12.57,11.0,2.01,9.3,1050.0
2026-06-18 15:50:00,13.44,16.2,2.79,11.0,971.3
2026-06-18 15:55:00,12.29,16.5,3.09,9.4,993.8
2026-06-18 16:00:00,13.57,23.5,4.36,9.1,999.9
2026-06-18 16:05:00,13.62,24.8,2.84,10.9,906.0
2026-06-18 16:10:00,12.62,18.6,3.32,10.4,947.1
2026-06-18 16:15:00,14.98,0.0,3.57,9.8,946.5
2026-06-18 16:20:00,12.47,12.7,2.34,8.7,1005.3
2026-06-18 16:25:00,15.87,10.8,3.21,10.6,1033.9
2026-06-18 16:30:00,13.67,25.0,2.97,10.8,1038.7
2026-06-18 16:35:00,13.01,12.5,3.31,9.0,970.0
2026-06-18 16:40:00,14.81,28.1,3.35,10.4,965.5
2026-06-18 16:45:00,14.05,20.4,3.69,9.9,932.3
2026-06-18 16:50:00,15.14,24.8,2.62,9.1,952.4
2026-06-18 16:55:00,11.0,31.5,3.35,9.6,992.6
2026-06-18 17:00:00,14.78,12.3,2.82,10.0,988.1
2026-06-18 17:05:00,13.22,8.3,2.75,8.7,972.0
2026-06-18 17:10:00,14.06,19.1,4.24,10.6,916.2
2026-06-18 17:15:00,13.87,23.7,2.05,9.3,1027.4
2026-06-18 17:20:00,16.02,14.0,2.93,9.3,968.9
2026-06-18 17:25:00,11.21,18.2,3.33,10.5,958.0
2026-06-18 17:30:00,16.42,25.3,2.77,9.5,986.0
2026-06-18 17:35:00,15.06,24.7,3.22,9.8,924.5
2026-06-18 17:40:00,14.23,14.5,2.43,9.9,920.7
2026-06-18 17:45:00,11.85,19.6,2.08,9.2,935.3
2026-06-18 17:50:00,11.49,12.4,2.73,9.5,909.6
2026-06-18 17:55:00,13.16,9.3,3.38,10.0,954.7
2026-06-18 18:00:00,14.95,26.1,3.02,10.0,868.6
2026-06-18 18:05:00,13.99,5.2,3.71,10.5,930.9
2026-06-18 18:10:00,14.87,19.1,2.33,10.6,871.3
2026-06-18 18:15:00,11.8,15.8,2.88,11.2,939.7
2026-06-18 18:20:00,14.07,21.3,3.12,8.5,941.4
2026-06-18 18:25:00,15.64,13.9,2.66,10.9,996.9
2026-06-18 18:30:00,16.18,24.8,3.21,9.7,961.5
2026-06-18 18:35:00,12.12,16.7,3.04,10.7,918.9
2026-06-18 18:40:00,13.47,26.7,3.41,10.3,934.5
2026-06-18 18:45:00,13.49,19.3,3.36,9.4,1007.3
2026-06-18 18:50:00,13.06,11.7,2.15,11.5,906.4
2026-06-18 18:55:00,15.36,21.3,4.05,10.8,1035.5
2026-06-18 19:00:00,18.0,20.5,1.87,10.4,966.8
2026-06-18 19:05:00,12.33,17.4,2.28,12.2,898.2
2026-06-18 19:10:00,14.64,13.5,3.2,9.0,908.5
2026-06-18 19:15:00,14.44,23.2,3.33,10.0,983.3
2026-06-18 19:20:00,14.48,12.2,3.09,10.6,979.5
2026-06-18 19:25:00,16.0,12.8,2.93,8.9,967.2
2026-06-18 19:30:00,14.56,21.2,3.12,9.3,954.6
2026-06-18 19:35:00,10.8,16.7,3.53,11.0,945.8
2026-06-18 19:40:00,11.84,6.2,2.63,9.5,918.8
2026-06-18 19:45:00,12.4,12.2,2.59,10.9,965.5
2026-06-18 19:50:00,12.88,20.4,2.66,9.4,1014.7
2026-06-18 19:55:00,13.79,16.4,4.01,12.0,948.8
2026-06-18 20:00:00,13.68,17.4,3.43,7.7,960.5
2026-06-18 20:05:00,11.26,19.6,3.53,11.0,991.0
2026-06-18 20:10:00,11.59,20.7,4.13,10.3,929.2
2026-06-18 20:15:00,10.82,18.7,3.67,8.5,966.5
2026-06-18 20:20:00,11.67,0.0,3.47,9.8,982.0
2026-06-18 20:25:00,15.49,17.7,4.14,8.1,920.6
2026-06-18 20:30:00,13.59,14.9,2.65,10.4,898.1
2026-06-18 20:35:00,12.57,18.2,3.04,9.4,940.9
2026-06-18 20:40:00,11.12,24.4,3.83,8.1,984.2
2026-06-18 20:45:00,12.48,11.6,1.95,10.2,891.3
2026-06-18 20:50:00,14.91,18.4,2.72,10.1,959.7
2026-06-18 20:55:00,14.71,20.9,3.65,12.1,942.6
2026-06-18 21:00:00,13.62,16.1,3.28,10.8,941.1
2026-06-18 21:05:00,13.6,10.1,3.59,7.6,962.1
2026-06-18 21:10:00,11.34,10.8,2.12,9.5,882.2
2026-06-18 21:15:00,12.84,17.8,2.7,11.1,997.6
2026-06-18 21:20:00,14.83,14.3,3.63,8.4,914.4
2026-06-18 21:25:00,12.99,6.4,2.77,9.2,964.5
2026-06-18 21:30:00,16.44,13.2,3.74,10.0,978.1
2026-06-18 21:35:00,15.81,10.2,3.45,9.5,1008.4
2026-06-18 21:40:00,13.32,22.5,2.45,11.6,948.6
2026-06-18 21:45:00,13.6,9.1,3.5,10.2,891.5
2026-06-18 21:50:00,17.33,26.5,3.56,10.0,886.4
2026-06-18 21:55:00,15.27,31.0,3.29,9.1,1001.0
2026-06-18 22:00:00,14.11,13.6,3.57,8.9,927.6
2026-06-18 22:05:00,14.28,14.3,2.2,10.1,934.9
2026-06-18 22:10:00,14.22,23.7,4.5,9.9,904.8
2026-06-18 22:15:00,13.97,24.5,4.83,8.8,934.6
2026-06-18 22:20:00,12.39,15.0,4.09,10.2,1019.8
2026-06-18 22:25:00,13.4,15.4,3.3,10.1,951.3
2026-06-18 22:30:00,11.85,15.4,2.98,9.7,917.7
2026-06-18 22:35:00,15.09,12.9,3.02,11.2,992.0
2026-06-18 22:40:00,13.8,23.5,3.62,10.0,850.3
2026-06-18 22:45:00,15.16,18.9,3.83,9.8,949.6
2026-06-18 22:50:00,12.09,13.6,2.85,11.1,935.8
2026-06-18 22:55:00,16.13,18.4,3.18,9.8,939.0
2026-06-18 23:00:00,15.95,15.7,3.98,9.6,892.5
2026-06-18 23:05:00,11.64,33.0,2.99,8.8,944.1
2026-06-18 23:10:00,13.24,16.5,3.28,10.1,934.0
2026-06-18 23:15:00,13.4,22.4,3.98,10.9,911.8
2026-06-18 23:20:00,11.84,20.6,3.9,9.6,933.9
2026-06-18 23:25:00,13.61,17.1,3.69,8.7,872.5
2026-06-18 23:30:00,14.84,20.6,2.53,11.0,1037.0
2026-06-18 23:35:00,13.3,19.3,2.55,11.1,850.0
2026-06-18 23:40:00,11.43,32.9,2.61,10.6,944.1
2026-06-18 23:45:00,15.16,17.4,2.89,10.1,943.4
2026-06-18 23:50:00,12.81,2.4,3.49,10.4,927.2
2026-06-18 23:55:00,12.97,31.1,3.01,8.4,940.5
2026-06-19 00:00:00,16.52,14.9,3.13,9.4,975.4
2026-06-19 00:05:00,14.59,18.5,3.04,10.7,899.7
2026-06-19 00:10:00,12.79,14.7,2.71,10.3,879.0
2026-06-19 00:15:00,12.22,14.4,2.96,10.9,928.7
2026-06-19 00:20:00,15.45,11.3,4.73,11.5,850.0
2026-06-19 00:25:00,15.35,6.0,3.74,8.8,915.0
2026-06-19 00:30:00,13.24,13.7,3.26,10.5,928.4
2026-06-19 00:35:00,12.11,21.1,2.27,9.7,953.7
2026-06-19 00:40:00,14.58,8.1,2.7,9.6,1001.6
2026-06-19 00:45:00,14.89,21.0,3.14,12.5,961.9
2026-06-19 00:50:00,13.44,31.9,3.88,8.4,963.7
2026-06-19 00:55:00,12.35,19.7,3.32,9.8,920.9
2026-06-19 01:00:00,14.04,9.7,3.41,9.8,925.6
2026-06-19 01:05:00,14.69,20.4,3.84,10.0,926.5
2026-06-19 01:10:00,13.27,23.7,2.56,8.0,944.9
2026-06-19 01:15:00,14.39,25.8,3.97,9.0,932.3
2026-06-19 01:20:00,14.54,19.1,2.96,10.0,962.9
2026-06-19 01:25:00,15.72,21.6,3.86,8.6,974.8
2026-06-19 01:30:00,13.37,23.1,4.15,11.0,1001.2
2026-06-19 01:35:00,12.29,21.6,2.62,10.6,961.0
2026-06-19 01:40:00,13.9,19.9,3.18,8.4,962.9
2026-06-19 01:45:00,16.53,14.2,3.71,9.8,996.3
2026-06-19 01:50:00,11.36,23.7,2.97,10.4,978.8
2026-06-19 01:55:00,10.53,14.8,3.08,8.6,935.6
2026-06-19 02:00:00,13.84,33.6,2.8,8.4,908.3
2026-06-19 02:05:00,13.43,14.2,2.12,9.0,930.8
2026-06-19 02:10:00,13.69,22.8,3.79,12.7,916.9
2026-06-19 02:15:00,13.63,10.3,2.67,11.1,954.7
2026-06-19 02:20:00,15.51,15.1,1.86,9.4,969.5
2026-06-19 02:25:00,13.94,14.5,3.86,8.7,933.7
2026-06-19 02:30:00,15.23,9.8,3.57,9.2,935.3
2026-06-19 02:35:00,10.28,14.6,2.44,11.5,850.0
2026-06-19 02:40:00,13.21,20.2,3.83,12.0,927.2
2026-06-19 02:45:00,12.78,16.5,3.61,9.2,1050.0
2026-06-19 02:50:00,10.57,25.2,3.13,10.3,994.9
2026-06-19 02:55:00,14.16,12.4,3.05,9.7,1003.2
2026-06-19 03:00:00,13.85,22.2,3.08,11.3,969.5
2026-06-19 03:05:00,13.3,14.4,3.36,8.9,987.1
2026-06-19 03:10:00,13.81,24.8,2.66,11.0,936.2
2026-06-19 03:15:00,14.16,22.7,3.82,8.7,917.5
2026-06-19 03:20:00,15.52,24.1,3.47,10.9,1009.5
2026-06-19 03:25:00,14.96,17.0,3.13,9.1,906.3
2026-06-19 03:30:00,14.49,26.0,4.17,9.7,969.6
2026-06-19 03:35:00,17.46,8.0,3.12,9.4,1021.3
2026-06-19 03:40:00,12.94,20.7,4.1,12.0,988.7
2026-06-19 03:45:00,11.96,18.8,3.37,11.0,939.7
2026-06-19 03:50:00,15.76,23.0,3.6,9.6,1001.1
2026-06-19 03:55:00,16.8,17.5,2.98,9.2,958.7
2026-06-19 04:00:00,13.05,12.1,2.14,11.3,944.6
2026-06-19 04:05:00,16.07,11.4,3.55,7.0,979.6
2026-06-19 04:10:00,13.2,17.9,2.49,10.5,914.8
2026-06-19 04:15:00,14.88,16.4,2.85,9.0,892.4
2026-06-19 04:20:00,14.96,23.1,3.19,12.3,940.6
2026-06-19 04:25:00,13.05,23.7,2.76,12.7,923.9
2026-06-19 04:30:00,16.77,18.3,3.18,10.0,891.8
2026-06-19 04:35:00,16.94,18.2,3.32,9.6,951.3
2026-06-19 04:40:00,12.47,24.4,2.25,10.1,928.3
2026-06-19 04:45:00,14.3,16.5,3.38,9.4,911.9
2026-06-19 04:50:00,15.37,16.8,2.84,9.2,949.3
2026-06-19 04:55:00,11.18,10.1,2.64,10.2,912.1
2026-06-19 05:00:00,14.04,23.3,1.95,10.6,996.4
2026-06-19 05:05:00,11.52,17.5,2.27,10.1,1021.2
2026-06-19 05:10:00,15.0,24.8,3.15,10.3,978.1
2026-06-19 05:15:00,14.13,10.8,3.3,9.4,932.9
2026-06-19 05:20:00,13.44,15.1,3.54,9.1,966.4
2026-06-19 05:25:00,11.65,23.7,4.17,9.1,923.2
2026-06-19 05:30:00,13.1,20.0,3.99,10.8,976.7
2026-06-19 05:35:00,14.78,10.9,3.87,10.1,978.9
2026-06-19 05:40:00,13.94,23.5,3.86,10.2,981.5
2026-06-19 05:45:00,15.79,10.2,3.39,10.3,935.3
2026-06-19 05:50:00,15.69,23.0,3.25,9.9,978.3
2026-06-19 05:55:00,15.63,12.1,4.18,10.1,969.7
2026-06-19 06:00:00,13.19,25.3,3.26,11.3,960.5
2026-06-19 06:05:00,14.44,18.7,3.34,10.8,953.6
2026-06-19 06:10:00,12.55,20.1,3.88,9.8,907.1
2026-06-19 06:15:00,12.11,17.5,3.04,9.5,966.7
2026-06-19 06:20:00,15.77,18.5,3.11,11.0,938.8
2026-06-19 06:25:00,12.22,18.5,2.38,10.3,898.7
2026-06-19 06:30:00,12.06,22.2,2.88,9.7,921.7
2026-06-19 06:35:00,14.16,17.6,3.01,8.7,967.2
2026-06-19 06:40:00,13.59,26.8,2.95,11.7,930.7
2026-06-19 06:45:00,13.72,13.6,3.73,8.9,927.1
2026-06-19 06:50:00,17.46,23.2,2.54,10.3,866.8
2026-06-19 06:55:00,12.51,21.4,4.06,11.8,993.6
2026-06-19 07:00:00,14.74,25.4,1.89,9.7,905.9
2026-06-19 07:05:00,14.13,18.7,3.55,10.0,952.4
2026-06-19 07:10:00,15.51,20.0,3.67,10.9,931.2
2026-06-19 07:15:00,12.82,19.9,3.6,8.8,960.6
2026-06-19 07:20:00,13.66,10.7,3.93,8.3,959.9
2026-06-19 07:25:00,14.17,20.4,3.05,9.6,941.8
2026-06-19 07:30:00,11.85,35.0,3.78,10.1,961.2
2026-06-19 07:35:00,11.29,27.7,2.69,10.1,950.8
2026-06-19 07:40:00,13.97,13.3,2.88,11.4,895.1
2026-06-19 07:45:00,16.01,7.2,4.55,9.1,998.3
2026-06-19 07:50:00,13.47,18.3,3.3,9.9,1010.8
2026-06-19 07:55:00,13.68,24.5,3.71,11.5,914.8
2026-06-19 08:00:00,15.73,17.8,3.5,9.7,888.1
2026-06-19 08:05:00,13.78,29.3,3.52,12.0,1000.1
2026-06-19 08:10:00,15.17,13.3,2.04,9.8,907.1
2026-06-19 08:15:00,18.0,19.3,3.41,9.3,1001.8
2026-06-19 08:20:00,13.13,17.3,3.22,10.0,996.6
2026-06-19 08:25:00,13.73,22.4,3.74,10.3,943.7
2026-06-19 08:30:00,14.59,22.8,2.67,9.6,943.0
2026-06-19 08:35:00,16.24,25.1,3.84,10.4,910.3
2026-06-19 08:40:00,13.83,17.3,2.48,9.9,952.6
2026-06-19 08:45:00,15.09,25.5,2.85,11.3,969.6
2026-06-19 08:50:00,14.52,20.1,2.23,10.5,964.5
2026-06-19 08:55:00,13.89,26.2,2.47,10.0,974.5
2026-06-19 09:00:00,13.37,27.0,3.11,9.7,992.4
2026-06-19 09:05:00,13.09,18.1,4.02,10.8,948.1
2026-06-19 09:10:00,18.0,14.0,3.26,10.0,1050.0
2026-06-19 09:15:00,11.69,19.2,2.42,9.5,967.9
2026-06-19 09:20:00,11.83,23.9,1.87,9.3,965.9
2026-06-19 09:25:00,14.37,9.0,3.69,10.7,965.6
2026-06-19 09:30:00,14.3,15.0,2.84,9.5,966.2
2026-06-19 09:35:00,14.64,22.1,2.84,9.7,966.0
2026-06-19 09:40:00,12.69,2.5,4.0,10.6,991.8
2026-06-19 09:45:00,12.46,11.8,3.18,11.1,850.0
2026-06-19 09:50:00,13.57,14.3,3.06,10.6,940.3
2026-06-19 09:55:00,15.36,17.5,3.3,10.9,884.1
2026-06-19 10:00:00,12.47,16.1,4.11,10.7,1004.6
2026-06-19 10:05:00,14.23,16.2,3.37,10.0,893.6
2026-06-19 10:10:00,13.23,10.0,1.98,10.4,918.4
2026-06-19 10:15:00,11.71,28.6,2.6,11.8,923.4
2026-06-19 10:20:00,12.08,14.4,3.07,9.8,901.5
2026-06-19 10:25:00,15.37,6.6,3.83,8.9,937.8
2026-06-19 10:30:00,13.09,24.8,2.39,7.5,866.1
2026-06-19 10:35:00,15.87,13.3,3.34,11.9,1011.1
2026-06-19 10:40:00,13.94,10.7,3.22,12.0,966.9
2026-06-19 10:45:00,11.95,22.1,3.77,9.0,919.5
2026-06-19 10:50:00,14.72,14.9,2.63,11.3,972.9
2026-06-19 10:55:00,12.8,19.0,3.29,11.0,963.0
2026-06-19 11:00:00,13.43,14.2,4.16,10.6,912.3
2026-06-19 11:05:00,15.7,15.2,3.77,10.5,978.3
2026-06-19 11:10:00,12.07,12.0,3.62,9.3,941.5
2026-06-19 11:15:00,13.33,10.7,3.09,10.1,995.3
2026-06-19 11:20:00,12.37,35.0,3.12,10.3,930.6
2026-06-19 11:25:00,12.21,13.0,3.18,10.1,895.9
2026-06-19 11:30:00,13.29,9.2,3.8,9.9,989.1
2026-06-19 11:35:00,12.71,24.8,3.45,11.3,940.8
2026-06-19 11:40:00,13.59,19.6,2.81,11.0,949.0
2026-06-19 11:45:00,14.96,18.1,4.25,10.9,960.6
2026-06-19 11:50:00,12.87,15.1,3.95,10.9,910.7
2026-06-19 11:55:00,11.8,15.6,2.7,10.2,938.3
2026-06-19 12:00:00,14.96,16.2,3.01,11.2,928.6
2026-06-19 12:05:00,12.86,24.8,3.04,8.8,934.2
2026-06-19 12:10:00,16.74,16.5,3.7,10.1,1000.0
2026-06-19 12:15:00,13.39,24.9,2.65,10.7,919.0
2026-06-19 12:20:00,13.8,17.7,2.8,10.5,917.0
2026-06-19 12:25:00,10.54,16.8,3.74,10.4,1006.0
2026-06-19 12:30:00,12.26,11.9,3.6,10.9,910.6
2026-06-19 12:35:00,10.58,30.9,1.9,11.4,952.6
2026-06-19 12:40:00,14.44,18.1,3.59,8.9,977.4
2026-06-19 12:45:00,13.88,18.0,2.32,10.3,977.1
2026-06-19 12:50:00,14.95,29.2,2.71,9.3,893.8
2026-06-19 12:55:00,15.21,20.5,2.96,11.1,921.4
2026-06-19 13:00:00,15.44,21.2,2.89,10.7,880.2
2026-06-19 13:05:00,13.66,18.4,2.81,9.0,983.3
2026-06-19 13:10:00,14.13,13.4,2.62,10.0,992.0
2026-06-19 13:15:00,14.87,25.3,3.43,8.5,990.3
2026-06-19 13:20:00,12.81,9.5,2.32,10.9,949.0
2026-06-19 13:25:00,12.59,12.1,2.94,9.5,940.7
2026-06-19 13:30:00,16.31,13.3,3.72,8.9,927.5
2026-06-19 13:35:00,11.29,19.5,3.42,9.7,889.1
2026-06-19 13:40:00,14.75,17.9,2.37,10.6,970.8
2026-06-19 13:45:00,14.51,6.8,2.15,10.3,911.2
2026-06-19 13:50:00,12.32,31.9,2.41,9.5,868.2
2026-06-19 13:55:00,13.0,22.6,1.85,9.9,1002.6
2026-06-19 14:00:00,13.46,15.1,3.28,9.7,925.3
2026-06-19 14:05:00,14.33,20.6,2.9,9.1,959.8
2026-06-19 14:10:00,14.53,20.7,2.94,8.1,944.2
2026-06-19 14:15:00,13.95,16.0,3.53,10.0,995.3
2026-06-19 14:20:00,14.28,20.4,3.7,10.6,891.1
2026-06-19 14:25:00,14.99,20.4,3.32,10.0,980.5
2026-06-19 14:30:00,14.92,24.5,3.0,12.0,948.1
2026-06-19 14:35:00,16.3,18.4,2.77,9.4,968.2
2026-06-19 14:40:00,15.56,19.9,2.97,10.0,933.8
2026-06-19 14:45:00,14.03,16.7,3.34,10.5,935.1
2026-06-19 14:50:00,14.96,15.4,3.78,10.4,986.8
2026-06-19 14:55:00,14.64,13.4,2.41,9.7,920.0
2026-06-19 15:00:00,14.25,13.2,2.57,9.9,928.9
2026-06-19 15:05:00,12.7,15.2,3.22,9.9,940.3
2026-06-19 15:10:00,14.24,16.6,1.95,10.7,892.0
2026-06-19 15:15:00,10.9,24.0,3.31,9.3,939.3
2026-06-19 15:20:00,15.61,15.7,3.86,7.6,941.7
2026-06-19 15:25:00,14.53,16.0,4.64,9.7,977.5
2026-06-19 15:30:00,13.76,16.2,3.27,11.7,928.9
2026-06-19 15:35:00,13.37,17.7,3.72,10.8,874.6
2026-06-19 15:40:00,14.98,28.2,3.11,8.4,951.3
2026-06-19 15:45:00,16.76,15.7,4.19,10.7,930.9
2026-06-19 15:50:00,14.56,21.4,2.91,10.2,902.5
2026-06-19 15:55:00,16.85,20.1,3.38,9.6,962.9
2026-06-19 16:00:00,15.18,18.4,3.56,8.9,964.5
2026-06-19 16:05:00,12.79,12.3,3.49,9.2,974.4
2026-06-19 16:10:00,14.73,21.1,2.71,9.4,965.1
2026-06-19 16:15:00,14.59,6.4,2.49,11.8,979.4
2026-06-19 16:20:00,12.79,11.9,3.87,10.6,963.4
2026-06-19 16:25:00,13.39,14.8,3.38,9.3,1030.9
2026-06-19 16:30:00,13.36,16.7,3.26,9.5,1008.9
2026-06-19 16:35:00,14.15,18.5,3.73,10.0,959.5
2026-06-19 16:40:00,13.58,26.3,3.62,9.6,881.0
2026-06-19 16:45:00,14.4,21.8,3.38,10.0,1024.8
2026-06-19 16:50:00,14.65,19.0,3.57,9.9,939.3
2026-06-19 16:55:00,15.9,16.0,2.91,10.1,975.1
2026-06-19 17:00:00,14.82,16.0,3.54,8.0,968.9
2026-06-19 17:05:00,12.95,11.2,2.33,10.8,945.3
2026-06-19 17:10:00,17.17,5.4,3.34,9.4,930.8
2026-06-19 17:15:00,12.96,10.3,3.72,10.9,936.2
2026-06-19 17:20:00,13.42,25.0,2.7,12.2,850.0
2026-06-19 17:25:00,14.9,13.7,3.33,8.5,903.3
2026-06-19 17:30:00,18.0,14.9,3.41,10.1,930.4
2026-06-19 17:35:00,14.6,24.1,2.6,9.6,952.0
2026-06-19 17:40:00,13.04,2.1,4.04,10.4,973.7
2026-06-19 17:45:00,11.54,14.5,3.43,7.9,927.0
2026-06-19 17:50:00,11.44,11.4,2.26,9.6,977.3
2026-06-19 17:55:00,14.02,19.8,3.24,9.2,940.9
2026-06-19 18:00:00,14.82,21.3,4.04,11.6,935.6
2026-06-19 18:05:00,11.87,21.4,3.16,11.9,952.1
2026-06-19 18:10:00,14.33,27.0,2.72,9.7,979.4
2026-06-19 18:15:00,12.03,21.3,2.84,8.9,940.6
2026-06-19 18:20:00,12.61,19.5,3.09,9.2,964.6
2026-06-19 18:25:00,14.95,32.6,2.33,10.0,979.8
2026-06-19 18:30:00,12.88,5.2,4.17,8.6,971.8
2026-06-19 18:35:00,15.97,31.2,3.62,10.5,923.3
2026-06-19 18:40:00,13.12,28.5,3.74,9.8,930.8
2026-06-19 18:45:00,15.66,17.1,2.31,10.4,973.3
2026-06-19 18:50:00,17.4,13.8,3.32,10.4,944.6
2026-06-19 18:55:00,12.88,14.1,3.89,11.4,918.8
2026-06-19 19:00:00,17.7,16.3,2.65,10.6,951.8
2026-06-19 19:05:00,14.02,25.2,3.08,10.3,981.1
2026-06-19 19:10:00,13.05,3.2,2.69,10.2,986.6
2026-06-19 19:15:00,13.56,30.1,3.58,8.0,990.8
2026-06-19 19:20:00,13.39,18.0,3.07,10.2,951.3
2026-06-19 19:25:00,16.1,25.1,3.07,10.6,965.3
2026-06-19 19:30:00,15.98,10.6,2.6,9.9,994.2
2026-06-19 19:35:00,15.96,22.3,4.09,11.7,924.5
2026-06-19 19:40:00,12.05,20.3,3.21,8.5,989.1
2026-06-19 19:45:00,14.28,21.4,3.64,9.3,977.9
2026-06-19 19:50:00,11.68,13.8,3.47,9.4,978.1
2026-06-19 19:55:00,15.52,15.7,2.68,10.0,882.4
2026-06-19 20:00:00,13.27,10.6,2.29,9.4,928.0
2026-06-19 20:05:00,14.75,22.6,3.04,8.8,925.3
2026-06-19 20:10:00,13.25,26.1,3.78,9.6,1006.9
2026-06-19 20:15:00,11.37,19.7,2.0,11.0,914.6
2026-06-19 20:20:00,15.33,1.9,4.53,10.8,907.3
2026-06-19 20:25:00,15.44,26.1,3.62,9.3,901.4
2026-06-19 20:30:00,14.21,18.7,3.31,9.6,935.1
2026-06-19 20:35:00,10.83,2.1,3.29,9.2,966.1
2026-06-19 20:40:00,15.13,7.8,3.82,8.7,1023.4
2026-06-19 20:45:00,12.89,11.7,2.53,10.4,934.7
2026-06-19 20:50:00,14.77,18.0,3.47,8.7,919.7
2026-06-19 20:55:00,13.26,11.9,3.45,10.7,1012.4
2026-06-19 21:00:00,13.42,12.7,4.33,11.8,1018.5
2026-06-19 21:05:00,14.75,23.5,2.93,10.4,879.6
2026-06-19 21:10:00,12.77,25.1,3.16,10.6,929.3
2026-06-19 21:15:00,13.75,23.7,3.1,10.6,958.6
2026-06-19 21:20:00,14.76,8.2,2.99,9.5,957.5
2026-06-19 21:25:00,17.25,23.7,4.03,10.4,1038.6
2026-06-19 21:30:00,13.89,15.1,2.64,10.3,928.0
2026-06-19 21:35:00,15.26,29.8,2.17,9.4,904.1
2026-06-19 21:40:00,12.24,19.6,3.33,7.5,919.0
2026-06-19 21:45:00,16.54,25.3,2.69,9.0,993.6
2026-06-19 21:50:00,12.79,21.3,3.32,9.1,949.5
2026-06-19 21:55:00,13.8,20.6,3.55,10.5,1014.0
2026-06-19 22:00:00,14.77,15.8,3.31,8.5,975.8
2026-06-19 22:05:00,12.83,25.2,3.14,11.9,922.9
2026-06-19 22:10:00,15.62,23.6,1.91,11.6,984.5
2026-06-19 22:15:00,13.01,16.0,3.56,11.1,998.1
2026-06-19 22:20:00,15.25,15.4,3.34,9.5,1008.3
2026-06-19 22:25:00,15.6,13.7,4.37,7.9,893.9
2026-06-19 22:30:00,14.87,22.9,3.83,10.8,961.2
2026-06-19 22:35:00,15.06,19.4,2.3,9.3,905.4
2026-06-19 22:40:00,17.8,19.7,3.82,10.8,938.2
2026-06-19 22:45:00,14.62,15.8,2.44,10.6,940.7
2026-06-19 22:50:00,14.16,26.7,3.61,9.6,961.3
2026-06-19 22:55:00,14.5,9.1,4.16,8.8,969.2
2026-06-19 23:00:00,15.91,22.7,4.27,10.2,925.9
2026-06-19 23:05:00,17.49,23.9,2.9,8.4,998.7
2026-06-19 23:10:00,13.75,16.1,3.64,10.3,1003.3
2026-06-19 23:15:00,12.63,9.3,3.89,10.5,957.5
2026-06-19 23:20:00,15.74,20.3,3.46,9.3,1019.0
2026-06-19 23:25:00,11.96,25.2,2.13,8.5,946.8
2026-06-19 23:30:00,14.39,28.6,3.19,11.6,876.0
2026-06-19 23:35:00,14.46,21.9,3.5,9.5,913.1
2026-06-19 23:40:00,13.84,14.3,3.24,9.8,932.2
2026-06-19 23:45:00,13.93,22.2,2.64,11.1,986.8
2026-06-19 23:50:00,11.52,21.0,3.05,9.4,910.7
2026-06-19 23:55:00,12.7,19.9,3.72,9.2,947.6
2026-06-20 00:00:00,15.41,12.7,3.49,12.0,1049.2
2026-06-20 00:05:00,10.94,21.6,3.44,9.3,959.3
2026-06-20 00:10:00,13.87,20.8,3.02,11.2,1014.3
2026-06-20 00:15:00,13.53,32.6,3.31,10.2,902.1
2026-06-20 00:20:00,11.01,18.5,1.93,10.1,869.1
2026-06-20 00:25:00,16.54,28.2,3.07,9.5,885.6
2026-06-20 00:30:00,12.45,26.3,2.89,9.8,993.3
2026-06-20 00:35:00,14.82,18.3,3.21,11.8,940.7
2026-06-20 00:40:00,13.3,25.4,2.42,10.9,936.9
2026-06-20 00:45:00,12.73,13.3,3.47,8.6,1018.9
2026-06-20 00:50:00,13.65,16.8,4.36,9.0,993.5
2026-06-20 00:55:00,13.47,14.8,3.28,10.4,968.7
2026-06-20 01:00:00,13.72,17.1,3.24,10.6,997.9
2026-06-20 01:05:00,12.82,6.0,4.82,10.8,943.9
2026-06-20 01:10:00,12.48,28.8,2.52,9.9,964.0
2026-06-20 01:15:00,15.51,16.2,3.52,9.2,901.5
2026-06-20 01:20:00,14.01,22.7,4.1,9.2,919.4
2026-06-20 01:25:00,13.91,19.5,2.95,7.7,939.3
2026-06-20 01:30:00,12.66,16.4,3.73,11.6,949.0
2026-06-20 01:35:00,16.36,10.3,3.38,7.4,989.5
2026-06-20 01:40:00,13.87,12.5,2.61,9.8,999.5
2026-06-20 01:45:00,11.16,16.6,3.12,8.2,1050.0
2026-06-20 01:50:00,14.41,15.2,3.21,9.4,1042.0
2026-06-20 01:55:00,12.85,12.2,2.88,10.6,995.8
2026-06-20 02:00:00,15.37,13.9,2.28,7.7,890.5
2026-06-20 02:05:00,15.56,20.8,2.93,10.4,1007.3
2026-06-20 02:10:00,15.38,23.3,2.25,10.9,1025.7
2026-06-20 02:15:00,13.31,11.0,3.6,9.6,955.6
2026-06-20 02:20:00,13.83,12.7,3.58,12.7,882.2
2026-06-20 02:25:00,14.37,19.3,2.42,7.8,958.3
2026-06-20 02:30:00,15.34,17.0,3.26,8.3,985.8
2026-06-20 02:35:00,12.44,15.8,2.42,9.7,959.8
2026-06-20 02:40:00,14.14,23.5,2.93,9.7,933.8
2026-06-20 02:45:00,16.8,19.1,2.79,10.1,947.0
2026-06-20 02:50:00,13.2,8.3,3.59,10.9,1001.7
2026-06-20 02:55:00,13.96,13.2,2.28,8.7,969.0
2026-06-20 03:00:00,17.92,8.0,3.89,8.6,1008.9
2026-06-20 03:05:00,13.64,16.9,3.95,9.3,993.6
2026-06-20 03:10:00,11.69,10.0,3.19,11.0,942.2
2026-06-20 03:15:00,13.91,7.4,2.5,10.8,983.6
2026-06-20 03:20:00,16.51,5.7,2.07,9.9,1010.1
2026-06-20 03:25:00,15.59,29.9,3.74,9.5,956.0
2026-06-20 03:30:00,12.53,9.8,4.47,9.8,976.9
2026-06-20 03:35:00,14.62,16.1,3.25,10.4,889.2
2026-06-20 03:40:00,13.74,18.4,2.5,10.1,932.3
2026-06-20 03:45:00,15.22,18.7,2.54,8.6,944.1
2026-06-20 03:50:00,13.08,21.7,3.87,8.5,909.1
2026-06-20 03:55:00,14.74,17.7,3.3,9.7,955.3
2026-06-20 04:00:00,16.87,15.3,2.65,10.7,1017.9
2026-06-20 04:05:00,10.08,19.3,4.57,8.9,962.4
2026-06-20 04:10:00,14.89,19.3,3.81,10.4,1003.5
2026-06-20 04:15:00,15.98,18.3,3.53,8.2,978.4
2026-06-20 04:20:00,11.67,21.8,2.83,10.1,1018.8
2026-06-20 04:25:00,12.92,14.2,3.98,9.2,947.5
2026-06-20 04:30:00,13.41,16.8,3.74,7.9,923.2
2026-06-20 04:35:00,12.9,10.0,3.22,9.5,981.3
2026-06-20 04:40:00,12.79,16.5,3.87,8.7,887.3
2026-06-20 04:45:00,13.44,14.2,3.87,9.7,973.9
2026-06-20 04:50:00,15.28,24.3,3.3,10.4,861.7
2026-06-20 04:55:00,16.23,9.2,2.6,10.5,915.1
2026-06-20 05:00:00,15.95,15.1,2.62,8.0,964.0
2026-06-20 05:05:00,15.49,14.9,2.28,10.6,899.1
2026-06-20 05:10:00,16.75,22.0,3.95,10.4,933.6
2026-06-20 05:15:00,17.05,10.3,2.4,9.6,897.5
2026-06-20 05:20:00,14.25,18.0,3.22,8.7,978.5
2026-06-20 05:25:00,16.15,18.5,2.24,9.6,995.4
2026-06-20 05:30:00,14.64,23.5,4.15,11.6,950.1
2026-06-20 05:35:00,13.68,12.9,2.55,10.6,1037.9
2026-06-20 05:40:00,13.93,10.2,3.47,11.0,940.6
2026-06-20 05:45:00,15.52,20.9,2.23,9.0,896.6
2026-06-20 05:50:00,16.2,9.6,3.81,9.5,892.9
2026-06-20 05:55:00,14.87,14.9,3.88,8.7,944.2
2026-06-20 06:00:00,13.41,16.6,3.22,9.3,962.9
2026-06-20 06:05:00,13.27,21.7,3.12,11.4,1049.9
2026-06-20 06:10:00,11.22,8.7,3.78,9.6,907.2
2026-06-20 06:15:00,14.54,16.2,2.85,9.3,924.7
2026-06-20 06:20:00,14.44,18.2,3.85,10.2,969.1
2026-06-20 06:25:00,12.43,12.8,3.43,9.4,953.9
2026-06-20 06:30:00,14.71,15.9,2.28,10.1,925.9
2026-06-20 06:35:00,14.68,23.3,4.25,9.4,948.3
2026-06-20 06:40:00,11.77,15.0,3.34,10.2,904.6
2026-06-20 06:45:00,13.52,15.8,3.02,9.6,932.1
2026-06-20 06:50:00,16.11,23.3,3.25,8.9,905.6
2026-06-20 06:55:00,13.05,16.7,2.78,11.1,991.7
2026-06-20 07:00:00,14.03,26.0,3.03,11.8,979.7
2026-06-20 07:05:00,14.24,8.2,3.77,10.5,947.9
2026-06-20 07:10:00,13.96,16.4,3.63,8.5,950.6
2026-06-20 07:15:00,15.03,22.7,3.53,9.8,958.9
2026-06-20 07:20:00,15.4,13.7,2.88,10.2,931.8
2026-06-20 07:25:00,15.9,16.6,2.7,8.3,882.4
2026-06-20 07:30:00,13.53,25.6,3.36,9.5,936.4
2026-06-20 07:35:00,14.79,13.4,3.71,8.6,969.5
2026-06-20 07:40:00,15.26,20.9,2.73,9.0,988.1
2026-06-20 07:45:00,13.82,22.5,3.02,10.3,952.9
2026-06-20 07:50:00,12.92,18.5,3.43,10.0,925.9
2026-06-20 07:55:00,14.22,18.2,3.14,8.9,972.4
2026-06-20 08:00:00,13.09,11.9,3.96,9.9,957.0
2026-06-20 08:05:00,12.94,22.4,2.37,9.6,908.4
2026-06-20 08:10:00,14.33,10.5,2.4,10.9,878.0
2026-06-20 08:15:00,13.72,20.3,3.83,7.9,928.5
2026-06-20 08:20:00,14.26,14.9,3.6,9.3,1011.0
2026-06-20 08:25:00,11.67,15.6,3.28,11.5,972.2
2026-06-20 08:30:00,13.74,16.8,3.01,8.8,1009.4
2026-06-20 08:35:00,10.61,21.0,3.45,8.9,948.6
2026-06-20 08:40:00,12.43,27.4,3.22,9.5,948.5
2026-06-20 08:45:00,13.87,18.7,3.37,11.3,850.0
2026-06-20 08:50:00,15.82,13.7,3.2,10.4,873.5
2026-06-20 08:55:00,14.81,9.4,3.61,8.9,968.4
2026-06-20 09:00:00,14.14,25.0,3.68,9.9,957.7
2026-06-20 09:05:00,13.43,19.1,3.73,9.6,859.3
2026-06-20 09:10:00,13.62,16.6,3.49,10.4,955.3
2026-06-20 09:15:00,15.96,18.4,3.19,10.0,990.2
2026-06-20 09:20:00,12.34,22.6,3.42,10.2,962.6
2026-06-20 09:25:00,12.91,15.5,3.94,9.7,928.7
2026-06-20 09:30:00,15.6,14.0,3.15,11.3,850.4
2026-06-20 09:35:00,13.48,10.1,3.12,10.0,966.2
2026-06-20 09:40:00,16.91,11.5,3.56,9.4,914.4
2026-06-20 09:45:00,15.04,15.9,3.66,11.1,970.4
2026-06-20 09:50:00,15.73,24.4,3.08,10.6,977.9
2026-06-20 09:55:00,11.56,14.9,3.5,9.1,986.8
2026-06-20 10:00:00,15.59,19.6,2.68,7.0,965.2
2026-06-20 10:05:00,12.73,24.7,3.13,10.5,936.2
2026-06-20 10:10:00,15.07,20.3,4.11,9.6,973.4
2026-06-20 10:15:00,13.45,29.8,3.45,10.0,909.4
2026-06-20 10:20:00,14.33,18.4,2.81,11.2,1002.8
2026-06-20 10:25:00,12.34,17.1,2.9,9.0,922.7
2026-06-20 10:30:00,11.42,15.7,2.48,8.9,1022.5
2026-06-20 10:35:00,14.23,30.0,4.05,8.6,940.0
2026-06-20 10:40:00,13.56,25.3,2.53,12.2,969.8
2026-06-20 10:45:00,12.66,9.2,1.77,11.2,955.0
2026-06-20 10:50:00,11.48,30.7,2.23,10.7,878.0
2026-06-20 10:55:00,10.0,21.0,3.2,8.1,971.5
2026-06-20 11:00:00,14.79,18.8,2.76,8.6,919.2
2026-06-20 11:05:00,13.62,21.1,3.25,10.7,945.2
2026-06-20 11:10:00,13.09,12.2,3.46,10.4,951.9
2026-06-20 11:15:00,14.32,19.2,2.81,9.7,908.8
2026-06-20 11:20:00,15.52,16.1,2.67,8.6,925.8
2026-06-20 11:25:00,14.4,15.8,3.77,11.1,1000.2
2026-06-20 11:30:00,13.34,23.8,3.32,11.8,897.3
2026-06-20 11:35:00,17.2,16.4,1.61,10.4,973.6
2026-06-20 11:40:00,13.05,18.6,2.27,9.2,934.9
2026-06-20 11:45:00,11.89,20.0,2.1,11.5,990.0
2026-06-20 11:50:00,14.15,23.7,3.05,10.2,978.2
2026-06-20 11:55:00,13.62,25.6,3.25,11.6,922.2
2026-06-20 12:00:00,15.42,18.1,3.1,9.6,977.4
2026-06-20 12:05:00,13.21,15.7,2.85,12.1,927.2
2026-06-20 12:10:00,13.75,29.4,3.7,9.6,1018.4
2026-06-20 12:15:00,12.7,2.5,3.55,9.3,954.8
2026-06-20 12:20:00,15.21,23.2,2.6,10.8,936.5
2026-06-20 12:25:00,14.22,17.1,2.7,9.9,933.2
2026-06-20 12:30:00,13.59,21.4,2.71,10.4,935.8
2026-06-20 12:35:00,13.78,18.2,2.99,9.0,938.3
2026-06-20 12:40:00,13.97,25.7,3.14,9.0,978.7
2026-06-20 12:45:00,11.84,20.5,3.42,9.6,930.1
2026-06-20 12:50:00,15.74,9.5,2.79,10.4,916.4
2026-06-20 12:55:00,15.66,9.2,2.47,9.2,992.9
2026-06-20 13:00:00,14.06,16.7,3.45,11.1,1004.4
2026-06-20 13:05:00,13.9,21.6,3.66,9.9,918.8
2026-06-20 13:10:00,12.51,25.8,4.15,11.7,938.3
2026-06-20 13:15:00,16.59,14.0,3.48,8.9,999.7
2026-06-20 13:20:00,16.23,4.7,2.89,10.3,968.4
2026-06-20 13:25:00,14.59,20.6,3.54,10.5,1013.9
2026-06-20 13:30:00,15.23,18.3,3.11,10.3,977.9
2026-06-20 13:35:00,15.85,18.9,2.38,10.0,969.4
2026-06-20 13:40:00,15.54,11.4,3.24,10.8,935.5
2026-06-20 13:45:00,12.72,25.2,3.3,8.8,910.9
2026-06-20 13:50:00,13.53,13.1,4.11,10.3,901.7
2026-06-20 13:55:00,14.7,19.8,3.22,9.0,948.8
2026-06-20 14:00:00,14.3,19.7,2.69,9.4,1006.3
2026-06-20 14:05:00,15.13,21.3,2.03,10.3,908.1
2026-06-20 14:10:00,14.97,13.5,2.51,10.9,945.1
2026-06-20 14:15:00,14.37,12.5,2.67,8.6,883.6
2026-06-20 14:20:00,10.09,23.1,4.15,11.7,1005.4
2026-06-20 14:25:00,15.76,21.3,3.05,11.0,917.6
2026-06-20 14:30:00,15.26,20.0,3.13,10.0,1040.7
2026-06-20 14:35:00,17.1,24.8,3.79,8.9,968.5
2026-06-20 14:40:00,13.28,20.1,3.54,11.5,1011.7
2026-06-20 14:45:00,11.24,15.8,3.06,10.5,880.6
2026-06-20 14:50:00,13.73,21.1,3.86,10.5,850.9
2026-06-20 14:55:00,14.69,20.7,2.76,9.3,934.6
2026-06-20 15:00:00,13.34,20.9,3.34,10.2,951.7
2026-06-20 15:05:00,16.06,12.7,2.5,9.4,975.0
2026-06-20 15:10:00,13.01,12.1,3.41,11.2,1011.6
2026-06-20 15:15:00,13.85,23.3,3.76,11.2,937.6
2026-06-20 15:20:00,13.63,17.1,3.73,9.8,933.0
2026-06-20 15:25:00,18.0,6.3,3.86,9.4,940.9
2026-06-20 15:30:00,12.64,9.8,5.01,10.8,964.6
2026-06-20 15:35:00,14.88,10.1,3.12,10.7,900.3
2026-06-20 15:40:00,12.2,24.4,2.59,8.8,878.1
2026-06-20 15:45:00,14.51,17.7,3.48,9.7,963.0
2026-06-20 15:50:00,12.57,18.2,2.67,12.2,895.9
2026-06-20 15:55:00,15.65,15.9,2.54,10.0,995.7
2026-06-20 16:00:00,15.36,11.6,3.11,10.2,861.6
2026-06-20 16:05:00,14.41,22.6,4.34,10.5,918.6
2026-06-20 16:10:00,11.91,21.9,3.57,9.4,895.9
2026-06-20 16:15:00,13.92,13.8,3.47,10.8,923.1
2026-06-20 16:20:00,13.54,26.4,2.11,10.4,914.8
2026-06-20 16:25:00,15.25,22.5,2.78,11.1,995.0
2026-06-20 16:30:00,12.65,12.9,4.11,8.3,1050.0
2026-06-20 16:35:00,15.73,16.3,3.06,10.4,901.0
2026-06-20 16:40:00,15.45,15.8,4.54,10.2,922.3
2026-06-20 16:45:00,11.94,19.9,3.45,8.6,944.2
2026-06-20 16:50:00,13.67,9.4,3.2,9.7,907.6
2026-06-20 16:55:00,13.92,13.8,3.05,10.4,972.3
2026-06-20 17:00:00,15.51,22.8,3.11,10.1,894.6
2026-06-20 17:05:00,12.97,8.5,2.42,10.0,974.4
2026-06-20 17:10:00,14.31,16.8,3.8,10.0,953.6
2026-06-20 17:15:00,15.65,10.6,3.54,9.5,980.2
2026-06-20 17:20:00,14.38,23.5,2.99,12.0,949.5
2026-06-20 17:25:00,11.21,20.1,3.11,10.3,979.3
2026-06-20 17:30:00,13.26,9.2,3.77,10.3,971.3
2026-06-20 17:35:00,15.36,11.7,4.48,8.7,942.8
2026-06-20 17:40:00,15.17,18.1,4.12,9.7,972.3
2026-06-20 17:45:00,10.63,4.2,3.45,9.5,1007.0
2026-06-20 17:50:00,14.3,11.4,2.77,10.0,878.5
2026-06-20 17:55:00,15.42,13.1,2.33,9.7,868.8
2026-06-20 18:00:00,14.81,25.7,3.2,9.4,1001.9
2026-06-20 18:05:00,14.98,14.5,2.76,9.8,986.0
2026-06-20 18:10:00,17.09,22.0,3.25,8.9,1007.2
2026-06-20 18:15:00,13.93,15.2,3.4,10.6,945.7
2026-06-20 18:20:00,14.46,22.5,3.59,10.8,1020.1
2026-06-20 18:25:00,12.59,8.7,2.59,10.5,1050.0
2026-06-20 18:30:00,13.05,13.7,2.71,10.9,996.1
2026-06-20 18:35:00,13.5,17.3,3.02,10.8,973.3
2026-06-20 18:40:00,15.27,19.1,3.35,8.7,979.4
2026-06-20 18:45:00,12.88,19.9,3.3,11.5,956.7
2026-06-20 18:50:00,15.85,19.2,4.74,10.9,962.9
2026-06-20 18:55:00,12.36,21.0,1.81,8.1,967.9
2026-06-20 19:00:00,14.96,17.9,3.87,9.2,1040.9
2026-06-20 19:05:00,14.83,19.0,3.82,8.8,919.6
2026-06-20 19:10:00,14.39,11.9,2.71,10.4,941.1
2026-06-20 19:15:00,15.48,8.3,3.01,9.5,950.1
2026-06-20 19:20:00,12.89,11.3,4.32,10.0,975.1
2026-06-20 19:25:00,13.3,7.9,2.93,11.7,959.8
2026-06-20 19:30:00,12.55,19.3,2.82,11.4,898.5
2026-06-20 19:35:00,14.01,23.6,3.22,9.0,953.0
2026-06-20 19:40:00,13.82,12.3,3.56,10.5,945.8
2026-06-20 19:45:00,15.28,24.1,3.74,11.8,949.7
2026-06-20 19:50:00,14.58,20.7,3.8,9.1,983.6
2026-06-20 19:55:00,15.03,14.7,3.7,11.0,997.8
2026-06-20 20:00:00,13.7,15.9,2.08,9.8,916.4
2026-06-20 20:05:00,14.61,24.7,3.11,9.1,1027.1
2026-06-20 20:10:00,16.72,4.1,3.74,11.5,890.1
2026-06-20 20:15:00,11.98,24.7,3.54,9.6,921.6
2026-06-20 20:20:00,11.24,23.4,2.72,9.9,941.1
2026-06-20 20:25:00,14.96,14.5,2.62,9.6,978.2
2026-06-20 20:30:00,12.73,17.4,2.55,11.1,880.8
2026-06-20 20:35:00,11.93,27.8,3.38,11.0,1038.6
2026-06-20 20:40:00,14.8,10.1,3.88,9.3,878.1
2026-06-20 20:45:00,12.49,16.9,3.3,10.1,1012.0
2026-06-20 20:50:00,16.31,21.9,2.52,10.4,933.4
2026-06-20 20:55:00,14.23,19.3,3.3,11.0,953.8
2026-06-20 21:00:00,13.7,18.3,2.63,9.4,861.2
2026-06-20 21:05:00,12.77,28.9,2.65,11.4,979.7
2026-06-20 21:10:00,14.32,11.4,3.05,10.8,943.8
2026-06-20 21:15:00,11.61,11.6,2.78,9.1,996.9
2026-06-20 21:20:00,10.3,2.9,2.67,10.5,894.4
2026-06-20 21:25:00,11.67,11.5,4.19,10.5,1007.2
2026-06-20 21:30:00,15.71,14.0,2.11,9.3,881.4
2026-06-20 21:35:00,12.61,19.9,2.83,10.4,960.1
2026-06-20 21:40:00,11.85,23.8,3.01,10.0,891.6
2026-06-20 21:45:00,13.87,12.2,3.99,8.5,1028.4
2026-06-20 21:50:00,17.34,17.1,3.39,7.0,988.0
2026-06-20 21:55:00,15.64,26.4,2.95,12.0,1013.8
2026-06-20 22:00:00,12.8,16.9,2.77,9.9,939.4
2026-06-20 22:05:00,12.77,21.1,3.86,10.1,937.5
2026-06-20 22:10:00,12.81,24.7,2.65,9.0,948.4
2026-06-20 22:15:00,12.63,12.4,3.38,9.4,944.5
2026-06-20 22:20:00,14.82,11.2,3.17,12.2,934.2
2026-06-20 22:25:00,13.5,27.7,3.39,12.4,941.4
2026-06-20 22:30:00,12.33,21.5,4.11,8.1,997.0
2026-06-20 22:35:00,12.0,10.0,3.7,10.1,988.8
2026-06-20 22:40:00,17.45,11.7,3.19,11.9,903.1
2026-06-20 22:45:00,15.11,16.8,4.22,10.2,978.5
2026-06-20 22:50:00,12.72,26.4,4.06,10.7,894.1
2026-06-20 22:55:00,15.82,23.9,3.82,9.8,1009.7
2026-06-20 23:00:00,12.27,24.4,3.31,10.5,911.9
2026-06-20 23:05:00,13.79,15.4,2.76,11.4,981.8
2026-06-20 23:10:00,13.63,18.0,1.78,10.5,975.5
2026-06-20 23:15:00,14.27,13.2,3.37,8.8,937.8
2026-06-20 23:20:00,12.59,15.5,3.69,9.4,934.7
2026-06-20 23:25:00,14.19,11.3,2.47,10.8,940.8
2026-06-20 23:30:00,11.38,12.8,3.5,9.9,969.6
2026-06-20 23:35:00,13.43,13.6,2.98,9.5,983.7
2026-06-20 23:40:00,16.0,17.1,3.51,8.9,1038.5
2026-06-20 23:45:00,15.54,20.5,2.8,9.0,1019.6
2026-06-20 23:50:00,12.96,28.0,2.66,9.3,973.2
2026-06-20 23:55:00,11.71,15.8,3.19,10.5,960.6
2026-06-21 00:00:00,10.73,21.5,2.46,9.5,928.5
2026-06-21 00:05:00,14.93,16.9,3.79,10.2,976.0
2026-06-21 00:10:00,14.42,23.8,3.15,10.2,1005.0
2026-06-21 00:15:00,14.58,10.5,2.59,10.8,996.1
2026-06-21 00:20:00,16.54,14.8,2.86,9.2,961.4
2026-06-21 00:25:00,14.23,22.0,3.51,11.6,926.1
2026-06-21 00:30:00,14.34,21.5,2.98,8.2,955.6
2026-06-21 00:35:00,11.9,21.6,3.59,9.7,979.1
2026-06-21 00:40:00,16.44,26.5,2.52,9.6,997.5
2026-06-21 00:45:00,13.75,7.6,3.14,9.2,959.5
2026-06-21 00:50:00,12.77,10.5,3.23,7.8,988.2
2026-06-21 00:55:00,14.31,21.4,4.5,11.2,992.5
2026-06-21 01:00:00,17.0,22.9,2.71,10.8,938.4
2026-06-21 01:05:00,17.2,21.9,3.54,10.5,927.0
2026-06-21 01:10:00,12.54,34.3,3.32,9.3,1017.8
2026-06-21 01:15:00,15.76,12.5,4.3,9.5,978.6
2026-06-21 01:20:00,14.5,20.2,3.99,9.7,972.4
2026-06-21 01:25:00,15.48,17.6,2.93,9.8,928.3
2026-06-21 01:30:00,14.42,21.7,2.53,10.8,867.9
2026-06-21 01:35:00,14.92,20.3,2.33,9.5,969.2
2026-06-21 01:40:00,15.98,14.9,3.37,9.1,969.4
2026-06-21 01:45:00,11.38,20.3,3.79,10.1,977.5
2026-06-21 01:50:00,14.54,18.5,3.88,10.0,950.1
2026-06-21 01:55:00,12.25,18.8,3.04,10.5,927.6
2026-06-21 02:00:00,13.3,24.8,3.16,11.4,960.8
2026-06-21 02:05:00,14.0,32.9,3.91,9.6,1000.4
2026-06-21 02:10:00,12.49,6.5,2.86,10.9,972.0
2026-06-21 02:15:00,13.13,25.7,1.64,10.1,896.3
2026-06-21 02:20:00,11.9,21.9,3.85,11.0,942.8
2026-06-21 02:25:00,13.11,13.5,2.55,11.2,924.1
2026-06-21 02:30:00,14.77,15.8,3.05,9.2,1013.8
2026-06-21 02:35:00,15.3,23.3,3.42,12.0,941.3
2026-06-21 02:40:00,12.85,18.3,2.92,10.2,1009.9
2026-06-21 02:45:00,15.99,17.7,3.85,8.9,958.9
2026-06-21 02:50:00,14.87,13.9,4.84,8.9,933.6
2026-06-21 02:55:00,16.15,13.4,2.76,11.5,911.6
2026-06-21 03:00:00,11.34,12.2,3.34,11.3,935.9
2026-06-21 03:05:00,14.47,14.9,3.23,11.1,950.5
2026-06-21 03:10:00,14.92,17.2,3.4,9.5,905.3
2026-06-21 03:15:00,11.42,20.1,2.82,9.6,975.6
2026-06-21 03:20:00,17.62,13.1,2.86,8.4,916.1
2026-06-21 03:25:00,13.05,22.5,2.78,9.7,891.7
2026-06-21 03:30:00,14.82,12.6,2.98,10.2,897.2
2026-06-21 03:35:00,15.39,22.6,2.89,11.5,930.8
2026-06-21 03:40:00,14.15,12.8,1.75,9.7,971.9
2026-06-21 03:45:00,16.08,30.1,3.13,9.7,1015.6
2026-06-21 03:50:00,16.99,21.9,2.98,10.3,940.4
2026-06-21 03:55:00,12.34,23.0,2.72,10.9,963.3
2026-06-21 04:00:00,14.17,17.0,3.27,11.6,947.2
2026-06-21 04:05:00,15.37,21.6,3.16,9.3,864.8
2026-06-21 04:10:00,11.55,10.5,3.04,9.8,965.1
2026-06-21 04:15:00,15.6,12.1,3.26,10.1,949.1
2026-06-21 04:20:00,16.56,16.2,2.87,9.7,886.9
2026-06-21 04:25:00,15.93,27.1,2.41,9.4,1017.6
2026-06-21 04:30:00,14.66,24.0,4.32,9.7,974.0
2026-06-21 04:35:00,16.31,4.6,3.04,8.8,883.4
2026-06-21 04:40:00,14.54,12.1,3.42,9.4,970.9
2026-06-21 04:45:00,12.02,17.5,4.76,8.8,1050.0
2026-06-21 04:50:00,13.22,25.5,2.88,10.0,950.3
2026-06-21 04:55:00,13.62,19.5,3.46,9.6,977.6
2026-06-21 05:00:00,13.9,2.8,4.75,9.5,927.3
2026-06-21 05:05:00,13.86,11.0,2.28,10.0,932.0
2026-06-21 05:10:00,13.49,22.3,3.96,7.5,1012.6
2026-06-21 05:15:00,14.33,19.2,3.32,9.7,975.4
2026-06-21 05:20:00,16.26,18.8,2.89,10.2,992.8
2026-06-21 05:25:00,14.32,24.7,3.16,11.0,940.6
2026-06-21 05:30:00,14.94,15.9,3.0,10.6,968.1
2026-06-21 05:35:00,10.71,22.2,4.1,11.3,946.9
2026-06-21 05:40:00,14.19,27.9,3.09,8.6,974.6
2026-06-21 05:45:00,15.63,19.3,3.61,11.0,945.5
2026-06-21 05:50:00,15.87,12.6,2.94,10.3,1021.1
2026-06-21 05:55:00,15.72,15.4,3.4,9.5,940.5
2026-06-21 06:00:00,14.46,12.6,3.02,10.1,967.0
2026-06-21 06:05:00,14.62,4.6,2.48,13.1,878.0
2026-06-21 06:10:00,12.99,13.3,4.03,10.1,997.6
2026-06-21 06:15:00,15.27,21.8,3.37,10.1,903.0
2026-06-21 06:20:00,13.0,18.1,3.66,10.9,924.1
2026-06-21 06:25:00,15.02,26.2,2.68,9.8,900.5
2026-06-21 06:30:00,14.06,18.9,3.9,9.2,893.0
2026-06-21 06:35:00,14.02,23.3,3.43,11.4,988.9
2026-06-21 06:40:00,15.5,7.4,3.4,8.6,918.4
2026-06-21 06:45:00,14.84,15.4,3.84,10.0,891.6
2026-06-21 06:50:00,14.42,16.4,3.02,9.9,889.2
2026-06-21 06:55:00,13.25,13.0,4.03,9.2,994.3
2026-06-21 07:00:00,16.4,27.2,2.71,8.7,935.5
2026-06-21 07:05:00,14.5,6.4,3.34,9.9,948.0
2026-06-21 07:10:00,15.12,17.3,2.64,10.4,986.9
2026-06-21 07:15:00,14.12,24.8,2.44,11.0,973.7
2026-06-21 07:20:00,12.96,22.6,2.87,9.2,957.7
2026-06-21 07:25:00,14.53,15.7,3.13,9.2,1000.8
2026-06-21 07:30:00,13.11,12.6,3.59,11.5,898.5
2026-06-21 07:35:00,14.66,24.5,2.75,9.5,937.7
2026-06-21 07:40:00,10.0,14.9,3.58,9.7,986.3
2026-06-21 07:45:00,13.4,13.0,3.06,11.2,1023.8
2026-06-21 07:50:00,13.98,24.0,2.84,8.4,1028.2
2026-06-21 07:55:00,12.57,19.8,3.56,8.8,902.2
2026-06-21 08:00:00,14.55,15.9,2.89,11.4,953.0
2026-06-21 08:05:00,13.37,20.0,4.28,9.4,969.7
2026-06-21 08:10:00,13.99,20.7,3.43,9.5,943.5
2026-06-21 08:15:00,13.17,17.7,2.38,9.6,977.8
2026-06-21 08:20:00,15.46,18.9,3.12,9.7,1040.4
2026-06-21 08:25:00,14.82,5.0,2.94,9.5,914.0
2026-06-21 08:30:00,14.45,17.4,2.22,10.1,899.8
2026-06-21 08:35:00,14.09,14.2,3.87,11.3,975.5
2026-06-21 08:40:00,17.8,13.2,3.9,9.2,931.4
2026-06-21 08:45:00,13.76,13.9,2.81,9.4,977.0
2026-06-21 08:50:00,12.95,15.0,3.66,10.0,957.8
2026-06-21 08:55:00,12.24,16.2,3.74,11.6,942.5
2026-06-21 09:00:00,15.36,19.0,3.18,9.7,922.4
2026-06-21 09:05:00,16.45,13.6,3.82,9.1,953.9
2026-06-21 09:10:00,12.73,21.1,3.35,8.0,934.4
2026-06-21 09:15:00,13.57,22.4,3.84,9.2,994.7
2026-06-21 09:20:00,13.46,22.4,2.45,9.1,954.2
2026-06-21 09:25:00,13.81,23.6,3.23,8.8,899.0
2026-06-21 09:30:00,11.35,14.6,3.36,10.1,1006.0
2026-06-21 09:35:00,15.21,16.4,2.52,9.7,944.5
2026-06-21 09:40:00,15.79,19.5,2.55,11.4,1033.4
2026-06-21 09:45:00,11.14,15.5,2.28,10.2,939.2
2026-06-21 09:50:00,16.64,11.0,3.3,11.0,918.0
2026-06-21 09:55:00,16.43,15.0,2.97,9.8,938.0
2026-06-21 10:00:00,10.0,27.8,2.33,9.1,946.0
2026-06-21 10:05:00,10.74,13.5,3.97,10.6,939.7
2026-06-21 10:10:00,13.8,13.2,3.49,8.9,924.7
2026-06-21 10:15:00,15.97,14.7,2.8,11.2,931.8
2026-06-21 10:20:00,14.43,21.3,3.29,9.3,1016.0
2026-06-21 10:25:00,14.03,20.1,3.04,10.7,939.9
2026-06-21 10:30:00,14.86,22.2,2.22,10.4,1035.8
2026-06-21 10:35:00,12.79,33.2,3.21,9.0,991.8
2026-06-21 10:40:00,15.92,22.9,4.13,11.2,947.5
2026-06-21 10:45:00,13.84,23.4,3.99,11.9,976.3
2026-06-21 10:50:00,11.55,35.0,3.09,9.3,928.8
2026-06-21 10:55:00,12.81,20.9,2.91,9.3,992.7
2026-06-21 11:00:00,14.55,15.6,3.56,10.1,1003.2
2026-06-21 11:05:00,13.57,16.2,3.38,10.9,973.9
2026-06-21 11:10:00,13.41,24.3,3.05,11.2,929.8
2026-06-21 11:15:00,14.3,10.5,4.39,9.6,973.8
2026-06-21 11:20:00,14.54,6.3,3.08,10.1,922.2
2026-06-21 11:25:00,12.15,13.1,3.82,9.6,894.6
2026-06-21 11:30:00,15.84,22.9,3.24,9.6,960.4
2026-06-21 11:35:00,13.8,21.6,3.25,9.5,884.8
2026-06-21 11:40:00,14.63,17.0,2.22,8.6,933.4
2026-06-21 11:45:00,14.15,24.4,3.8,10.9,964.7
2026-06-21 11:50:00,13.38,21.6,3.67,10.1,1012.6
2026-06-21 11:55:00,15.37,20.1,3.29,11.5,924.4
2026-06-21 12:00:00,14.12,17.9,3.82,10.8,909.5
2026-06-21 12:05:00,14.11,23.4,3.4,9.6,981.6
2026-06-21 12:10:00,10.27,22.5,2.38,8.9,958.7
2026-06-21 12:15:00,15.23,16.4,2.63,11.9,953.0
2026-06-21 12:20:00,13.74,22.9,3.11,8.3,890.5
2026-06-21 12:25:00,15.13,14.1,2.22,9.7,993.5
2026-06-21 12:30:00,16.47,19.4,3.86,9.7,865.6
2026-06-21 12:35:00,15.24,20.4,3.05,9.4,957.8
2026-06-21 12:40:00,14.08,16.0,3.3,9.1,999.0
2026-06-21 12:45:00,13.57,18.8,2.6,8.8,954.6
2026-06-21 12:50:00,17.79,21.6,3.55,9.3,940.1
2026-06-21 12:55:00,14.73,11.5,3.18,9.9,908.5
2026-06-21 13:00:00,14.31,19.1,2.99,10.3,927.1
2026-06-21 13:05:00,13.73,31.3,3.91,9.5,1037.7
2026-06-21 13:10:00,12.66,13.0,4.04,9.5,928.1
2026-06-21 13:15:00,11.07,24.2,3.59,9.0,968.2
2026-06-21 13:20:00,16.28,17.4,3.33,10.2,916.7
2026-06-21 13:25:00,12.83,25.1,2.82,10.0,937.9
2026-06-21 13:30:00,13.71,13.7,3.07,10.4,884.8
2026-06-21 13:35:00,13.84,18.0,3.0,9.5,948.0
2026-06-21 13:40:00,16.15,31.3,3.3,9.1,935.5
2026-06-21 13:45:00,12.85,17.0,3.19,10.0,1004.0
2026-06-21 13:50:00,14.39,21.8,3.16,10.5,916.2
2026-06-21 13:55:00,14.77,21.6,4.09,9.1,932.9
2026-06-21 14:00:00,11.92,5.8,4.01,9.4,986.2
2026-06-21 14:05:00,11.78,20.7,2.7,8.8,948.7
2026-06-21 14:10:00,12.93,10.6,3.45,8.8,943.5
2026-06-21 14:15:00,14.37,21.8,2.7,9.5,943.1
2026-06-21 14:20:00,14.17,18.7,3.55,9.2,910.4
2026-06-21 14:25:00,13.82,11.3,4.42,10.8,932.7
2026-06-21 14:30:00,14.98,10.9,3.06,10.0,953.2
2026-06-21 14:35:00,12.71,17.6,3.68,11.3,903.5
2026-06-21 14:40:00,13.74,32.9,4.02,11.3,907.5
2026-06-21 14:45:00,13.83,27.7,3.02,10.0,998.6
2026-06-21 14:50:00,12.76,20.2,3.48,8.0,970.0
2026-06-21 14:55:00,17.45,21.1,4.2,10.4,962.1
2026-06-21 15:00:00,10.76,21.6,2.6,11.1,928.3
2026-06-21 15:05:00,15.86,14.8,2.61,10.6,958.8
2026-06-21 15:10:00,15.2,13.8,2.49,10.3,853.9
2026-06-21 15:15:00,15.21,23.1,3.6,9.8,901.7
2026-06-21 15:20:00,14.14,14.4,2.63,8.8,975.0
2026-06-21 15:25:00,16.0,26.6,3.45,10.6,923.0
2026-06-21 15:30:00,13.33,9.9,4.1,9.8,941.6
2026-06-21 15:35:00,14.59,12.6,2.86,10.3,964.3
2026-06-21 15:40:00,14.11,26.5,2.66,9.4,919.9
2026-06-21 15:45:00,13.65,16.3,3.62,12.0,925.2
2026-06-21 15:50:00,14.18,17.3,3.24,10.2,935.6
2026-06-21 15:55:00,12.58,21.9,1.74,9.6,956.1
2026-06-21 16:00:00,13.0,25.0,4.05,8.9,884.8
2026-06-21 16:05:00,16.37,21.7,3.49,8.6,962.1
2026-06-21 16:10:00,18.0,19.7,2.95,10.6,949.1
2026-06-21 16:15:00,14.78,22.8,2.9,9.4,954.4
2026-06-21 16:20:00,15.25,20.5,3.6,9.6,920.4
2026-06-21 16:25:00,14.38,24.5,3.11,9.5,948.0
2026-06-21 16:30:00,14.68,35.0,3.06,8.9,988.2
2026-06-21 16:35:00,14.82,21.0,3.26,9.7,977.2
2026-06-21 16:40:00,15.55,12.8,2.76,10.1,999.1
2026-06-21 16:45:00,16.31,24.2,2.92,9.0,914.0
2026-06-21 16:50:00,12.67,17.1,3.1,10.3,977.3
2026-06-21 16:55:00,18.0,20.0,2.72,8.8,925.0
2026-06-21 17:00:00,14.21,20.2,3.34,9.6,859.3
2026-06-21 17:05:00,14.21,14.5,3.53,10.4,987.3
2026-06-21 17:10:00,13.38,15.8,4.23,10.0,980.9
2026-06-21 17:15:00,13.39,4.1,2.88,8.4,1009.4
2026-06-21 17:20:00,14.92,17.4,3.74,7.2,891.5
2026-06-21 17:25:00,14.96,21.4,4.02,10.6,956.6
2026-06-21 17:30:00,14.85,18.1,3.77,10.7,941.1
2026-06-21 17:35:00,13.32,15.2,2.93,10.4,995.8
2026-06-21 17:40:00,10.0,20.3,2.99,9.8,894.4
2026-06-21 17:45:00,11.31,12.3,4.17,9.8,939.9
2026-06-21 17:50:00,14.02,11.7,3.15,9.9,953.8
2026-06-21 17:55:00,14.5,21.2,3.15,10.6,979.7
2026-06-21 18:00:00,13.37,21.5,2.87,9.9,966.6
2026-06-21 18:05:00,12.96,21.1,3.63,10.4,948.7
2026-06-21 18:10:00,14.45,16.2,1.74,11.3,937.6
2026-06-21 18:15:00,13.84,24.6,2.65,9.0,946.4
2026-06-21 18:20:00,13.29,11.3,2.68,9.8,980.1
2026-06-21 18:25:00,11.58,16.2,4.17,9.1,917.0
2026-06-21 18:30:00,12.73,22.5,3.29,9.6,940.6
2026-06-21 18:35:00,15.4,23.2,3.03,9.9,940.6
2026-06-21 18:40:00,12.56,13.4,3.12,9.1,866.5
2026-06-21 18:45:00,15.0,30.9,2.24,8.4,871.8
2026-06-21 18:50:00,16.08,17.2,4.02,8.7,890.3
2026-06-21 18:55:00,12.81,18.5,2.98,10.4,941.5
2026-06-21 19:00:00,13.33,23.9,3.5,9.3,970.0
2026-06-21 19:05:00,15.48,27.3,2.71,9.8,925.3
2026-06-21 19:10:00,15.85,18.4,3.16,10.0,885.0
2026-06-21 19:15:00,13.03,25.0,2.58,10.9,987.8
2026-06-21 19:20:00,11.57,15.3,3.08,9.7,961.2
2026-06-21 19:25:00,15.88,28.0,3.72,10.2,941.0
2026-06-21 19:30:00,14.88,18.2,3.26,8.9,959.7
2026-06-21 19:35:00,14.6,19.9,3.41,9.8,907.8
2026-06-21 19:40:00,15.37,15.9,3.26,9.0,991.3
2026-06-21 19:45:00,12.22,19.3,4.17,9.9,962.8
2026-06-21 19:50:00,14.59,13.6,2.75,10.1,944.1
2026-06-21 19:55:00,13.57,17.6,3.12,9.8,936.4
2026-06-21 20:00:00,14.9,18.1,3.31,9.6,952.9
2026-06-21 20:05:00,15.2,11.7,2.67,10.3,969.3
2026-06-21 20:10:00,15.46,14.6,3.31,9.6,880.3
2026-06-21 20:15:00,14.9,5.4,3.34,9.6,918.7
2026-06-21 20:20:00,14.38,10.6,3.34,8.9,936.8
2026-06-21 20:25:00,14.43,17.9,3.27,10.5,935.2
2026-06-21 20:30:00,14.55,23.8,2.74,10.0,921.5
2026-06-21 20:35:00,13.06,15.9,2.25,9.5,981.1
2026-06-21 20:40:00,13.44,17.8,3.31,9.0,922.4
2026-06-21 20:45:00,14.6,25.0,2.59,12.3,907.2
2026-06-21 20:50:00,14.98,23.0,3.09,7.0,931.3
2026-06-21 20:55:00,13.02,22.9,2.7,9.2,1010.3
2026-06-21 21:00:00,12.39,18.7,2.3,9.5,950.5
2026-06-21 21:05:00,11.49,15.1,3.45,10.9,930.7
2026-06-21 21:10:00,12.11,20.4,3.6,9.7,936.8
2026-06-21 21:15:00,13.19,25.7,3.79,10.2,879.9
2026-06-21 21:20:00,13.33,28.8,2.82,9.6,942.5
2026-06-21 21:25:00,13.58,32.4,3.08,11.8,959.5
2026-06-21 21:30:00,12.19,27.2,3.31,10.4,967.5
2026-06-21 21:35:00,11.28,18.3,3.81,9.3,943.6
2026-06-21 21:40:00,14.19,10.8,2.22,10.7,920.1
2026-06-21 21:45:00,14.19,21.6,2.28,9.8,986.2
2026-06-21 21:50:00,14.93,24.6,3.97,11.8,935.0
2026-06-21 21:55:00,15.22,2.7,2.34,11.4,910.8
2026-06-21 22:00:00,14.59,9.1,3.84,10.3,919.2
2026-06-21 22:05:00,14.17,15.3,4.03,9.8,936.5
2026-06-21 22:10:00,15.31,13.4,3.73,9.4,938.2
2026-06-21 22:15:00,16.14,8.3,2.69,10.9,928.3
2026-06-21 22:20:00,12.98,20.3,2.64,11.5,962.5
2026-06-21 22:25:00,15.16,25.4,3.09,9.7,946.5
2026-06-21 22:30:00,13.06,16.9,4.26,10.4,985.3
2026-06-21 22:35:00,14.33,8.0,4.35,10.5,953.1
2026-06-21 22:40:00,15.6,19.2,3.37,10.9,935.7
2026-06-21 22:45:00,13.59,11.3,2.31,9.2,929.8
2026-06-21 22:50:00,12.57,11.9,3.36,10.4,934.0
2026-06-21 22:55:00,13.31,23.8,3.02,12.2,906.9
2026-06-21 23:00:00,12.57,25.2,3.14,10.1,940.5
2026-06-21 23:05:00,12.39,16.3,2.22,10.5,969.2
2026-06-21 23:10:00,15.81,22.4,3.3,10.4,981.1
2026-06-21 23:15:00,14.8,11.6,2.36,10.6,957.2
2026-06-21 23:20:00,12.92,21.2,1.65,8.8,1050.0
2026-06-21 23:25:00,12.52,15.7,3.36,12.0,962.9
2026-06-21 23:30:00,12.63,10.0,4.43,10.1,880.6
2026-06-21 23:35:00,12.92,12.6,2.75,10.5,966.6
2026-06-21 23:40:00,15.73,20.5,2.89,10.1,995.2
2026-06-21 23:45:00,13.83,9.1,3.83,10.9,939.4
2026-06-21 23:50:00,17.2,16.3,3.91,9.5,891.4
2026-06-21 23:55:00,13.94,24.4,3.2,8.7,877.6
2026-06-22 00:00:00,13.14,15.0,2.8,9.9,946.1
2026-06-22 00:05:00,15.39,8.8,4.09,10.5,909.4
2026-06-22 00:10:00,11.49,16.3,2.48,9.7,941.6
2026-06-22 00:15:00,14.28,22.1,2.85,9.3,935.0
2026-06-22 00:20:00,12.18,10.2,3.63,10.3,1008.7
2026-06-22 00:25:00,10.73,25.1,2.19,9.1,983.5
2026-06-22 00:30:00,13.82,22.6,3.39,11.0,927.4
2026-06-22 00:35:00,15.25,20.1,3.86,9.7,933.4
2026-06-22 00:40:00,14.32,21.5,4.17,10.5,987.2
2026-06-22 00:45:00,14.14,18.8,2.96,8.8,954.8
2026-06-22 00:50:00,10.1,20.0,2.92,11.4,962.7
2026-06-22 00:55:00,13.77,18.4,3.62,10.5,997.2
2026-06-22 01:00:00,13.78,23.3,2.78,10.6,919.1
2026-06-22 01:05:00,14.93,25.8,2.94,8.7,988.1
2026-06-22 01:10:00,12.41,13.1,3.44,9.3,934.2
2026-06-22 01:15:00,15.24,13.8,3.47,10.2,860.2
2026-06-22 01:20:00,13.24,15.7,2.08,8.9,903.3
2026-06-22 01:25:00,13.55,14.3,2.54,9.4,912.9
2026-06-22 01:30:00,14.79,24.8,2.03,10.8,1003.6
2026-06-22 01:35:00,12.22,9.0,2.29,9.4,945.0
2026-06-22 01:40:00,15.24,21.3,2.5,10.4,937.8
2026-06-22 01:45:00,11.97,26.3,2.98,9.2,1009.8
2026-06-22 01:50:00,14.98,14.5,3.16,10.6,918.9
2026-06-22 01:55:00,13.65,26.8,1.82,8.9,934.2
2026-06-22 02:00:00,13.77,24.9,2.57,10.6,951.2
2026-06-22 02:05:00,10.0,15.9,2.31,12.2,947.9
2026-06-22 02:10:00,13.11,22.9,3.03,9.5,963.5
2026-06-22 02:15:00,13.68,13.0,2.86,9.3,971.9
2026-06-22 02:20:00,16.32,11.4,4.02,11.1,916.8
2026-06-22 02:25:00,13.95,15.2,3.14,10.1,875.1
2026-06-22 02:30:00,13.02,26.1,2.75,8.8,965.9
2026-06-22 02:35:00,15.25,15.3,3.07,10.3,875.9
2026-06-22 02:40:00,13.24,18.3,2.81,10.2,962.9
2026-06-22 02:45:00,15.55,12.0,4.07,9.4,979.3
2026-06-22 02:50:00,14.39,23.2,2.95,9.3,995.0
2026-06-22 02:55:00,12.65,23.0,3.42,10.9,944.8
2026-06-22 03:00:00,15.41,13.8,3.72,9.0,1030.3
2026-06-22 03:05:00,14.9,4.1,2.94,8.6,894.4
2026-06-22 03:10:00,15.34,15.8,2.14,9.2,1008.2
2026-06-22 03:15:00,13.73,20.7,2.89,10.9,919.3
2026-06-22 03:20:00,14.9,17.9,3.58,9.7,951.4
2026-06-22 03:25:00,16.88,18.5,2.18,9.4,956.3
2026-06-22 03:30:00,14.26,20.1,3.33,9.9,1003.9
2026-06-22 03:35:00,13.4,14.9,3.73,10.5,906.1
2026-06-22 03:40:00,16.32,10.5,4.11,11.5,1035.4
2026-06-22 03:45:00,15.0,22.4,3.56,10.4,864.3
2026-06-22 03:50:00,13.32,12.7,3.43,12.0,946.8
2026-06-22 03:55:00,16.6,10.8,3.38,10.7,973.0
2026-06-22 04:00:00,12.19,21.0,2.45,9.7,991.3
2026-06-22 04:05:00,14.79,11.4,2.7,10.9,892.9
2026-06-22 04:10:00,15.72,13.1,2.21,10.6,871.2
2026-06-22 04:15:00,15.61,27.5,3.15,11.2,1002.4
2026-06-22 04:20:00,12.65,27.5,3.37,10.7,959.7
2026-06-22 04:25:00,12.14,25.1,3.2,10.1,873.8
2026-06-22 04:30:00,14.34,22.6,3.32,9.5,929.6
2026-06-22 04:35:00,15.06,24.9,3.59,10.1,920.5
2026-06-22 04:40:00,12.38,29.8,2.29,8.5,995.4
2026-06-22 04:45:00,14.45,24.6,3.17,9.8,935.5
2026-06-22 04:50:00,11.81,19.5,3.33,8.8,942.7
2026-06-22 04:55:00,15.59,23.2,2.87,10.5,939.8
2026-06-22 05:00:00,13.14,15.2,1.95,10.8,1016.8
2026-06-22 05:05:00,13.75,18.9,2.58,10.3,986.3
2026-06-22 05:10:00,15.3,19.1,2.88,9.8,977.7
2026-06-22 05:15:00,15.16,17.2,3.3,9.7,958.1
2026-06-22 05:20:00,14.71,16.1,3.24,11.2,957.7
2026-06-22 05:25:00,15.54,25.7,4.28,11.0,913.6
2026-06-22 05:30:00,14.61,12.3,3.82,8.9,984.8
2026-06-22 05:35:00,16.17,18.9,3.18,10.3,935.0
2026-06-22 05:40:00,11.43,10.3,3.35,10.3,898.8
2026-06-22 05:45:00,13.91,6.0,4.08,9.8,944.1
2026-06-22 05:50:00,13.85,25.2,3.91,8.6,950.5
2026-06-22 05:55:00,13.67,25.7,3.32,7.9,1003.8
2026-06-22 06:00:00,14.75,15.1,4.27,10.2,984.3
2026-06-22 06:05:00,14.32,18.3,2.66,8.3,910.5
2026-06-22 06:10:00,15.24,16.3,3.2,9.5,991.5
2026-06-22 06:15:00,12.22,16.3,5.12,10.7,850.0
2026-06-22 06:20:00,17.44,15.1,3.66,10.4,966.7
2026-06-22 06:25:00,13.41,20.8,3.09,9.4,922.5
2026-06-22 06:30:00,14.43,15.7,3.29,10.9,893.8
2026-06-22 06:35:00,13.69,20.5,3.28,10.5,902.8
2026-06-22 06:40:00,14.12,28.0,4.1,9.5,1008.6
2026-06-22 06:45:00,13.2,20.3,3.66,11.5,968.1
2026-06-22 06:50:00,14.31,18.7,3.15,10.5,965.1
2026-06-22 06:55:00,14.87,14.6,2.23,9.2,988.8
2026-06-22 07:00:00,10.4,17.9,2.76,7.9,940.6
2026-06-22 07:05:00,13.51,8.0,3.34,10.2,1005.1
2026-06-22 07:10:00,13.45,27.2,3.03,9.5,941.1
2026-06-22 07:15:00,17.48,12.3,3.92,10.0,850.0
2026-06-22 07:20:00,15.29,6.5,3.18,9.8,1014.3
2026-06-22 07:25:00,16.25,17.4,3.71,7.8,850.0
2026-06-22 07:30:00,14.84,20.1,2.3,9.7,939.3
2026-06-22 07:35:00,14.12,25.9,2.81,8.9,980.1
2026-06-22 07:40:00,14.55,19.5,3.6,9.5,856.0
2026-06-22 07:45:00,15.68,23.6,4.38,9.4,944.2
2026-06-22 07:50:00,16.63,23.6,3.06,10.1,943.5
2026-06-22 07:55:00,14.45,23.0,3.65,10.3,986.7
2026-06-22 08:00:00,13.07,11.2,4.07,10.5,969.3
2026-06-22 08:05:00,15.39,21.1,3.74,7.6,896.4
2026-06-22 08:10:00,12.72,9.7,3.73,11.4,924.0
2026-06-22 08:15:00,14.59,30.0,2.87,8.4,907.1
2026-06-22 08:20:00,15.02,22.2,4.07,10.0,875.7
2026-06-22 08:25:00,13.84,14.3,2.45,9.2,924.0
2026-06-22 08:30:00,12.64,20.3,2.42,10.3,1009.3
2026-06-22 08:35:00,13.32,11.9,4.38,8.2,967.8
2026-06-22 08:40:00,13.53,8.7,3.51,11.5,967.1
2026-06-22 08:45:00,12.42,23.3,2.4,9.6,901.6
2026-06-22 08:50:00,13.42,12.1,2.4,10.5,872.0
2026-06-22 08:55:00,11.82,16.9,2.33,9.2,972.7
2026-06-22 09:00:00,14.89,19.2,4.41,11.7,990.4
2026-06-22 09:05:00,14.5,16.9,3.16,8.6,956.5
2026-06-22 09:10:00,14.4,11.8,2.95,7.4,980.4
2026-06-22 09:15:00,13.42,18.4,4.17,11.4,936.6
2026-06-22 09:20:00,13.62,18.9,3.34,8.8,952.2
2026-06-22 09:25:00,12.76,23.2,2.95,9.9,921.1
2026-06-22 09:30:00,14.76,32.7,3.69,11.6,965.4
2026-06-22 09:35:00,11.96,6.1,3.68,9.6,942.6
2026-06-22 09:40:00,14.13,13.2,3.61,10.3,974.2
2026-06-22 09:45:00,13.05,19.3,3.02,10.8,981.3
2026-06-22 09:50:00,16.64,24.1,2.6,10.0,935.9
2026-06-22 09:55:00,14.79,20.1,2.57,11.3,970.6
2026-06-22 10:00:00,14.0,24.7,3.19,10.7,922.2
2026-06-22 10:05:00,12.34,9.1,3.29,9.1,1021.8
2026-06-22 10:10:00,11.95,16.1,3.51,10.7,1006.5
2026-06-22 10:15:00,14.74,26.8,2.86,10.0,961.8
2026-06-22 10:20:00,16.7,12.8,4.02,10.0,919.6
2026-06-22 10:25:00,14.61,0.6,2.58,10.3,959.8
2026-06-22 10:30:00,14.26,13.1,3.5,10.9,901.5
2026-06-22 10:35:00,14.28,20.6,2.63,9.0,966.4
2026-06-22 10:40:00,14.15,17.6,3.06,11.3,864.8
2026-06-22 10:45:00,14.31,10.3,2.72,11.2,906.9
2026-06-22 10:50:00,12.97,13.7,3.02,9.4,964.7
2026-06-22 10:55:00,12.54,10.0,2.64,11.8,1005.7
2026-06-22 11:00:00,14.16,10.7,2.67,9.8,964.7
2026-06-22 11:05:00,16.24,12.7,3.83,10.6,937.2
2026-06-22 11:10:00,15.17,18.6,2.36,9.5,911.4
2026-06-22 11:15:00,12.15,3.7,3.73,10.8,929.5
2026-06-22 11:20:00,13.62,26.2,3.63,9.6,879.3
2026-06-22 11:25:00,15.09,17.4,3.64,10.2,934.1
2026-06-22 11:30:00,16.28,11.4,3.25,7.4,1038.1
2026-06-22 11:35:00,16.69,12.2,2.6,9.5,955.1
2026-06-22 11:40:00,13.68,14.2,2.31,9.4,966.7
2026-06-22 11:45:00,15.24,18.0,2.49,8.1,875.6
2026-06-22 11:50:00,14.37,18.9,2.49,10.8,1006.2
2026-06-22 11:55:00,13.82,16.8,3.38,9.6,1010.8
2026-06-22 12:00:00,14.09,13.5,2.4,8.2,958.6
2026-06-22 12:05:00,14.11,17.9,3.08,10.6,974.6
2026-06-22 12:10:00,15.76,5.6,3.35,11.1,923.2
2026-06-22 12:15:00,11.89,10.7,3.09,9.9,939.0
2026-06-22 12:20:00,14.7,13.9,3.08,8.5,1050.0
2026-06-22 12:25:00,16.31,9.9,4.05,8.1,931.3
2026-06-22 12:30:00,16.15,16.7,3.51,8.8,1023.2
2026-06-22 12:35:00,14.85,10.0,3.7,9.2,1032.2
2026-06-22 12:40:00,12.86,28.3,2.87,11.7,967.7
2026-06-22 12:45:00,15.17,9.3,3.76,9.8,945.2
2026-06-22 12:50:00,15.99,27.1,3.29,8.7,897.0
2026-06-22 12:55:00,13.23,6.0,3.45,9.4,971.6
2026-06-22 13:00:00,14.54,30.0,2.84,11.1,950.6
2026-06-22 13:05:00,13.69,21.5,3.31,10.6,945.8
2026-06-22 13:10:00,13.08,22.7,4.42,10.0,930.9
2026-06-22 13:15:00,13.53,9.8,3.64,9.8,962.0
2026-06-22 13:20:00,14.19,16.1,4.24,10.0,968.7
2026-06-22 13:25:00,12.62,16.5,2.08,10.2,948.7
2026-06-22 13:30:00,12.38,17.4,3.25,9.8,997.1
2026-06-22 13:35:00,12.67,25.6,3.62,10.1,949.2
2026-06-22 13:40:00,14.49,22.1,3.39,9.7,944.0
2026-06-22 13:45:00,11.8,17.0,3.52,9.1,905.0
2026-06-22 13:50:00,10.67,24.0,2.91,9.7,941.6
2026-06-22 13:55:00,16.06,25.1,3.86,10.3,947.4
2026-06-22 14:00:00,12.48,14.6,2.27,9.3,851.7
2026-06-22 14:05:00,13.71,14.4,3.15,10.4,970.5
2026-06-22 14:10:00,15.38,31.0,3.14,10.8,986.6
2026-06-22 14:15:00,11.84,16.6,2.87,10.3,1038.0
2026-06-22 14:20:00,11.84,14.1,3.26,9.4,912.8
2026-06-22 14:25:00,13.05,17.1,2.03,10.1,945.7
2026-06-22 14:30:00,15.44,24.4,2.36,10.2,968.1
2026-06-22 14:35:00,13.97,22.3,3.92,10.2,947.8
2026-06-22 14:40:00,13.99,17.2,3.35,11.5,920.1
2026-06-22 14:45:00,13.56,21.7,2.94,8.8,891.2
2026-06-22 14:50:00,14.84,19.5,3.77,10.2,952.9
2026-06-22 14:55:00,16.15,17.1,4.04,9.6,999.2
2026-06-22 15:00:00,18.0,16.2,4.3,8.8,950.2
2026-06-22 15:05:00,13.78,18.9,2.06,8.7,947.5
2026-06-22 15:10:00,16.29,15.5,4.05,10.9,965.4
2026-06-22 15:15:00,15.5,18.4,2.5,8.6,980.2
2026-06-22 15:20:00,14.4,17.7,3.38,10.3,963.1
2026-06-22 15:25:00,10.69,9.3,3.65,10.1,900.5
2026-06-22 15:30:00,13.43,14.8,4.2,9.1,968.4
2026-06-22 15:35:00,13.49,16.4,3.5,10.8,924.9
2026-06-22 15:40:00,14.54,29.2,3.26,8.8,921.2
2026-06-22 15:45:00,13.7,17.0,2.71,9.5,906.8
2026-06-22 15:50:00,13.16,19.6,2.17,8.9,946.5
2026-06-22 15:55:00,17.05,30.9,2.55,10.8,928.5
2026-06-22 16:00:00,15.96,8.5,4.14,11.2,938.3
2026-06-22 16:05:00,10.97,8.8,3.31,10.2,910.1
2026-06-22 16:10:00,13.58,13.3,4.24,12.5,985.8
2026-06-22 16:15:00,14.95,16.0,2.79,10.4,934.3
2026-06-22 16:20:00,16.0,16.6,3.69,10.6,920.9
2026-06-22 16:25:00,13.37,14.9,3.33,11.0,882.4
2026-06-22 16:30:00,13.68,10.6,4.05,9.3,1017.3
2026-06-22 16:35:00,14.14,23.8,3.01,10.4,887.8
2026-06-22 16:40:00,14.99,15.3,3.15,9.0,961.5
2026-06-22 16:45:00,11.7,25.1,3.86,8.7,976.5
2026-06-22 16:50:00,10.98,11.9,2.01,11.1,934.5
2026-06-22 16:55:00,15.88,29.8,3.0,9.2,966.8
2026-06-22 17:00:00,12.51,8.0,2.3,10.2,969.8
2026-06-22 17:05:00,17.18,17.9,3.18,11.6,983.6
2026-06-22 17:10:00,12.7,12.0,3.01,8.2,974.1
2026-06-22 17:15:00,13.72,18.2,3.56,10.7,937.5
2026-06-22 17:20:00,14.55,12.1,3.54,10.0,934.0
2026-06-22 17:25:00,10.8,5.1,3.16,9.9,1032.0
2026-06-22 17:30:00,18.0,13.3,2.67,10.1,993.7
2026-06-22 17:35:00,13.41,27.6,3.15,10.0,922.1
2026-06-22 17:40:00,12.74,12.0,4.04,10.5,963.2
2026-06-22 17:45:00,12.25,21.1,2.58,8.9,965.8
2026-06-22 17:50:00,14.54,18.0,2.3,10.5,949.3
2026-06-22 17:55:00,14.44,15.3,2.12,8.9,1020.3
2026-06-22 18:00:00,12.3,30.3,2.16,12.1,945.9
2026-06-22 18:05:00,11.94,16.1,3.21,9.9,946.7
2026-06-22 18:10:00,15.58,19.0,2.35,10.2,982.9
2026-06-22 18:15:00,13.02,18.5,2.97,11.8,912.2
2026-06-22 18:20:00,11.42,27.5,3.38,9.2,928.9
2026-06-22 18:25:00,13.78,9.0,2.01,10.0,1008.8
2026-06-22 18:30:00,13.4,31.5,3.66,8.6,948.8
2026-06-22 18:35:00,16.93,27.1,3.97,9.0,917.8
2026-06-22 18:40:00,13.22,20.4,4.29,8.6,957.0
2026-06-22 18:45:00,13.54,21.7,4.05,10.8,955.7
2026-06-22 18:50:00,14.33,16.6,4.66,10.6,1003.5
2026-06-22 18:55:00,13.14,18.9,3.33,9.6,993.5
2026-06-22 19:00:00,14.66,20.5,3.66,9.5,958.2
2026-06-22 19:05:00,12.47,12.5,3.1,11.0,1016.3
2026-06-22 19:10:00,13.64,27.1,3.51,10.0,1001.0
2026-06-22 19:15:00,14.61,19.3,3.27,9.1,964.3
2026-06-22 19:20:00,15.71,18.8,2.19,11.1,916.1
2026-06-22 19:25:00,13.12,12.8,2.35,9.9,1021.6
2026-06-22 19:30:00,13.1,25.0,4.22,10.7,1000.7
2026-06-22 19:35:00,16.31,17.7,3.3,10.1,901.6
2026-06-22 19:40:00,13.17,14.8,4.08,12.1,926.2
2026-06-22 19:45:00,13.91,11.5,2.93,9.8,896.7
2026-06-22 19:50:00,16.57,17.0,2.67,8.0,907.1
2026-06-22 19:55:00,14.1,11.0,3.22,9.8,1000.7
2026-06-22 20:00:00,13.63,20.1,3.65,10.3,953.6
2026-06-22 20:05:00,13.74,22.6,3.99,10.5,923.4
2026-06-22 20:10:00,12.89,15.6,3.34,10.8,980.2
2026-06-22 20:15:00,14.68,19.4,3.58,9.4,983.6
2026-06-22 20:20:00,12.61,25.3,3.04,11.6,1003.4
2026-06-22 20:25:00,15.17,17.0,4.08,11.0,974.4
2026-06-22 20:30:00,14.02,17.4,4.09,10.1,975.6
2026-06-22 20:35:00,14.35,18.0,2.73,9.3,917.1
2026-06-22 20:40:00,16.59,15.4,3.46,11.9,953.9
2026-06-22 20:45:00,11.83,15.9,2.62,10.7,948.8
2026-06-22 20:50:00,14.04,13.4,3.74,9.5,856.1
2026-06-22 20:55:00,14.96,20.6,2.94,11.4,964.3
2026-06-22 21:00:00,13.08,17.6,2.73,10.2,881.7
2026-06-22 21:05:00,15.43,21.6,1.94,11.5,978.8
2026-06-22 21:10:00,13.18,24.1,3.79,9.2,934.6
2026-06-22 21:15:00,14.44,11.7,3.38,9.8,935.3
2026-06-22 21:20:00,13.81,13.0,3.4,11.4,930.0
2026-06-22 21:25:00,14.24,22.2,3.66,9.3,925.6
2026-06-22 21:30:00,14.11,16.5,2.76,9.7,940.9
2026-06-22 21:35:00,13.95,18.5,2.64,7.3,987.1
2026-06-22 21:40:00,13.29,18.5,3.52,10.4,906.6
2026-06-22 21:45:00,13.0,12.3,3.95,11.2,950.4
2026-06-22 21:50:00,14.47,21.0,3.49,9.1,1034.5
2026-06-22 21:55:00,14.08,19.5,4.15,10.4,923.1
2026-06-22 22:00:00,12.96,11.9,3.6,9.5,949.4
2026-06-22 22:05:00,14.52,17.0,3.52,8.5,983.7
2026-06-22 22:10:00,13.31,17.3,3.7,9.7,1037.4
2026-06-22 22:15:00,16.33,22.5,3.02,9.4,1012.1
2026-06-22 22:20:00,17.73,25.0,2.38,10.1,944.4
2026-06-22 22:25:00,16.08,17.9,3.21,9.7,965.7
2026-06-22 22:30:00,16.0,7.9,3.73,11.3,941.7
2026-06-22 22:35:00,15.22,22.4,2.64,9.4,993.7
2026-06-22 22:40:00,13.69,31.2,2.22,9.9,945.2
2026-06-22 22:45:00,11.15,22.3,2.72,10.2,1018.1
2026-06-22 22:50:00,12.46,16.4,4.02,9.9,872.8
2026-06-22 22:55:00,12.98,20.4,3.47,9.5,974.5
2026-06-22 23:00:00,15.81,22.8,3.08,10.1,979.9
2026-06-22 23:05:00,14.38,18.7,2.61,10.5,850.0
2026-06-22 23:10:00,13.01,25.9,3.29,10.9,884.6
2026-06-22 23:15:00,11.23,11.2,3.38,7.9,1002.6
2026-06-22 23:20:00,17.48,15.6,3.5,10.5,970.8
2026-06-22 23:25:00,14.8,20.8,4.67,9.3,981.7
2026-06-22 23:30:00,15.36,22.2,3.45,11.2,1017.1
2026-06-22 23:35:00,13.2,14.7,2.82,10.9,936.1
2026-06-22 23:40:00,13.79,15.3,2.4,10.9,1016.8
2026-06-22 23:45:00,13.48,14.0,2.9,9.4,1050.0
2026-06-22 23:50:00,14.1,13.5,2.97,8.6,1000.6
2026-06-22 23:55:00,16.77,21.1,3.67,11.3,967.3
2026-06-23 00:00:00,12.19,17.8,2.83,11.2,947.8
2026-06-23 00:05:00,13.94,25.8,2.53,8.0,958.4
2026-06-23 00:10:00,14.54,11.4,3.59,11.4,957.0
2026-06-23 00:15:00,13.82,17.1,2.84,10.4,951.1
2026-06-23 00:20:00,15.49,22.4,3.5,10.1,905.9
2026-06-23 00:25:00,11.4,20.1,2.67,9.2,967.1
2026-06-23 00:30:00,16.83,11.4,2.98,11.0,959.3
2026-06-23 00:35:00,11.94,24.9,2.78,9.5,1004.6
2026-06-23 00:40:00,12.3,18.6,3.44,9.5,972.8
2026-06-23 00:45:00,13.33,29.5,3.0,7.9,920.7
2026-06-23 00:50:00,13.03,17.2,2.47,9.3,906.1
2026-06-23 00:55:00,14.64,24.9,2.35,9.0,949.8
2026-06-23 01:00:00,14.46,15.8,3.03,7.9,915.3
2026-06-23 01:05:00,14.17,16.6,2.36,11.6,955.8
2026-06-23 01:10:00,11.87,21.0,2.92,9.9,922.9
2026-06-23 01:15:00,13.79,7.8,3.46,8.6,1001.1
2026-06-23 01:20:00,14.03,5.9,2.61,9.0,973.4
2026-06-23 01:25:00,15.85,13.9,3.75,9.4,989.7
2026-06-23 01:30:00,14.3,10.2,4.11,9.4,943.4
2026-06-23 01:35:00,14.57,4.5,3.99,10.8,957.9
2026-06-23 01:40:00,16.94,22.5,3.56,9.7,986.7
2026-06-23 01:45:00,12.26,13.3,3.5,10.1,964.6
2026-06-23 01:50:00,13.42,15.9,3.36,9.7,978.3
2026-06-23 01:55:00,12.3,18.8,3.41,11.2,922.8
2026-06-23 02:00:00,16.41,21.0,2.81,11.4,984.3
2026-06-23 02:05:00,16.51,19.7,3.17,9.9,926.6
2026-06-23 02:10:00,16.29,19.2,3.28,9.1,1033.4
2026-06-23 02:15:00,14.82,20.8,3.56,9.9,957.8
2026-06-23 02:20:00,14.57,15.0,2.28,7.0,994.2
2026-06-23 02:25:00,13.31,13.7,3.37,10.3,932.3
2026-06-23 02:30:00,15.15,4.1,3.98,8.6,941.4
2026-06-23 02:35:00,12.08,21.8,2.8,9.8,939.5
2026-06-23 02:40:00,12.07,13.9,3.18,10.5,879.6
2026-06-23 02:45:00,13.37,29.9,1.96,9.4,850.0
2026-06-23 02:50:00,16.83,22.4,3.2,9.6,938.5
2026-06-23 02:55:00,13.23,23.7,2.25,10.3,874.5
2026-06-23 03:00:00,13.43,22.2,2.83,9.4,961.4
2026-06-23 03:05:00,14.43,21.2,3.14,10.9,943.6
2026-06-23 03:10:00,15.35,20.9,2.81,10.8,850.0
2026-06-23 03:15:00,15.88,21.4,3.07,10.6,928.7
2026-06-23 03:20:00,12.32,19.0,3.41,9.4,949.0
2026-06-23 03:25:00,13.85,14.3,3.21,10.6,1006.4
2026-06-23 03:30:00,14.34,10.9,3.36,9.3,931.7
2026-06-23 03:35:00,14.49,20.5,2.05,9.9,884.3
2026-06-23 03:40:00,15.3,25.7,3.03,7.4,879.2
2026-06-23 03:45:00,15.23,17.2,1.88,11.2,929.1
2026-06-23 03:50:00,14.04,18.9,2.95,11.7,910.6
2026-06-23 03:55:00,15.73,10.1,4.38,10.2,941.7
2026-06-23 04:00:00,15.45,15.3,3.79,8.4,956.8
2026-06-23 04:05:00,15.33,10.6,2.42,9.8,971.5
2026-06-23 04:10:00,13.21,11.0,2.94,10.1,972.6
2026-06-23 04:15:00,15.07,18.6,3.09,10.0,926.0
2026-06-23 04:20:00,15.81,17.7,3.51,12.5,975.2
2026-06-23 04:25:00,13.23,22.7,3.66,9.8,888.9
2026-06-23 04:30:00,14.2,22.6,4.13,9.4,955.5
2026-06-23 04:35:00,16.35,12.8,2.68,10.2,958.5
2026-06-23 04:40:00,14.59,6.4,3.45,9.9,955.0
2026-06-23 04:45:00,13.87,12.3,2.2,9.3,908.5
2026-06-23 04:50:00,16.19,13.7,3.49,8.2,912.9
2026-06-23 04:55:00,13.29,21.3,3.46,10.7,975.9
2026-06-23 05:00:00,11.46,21.7,3.18,9.1,933.3
2026-06-23 05:05:00,12.83,17.7,3.59,9.0,973.6
2026-06-23 05:10:00,15.7,22.4,2.64,9.2,925.6
2026-06-23 05:15:00,14.78,33.4,2.25,8.5,1050.0
2026-06-23 05:20:00,14.1,17.3,2.64,10.7,938.8
2026-06-23 05:25:00,15.59,16.6,3.44,10.5,997.8
2026-06-23 05:30:00,14.25,13.0,4.04,10.2,1045.1
2026-06-23 05:35:00,13.67,19.9,2.67,10.7,994.4
2026-06-23 05:40:00,15.25,24.8,2.72,10.4,935.9
2026-06-23 05:45:00,13.43,15.0,3.3,10.6,946.1
2026-06-23 05:50:00,14.74,15.7,5.29,11.8,850.0
2026-06-23 05:55:00,12.81,14.9,2.96,11.0,856.4
2026-06-23 06:00:00,12.42,11.1,3.85,10.2,949.3
2026-06-23 06:05:00,12.7,18.8,3.08,9.1,926.7
2026-06-23 06:10:00,13.96,19.0,2.87,8.4,905.3
2026-06-23 06:15:00,13.03,17.8,2.4,8.2,951.4
2026-06-23 06:20:00,13.07,29.0,2.91,10.9,926.4
2026-06-23 06:25:00,13.77,20.4,3.69,9.4,911.2
2026-06-23 06:30:00,13.89,11.3,2.75,10.1,990.2
2026-06-23 06:35:00,11.67,21.8,3.22,9.0,898.4
2026-06-23 06:40:00,10.22,16.0,2.71,12.2,977.9
2026-06-23 06:45:00,14.6,16.0,2.97,8.2,959.6
2026-06-23 06:50:00,14.21,17.0,2.3,10.1,1004.6
2026-06-23 06:55:00,11.94,16.3,4.61,9.6,931.0
2026-06-23 07:00:00,14.65,19.6,3.37,10.0,896.2
2026-06-23 07:05:00,14.65,30.7,2.88,9.7,924.6
2026-06-23 07:10:00,13.55,15.8,4.0,9.1,948.4
2026-06-23 07:15:00,16.94,18.5,3.14,8.9,989.5
2026-06-23 07:20:00,15.9,19.4,3.46,12.0,982.2
2026-06-23 07:25:00,13.4,14.9,4.17,9.7,941.3
2026-06-23 07:30:00,13.43,15.6,4.11,10.3,946.9
2026-06-23 07:35:00,11.81,24.0,2.45,8.4,977.9
2026-06-23 07:40:00,15.84,14.9,3.24,7.9,992.2
2026-06-23 07:45:00,14.37,12.7,4.02,9.3,963.1
2026-06-23 07:50:00,15.23,28.7,2.44,10.9,961.5
2026-06-23 07:55:00,10.8,10.8,3.12,10.0,959.5
2026-06-23 08:00:00,15.17,23.3,2.97,9.5,960.8
2026-06-23 08:05:00,13.24,16.8,3.51,10.4,960.8
2026-06-23 08:10:00,14.88,10.7,3.75,9.4,910.1
2026-06-23 08:15:00,14.78,15.7,3.91,11.4,885.3
2026-06-23 08:20:00,13.97,16.6,3.26,11.4,914.9
2026-06-23 08:25:00,12.95,8.2,2.67,9.4,931.4
2026-06-23 08:30:00,14.6,20.6,2.96,9.2,976.3
2026-06-23 08:35:00,12.75,20.0,2.55,9.9,939.2
2026-06-23 08:40:00,15.58,15.9,2.81,10.4,958.1
2026-06-23 08:45:00,12.92,20.8,3.6,9.7,952.8
2026-06-23 08:50:00,14.03,19.2,2.33,11.0,969.9
2026-06-23 08:55:00,12.88,25.8,2.79,10.3,932.9
2026-06-23 09:00:00,14.24,11.5,3.8,11.1,921.0
2026-06-23 09:05:00,12.45,16.2,3.63,8.9,884.1
2026-06-23 09:10:00,12.79,24.0,2.66,9.4,963.3
2026-06-23 09:15:00,17.44,21.2,2.63,10.5,850.0
2026-06-23 09:20:00,15.27,4.2,4.28,10.1,956.5
2026-06-23 09:25:00,14.55,8.0,3.53,9.8,985.5
2026-06-23 09:30:00,14.77,18.0,2.71,9.5,944.0
2026-06-23 09:35:00,14.46,27.8,3.08,10.1,964.6
2026-06-23 09:40:00,13.87,15.4,3.88,11.4,932.8
2026-06-23 09:45:00,15.14,21.9,2.62,8.0,949.8
2026-06-23 09:50:00,12.76,18.5,2.65,9.8,943.5
2026-06-23 09:55:00,16.39,21.5,3.3,9.9,977.8
2026-06-23 10:00:00,14.18,24.4,2.32,8.9,938.6
2026-06-23 10:05:00,15.2,23.7,2.74,9.8,902.5
2026-06-23 10:10:00,16.36,23.5,2.88,8.4,963.1
2026-06-23 10:15:00,14.74,14.3,1.64,9.4,944.9
2026-06-23 10:20:00,12.78,17.1,3.26,9.7,922.1
2026-06-23 10:25:00,15.83,21.1,3.54,10.0,975.8
2026-06-23 10:30:00,16.54,20.9,4.34,11.9,1029.9
2026-06-23 10:35:00,11.08,21.6,3.52,9.2,968.9
2026-06-23 10:40:00,13.85,7.4,2.69,8.7,981.9
2026-06-23 10:45:00,14.44,25.2,2.86,11.0,956.1
2026-06-23 10:50:00,13.6,7.8,4.42,7.0,1007.2
2026-06-23 10:55:00,12.13,13.5,3.52,9.4,976.1
2026-06-23 11:00:00,12.68,19.2,3.82,9.7,927.7
2026-06-23 11:05:00,11.23,17.8,2.86,9.1,973.9
2026-06-23 11:10:00,15.43,26.5,2.99,9.9,967.3
2026-06-23 11:15:00,16.06,11.0,3.23,9.4,934.2
2026-06-23 11:20:00,16.04,15.8,3.77,8.3,999.7
2026-06-23 11:25:00,13.96,6.2,3.06,10.6,899.4
2026-06-23 11:30:00,14.41,18.8,3.55,10.7,964.9
2026-06-23 11:35:00,15.6,16.8,3.21,9.0,932.7
2026-06-23 11:40:00,13.65,10.6,2.55,9.5,885.7
2026-06-23 11:45:00,12.58,25.9,3.12,11.9,954.7
2026-06-23 11:50:00,13.14,24.5,3.8,10.4,933.5
2026-06-23 11:55:00,14.26,18.4,3.2,10.0,926.6
2026-06-23 12:00:00,12.93,24.8,2.93,11.6,907.6
2026-06-23 12:05:00,14.71,17.4,4.06,8.4,1030.4
2026-06-23 12:10:00,11.97,22.3,3.39,8.0,851.6
2026-06-23 12:15:00,13.64,23.2,2.32,10.2,863.5
2026-06-23 12:20:00,14.61,11.6,3.09,10.8,970.9
2026-06-23 12:25:00,14.2,20.6,3.33,8.3,968.5
2026-06-23 12:30:00,12.9,19.0,3.33,8.7,894.4
2026-06-23 12:35:00,15.1,11.9,3.57,10.8,926.1
2026-06-23 12:40:00,14.39,10.3,3.18,8.8,975.1
2026-06-23 12:45:00,10.87,21.0,3.04,9.7,939.0
2026-06-23 12:50:00,14.68,16.3,3.23,10.2,981.8
2026-06-23 12:55:00,13.37,9.2,3.76,11.0,948.2
2026-06-23 13:00:00,13.21,21.5,2.75,9.7,929.1
2026-06-23 13:05:00,12.76,23.6,3.1,10.5,891.7
2026-06-23 13:10:00,12.5,11.0,3.42,8.8,947.4
2026-06-23 13:15:00,14.31,18.0,2.88,10.6,924.4
2026-06-23 13:20:00,14.82,27.1,3.39,9.1,989.8
2026-06-23 13:25:00,14.23,12.5,3.46,8.6,988.2
2026-06-23 13:30:00,15.42,28.2,1.86,12.1,940.2
2026-06-23 13:35:00,14.87,16.1,3.24,11.8,948.5
2026-06-23 13:40:00,10.99,17.6,4.05,10.1,935.2
2026-06-23 13:45:00,12.63,9.6,4.18,11.5,928.8
2026-06-23 13:50:00,15.78,9.9,3.69,9.7,907.2
2026-06-23 13:55:00,12.1,14.1,4.0,9.9,952.7
2026-06-23 14:00:00,10.0,23.3,3.06,9.8,938.4
2026-06-23 14:05:00,16.75,32.0,3.4,9.1,1009.6
2026-06-23 14:10:00,14.44,33.6,3.14,7.7,935.9
2026-06-23 14:15:00,12.98,17.3,3.61,9.7,1046.2
2026-06-23 14:20:00,12.73,15.9,4.33,11.3,1022.3
2026-06-23 14:25:00,14.94,12.1,3.86,10.3,921.2
2026-06-23 14:30:00,14.72,24.7,2.93,10.8,947.0
2026-06-23 14:35:00,14.49,13.6,4.19,10.4,887.9
2026-06-23 14:40:00,13.72,16.6,3.36,9.2,933.2
2026-06-23 14:45:00,12.08,21.0,3.56,10.2,965.0
2026-06-23 14:50:00,13.95,20.7,3.03,9.7,958.2
2026-06-23 14:55:00,15.6,14.3,3.68,8.9,917.7
2026-06-23 15:00:00,13.19,17.4,3.45,10.9,946.9
2026-06-23 15:05:00,14.9,14.5,3.91,8.7,970.0
2026-06-23 15:10:00,13.39,13.0,2.95,9.3,944.9
2026-06-23 15:15:00,15.2,11.8,3.83,12.2,1003.9
2026-06-23 15:20:00,12.53,9.2,1.83,10.7,946.4
2026-06-23 15:25:00,14.02,20.2,2.81,10.2,886.5
2026-06-23 15:30:00,14.68,16.6,2.41,7.8,886.0
2026-06-23 15:35:00,12.99,11.2,3.47,9.9,935.0
2026-06-23 15:40:00,14.54,10.6,3.85,8.8,902.4
2026-06-23 15:45:00,13.96,10.5,3.27,9.9,885.2
2026-06-23 15:50:00,13.93,14.3,4.05,9.8,932.9
2026-06-23 15:55:00,12.98,24.8,2.67,9.1,981.9
2026-06-23 16:00:00,15.5,13.9,2.4,11.2,931.5
2026-06-23 16:05:00,12.58,21.3,3.6,11.0,963.2
2026-06-23 16:10:00,14.42,27.4,3.81,8.9,1007.5
2026-06-23 16:15:00,12.73,19.0,3.25,11.6,965.3
2026-06-23 16:20:00,13.9,13.4,4.34,8.9,912.7
2026-06-23 16:25:00,14.96,17.5,3.51,11.7,949.0
2026-06-23 16:30:00,13.57,17.7,3.44,9.8,932.5
2026-06-23 16:35:00,10.0,28.4,2.84,9.6,970.1
2026-06-23 16:40:00,11.98,7.6,2.52,11.5,957.5
2026-06-23 16:45:00,10.76,24.7,2.97,9.8,938.7
2026-06-23 16:50:00,14.1,7.5,4.25,11.1,953.2
2026-06-23 16:55:00,13.99,22.9,3.27,8.7,937.2
2026-06-23 17:00:00,13.47,15.5,2.99,10.0,886.1
2026-06-23 17:05:00,13.06,29.0,2.55,10.5,872.4
2026-06-23 17:10:00,14.33,22.0,3.48,11.2,985.0
2026-06-23 17:15:00,11.83,21.4,2.49,10.7,991.1
2026-06-23 17:20:00,15.43,12.3,3.47,10.0,957.5
2026-06-23 17:25:00,14.11,28.8,2.81,10.5,987.7
2026-06-23 17:30:00,12.58,34.9,2.87,9.3,1018.6
2026-06-23 17:35:00,13.37,30.1,3.46,10.6,931.9
2026-06-23 17:40:00,13.8,12.0,2.69,10.5,920.7
2026-06-23 17:45:00,11.93,16.9,3.22,9.2,979.4
2026-06-23 17:50:00,15.01,10.9,2.35,10.1,1005.9
2026-06-23 17:55:00,15.45,14.3,3.17,10.8,923.1
2026-06-23 18:00:00,14.18,19.7,3.48,12.4,1009.0
2026-06-23 18:05:00,15.41,22.4,3.63,11.2,934.9
2026-06-23 18:10:00,17.98,21.2,3.85,10.2,959.0
2026-06-23 18:15:00,11.18,7.7,3.7,10.3,935.5
2026-06-23 18:20:00,14.08,17.8,2.96,9.9,960.0
2026-06-23 18:25:00,11.99,21.1,2.08,10.1,908.0
2026-06-23 18:30:00,16.34,23.7,3.74,10.8,991.2
2026-06-23 18:35:00,14.37,20.6,2.86,10.8,884.6
2026-06-23 18:40:00,12.95,20.9,2.3,9.9,912.6
2026-06-23 18:45:00,13.61,16.6,4.34,8.9,1001.9
2026-06-23 18:50:00,16.0,19.6,3.15,9.8,1040.5
2026-06-23 18:55:00,14.68,33.5,3.34,9.2,928.9
2026-06-23 19:00:00,14.87,25.2,3.26,8.8,1011.4
2026-06-23 19:05:00,16.23,20.2,3.17,10.6,1001.7
2026-06-23 19:10:00,15.43,22.4,2.92,10.3,966.3
2026-06-23 19:15:00,15.69,18.5,2.85,9.1,930.8
2026-06-23 19:20:00,13.81,18.4,4.53,9.7,1006.1
2026-06-23 19:25:00,10.62,23.7,2.27,10.3,942.5
2026-06-23 19:30:00,14.16,14.4,2.98,10.3,968.6
2026-06-23 19:35:00,13.0,17.2,2.67,10.4,863.5
2026-06-23 19:40:00,15.18,9.8,3.59,9.2,933.9
2026-06-23 19:45:00,11.34,22.7,2.91,10.4,925.6
2026-06-23 19:50:00,15.24,24.4,2.84,10.0,955.0
2026-06-23 19:55:00,14.28,21.6,3.55,10.8,937.5
2026-06-23 20:00:00,14.53,16.6,4.38,11.1,929.7
2026-06-23 20:05:00,14.93,17.7,2.7,13.0,949.8
2026-06-23 20:10:00,13.96,18.9,2.26,11.3,919.0
2026-06-23 20:15:00,13.5,24.6,3.17,10.1,883.8
2026-06-23 20:20:00,15.7,24.2,3.64,10.0,932.1
2026-06-23 20:25:00,14.89,9.4,3.16,9.1,940.9
2026-06-23 20:30:00,15.03,12.7,3.63,9.1,980.0
2026-06-23 20:35:00,13.88,20.6,2.84,10.3,941.8
2026-06-23 20:40:00,14.16,10.0,4.72,10.3,965.6
2026-06-23 20:45:00,13.98,23.5,3.51,12.7,921.1
2026-06-23 20:50:00,11.38,16.3,2.93,9.3,949.3
2026-06-23 20:55:00,11.93,22.2,2.71,9.2,880.8
2026-06-23 21:00:00,13.82,18.2,3.36,10.3,924.9
2026-06-23 21:05:00,11.18,17.4,3.61,9.5,850.0
2026-06-23 21:10:00,13.83,11.5,2.48,10.4,902.4
2026-06-23 21:15:00,12.66,14.7,3.24,9.5,899.1
2026-06-23 21:20:00,13.89,17.3,3.65,9.7,974.6
2026-06-23 21:25:00,14.26,17.1,3.41,10.4,964.1
2026-06-23 21:30:00,11.21,22.3,3.53,9.4,992.7
2026-06-23 21:35:00,14.49,14.1,4.13,9.6,897.2
2026-06-23 21:40:00,13.33,17.8,1.5,10.5,982.9
2026-06-23 21:45:00,10.52,27.0,3.24,10.0,926.9
2026-06-23 21:50:00,13.31,22.9,1.74,9.4,1021.8
2026-06-23 21:55:00,14.57,18.6,3.17,9.5,942.9
2026-06-23 22:00:00,13.39,9.3,4.07,11.0,1014.2
2026-06-23 22:05:00,13.3,9.8,3.21,10.3,1050.0
2026-06-23 22:10:00,14.23,21.8,2.6,9.6,966.9
2026-06-23 22:15:00,13.28,22.4,3.65,10.9,1021.3
2026-06-23 22:20:00,13.6,6.3,3.4,10.4,936.8
2026-06-23 22:25:00,12.01,22.2,3.27,11.4,1002.5
2026-06-23 22:30:00,13.22,14.6,4.53,10.9,947.4
2026-06-23 22:35:00,16.83,15.6,2.32,11.2,972.7
2026-06-23 22:40:00,14.27,23.3,2.76,9.7,970.2
2026-06-23 22:45:00,14.4,22.4,3.38,9.1,942.9
2026-06-23 22:50:00,13.04,17.4,3.94,10.8,890.7
2026-06-23 22:55:00,13.41,22.1,2.58,10.8,895.7
2026-06-23 23:00:00,13.66,15.8,2.98,9.9,996.4
2026-06-23 23:05:00,15.31,13.3,3.21,9.0,957.5
2026-06-23 23:10:00,15.8,25.6,3.03,10.3,988.9
2026-06-23 23:15:00,13.32,26.0,3.54,10.4,929.9
2026-06-23 23:20:00,13.96,14.1,3.21,8.6,936.1
2026-06-23 23:25:00,13.65,14.8,3.62,10.4,935.7
2026-06-23 23:30:00,15.14,23.3,2.42,11.2,883.2
2026-06-23 23:35:00,14.7,13.8,3.33,8.7,936.2
2026-06-23 23:40:00,13.87,22.8,3.17,10.5,937.4
2026-06-23 23:45:00,15.51,11.9,3.77,11.3,949.6
2026-06-23 23:50:00,14.78,16.3,4.73,11.4,940.0
2026-06-23 23:55:00,12.84,23.9,3.72,8.1,1004.5
2026-06-24 00:00:00,14.01,12.2,2.84,11.1,926.8
2026-06-24 00:05:00,13.74,14.5,3.62,9.7,983.5
2026-06-24 00:10:00,12.52,20.3,3.15,9.6,962.0
2026-06-24 00:15:00,13.66,7.2,3.1,12.5,951.2
2026-06-24 00:20:00,15.71,18.4,2.88,10.2,980.1
2026-06-24 00:25:00,15.64,25.0,2.78,9.6,936.5
2026-06-24 00:30:00,15.37,23.2,2.46,10.8,929.0
2026-06-24 00:35:00,15.17,17.7,2.43,11.7,935.6
2026-06-24 00:40:00,14.31,18.1,3.59,10.2,958.3
2026-06-24 00:45:00,13.1,27.0,2.9,9.5,876.6
2026-06-24 00:50:00,14.85,26.2,3.23,10.1,943.3
2026-06-24 00:55:00,11.53,17.4,2.68,11.1,977.7
2026-06-24 01:00:00,12.99,14.2,3.59,9.7,949.0
2026-06-24 01:05:00,15.66,23.1,2.73,11.1,954.7
2026-06-24 01:10:00,13.26,24.8,2.33,9.9,968.4
2026-06-24 01:15:00,14.96,26.3,4.06,8.1,953.5
2026-06-24 01:20:00,13.46,21.5,3.29,11.5,885.1
2026-06-24 01:25:00,14.83,15.9,3.03,10.3,1008.3
2026-06-24 01:30:00,11.69,8.0,3.18,11.1,1050.0
2026-06-24 01:35:00,15.91,29.6,2.87,10.3,1011.0
2026-06-24 01:40:00,12.33,27.6,3.4,10.0,941.4
2026-06-24 01:45:00,11.96,13.4,2.32,10.7,914.6
2026-06-24 01:50:00,15.83,19.1,2.11,9.8,1010.6
2026-06-24 01:55:00,14.0,16.7,3.28,11.8,955.7
2026-06-24 02:00:00,13.54,18.4,2.15,10.0,987.2
2026-06-24 02:05:00,16.35,15.6,2.08,11.8,910.3
2026-06-24 02:10:00,15.1,22.1,3.7,10.6,970.5
2026-06-24 02:15:00,13.33,11.2,3.37,7.6,965.5
2026-06-24 02:20:00,13.8,15.6,3.33,9.0,1005.4
2026-06-24 02:25:00,15.61,23.2,2.48,10.8,982.7
2026-06-24 02:30:00,12.55,6.2,4.15,9.1,956.7
2026-06-24 02:35:00,16.17,19.9,3.79,8.6,1025.7
2026-06-24 02:40:00,13.33,14.7,2.42,11.3,939.3
2026-06-24 02:45:00,12.69,27.7,3.04,8.4,1011.4
2026-06-24 02:50:00,15.63,20.0,2.93,10.8,972.6
2026-06-24 02:55:00,15.1,13.3,3.22,9.6,979.7
2026-06-24 03:00:00,11.34,26.7,3.77,10.7,1050.0
2026-06-24 03:05:00,13.84,18.1,2.97,10.3,864.3
2026-06-24 03:10:00,12.34,18.8,3.78,7.9,894.4
2026-06-24 03:15:00,15.2,23.3,2.11,9.7,997.0
2026-06-24 03:20:00,16.58,14.4,2.87,9.8,986.6
2026-06-24 03:25:00,14.81,26.7,2.87,10.4,955.1
2026-06-24 03:30:00,12.86,21.5,2.84,10.3,994.8
2026-06-24 03:35:00,15.33,14.2,3.25,9.8,905.3
2026-06-24 03:40:00,13.92,15.4,3.32,8.9,1028.2
2026-06-24 03:45:00,13.89,10.5,3.41,10.5,1005.5
2026-06-24 03:50:00,13.27,19.8,3.71,10.9,1017.4
2026-06-24 03:55:00,14.16,16.9,3.65,10.3,887.1
2026-06-24 04:00:00,13.89,19.9,2.28,9.8,992.7
2026-06-24 04:05:00,10.39,7.8,3.39,9.6,950.1
2026-06-24 04:10:00,14.04,14.9,2.86,9.1,1045.5
2026-06-24 04:15:00,13.79,12.1,3.75,10.2,960.5
2026-06-24 04:20:00,14.52,21.0,3.95,10.2,914.5
2026-06-24 04:25:00,10.99,14.4,3.74,10.8,973.4
2026-06-24 04:30:00,14.77,20.8,4.32,9.4,882.3
2026-06-24 04:35:00,14.04,14.8,3.68,10.1,992.3
2026-06-24 04:40:00,14.74,27.8,3.7,8.7,933.0
2026-06-24 04:45:00,11.56,18.3,2.72,9.7,942.9
2026-06-24 04:50:00,12.15,23.5,3.13,9.4,960.0
2026-06-24 04:55:00,11.19,17.3,3.62,11.1,937.5
2026-06-24 05:00:00,14.22,23.5,3.32,11.7,1015.1
2026-06-24 05:05:00,13.48,13.4,2.7,8.8,938.7
2026-06-24 05:10:00,13.78,17.7,2.65,10.9,970.7
2026-06-24 05:15:00,11.91,15.2,2.14,10.7,972.4
2026-06-24 05:20:00,12.19,29.2,3.31,9.5,951.7
2026-06-24 05:25:00,10.26,10.9,2.65,9.2,918.5
2026-06-24 05:30:00,11.98,30.4,3.48,9.2,858.8
2026-06-24 05:35:00,13.02,9.8,3.72,9.6,994.3
2026-06-24 05:40:00,13.1,22.4,3.29,9.6,908.5
2026-06-24 05:45:00,13.9,14.3,3.47,9.8,1030.4
2026-06-24 05:50:00,15.14,19.5,3.8,9.5,925.2
2026-06-24 05:55:00,12.97,17.0,3.9,10.8,1000.8
2026-06-24 06:00:00,14.73,13.0,1.91,10.5,955.2
2026-06-24 06:05:00,15.17,18.5,3.62,9.8,1013.3
2026-06-24 06:10:00,15.73,15.5,3.52,9.5,965.2
2026-06-24 06:15:00,14.73,21.4,3.34,9.4,969.2
2026-06-24 06:20:00,14.11,12.0,3.54,10.4,903.7
2026-06-24 06:25:00,12.38,20.8,2.98,10.1,980.4
2026-06-24 06:30:00,14.41,23.2,1.71,10.2,987.2
2026-06-24 06:35:00,13.44,17.4,2.84,10.9,957.0
2026-06-24 06:40:00,16.06,10.1,2.18,9.9,994.0
2026-06-24 06:45:00,14.14,28.4,2.1,11.4,966.4
2026-06-24 06:50:00,13.76,20.8,3.81,8.0,998.6
2026-06-24 06:55:00,16.12,13.7,2.92,8.7,954.8
2026-06-24 07:00:00,13.28,21.0,3.33,11.8,994.4
2026-06-24 07:05:00,14.0,7.9,3.3,9.6,960.6
2026-06-24 07:10:00,17.01,25.1,3.93,10.3,1032.3
2026-06-24 07:15:00,14.4,30.7,3.12,11.3,936.6
2026-06-24 07:20:00,15.69,22.9,2.79,10.3,946.3
2026-06-24 07:25:00,16.26,12.0,4.15,10.9,923.5
2026-06-24 07:30:00,13.17,6.1,3.02,10.6,934.5
2026-06-24 07:35:00,15.36,26.2,3.37,11.0,929.3
2026-06-24 07:40:00,13.5,17.1,3.51,10.5,1032.4
2026-06-24 07:45:00,17.06,15.7,2.48,10.7,1033.7
2026-06-24 07:50:00,16.17,25.0,3.68,9.4,945.3
2026-06-24 07:55:00,15.11,14.5,4.05,10.5,1006.9
2026-06-24 08:00:00,15.57,22.6,2.47,10.0,943.6
2026-06-24 08:05:00,12.96,18.1,3.22,9.9,967.3
2026-06-24 08:10:00,16.58,19.5,3.99,8.3,1011.4
2026-06-24 08:15:00,12.64,27.8,2.13,9.6,940.7
2026-06-24 08:20:00,14.61,15.1,3.61,9.9,910.0
2026-06-24 08:25:00,12.93,14.5,2.49,11.6,968.9
2026-06-24 08:30:00,15.29,16.8,3.02,9.7,917.7
2026-06-24 08:35:00,16.62,10.8,3.15,10.3,951.4
2026-06-24 08:40:00,14.68,23.6,2.44,11.4,963.1
2026-06-24 08:45:00,14.47,22.8,2.61,8.8,977.3
2026-06-24 08:50:00,13.83,17.9,3.16,9.6,977.7
2026-06-24 08:55:00,14.15,12.5,4.08,10.9,962.3
2026-06-24 09:00:00,13.5,1.5,3.65,12.5,984.4
2026-06-24 09:05:00,16.45,13.0,2.27,8.0,1012.5
2026-06-24 09:10:00,15.19,16.6,3.49,9.9,984.1
2026-06-24 09:15:00,13.48,6.6,3.34,10.6,992.3
2026-06-24 09:20:00,14.09,33.0,2.67,10.8,914.5
2026-06-24 09:25:00,18.0,20.5,2.91,12.2,959.1
2026-06-24 09:30:00,14.41,21.3,3.47,9.4,966.8
2026-06-24 09:35:00,16.18,17.1,2.27,9.8,1043.2
2026-06-24 09:40:00,13.14,22.4,2.77,8.4,862.4
2026-06-24 09:45:00,14.71,16.2,2.53,10.1,985.7
2026-06-24 09:50:00,13.06,17.0,2.73,10.5,972.2
2026-06-24 09:55:00,13.2,26.4,3.31,12.1,979.6
2026-06-24 10:00:00,15.19,24.6,3.16,11.7,895.7
2026-06-24 10:05:00,12.66,17.9,3.6,11.5,958.0
2026-06-24 10:10:00,12.21,30.1,1.73,9.3,1025.2
2026-06-24 10:15:00,15.03,17.5,3.04,10.4,904.1
2026-06-24 10:20:00,13.27,15.0,3.17,10.4,978.8
2026-06-24 10:25:00,13.58,18.8,2.21,10.5,926.7
2026-06-24 10:30:00,11.3,19.8,2.77,10.0,1017.2
2026-06-24 10:35:00,12.1,10.8,3.26,11.1,983.7
2026-06-24 10:40:00,14.33,20.9,3.36,9.6,969.1
2026-06-24 10:45:00,13.65,30.7,3.28,10.3,920.3
2026-06-24 10:50:00,15.36,23.7,1.96,11.5,944.2
2026-06-24 10:55:00,12.65,22.0,2.78,12.2,935.6
2026-06-24 11:00:00,13.75,20.9,2.25,9.2,915.0
2026-06-24 11:05:00,14.07,12.0,3.26,10.6,944.0
2026-06-24 11:10:00,13.69,12.0,3.0,10.5,872.1
2026-06-24 11:15:00,14.9,19.0,2.82,11.2,979.0
2026-06-24 11:20:00,12.37,15.4,5.13,11.6,933.4
2026-06-24 11:25:00,14.77,9.3,2.66,9.7,921.8
2026-06-24 11:30:00,15.71,15.9,3.21,9.9,892.6
2026-06-24 11:35:00,12.76,20.7,3.46,10.1,966.8
2026-06-24 11:40:00,14.6,21.5,3.38,10.5,1027.2
2026-06-24 11:45:00,14.54,13.0,3.6,10.8,938.0
2026-06-24 11:50:00,14.88,17.7,3.42,9.6,1005.0
2026-06-24 11:55:00,14.0,20.5,2.98,11.9,973.2
2026-06-24 12:00:00,16.13,10.4,3.28,8.2,943.7
2026-06-24 12:05:00,17.17,13.4,2.85,8.8,1027.9
2026-06-24 12:10:00,14.94,17.9,2.76,10.6,880.9
2026-06-24 12:15:00,14.47,12.5,2.46,9.8,955.8
2026-06-24 12:20:00,14.02,16.0,3.69,9.4,935.9
2026-06-24 12:25:00,12.03,33.0,3.71,11.0,962.7
2026-06-24 12:30:00,11.86,9.0,2.94,10.8,903.7
2026-06-24 12:35:00,12.27,26.5,3.07,11.2,982.2
2026-06-24 12:40:00,14.4,20.0,4.14,9.0,884.9
2026-06-24 12:45:00,13.71,10.7,3.95,10.8,975.8
2026-06-24 12:50:00,16.29,22.1,3.69,10.8,929.9
2026-06-24 12:55:00,10.24,18.3,3.36,9.0,968.5
2026-06-24 13:00:00,14.06,25.2,2.75,10.0,921.8
2026-06-24 13:05:00,14.65,22.0,2.85,11.0,915.9
2026-06-24 13:10:00,15.35,19.2,3.33,11.3,1013.5
2026-06-24 13:15:00,14.21,16.2,3.48,9.9,1018.1
2026-06-24 13:20:00,14.55,25.0,2.55,8.9,904.2
2026-06-24 13:25:00,14.26,15.6,3.97,11.5,956.4
2026-06-24 13:30:00,14.66,9.6,4.13,10.0,980.9
2026-06-24 13:35:00,13.97,6.6,3.79,8.1,947.4
2026-06-24 13:40:00,17.17,10.6,4.18,9.8,948.7
2026-06-24 13:45:00,14.87,22.8,3.53,11.1,978.9
2026-06-24 13:50:00,14.3,15.8,3.39,8.8,971.9
2026-06-24 13:55:00,12.89,13.4,3.28,10.1,932.0
2026-06-24 14:00:00,13.49,15.4,3.04,9.7,971.1
2026-06-24 14:05:00,16.27,23.0,3.15,10.0,939.4
2026-06-24 14:10:00,10.27,21.8,2.54,9.6,935.8
2026-06-24 14:15:00,14.09,19.0,3.14,10.5,920.5
2026-06-24 14:20:00,13.96,14.4,2.53,9.8,920.7
2026-06-24 14:25:00,14.75,15.7,2.74,10.7,960.4
2026-06-24 14:30:00,14.4,17.2,3.95,9.6,888.8
2026-06-24 14:35:00,16.27,12.6,3.96,11.1,887.7
2026-06-24 14:40:00,14.15,17.3,2.7,10.0,943.3
2026-06-24 14:45:00,13.9,12.3,3.78,8.8,950.2
2026-06-24 14:50:00,15.43,20.2,2.83,9.1,908.0
2026-06-24 14:55:00,16.3,20.9,2.77,8.8,1020.1
2026-06-24 15:00:00,15.03,24.7,3.97,8.9,920.2
2026-06-24 15:05:00,15.52,19.6,2.53,8.7,923.8
2026-06-24 15:10:00,13.67,19.4,2.11,8.9,920.5
2026-06-24 15:15:00,14.19,13.0,2.85,10.0,988.0
2026-06-24 15:20:00,16.23,17.7,2.84,10.7,1017.8
2026-06-24 15:25:00,14.79,11.9,3.04,8.6,911.4
2026-06-24 15:30:00,13.64,7.8,2.27,9.2,983.6
2026-06-24 15:35:00,14.05,16.4,3.43,10.8,960.6
2026-06-24 15:40:00,15.56,15.0,4.37,9.8,919.5
2026-06-24 15:45:00,15.69,21.7,3.34,8.3,960.5
2026-06-24 15:50:00,12.74,12.2,3.12,10.0,897.2
2026-06-24 15:55:00,14.54,34.9,3.43,10.4,940.0
2026-06-24 16:00:00,13.99,15.1,3.27,10.3,909.9
2026-06-24 16:05:00,13.9,17.6,3.24,12.2,936.6
2026-06-24 16:10:00,16.0,14.6,3.18,9.2,952.8
2026-06-24 16:15:00,13.64,22.7,3.28,11.1,1009.8
2026-06-24 16:20:00,13.14,16.7,2.97,10.0,952.1
2026-06-24 16:25:00,12.78,12.1,2.28,10.5,910.2
2026-06-24 16:30:00,13.74,7.0,4.42,9.3,950.7
2026-06-24 16:35:00,12.9,21.4,3.48,9.3,867.0
2026-06-24 16:40:00,12.7,21.9,2.74,8.7,984.2
2026-06-24 16:45:00,12.67,20.1,3.39,8.5,917.6
2026-06-24 16:50:00,12.75,16.7,2.53,10.7,1026.0
2026-06-24 16:55:00,12.86,16.1,3.45,9.5,986.6
2026-06-24 17:00:00,14.6,22.7,3.6,12.5,954.3
2026-06-24 17:05:00,11.06,17.4,3.83,9.5,938.1
2026-06-24 17:10:00,12.95,24.7,3.47,10.7,932.8
2026-06-24 17:15:00,13.85,17.4,3.09,10.1,935.4
2026-06-24 17:20:00,15.72,17.2,3.82,8.2,949.7
2026-06-24 17:25:00,13.63,20.2,2.85,8.7,933.8
2026-06-24 17:30:00,13.77,26.4,3.3,8.5,972.2
2026-06-24 17:35:00,13.87,25.1,2.69,11.5,1008.8
2026-06-24 17:40:00,11.26,17.7,3.34,11.3,954.1
2026-06-24 17:45:00,14.99,15.8,4.12,11.9,994.2
2026-06-24 17:50:00,14.93,10.8,3.74,7.8,897.1
2026-06-24 17:55:00,15.22,22.2,3.71,8.6,964.3
2026-06-24 18:00:00,17.76,7.3,3.98,10.6,953.4
2026-06-24 18:05:00,12.05,28.2,3.06,9.2,894.2
2026-06-24 18:10:00,11.77,23.1,2.63,10.7,939.8
2026-06-24 18:15:00,15.06,13.5,2.13,9.6,984.2
2026-06-24 18:20:00,13.49,25.4,2.48,9.5,850.0
2026-06-24 18:25:00,12.52,21.3,3.24,8.2,942.0
2026-06-24 18:30:00,13.58,20.8,1.95,9.4,931.9
2026-06-24 18:35:00,13.07,16.4,3.32,10.4,960.8
2026-06-24 18:40:00,16.59,21.3,3.46,9.0,986.2
2026-06-24 18:45:00,17.39,9.5,2.35,10.1,978.0
2026-06-24 18:50:00,11.55,18.4,3.72,9.0,988.9
2026-06-24 18:55:00,11.79,13.9,2.99,9.2,997.2
2026-06-24 19:00:00,12.86,16.3,2.24,9.3,935.5
2026-06-24 19:05:00,12.97,13.9,2.23,10.5,852.9
2026-06-24 19:10:00,12.84,14.2,3.2,10.9,976.9
2026-06-24 19:15:00,13.71,25.7,3.17,11.8,909.7
2026-06-24 19:20:00,13.33,9.4,3.28,10.8,961.3
2026-06-24 19:25:00,11.97,20.5,3.8,10.4,893.3
2026-06-24 19:30:00,12.46,11.2,3.31,11.8,920.4
2026-06-24 19:35:00,16.32,25.9,2.77,10.3,973.2
2026-06-24 19:40:00,13.46,20.6,2.98,10.6,932.2
2026-06-24 19:45:00,13.39,9.6,3.93,11.0,883.2
2026-06-24 19:50:00,11.72,20.0,2.51,10.2,895.8
2026-06-24 19:55:00,13.31,13.8,3.34,9.9,995.1
2026-06-24 20:00:00,15.44,19.4,3.31,9.8,935.9
2026-06-24 20:05:00,14.89,10.0,3.89,9.4,936.8
2026-06-24 20:10:00,15.22,25.4,3.19,9.5,925.6
2026-06-24 20:15:00,12.19,6.0,2.75,11.1,889.2
2026-06-24 20:20:00,12.17,13.2,3.36,8.9,939.3
2026-06-24 20:25:00,15.7,11.5,3.7,10.1,999.5
2026-06-24 20:30:00,15.24,20.3,3.26,10.0,918.9
2026-06-24 20:35:00,13.61,15.0,3.89,8.6,874.5
2026-06-24 20:40:00,15.28,16.9,2.43,10.8,981.0
2026-06-24 20:45:00,12.2,14.2,3.14,8.7,953.4
2026-06-24 20:50:00,12.13,9.8,3.29,9.3,957.6
2026-06-24 20:55:00,11.57,16.6,3.68,9.9,965.1
2026-06-24 21:00:00,14.54,10.2,3.82,11.5,880.2
2026-06-24 21:05:00,14.33,7.0,3.32,10.5,945.5
2026-06-24 21:10:00,13.22,21.8,2.95,10.3,959.7
2026-06-24 21:15:00,12.83,10.6,3.39,11.4,948.3
2026-06-24 21:20:00,17.62,26.7,2.43,9.7,948.0
2026-06-24 21:25:00,13.61,26.5,2.82,12.0,996.3
2026-06-24 21:30:00,16.08,23.3,3.49,10.5,967.6
2026-06-24 21:35:00,13.78,11.2,3.48,10.1,975.1
2026-06-24 21:40:00,13.25,30.7,2.68,8.2,943.7
2026-06-24 21:45:00,16.12,3.9,2.87,11.0,850.0
2026-06-24 21:50:00,15.18,12.7,2.77,10.5,937.0
2026-06-24 21:55:00,13.96,23.0,2.71,9.8,949.0
2026-06-24 22:00:00,15.7,22.5,3.24,9.5,942.2
2026-06-24 22:05:00,17.78,13.6,3.96,12.0,947.0
2026-06-24 22:10:00,12.9,13.3,4.04,9.2,958.5
2026-06-24 22:15:00,14.71,16.7,2.66,10.3,988.0
2026-06-24 22:20:00,13.39,17.5,3.4,10.0,915.7
2026-06-24 22:25:00,12.6,15.2,3.4,10.7,941.8
2026-06-24 22:30:00,12.56,27.9,3.23,8.1,1011.5
2026-06-24 22:35:00,16.39,13.9,2.65,10.7,885.2
2026-06-24 22:40:00,11.26,26.8,2.67,11.6,938.9
2026-06-24 22:45:00,14.76,20.4,3.38,8.1,862.7
2026-06-24 22:50:00,12.76,24.1,2.91,9.1,939.7
2026-06-24 22:55:00,16.66,9.0,3.34,10.6,954.1
2026-06-24 23:00:00,13.59,24.2,2.53,9.9,877.3
2026-06-24 23:05:00,13.45,24.0,2.85,10.7,958.4
2026-06-24 23:10:00,16.35,14.0,2.44,10.7,922.9
2026-06-24 23:15:00,15.32,23.1,3.31,10.2,993.2
2026-06-24 23:20:00,14.83,9.1,3.08,11.8,969.0
2026-06-24 23:25:00,15.21,15.2,3.39,10.8,928.3
2026-06-24 23:30:00,12.38,25.0,2.91,8.7,941.7
2026-06-24 23:35:00,15.11,16.9,3.35,10.7,1012.0
2026-06-24 23:40:00,13.7,16.4,4.3,10.0,945.4
2026-06-24 23:45:00,14.54,26.4,2.8,10.5,896.2
2026-06-24 23:50:00,14.73,6.3,3.61,11.2,904.3
2026-06-24 23:55:00,12.33,16.9,2.82,11.6,942.5
2026-06-25 00:00:00,14.89,17.6,3.12,10.1,995.0
2026-06-25 00:05:00,13.72,13.2,3.53,10.8,930.4
2026-06-25 00:10:00,12.14,26.2,3.29,8.9,906.2
2026-06-25 00:15:00,13.78,12.5,3.67,9.5,950.4
2026-06-25 00:20:00,14.03,12.6,3.83,9.4,963.1
2026-06-25 00:25:00,14.89,3.2,3.75,11.0,970.6
2026-06-25 00:30:00,10.42,24.7,3.69,11.7,882.0
2026-06-25 00:35:00,14.58,16.0,3.35,13.2,962.6
2026-06-25 00:40:00,13.23,16.0,2.78,10.9,960.4
2026-06-25 00:45:00,15.21,16.7,3.69,11.1,932.4
2026-06-25 00:50:00,14.0,25.2,2.9,8.3,995.4
2026-06-25 00:55:00,13.5,27.7,3.52,8.2,968.1
2026-06-25 01:00:00,13.73,7.6,2.55,9.1,915.7
2026-06-25 01:05:00,14.5,15.2,3.01,8.7,968.8
2026-06-25 01:10:00,15.36,11.2,2.85,10.5,874.5
2026-06-25 01:15:00,12.66,16.7,3.45,11.7,930.9
2026-06-25 01:20:00,13.48,17.5,2.86,10.0,933.6
2026-06-25 01:25:00,16.2,7.7,3.29,9.3,976.4
2026-06-25 01:30:00,13.46,20.2,3.09,10.3,1050.0
2026-06-25 01:35:00,14.55,15.3,3.84,9.3,938.3
2026-06-25 01:40:00,12.15,22.7,3.44,9.5,1008.6
2026-06-25 01:45:00,11.43,18.2,3.37,9.8,1004.3
2026-06-25 01:50:00,12.44,7.7,3.32,10.4,896.8
2026-06-25 01:55:00,12.97,21.7,2.7,8.3,1003.6
2026-06-25 02:00:00,15.56,10.0,2.75,8.0,921.8
2026-06-25 02:05:00,15.72,10.6,3.44,9.1,950.4
2026-06-25 02:10:00,11.11,16.1,2.37,10.5,1041.9
2026-06-25 02:15:00,13.19,16.3,3.19,8.7,970.7
2026-06-25 02:20:00,15.05,7.5,3.37,11.8,924.3
2026-06-25 02:25:00,13.84,17.1,2.36,10.9,967.8
2026-06-25 02:30:00,16.26,17.5,3.17,10.7,888.8
2026-06-25 02:35:00,15.01,17.2,3.21,10.9,992.5
2026-06-25 02:40:00,13.6,7.9,4.55,10.4,924.3
2026-06-25 02:45:00,13.73,18.9,3.2,10.5,851.6
2026-06-25 02:50:00,13.91,21.7,3.69,11.2,935.6
2026-06-25 02:55:00,12.73,9.9,3.55,11.0,929.4
2026-06-25 03:00:00,15.41,11.5,3.42,10.3,970.0
2026-06-25 03:05:00,15.11,22.7,3.65,11.9,903.9
2026-06-25 03:10:00,14.68,27.5,2.24,10.1,963.9
2026-06-25 03:15:00,14.36,17.0,3.16,9.5,922.8
2026-06-25 03:20:00,12.47,15.3,3.4,8.5,947.2
2026-06-25 03:25:00,14.76,19.2,2.61,9.3,992.7
2026-06-25 03:30:00,14.19,26.1,3.09,11.2,994.0
2026-06-25 03:35:00,17.0,12.9,3.31,10.0,1001.0
2026-06-25 03:40:00,12.06,15.1,3.13,10.5,919.5
2026-06-25 03:45:00,12.92,14.9,2.7,10.1,961.9
2026-06-25 03:50:00,11.62,9.5,2.83,8.8,963.6
2026-06-25 03:55:00,13.67,23.1,2.96,9.7,1000.1
2026-06-25 04:00:00,11.39,19.6,3.42,9.2,936.9
2026-06-25 04:05:00,15.78,5.9,3.38,9.6,890.4
2026-06-25 04:10:00,15.64,17.9,3.32,9.1,984.0
2026-06-25 04:15:00,13.76,28.0,2.96,10.5,1003.6
2026-06-25 04:20:00,12.48,19.7,2.68,10.8,962.7
2026-06-25 04:25:00,11.71,27.6,2.92,10.0,906.3
2026-06-25 04:30:00,12.94,14.6,2.73,8.0,1036.6
2026-06-25 04:35:00,14.94,23.8,1.5,8.6,954.8
2026-06-25 04:40:00,12.82,25.9,3.11,10.6,923.6
2026-06-25 04:45:00,16.86,17.6,3.05,9.2,993.9
2026-06-25 04:50:00,16.24,15.5,3.97,9.2,1016.6
2026-06-25 04:55:00,14.0,24.6,3.55,10.1,885.7
2026-06-25 05:00:00,13.31,21.2,3.45,9.2,971.5
2026-06-25 05:05:00,13.15,23.7,2.54,7.9,1001.9
2026-06-25 05:10:00,16.4,20.5,3.79,9.1,945.8
2026-06-25 05:15:00,13.01,17.5,3.29,9.6,955.9
2026-06-25 05:20:00,15.4,17.5,2.99,9.4,944.8
2026-06-25 05:25:00,14.03,15.9,2.75,10.7,1011.4
2026-06-25 05:30:00,15.07,20.4,2.78,10.1,905.9
2026-06-25 05:35:00,12.77,16.9,3.06,10.0,939.7
2026-06-25 05:40:00,13.5,19.5,2.57,11.2,1036.0
2026-06-25 05:45:00,13.96,13.2,3.27,8.4,925.2
2026-06-25 05:50:00,13.05,12.9,3.15,11.6,888.3
2026-06-25 05:55:00,15.87,21.5,3.58,11.7,949.6
2026-06-25 06:00:00,12.85,20.3,3.09,9.9,993.2
2026-06-25 06:05:00,13.13,15.4,2.13,9.6,948.5
2026-06-25 06:10:00,16.04,26.3,2.93,11.3,930.6
2026-06-25 06:15:00,15.75,13.1,2.57,9.7,970.0
2026-06-25 06:20:00,16.38,20.6,2.82,10.4,1049.6
2026-06-25 06:25:00,11.14,20.7,2.61,10.3,939.7
2026-06-25 06:30:00,14.3,18.3,4.45,10.5,1032.9
2026-06-25 06:35:00,14.14,25.6,2.92,8.9,966.5
2026-06-25 06:40:00,13.16,27.8,3.53,10.4,915.4
2026-06-25 06:45:00,14.49,11.1,3.09,9.1,1016.5
2026-06-25 06:50:00,13.52,4.3,3.2,9.4,936.1
2026-06-25 06:55:00,14.24,15.1,2.94,10.9,887.7
2026-06-25 07:00:00,18.0,12.1,2.84,9.5,961.8
2026-06-25 07:05:00,14.48,15.4,2.82,9.4,931.4
2026-06-25 07:10:00,14.54,28.9,3.32,10.2,1022.6
2026-06-25 07:15:00,15.23,34.2,3.0,11.3,966.2
2026-06-25 07:20:00,14.27,12.3,4.05,12.4,928.6
2026-06-25 07:25:00,12.35,19.3,3.05,11.1,984.8
2026-06-25 07:30:00,11.53,19.2,3.02,11.1,950.1
2026-06-25 07:35:00,13.96,20.1,3.2,10.0,963.0
2026-06-25 07:40:00,13.6,9.8,3.65,12.6,854.6
2026-06-25 07:45:00,11.05,25.4,3.2,10.2,903.9
2026-06-25 07:50:00,16.44,23.4,3.95,10.0,959.2
2026-06-25 07:55:00,14.16,15.1,4.78,10.4,898.7
2026-06-25 08:00:00,16.16,25.4,3.62,10.3,926.2
2026-06-25 08:05:00,10.65,9.3,3.51,8.7,987.1
2026-06-25 08:10:00,16.19,7.8,2.1,9.3,970.7
2026-06-25 08:15:00,13.27,19.6,4.01,10.4,996.7
2026-06-25 08:20:00,15.89,20.6,3.91,9.2,950.5
2026-06-25 08:25:00,14.32,17.0,4.13,10.6,922.7
2026-06-25 08:30:00,14.68,24.6,3.61,10.0,1006.5
2026-06-25 08:35:00,14.68,14.1,2.67,10.9,951.9
2026-06-25 08:40:00,13.36,25.2,2.55,9.9,907.2
2026-06-25 08:45:00,13.03,22.7,2.5,10.5,1015.4
2026-06-25 08:50:00,13.46,29.2,3.14,8.2,952.7
2026-06-25 08:55:00,11.79,7.4,2.89,8.4,989.2
2026-06-25 09:00:00,13.28,15.1,3.74,9.2,961.8
2026-06-25 09:05:00,12.95,12.6,2.91,10.3,989.1
2026-06-25 09:10:00,11.76,22.7,2.96,9.2,975.8
2026-06-25 09:15:00,14.69,27.4,3.26,10.7,937.9
2026-06-25 09:20:00,14.01,15.8,2.94,10.4,935.5
2026-06-25 09:25:00,14.37,21.6,2.62,9.5,978.5
2026-06-25 09:30:00,15.05,26.7,2.03,10.2,954.6
2026-06-25 09:35:00,13.64,20.0,3.74,9.6,949.8
2026-06-25 09:40:00,12.59,22.2,2.61,10.3,932.7
2026-06-25 09:45:00,14.46,6.1,3.09,9.5,939.3
2026-06-25 09:50:00,10.0,27.4,2.88,10.4,889.6
2026-06-25 09:55:00,13.84,16.2,1.98,11.4,970.4
2026-06-25 10:00:00,15.15,34.0,3.21,8.8,924.4
2026-06-25 10:05:00,15.57,12.9,4.09,9.3,954.4
2026-06-25 10:10:00,13.21,20.8,3.75,9.3,947.4
2026-06-25 10:15:00,10.64,23.0,2.92,10.3,957.9
2026-06-25 10:20:00,10.05,3.0,3.98,10.8,951.3
2026-06-25 10:25:00,14.96,28.7,2.05,8.3,968.2
2026-06-25 10:30:00,13.47,22.5,3.65,9.8,914.9
2026-06-25 10:35:00,17.03,9.0,2.85,10.0,947.1
2026-06-25 10:40:00,11.88,20.2,3.76,10.9,951.1
2026-06-25 10:45:00,14.51,20.2,3.2,9.1,915.6
2026-06-25 10:50:00,16.49,17.2,2.49,10.7,910.7
2026-06-25 10:55:00,14.31,14.4,3.38,10.3,927.3
2026-06-25 11:00:00,11.61,17.6,3.2,11.8,957.0
2026-06-25 11:05:00,18.0,23.2,3.29,12.2,906.5
2026-06-25 11:10:00,16.37,22.9,2.67,10.8,987.7
2026-06-25 11:15:00,13.66,18.1,2.5,9.7,925.5
2026-06-25 11:20:00,15.23,19.4,3.55,10.5,949.7
2026-06-25 11:25:00,15.24,17.2,3.17,10.6,976.8
2026-06-25 11:30:00,14.96,12.2,3.6,10.5,891.0
2026-06-25 11:35:00,11.93,17.7,3.54,10.4,1004.6
2026-06-25 11:40:00,14.49,13.6,3.67,10.5,914.7
2026-06-25 11:45:00,16.19,12.0,4.23,11.0,1003.1
2026-06-25 11:50:00,14.76,3.5,3.46,12.2,970.8
2026-06-25 11:55:00,14.6,15.5,2.63,8.2,877.8
2026-06-25 12:00:00,13.19,22.7,2.69,11.3,943.9
2026-06-25 12:05:00,12.64,25.3,2.95,10.1,918.7
2026-06-25 12:10:00,11.64,20.7,3.3,9.2,1015.6
2026-06-25 12:15:00,15.14,10.2,4.11,8.6,958.4
2026-06-25 12:20:00,13.67,17.1,3.12,10.3,872.5
2026-06-25 12:25:00,11.99,11.1,4.28,10.0,1000.5
2026-06-25 12:30:00,15.46,29.5,4.15,8.9,972.0
2026-06-25 12:35:00,13.12,15.7,3.48,10.0,966.6
2026-06-25 12:40:00,12.71,15.0,3.61,11.0,950.9
2026-06-25 12:45:00,13.26,23.5,2.87,11.6,893.2
2026-06-25 12:50:00,13.71,17.8,4.21,10.1,1013.2
2026-06-25 12:55:00,14.69,24.4,2.75,10.1,940.4
2026-06-25 13:00:00,12.69,11.3,3.99,10.6,1007.6
2026-06-25 13:05:00,15.52,18.5,2.58,11.2,950.6
2026-06-25 13:10:00,14.73,21.0,3.55,10.2,942.4
2026-06-25 13:15:00,13.23,2.3,4.03,10.4,880.8
2026-06-25 13:20:00,13.76,13.9,3.79,9.6,921.7
2026-06-25 13:25:00,13.37,14.3,2.96,9.8,1002.9
2026-06-25 13:30:00,14.1,18.3,3.03,9.4,978.8
2026-06-25 13:35:00,16.28,16.1,4.14,9.0,971.0
2026-06-25 13:40:00,13.35,19.8,2.88,8.8,973.7
2026-06-25 13:45:00,14.28,16.6,2.93,9.1,950.1
2026-06-25 13:50:00,12.95,24.9,4.03,9.1,931.2
2026-06-25 13:55:00,14.8,30.7,3.04,10.3,918.0
2026-06-25 14:00:00,14.41,9.0,3.26,10.4,931.7
2026-06-25 14:05:00,15.99,18.1,4.3,9.6,955.7
2026-06-25 14:10:00,12.76,24.5,2.75,9.2,919.2
2026-06-25 14:15:00,15.04,13.8,2.8,12.2,950.7
2026-06-25 14:20:00,15.9,19.7,3.29,9.6,953.2
2026-06-25 14:25:00,13.34,15.7,3.24,9.4,942.7
2026-06-25 14:30:00,13.81,12.0,2.79,8.4,884.2
2026-06-25 14:35:00,14.29,11.9,3.74,10.5,908.0
2026-06-25 14:40:00,13.65,3.2,3.36,11.8,943.5
2026-06-25 14:45:00,14.27,19.0,3.23,9.8,864.6
2026-06-25 14:50:00,15.01,19.4,3.18,9.7,991.0
2026-06-25 14:55:00,13.83,12.3,2.63,10.3,1002.0
2026-06-25 15:00:00,13.82,16.3,2.73,10.3,984.1
2026-06-25 15:05:00,14.4,9.3,2.34,7.5,961.3
2026-06-25 15:10:00,13.4,21.2,3.85,10.6,900.7
2026-06-25 15:15:00,13.48,15.6,3.23,11.9,962.3
2026-06-25 15:20:00,12.65,22.6,3.75,10.1,1006.2
2026-06-25 15:25:00,13.94,16.1,2.95,9.9,904.7
2026-06-25 15:30:00,14.67,12.1,3.95,10.8,1050.0
2026-06-25 15:35:00,13.6,14.8,2.26,10.7,982.7
2026-06-25 15:40:00,12.84,27.0,3.69,10.2,907.6
2026-06-25 15:45:00,13.86,30.6,3.03,10.8,909.6
2026-06-25 15:50:00,14.6,9.0,2.46,10.8,929.8
2026-06-25 15:55:00,14.19,23.4,1.5,8.8,947.8
2026-06-25 16:00:00,17.34,11.4,3.57,8.9,934.9
2026-06-25 16:05:00,13.02,13.4,3.84,8.7,850.0
2026-06-25 16:10:00,13.77,19.3,3.22,8.5,897.9
2026-06-25 16:15:00,15.17,20.9,3.53,10.8,949.7
2026-06-25 16:20:00,12.96,13.6,3.51,10.8,957.6
2026-06-25 16:25:00,16.89,21.7,3.2,10.4,986.1
2026-06-25 16:30:00,14.01,25.1,3.7,11.7,923.4
2026-06-25 16:35:00,14.84,22.4,2.27,9.7,956.0
2026-06-25 16:40:00,14.03,12.2,3.32,9.3,950.4
2026-06-25 16:45:00,15.53,15.3,3.64,10.1,916.5
2026-06-25 16:50:00,12.41,23.3,2.88,11.1,974.8
2026-06-25 16:55:00,16.36,27.3,3.26,9.4,969.3
2026-06-25 17:00:00,14.35,10.4,2.57,11.9,1042.7
2026-06-25 17:05:00,14.99,19.8,3.23,9.9,992.7
2026-06-25 17:10:00,12.89,22.4,2.72,10.5,888.2
2026-06-25 17:15:00,14.51,9.6,2.97,10.2,987.3
2026-06-25 17:20:00,12.55,24.1,3.48,9.6,892.7
2026-06-25 17:25:00,15.76,30.7,2.02,10.9,1009.0
2026-06-25 17:30:00,12.07,22.0,2.51,7.0,938.2
2026-06-25 17:35:00,14.23,21.4,3.6,9.7,962.7
2026-06-25 17:40:00,13.42,13.5,3.15,10.8,1002.6
2026-06-25 17:45:00,11.66,15.1,2.79,8.5,968.8
2026-06-25 17:50:00,12.6,14.1,3.51,9.3,982.5
2026-06-25 17:55:00,14.67,12.7,2.59,9.5,924.1
2026-06-25 18:00:00,12.66,16.5,2.53,9.7,912.7
2026-06-25 18:05:00,13.0,19.9,3.06,9.4,951.1
2026-06-25 18:10:00,14.56,12.9,3.17,9.0,976.4
2026-06-25 18:15:00,15.37,15.9,2.78,9.9,945.9
2026-06-25 18:20:00,14.99,19.9,3.02,10.8,1015.7
2026-06-25 18:25:00,13.93,5.3,4.13,10.4,972.7
2026-06-25 18:30:00,14.33,23.7,3.12,11.0,937.8
2026-06-25 18:35:00,14.18,19.3,2.5,9.8,943.8
2026-06-25 18:40:00,12.45,19.4,3.2,11.3,928.0
2026-06-25 18:45:00,14.42,24.9,1.86,8.7,969.0
2026-06-25 18:50:00,12.43,23.6,4.11,11.3,934.3
2026-06-25 18:55:00,14.92,21.6,2.45,11.1,958.0
2026-06-25 19:00:00,14.2,19.7,3.31,8.4,1011.3
2026-06-25 19:05:00,10.75,17.9,3.3,10.5,968.2
2026-06-25 19:10:00,15.47,14.5,2.77,9.9,948.0
2026-06-25 19:15:00,13.22,12.2,4.04,9.9,941.2
2026-06-25 19:20:00,13.09,20.3,4.41,10.1,1002.8
2026-06-25 19:25:00,15.43,20.4,2.73,9.4,965.7
2026-06-25 19:30:00,13.76,18.8,3.62,10.9,980.3
2026-06-25 19:35:00,14.9,9.9,2.69,10.0,926.8
2026-06-25 19:40:00,13.02,2.1,4.15,8.9,896.8
2026-06-25 19:45:00,15.21,18.3,3.96,10.0,1001.3
2026-06-25 19:50:00,14.3,7.0,3.92,9.5,992.6
2026-06-25 19:55:00,14.61,19.9,2.19,10.6,907.7
2026-06-25 20:00:00,13.73,29.7,2.76,8.7,983.5
2026-06-25 20:05:00,16.44,20.0,2.86,12.0,1004.8
2026-06-25 20:10:00,16.81,15.4,2.87,10.1,934.4
2026-06-25 20:15:00,10.69,11.7,4.06,8.8,948.2
2026-06-25 20:20:00,15.39,14.5,2.15,9.8,1026.5
2026-06-25 20:25:00,12.38,17.8,3.44,9.5,1000.5
2026-06-25 20:30:00,14.76,24.4,3.58,9.2,920.7
2026-06-25 20:35:00,11.33,18.8,2.77,10.4,924.3
2026-06-25 20:40:00,14.6,16.2,3.52,12.2,940.8
2026-06-25 20:45:00,12.75,22.0,3.42,11.9,960.5
2026-06-25 20:50:00,13.31,26.9,2.95,10.2,971.2
2026-06-25 20:55:00,13.35,19.9,3.83,9.2,899.9
2026-06-25 21:00:00,12.9,19.1,2.86,10.3,925.7
2026-06-25 21:05:00,12.94,8.0,3.95,10.7,875.2
2026-06-25 21:10:00,13.4,9.8,3.36,10.2,980.5
2026-06-25 21:15:00,13.77,9.1,3.1,10.7,952.1
2026-06-25 21:20:00,14.48,16.9,3.08,10.4,941.2
2026-06-25 21:25:00,16.79,13.0,2.42,10.3,932.9
2026-06-25 21:30:00,12.58,15.0,3.01,8.8,943.6
2026-06-25 21:35:00,14.19,12.9,2.58,9.9,966.3
2026-06-25 21:40:00,15.16,13.5,3.4,11.9,902.4
2026-06-25 21:45:00,12.94,6.9,3.85,10.5,920.6
2026-06-25 21:50:00,10.61,19.3,3.46,11.2,909.3
2026-06-25 21:55:00,11.14,22.2,2.73,12.0,850.0
2026-06-25 22:00:00,10.67,18.4,3.04,8.8,1021.2
2026-06-25 22:05:00,16.31,20.2,3.34,12.6,977.2
2026-06-25 22:10:00,14.92,20.8,3.37,11.0,917.5
2026-06-25 22:15:00,15.13,20.6,4.16,11.2,959.5
2026-06-25 22:20:00,15.47,23.1,3.52,9.3,903.4
2026-06-25 22:25:00,13.14,25.1,3.22,10.7,970.0
2026-06-25 22:30:00,17.45,27.5,3.17,9.2,1046.1
2026-06-25 22:35:00,14.5,6.4,3.11,10.1,988.1
2026-06-25 22:40:00,13.89,20.8,3.17,10.3,870.8
2026-06-25 22:45:00,15.67,10.7,3.7,9.8,888.6
2026-06-25 22:50:00,15.0,26.4,2.69,11.2,890.5
2026-06-25 22:55:00,16.0,18.4,3.44,9.5,933.2
2026-06-25 23:00:00,16.09,19.7,3.12,8.0,947.3
2026-06-25 23:05:00,13.47,18.7,4.22,9.8,1006.5
2026-06-25 23:10:00,14.28,19.3,3.36,11.3,895.7
2026-06-25 23:15:00,12.64,27.9,3.3,12.5,950.9
2026-06-25 23:20:00,11.56,25.4,2.61,11.3,850.0
2026-06-25 23:25:00,15.26,27.6,3.98,11.1,908.8
2026-06-25 23:30:00,15.44,16.8,3.52,9.6,896.4
2026-06-25 23:35:00,11.03,5.3,4.15,12.3,864.4
2026-06-25 23:40:00,12.92,22.5,3.04,10.7,980.3
2026-06-25 23:45:00,14.08,11.3,3.27,10.7,923.9
2026-06-25 23:50:00,14.23,15.8,2.4,10.6,957.1
2026-06-25 23:55:00,17.07,17.6,4.31,8.8,894.6
2026-06-26 00:00:00,13.06,18.0,3.42,10.4,997.0
2026-06-26 00:05:00,13.74,21.9,4.27,8.5,911.9
2026-06-26 00:10:00,14.97,12.5,3.05,10.8,994.5
2026-06-26 00:15:00,13.47,21.8,3.45,10.3,992.9
2026-06-26 00:20:00,13.24,16.9,3.81,9.4,960.3
2026-06-26 00:25:00,13.12,33.6,3.24,11.1,964.1
2026-06-26 00:30:00,14.35,8.5,3.1,9.6,909.5
2026-06-26 00:35:00,13.74,18.8,2.91,9.7,885.2
2026-06-26 00:40:00,15.02,21.7,2.95,10.5,957.6
2026-06-26 00:45:00,14.54,15.5,4.83,10.0,958.7
2026-06-26 00:50:00,10.0,14.6,2.86,10.2,935.0
2026-06-26 00:55:00,11.37,25.9,1.93,11.0,917.1
2026-06-26 01:00:00,13.25,23.0,3.17,9.3,915.5
2026-06-26 01:05:00,15.47,13.2,3.26,9.2,890.8
2026-06-26 01:10:00,13.02,9.1,3.1,9.8,988.2
2026-06-26 01:15:00,14.56,21.5,2.79,9.9,922.1
2026-06-26 01:20:00,14.9,19.9,3.02,10.6,912.2
2026-06-26 01:25:00,14.81,21.4,2.37,11.9,975.2
2026-06-26 01:30:00,13.18,17.2,4.27,10.0,928.9
2026-06-26 01:35:00,12.28,23.2,3.3,10.0,926.1
2026-06-26 01:40:00,12.03,27.6,3.17,9.3,995.3
2026-06-26 01:45:00,18.0,27.2,3.74,9.2,903.9
2026-06-26 01:50:00,14.68,13.1,4.88,10.7,906.2
2026-06-26 01:55:00,16.76,33.0,2.81,10.0,874.3
2026-06-26 02:00:00,12.75,21.9,3.34,11.2,949.0
2026-06-26 02:05:00,15.87,9.4,3.77,11.1,926.4
2026-06-26 02:10:00,13.28,20.6,3.59,10.9,1024.4
2026-06-26 02:15:00,13.96,19.4,3.73,8.5,926.3
2026-06-26 02:20:00,13.57,17.3,3.76,10.7,976.0
2026-06-26 02:25:00,12.68,16.8,2.97,9.1,915.2
2026-06-26 02:30:00,12.7,22.2,3.87,8.1,982.6
2026-06-26 02:35:00,13.94,22.2,3.09,10.2,1008.1
2026-06-26 02:40:00,13.12,14.5,3.4,11.4,929.1
2026-06-26 02:45:00,14.19,14.8,3.6,10.7,943.3
2026-06-26 02:50:00,12.74,14.5,2.81,9.1,941.4
2026-06-26 02:55:00,15.06,17.0,3.47,12.8,960.8
2026-06-26 03:00:00,13.31,23.3,3.52,10.8,989.5
2026-06-26 03:05:00,16.46,25.2,1.99,9.2,925.1
2026-06-26 03:10:00,13.92,16.7,4.05,8.0,992.0
2026-06-26 03:15:00,13.85,24.6,2.64,9.8,958.1
2026-06-26 03:20:00,16.41,20.7,3.34,8.0,1013.1
2026-06-26 03:25:00,13.26,18.8,4.11,9.0,963.5
2026-06-26 03:30:00,13.39,29.2,3.48,8.3,893.8
2026-06-26 03:35:00,12.95,20.0,3.8,9.2,978.5
2026-06-26 03:40:00,14.31,17.2,3.87,9.5,950.4
2026-06-26 03:45:00,12.9,23.0,2.85,9.1,938.7
2026-06-26 03:50:00,15.16,10.6,2.65,12.3,970.8
2026-06-26 03:55:00,13.93,16.7,3.46,9.8,918.9
2026-06-26 04:00:00,15.26,19.6,3.61,11.3,942.4
2026-06-26 04:05:00,15.09,22.3,3.82,10.6,929.2
2026-06-26 04:10:00,13.23,19.4,3.65,9.8,977.3
2026-06-26 04:15:00,12.89,10.3,2.98,9.5,937.0
2026-06-26 04:20:00,13.51,12.7,3.78,11.4,955.7
2026-06-26 04:25:00,14.01,15.4,1.96,9.0,956.6
2026-06-26 04:30:00,14.5,19.4,3.95,9.4,969.7
2026-06-26 04:35:00,14.67,10.2,2.74,9.4,931.0
2026-06-26 04:40:00,13.95,26.5,2.57,10.1,998.2
2026-06-26 04:45:00,12.98,19.9,4.67,9.1,991.5
2026-06-26 04:50:00,13.12,19.7,3.22,10.9,1025.1
2026-06-26 04:55:00,14.78,17.0,3.06,11.1,913.9
2026-06-26 05:00:00,13.02,9.3,2.59,9.3,957.3
2026-06-26 05:05:00,14.84,18.5,3.46,10.5,886.5
2026-06-26 05:10:00,14.89,22.5,3.63,9.2,905.1
2026-06-26 05:15:00,16.3,17.1,3.0,10.2,979.8
2026-06-26 05:20:00,13.28,24.4,1.85,11.2,945.3
2026-06-26 05:25:00,13.51,17.6,4.18,10.1,911.3
2026-06-26 05:30:00,10.53,22.2,2.98,9.9,981.1
2026-06-26 05:35:00,12.59,17.3,3.02,12.3,963.5
2026-06-26 05:40:00,12.57,20.3,3.16,10.4,854.3
2026-06-26 05:45:00,14.76,23.2,2.66,9.2,994.2
2026-06-26 05:50:00,16.71,11.5,4.03,9.1,952.4
2026-06-26 05:55:00,14.87,21.9,3.6,12.3,928.1
2026-06-26 06:00:00,15.49,24.3,3.43,9.3,896.2
2026-06-26 06:05:00,12.93,31.1,4.46,9.3,968.5
2026-06-26 06:10:00,12.2,18.4,2.78,10.0,930.7
2026-06-26 06:15:00,13.64,5.4,4.09,10.7,944.1
2026-06-26 06:20:00,13.06,7.3,1.97,8.8,952.2
2026-06-26 06:25:00,12.71,12.7,3.64,9.7,971.0
2026-06-26 06:30:00,14.33,25.7,4.48,8.7,961.5
2026-06-26 06:35:00,12.22,31.2,2.44,9.8,1010.6
2026-06-26 06:40:00,15.24,15.6,4.21,10.8,878.9
2026-06-26 06:45:00,13.4,18.3,2.37,9.7,927.1
2026-06-26 06:50:00,13.93,2.5,4.6,12.0,993.3
2026-06-26 06:55:00,14.15,21.9,2.88,9.2,1032.5
2026-06-26 07:00:00,13.3,18.8,2.75,10.2,996.6
2026-06-26 07:05:00,15.9,16.5,2.89,11.3,970.2
2026-06-26 07:10:00,11.59,12.2,3.28,11.0,985.1
2026-06-26 07:15:00,15.93,15.9,3.13,12.6,983.8
2026-06-26 07:20:00,13.48,9.9,3.25,10.3,927.0
2026-06-26 07:25:00,15.38,12.8,3.44,9.1,974.4
2026-06-26 07:30:00,14.3,10.4,3.42,10.1,911.4
2026-06-26 07:35:00,15.28,11.9,3.26,9.2,955.5
2026-06-26 07:40:00,13.82,11.1,3.0,10.1,930.5
2026-06-26 07:45:00,14.36,21.5,3.42,11.2,969.1
2026-06-26 07:50:00,15.65,11.1,3.49,10.7,928.9
2026-06-26 07:55:00,14.14,17.7,3.4,9.9,953.0
2026-06-26 08:00:00,16.0,11.4,3.26,9.3,909.8
2026-06-26 08:05:00,14.53,11.7,2.85,10.3,935.3
2026-06-26 08:10:00,12.9,11.4,3.31,10.5,996.5
2026-06-26 08:15:00,13.47,23.9,2.97,8.7,875.7
2026-06-26 08:20:00,15.33,16.9,1.97,9.0,952.4
2026-06-26 08:25:00,12.14,13.5,3.84,9.7,1006.2
2026-06-26 08:30:00,15.19,12.0,3.42,8.7,985.7
2026-06-26 08:35:00,13.45,9.9,3.27,8.2,953.4
2026-06-26 08:40:00,12.07,13.7,3.56,9.0,980.0
2026-06-26 08:45:00,14.31,9.4,2.83,10.4,920.6
2026-06-26 08:50:00,12.95,15.4,4.04,10.1,979.4
2026-06-26 08:55:00,13.14,13.8,3.97,9.6,999.2
2026-06-26 09:00:00,13.06,13.3,2.55,9.1,959.4
2026-06-26 09:05:00,14.17,25.4,2.75,10.4,990.2
2026-06-26 09:10:00,13.42,16.5,3.62,10.3,909.4
2026-06-26 09:15:00,14.59,16.9,3.36,11.2,903.6
2026-06-26 09:20:00,15.52,25.7,3.11,7.5,981.3
2026-06-26 09:25:00,14.81,9.8,3.55,8.3,1048.9
2026-06-26 09:30:00,16.71,15.1,2.11,10.9,953.6
2026-06-26 09:35:00,17.08,8.7,2.74,10.5,985.4
2026-06-26 09:40:00,13.56,18.4,2.83,10.9,850.0
2026-06-26 09:45:00,12.27,21.6,3.62,9.1,974.5
2026-06-26 09:50:00,13.57,3.5,2.05,9.6,930.3
2026-06-26 09:55:00,14.18,23.2,3.26,8.7,1030.1
2026-06-26 10:00:00,17.34,19.9,2.96,7.7,981.0
2026-06-26 10:05:00,13.44,18.2,3.59,10.1,953.4
2026-06-26 10:10:00,14.42,10.5,3.76,11.4,928.2
2026-06-26 10:15:00,12.98,22.6,4.17,9.8,1001.3
2026-06-26 10:20:00,13.48,28.1,2.39,9.3,1002.3
2026-06-26 10:25:00,12.18,15.6,2.73,8.9,917.7
2026-06-26 10:30:00,11.81,16.1,3.25,11.1,996.9
2026-06-26 10:35:00,16.04,18.1,4.04,10.1,990.6
2026-06-26 10:40:00,15.6,15.6,3.49,10.1,961.0
2026-06-26 10:45:00,13.45,16.9,3.27,8.6,983.2
2026-06-26 10:50:00,15.6,24.2,3.87,9.1,972.7
2026-06-26 10:55:00,12.04,17.6,2.97,10.7,908.5
2026-06-26 11:00:00,13.74,19.7,3.88,9.5,964.4
2026-06-26 11:05:00,14.26,30.2,4.12,9.3,944.9
2026-06-26 11:10:00,15.9,26.8,3.02,12.5,906.5
2026-06-26 11:15:00,14.3,11.7,2.33,10.1,918.7
2026-06-26 11:20:00,14.82,28.5,3.18,9.8,883.7
2026-06-26 11:25:00,13.3,26.3,4.1,9.9,880.4
2026-06-26 11:30:00,14.4,27.0,3.41,9.3,926.9
2026-06-26 11:35:00,15.9,14.2,2.41,9.9,994.3
2026-06-26 11:40:00,11.58,19.3,3.95,11.9,898.4
2026-06-26 11:45:00,15.7,15.7,3.7,10.4,902.0
2026-06-26 11:50:00,13.69,18.7,3.79,8.4,1026.7
2026-06-26 11:55:00,11.89,28.5,3.77,9.6,912.0
2026-06-26 12:00:00,13.6,18.8,2.87,10.1,951.2
2026-06-26 12:05:00,15.94,7.7,3.94,8.5,970.1
2026-06-26 12:10:00,13.28,15.8,2.84,9.5,942.1
2026-06-26 12:15:00,14.45,14.1,2.53,9.0,948.2
2026-06-26 12:20:00,11.58,28.7,2.6,9.6,917.8
2026-06-26 12:25:00,11.26,13.1,3.66,10.1,924.1
2026-06-26 12:30:00,12.38,15.6,2.98,10.7,962.9
2026-06-26 12:35:00,15.52,15.8,4.11,8.8,901.9
2026-06-26 12:40:00,13.92,27.6,3.77,9.9,1007.2
2026-06-26 12:45:00,15.65,23.8,3.55,9.7,878.4
2026-06-26 12:50:00,15.74,21.4,3.99,9.8,958.6
2026-06-26 12:55:00,12.86,19.4,2.48,9.2,907.5
2026-06-26 13:00:00,16.35,19.3,3.76,10.0,968.9
2026-06-26 13:05:00,13.18,18.5,3.54,10.5,911.2
2026-06-26 13:10:00,15.5,30.3,2.31,8.6,973.6
2026-06-26 13:15:00,15.44,10.4,2.84,11.7,982.6
2026-06-26 13:20:00,14.1,1.4,3.27,10.9,986.1
2026-06-26 13:25:00,14.1,20.7,3.06,8.4,930.5
2026-06-26 13:30:00,14.48,26.4,3.09,11.4,1010.3
2026-06-26 13:35:00,14.17,19.1,2.82,11.5,952.2
2026-06-26 13:40:00,13.41,6.1,4.21,9.5,948.3
2026-06-26 13:45:00,13.29,22.5,2.41,10.2,972.1
2026-06-26 13:50:00,13.43,11.6,2.54,10.1,884.6
2026-06-26 13:55:00,15.83,10.3,2.71,8.6,940.9
2026-06-26 14:00:00,11.62,12.1,2.88,11.0,964.5
2026-06-26 14:05:00,13.25,8.3,2.87,8.1,926.7
2026-06-26 14:10:00,13.51,19.2,4.2,10.3,948.5
2026-06-26 14:15:00,13.66,14.1,2.84,11.6,1016.9
2026-06-26 14:20:00,14.45,10.0,3.21,8.3,918.0
2026-06-26 14:25:00,11.98,32.3,2.3,9.7,982.1
2026-06-26 14:30:00,15.54,14.8,2.95,11.1,925.0
2026-06-26 14:35:00,15.33,18.3,3.56,10.4,953.3
2026-06-26 14:40:00,15.01,27.3,3.52,10.8,971.4
2026-06-26 14:45:00,13.69,22.1,3.75,9.3,983.0
2026-06-26 14:50:00,12.89,29.5,2.49,9.1,965.0
2026-06-26 14:55:00,13.51,13.8,2.84,9.8,979.8
2026-06-26 15:00:00,14.09,24.3,3.63,10.3,942.9
2026-06-26 15:05:00,15.0,20.9,3.16,10.6,932.8
2026-06-26 15:10:00,13.88,24.0,3.1,10.4,991.4
2026-06-26 15:15:00,14.54,23.1,3.5,11.0,876.4
2026-06-26 15:20:00,13.35,13.4,3.84,10.1,933.9
2026-06-26 15:25:00,14.43,34.9,2.61,9.0,940.1
2026-06-26 15:30:00,13.63,4.4,3.27,8.6,957.2
2026-06-26 15:35:00,14.4,12.8,3.18,10.8,986.1
2026-06-26 15:40:00,11.35,22.1,2.58,11.0,958.3
2026-06-26 15:45:00,14.73,19.7,3.36,12.0,941.3
2026-06-26 15:50:00,14.81,18.8,2.87,12.4,983.4
2026-06-26 15:55:00,14.79,22.3,3.15,11.0,961.4
2026-06-26 16:00:00,12.52,12.9,3.64,10.4,955.2
2026-06-26 16:05:00,12.93,23.0,3.31,9.6,1014.1
2026-06-26 16:10:00,12.7,17.2,2.68,9.1,988.8
2026-06-26 16:15:00,14.49,26.4,3.24,10.1,1050.0
2026-06-26 16:20:00,14.99,16.2,3.3,9.9,871.9
2026-06-26 16:25:00,12.96,20.8,2.84,11.9,1001.8
2026-06-26 16:30:00,15.97,21.8,2.64,10.6,1009.4
2026-06-26 16:35:00,15.95,23.4,3.24,9.8,922.7
2026-06-26 16:40:00,14.21,18.2,2.36,9.1,945.4
2026-06-26 16:45:00,14.56,16.3,2.58,10.5,953.5
2026-06-26 16:50:00,11.48,13.3,2.48,10.1,932.0
2026-06-26 16:55:00,13.21,20.9,2.44,9.5,936.4
2026-06-26 17:00:00,12.12,6.6,3.03,9.3,1050.0
2026-06-26 17:05:00,12.64,19.9,3.82,10.5,950.1
2026-06-26 17:10:00,14.77,20.3,3.55,9.6,973.6
2026-06-26 17:15:00,15.13,29.2,3.76,9.7,965.0
2026-06-26 17:20:00,15.2,14.0,2.87,9.5,953.7
2026-06-26 17:25:00,14.36,19.1,1.98,12.8,905.0
2026-06-26 17:30:00,14.79,19.0,2.83,10.2,988.6
2026-06-26 17:35:00,11.62,11.4,3.94,9.2,948.1
2026-06-26 17:40:00,12.07,18.0,2.96,7.4,887.7
2026-06-26 17:45:00,13.69,10.0,3.27,8.4,956.5
2026-06-26 17:50:00,14.9,23.8,3.01,9.7,962.3
2026-06-26 17:55:00,13.33,21.5,3.58,11.7,996.4
2026-06-26 18:00:00,11.96,20.6,3.67,12.3,896.1
2026-06-26 18:05:00,12.96,14.2,2.31,9.8,945.4
2026-06-26 18:10:00,12.6,26.5,1.66,10.4,922.8
2026-06-26 18:15:00,11.41,11.5,3.66,9.8,916.7
2026-06-26 18:20:00,17.34,18.3,3.07,10.5,959.0
2026-06-26 18:25:00,15.85,11.0,3.66,9.8,932.2
2026-06-26 18:30:00,11.04,16.9,3.04,9.4,970.2
2026-06-26 18:35:00,11.12,25.6,3.44,9.3,914.3
2026-06-26 18:40:00,12.79,20.8,3.09,10.7,944.3
2026-06-26 18:45:00,11.77,12.5,2.82,11.3,961.5
2026-06-26 18:50:00,17.57,14.9,2.99,9.6,966.7
2026-06-26 18:55:00,12.8,15.7,3.12,10.7,957.5
2026-06-26 19:00:00,14.54,13.0,3.62,10.2,948.3
2026-06-26 19:05:00,13.24,19.6,3.08,9.6,926.9
2026-06-26 19:10:00,12.25,31.1,2.43,10.7,1013.5
2026-06-26 19:15:00,15.57,14.6,4.23,11.3,958.6
2026-06-26 19:20:00,14.98,29.6,3.27,9.2,904.6
2026-06-26 19:25:00,13.91,18.0,4.02,9.7,871.4
2026-06-26 19:30:00,17.57,19.9,2.53,11.5,997.9
2026-06-26 19:35:00,14.35,19.6,3.03,10.0,898.5
2026-06-26 19:40:00,13.32,7.8,3.42,9.2,957.4
2026-06-26 19:45:00,16.87,20.7,3.57,10.2,902.2
2026-06-26 19:50:00,14.61,3.4,2.21,10.0,955.7
2026-06-26 19:55:00,16.44,19.3,2.07,11.1,962.5
2026-06-26 20:00:00,13.94,19.0,2.79,10.0,982.0
2026-06-26 20:05:00,10.0,8.8,3.62,10.0,946.3
2026-06-26 20:10:00,11.66,18.4,2.79,9.9,946.5
2026-06-26 20:15:00,15.62,16.2,3.14,10.2,907.3
2026-06-26 20:20:00,13.12,17.1,3.24,11.5,939.8
2026-06-26 20:25:00,14.38,17.1,2.71,10.7,951.5
2026-06-26 20:30:00,15.7,14.5,4.11,9.0,951.6
2026-06-26 20:35:00,14.27,18.5,2.72,10.3,943.3
2026-06-26 20:40:00,12.71,23.2,1.91,10.3,907.0
2026-06-26 20:45:00,13.98,16.6,2.62,10.4,898.2
2026-06-26 20:50:00,14.16,17.7,2.7,8.5,1010.3
2026-06-26 20:55:00,13.39,21.9,3.27,10.1,973.5
2026-06-26 21:00:00,11.92,31.6,3.2,9.4,1044.4
2026-06-26 21:05:00,13.47,16.8,3.56,8.5,966.1
2026-06-26 21:10:00,13.86,7.8,4.43,11.2,976.6
2026-06-26 21:15:00,11.84,12.6,3.27,9.7,913.8
2026-06-26 21:20:00,12.62,21.6,3.67,9.7,1008.7
2026-06-26 21:25:00,12.92,27.1,2.84,10.9,876.1
2026-06-26 21:30:00,11.21,12.3,3.43,11.0,975.8
2026-06-26 21:35:00,14.19,17.7,2.99,9.8,954.5
2026-06-26 21:40:00,14.36,18.1,3.11,10.0,1008.4
2026-06-26 21:45:00,13.18,13.4,3.35,9.0,944.8
2026-06-26 21:50:00,11.95,27.2,3.7,9.1,951.5
2026-06-26 21:55:00,14.61,25.0,3.1,11.3,872.7
2026-06-26 22:00:00,14.82,20.1,3.15,10.0,874.3
2026-06-26 22:05:00,14.15,15.5,3.41,11.0,964.8
2026-06-26 22:10:00,14.06,23.7,3.67,9.8,995.5
2026-06-26 22:15:00,14.89,21.1,2.32,10.4,961.6
2026-06-26 22:20:00,13.86,15.4,3.37,8.3,944.6
2026-06-26 22:25:00,12.62,23.8,2.34,10.9,962.3
2026-06-26 22:30:00,13.89,20.2,3.96,10.0,957.9
2026-06-26 22:35:00,13.41,8.0,3.5,9.5,976.5
2026-06-26 22:40:00,13.89,12.0,4.0,10.6,911.5
2026-06-26 22:45:00,15.33,10.0,2.28,11.0,960.2
2026-06-26 22:50:00,12.2,24.2,3.04,9.6,909.5
2026-06-26 22:55:00,14.27,13.8,3.76,8.8,994.1
2026-06-26 23:00:00,12.12,21.8,4.0,11.7,906.2
2026-06-26 23:05:00,12.62,31.0,3.28,9.8,941.0
2026-06-26 23:10:00,16.36,22.8,2.9,8.1,973.9
2026-06-26 23:15:00,14.69,15.5,3.06,9.6,897.2
2026-06-26 23:20:00,14.24,13.5,2.62,10.4,917.4
2026-06-26 23:25:00,11.51,16.2,4.1,9.9,1039.4
2026-06-26 23:30:00,13.65,11.8,3.65,9.9,987.6
2026-06-26 23:35:00,10.89,11.1,3.16,9.6,963.4
2026-06-26 23:40:00,14.06,13.2,3.57,9.6,975.8
2026-06-26 23:45:00,12.13,21.2,3.1,8.7,881.8
2026-06-26 23:50:00,14.84,14.9,3.05,8.7,975.1
2026-06-26 23:55:00,14.24,16.6,2.76,10.4,1028.2
2026-06-27 00:00:00,12.18,20.8,2.73,11.2,930.2
2026-06-27 00:05:00,14.57,22.4,3.38,9.7,1022.9
2026-06-27 00:10:00,17.14,6.4,3.94,11.4,931.5
2026-06-27 00:15:00,13.7,7.7,3.1,11.1,954.9
2026-06-27 00:20:00,15.32,15.7,2.75,9.9,896.4
2026-06-27 00:25:00,10.85,11.3,3.84,10.6,967.4
2026-06-27 00:30:00,14.7,23.1,3.2,10.5,956.0
2026-06-27 00:35:00,13.15,15.2,1.89,9.5,941.1
2026-06-27 00:40:00,13.6,28.8,2.67,7.8,915.6
2026-06-27 00:45:00,14.89,15.1,3.51,10.1,959.0
2026-06-27 00:50:00,13.63,19.9,2.71,10.7,924.9
2026-06-27 00:55:00,11.57,14.0,3.27,9.4,994.3
2026-06-27 01:00:00,16.29,20.9,2.42,12.0,960.4
2026-06-27 01:05:00,11.82,21.1,2.92,11.0,930.6
2026-06-27 01:10:00,12.74,23.3,2.49,8.5,990.0
2026-06-27 01:15:00,14.19,17.2,2.47,9.8,932.8
2026-06-27 01:20:00,14.21,25.6,2.67,9.2,988.9
2026-06-27 01:25:00,14.64,19.8,3.71,9.6,954.7
2026-06-27 01:30:00,14.2,14.1,3.49,10.7,873.7
2026-06-27 01:35:00,15.72,14.2,4.47,9.7,973.5
2026-06-27 01:40:00,14.74,22.4,2.8,9.4,947.9
2026-06-27 01:45:00,12.22,25.6,3.74,10.1,972.2
2026-06-27 01:50:00,10.1,11.3,4.38,10.8,958.6
2026-06-27 01:55:00,14.23,22.5,3.83,10.7,958.9
2026-06-27 02:00:00,16.2,9.1,3.97,10.6,951.7
2026-06-27 02:05:00,12.12,14.3,3.31,11.4,1050.0
2026-06-27 02:10:00,12.43,20.9,3.31,9.9,971.0
2026-06-27 02:15:00,14.53,12.9,2.7,9.6,879.3
2026-06-27 02:20:00,14.72,26.8,1.51,9.8,889.7
2026-06-27 02:25:00,15.68,21.7,3.29,9.2,967.3
2026-06-27 02:30:00,16.46,10.9,2.7,9.2,927.1
2026-06-27 02:35:00,14.35,21.9,2.91,10.7,992.9
2026-06-27 02:40:00,12.61,10.1,2.78,10.8,962.9
2026-06-27 02:45:00,12.66,18.0,3.39,7.4,965.1
2026-06-27 02:50:00,13.18,23.3,3.03,10.9,913.2
2026-06-27 02:55:00,15.55,22.3,3.91,9.6,973.0
2026-06-27 03:00:00,13.25,17.5,2.77,9.4,956.9
2026-06-27 03:05:00,15.44,15.9,3.33,9.7,912.5
2026-06-27 03:10:00,11.71,11.1,3.15,8.7,912.7
2026-06-27 03:15:00,14.43,19.1,3.01,9.8,1016.2
2026-06-27 03:20:00,12.87,22.8,3.11,11.9,972.7
2026-06-27 03:25:00,14.78,30.4,3.99,8.5,934.7
2026-06-27 03:30:00,13.62,15.3,3.73,10.6,928.2
2026-06-27 03:35:00,15.2,23.1,2.88,11.0,950.4
2026-06-27 03:40:00,13.35,22.6,2.79,10.6,961.5
2026-06-27 03:45:00,13.96,15.1,2.76,11.5,896.1
2026-06-27 03:50:00,15.21,22.3,3.23,11.0,945.0
2026-06-27 03:55:00,13.85,13.1,2.34,10.7,868.0
2026-06-27 04:00:00,14.09,19.5,3.06,11.0,949.0
2026-06-27 04:05:00,15.14,16.7,3.44,11.0,1008.3
2026-06-27 04:10:00,13.88,20.7,2.74,9.7,898.0
2026-06-27 04:15:00,11.62,21.1,3.19,10.6,944.4
2026-06-27 04:20:00,13.14,14.8,3.39,9.7,941.3
2026-06-27 04:25:00,11.11,17.9,2.14,8.7,905.0
2026-06-27 04:30:00,13.63,17.2,3.33,11.8,931.9
2026-06-27 04:35:00,14.71,11.5,2.99,9.4,897.1
2026-06-27 04:40:00,14.19,15.8,4.33,11.1,911.3
2026-06-27 04:45:00,16.09,14.5,3.35,10.5,956.5
2026-06-27 04:50:00,15.92,11.2,2.72,9.1,965.5
2026-06-27 04:55:00,14.39,13.2,2.16,9.2,936.8
2026-06-27 05:00:00,10.41,16.5,3.19,10.4,1003.7
2026-06-27 05:05:00,15.01,18.3,3.98,10.4,979.3
2026-06-27 05:10:00,12.84,10.5,2.91,9.6,1028.7
2026-06-27 05:15:00,15.32,25.2,3.32,8.4,945.3
2026-06-27 05:20:00,14.47,21.7,3.61,10.8,908.0
2026-06-27 05:25:00,14.98,17.5,3.62,7.1,942.4
2026-06-27 05:30:00,14.75,10.7,3.27,10.3,1030.6
2026-06-27 05:35:00,17.59,16.7,2.82,11.1,909.9
2026-06-27 05:40:00,14.78,16.4,3.06,8.2,984.0
2026-06-27 05:45:00,12.08,11.5,2.62,10.2,908.8
2026-06-27 05:50:00,15.61,11.0,2.7,9.6,935.3
2026-06-27 05:55:00,13.35,22.6,3.75,10.2,930.0
2026-06-27 06:00:00,16.02,16.1,3.42,11.0,913.3
2026-06-27 06:05:00,16.31,23.3,3.32,8.7,981.2
2026-06-27 06:10:00,14.93,17.9,2.77,9.8,1007.6
2026-06-27 06:15:00,12.08,22.5,3.87,9.8,986.1
2026-06-27 06:20:00,13.31,22.3,3.02,8.1,951.1
2026-06-27 06:25:00,16.01,20.8,3.25,10.6,890.5
2026-06-27 06:30:00,17.0,25.1,3.83,11.6,955.2
2026-06-27 06:35:00,14.09,18.6,2.76,10.7,975.0
2026-06-27 06:40:00,13.59,9.0,2.91,10.1,946.3
2026-06-27 06:45:00,12.23,10.0,3.9,10.9,1003.1
2026-06-27 06:50:00,12.25,14.1,3.73,9.4,942.1
2026-06-27 06:55:00,14.35,22.5,3.36,9.1,926.0
2026-06-27 07:00:00,15.05,15.6,1.92,10.5,989.5
2026-06-27 07:05:00,11.77,19.2,3.96,10.2,984.7
2026-06-27 07:10:00,15.24,21.2,2.8,10.3,1009.9
2026-06-27 07:15:00,16.06,19.0,2.84,9.1,970.9
2026-06-27 07:20:00,14.95,4.3,3.22,8.5,917.8
2026-06-27 07:25:00,16.48,10.9,2.55,9.0,850.0
2026-06-27 07:30:00,14.53,28.6,3.83,9.1,881.1
2026-06-27 07:35:00,14.55,20.0,3.28,8.0,926.8
2026-06-27 07:40:00,14.52,1.8,3.78,10.5,1003.1
2026-06-27 07:45:00,16.04,18.4,2.73,8.7,998.9
2026-06-27 07:50:00,14.81,28.8,3.68,8.7,933.8
2026-06-27 07:55:00,13.21,19.6,4.04,9.7,982.5
2026-06-27 08:00:00,14.64,18.3,2.43,9.1,895.0
2026-06-27 08:05:00,14.65,7.0,2.63,8.4,999.7
2026-06-27 08:10:00,13.68,16.4,2.73,8.5,938.8
2026-06-27 08:15:00,15.53,8.1,3.85,10.5,975.9
2026-06-27 08:20:00,14.14,10.7,3.38,9.7,971.5
2026-06-27 08:25:00,15.06,9.3,3.25,8.5,968.6
2026-06-27 08:30:00,14.76,28.4,3.32,11.5,902.0
2026-06-27 08:35:00,12.91,22.4,4.32,9.3,926.5
2026-06-27 08:40:00,12.53,26.4,2.07,10.5,992.2
2026-06-27 08:45:00,12.93,10.1,3.09,9.9,970.3
2026-06-27 08:50:00,13.88,19.1,1.5,10.1,906.8
2026-06-27 08:55:00,16.39,12.0,3.56,10.0,965.0
2026-06-27 09:00:00,13.93,12.6,3.91,8.6,908.1
2026-06-27 09:05:00,14.56,20.8,2.99,12.2,899.4
2026-06-27 09:10:00,15.31,19.1,3.58,9.2,925.2
2026-06-27 09:15:00,13.46,19.7,2.26,10.8,946.1
2026-06-27 09:20:00,13.38,10.5,3.56,9.2,901.9
2026-06-27 09:25:00,15.58,18.8,4.67,8.9,985.7
2026-06-27 09:30:00,14.85,20.1,2.95,11.4,921.6
2026-06-27 09:35:00,13.15,13.9,3.49,11.6,948.7
2026-06-27 09:40:00,13.38,16.4,2.86,10.5,967.9
2026-06-27 09:45:00,14.13,8.1,3.4,10.8,1023.9
2026-06-27 09:50:00,14.49,5.1,3.99,8.7,973.7
2026-06-27 09:55:00,15.87,30.0,3.44,10.7,937.8
2026-06-27 10:00:00,14.8,19.2,3.13,10.6,910.5
2026-06-27 10:05:00,12.52,15.8,3.15,10.4,899.9
2026-06-27 10:10:00,12.82,22.8,2.43,11.6,910.7
2026-06-27 10:15:00,14.46,12.8,3.86,7.7,944.0
2026-06-27 10:20:00,14.21,18.7,3.64,9.8,998.2
2026-06-27 10:25:00,12.73,24.6,2.38,11.5,944.9
2026-06-27 10:30:00,15.58,11.4,3.37,8.9,927.6
2026-06-27 10:35:00,10.63,15.0,2.67,10.6,954.6
2026-06-27 10:40:00,14.5,9.7,3.01,9.5,1015.9
2026-06-27 10:45:00,11.68,23.0,3.64,10.1,919.8
2026-06-27 10:50:00,15.32,19.2,3.78,8.9,968.3
2026-06-27 10:55:00,13.6,25.0,3.56,12.3,935.5
2026-06-27 11:00:00,15.12,23.1,2.99,8.9,958.0
2026-06-27 11:05:00,13.41,16.4,3.49,9.9,975.5
2026-06-27 11:10:00,15.99,20.5,2.71,9.7,1005.0
2026-06-27 11:15:00,11.2,20.5,3.63,11.1,947.8
2026-06-27 11:20:00,15.32,22.4,3.15,10.1,995.4
2026-06-27 11:25:00,13.09,26.8,2.83,8.4,966.2
2026-06-27 11:30:00,14.56,11.5,2.83,9.4,898.1
2026-06-27 11:35:00,14.63,6.7,3.72,7.8,942.2
2026-06-27 11:40:00,11.91,11.7,3.18,10.1,1043.0
2026-06-27 11:45:00,15.5,20.8,2.88,11.8,945.4
2026-06-27 11:50:00,14.59,20.5,2.88,9.8,937.4
2026-06-27 11:55:00,14.18,14.6,2.49,10.3,937.3
2026-06-27 12:00:00,14.58,16.4,3.32,11.1,931.4
2026-06-27 12:05:00,14.19,13.0,3.42,9.3,894.9
2026-06-27 12:10:00,15.25,17.4,2.32,11.1,858.1
2026-06-27 12:15:00,13.29,13.8,2.6,11.9,919.1
2026-06-27 12:20:00,15.25,27.8,2.11,8.2,935.9
2026-06-27 12:25:00,14.86,25.9,3.84,11.1,972.0
2026-06-27 12:30:00,13.74,22.3,3.53,8.5,935.2
2026-06-27 12:35:00,16.77,18.2,3.86,9.2,955.1
2026-06-27 12:40:00,14.68,24.8,4.1,11.1,902.7
2026-06-27 12:45:00,14.29,18.6,3.46,10.3,881.4
2026-06-27 12:50:00,14.86,19.0,3.15,9.5,963.9
2026-06-27 12:55:00,13.84,7.6,3.42,12.2,976.0
2026-06-27 13:00:00,15.8,19.6,2.8,9.7,989.3
2026-06-27 13:05:00,13.97,10.3,2.8,11.1,998.2
2026-06-27 13:10:00,15.23,15.6,2.97,9.7,1002.7
2026-06-27 13:15:00,12.4,19.0,3.04,10.5,977.5
2026-06-27 13:20:00,11.31,12.6,2.26,10.5,927.2
2026-06-27 13:25:00,14.6,20.9,2.43,10.1,961.3
2026-06-27 13:30:00,13.42,24.3,2.37,8.6,937.1
2026-06-27 13:35:00,13.71,12.7,2.47,10.3,940.8
2026-06-27 13:40:00,10.49,18.7,3.58,9.4,965.7
2026-06-27 13:45:00,16.55,10.5,3.07,9.5,1000.6
2026-06-27 13:50:00,14.16,11.0,3.15,10.6,980.4
2026-06-27 13:55:00,16.0,19.9,3.41,10.5,949.7
2026-06-27 14:00:00,11.91,22.3,3.65,9.2,953.9
2026-06-27 14:05:00,14.15,8.9,3.56,10.2,964.4
2026-06-27 14:10:00,14.61,30.3,4.06,10.0,997.1
2026-06-27 14:15:00,14.2,15.0,3.25,9.1,1024.2
2026-06-27 14:20:00,14.35,19.2,3.31,9.2,955.2
2026-06-27 14:25:00,11.92,14.8,2.87,9.2,941.9
2026-06-27 14:30:00,14.48,16.3,2.08,10.0,956.3
2026-06-27 14:35:00,12.74,27.1,3.16,9.7,991.3
2026-06-27 14:40:00,13.07,27.0,3.63,10.2,970.8
2026-06-27 14:45:00,14.02,8.1,2.85,9.1,929.6
2026-06-27 14:50:00,13.47,14.6,2.93,9.8,950.5
2026-06-27 14:55:00,13.56,35.0,3.61,9.9,950.6
2026-06-27 15:00:00,15.69,15.4,3.2,10.3,924.1
2026-06-27 15:05:00,13.77,20.5,2.62,11.5,923.7
2026-06-27 15:10:00,13.4,24.8,2.56,11.1,901.6
2026-06-27 15:15:00,13.82,23.1,3.54,9.9,944.1
2026-06-27 15:20:00,12.33,1.1,3.29,8.4,995.2
2026-06-27 15:25:00,14.24,20.0,3.09,9.5,990.8
2026-06-27 15:30:00,15.08,28.5,2.27,10.9,949.0
2026-06-27 15:35:00,14.47,18.2,3.48,9.9,1021.3
2026-06-27 15:40:00,14.05,11.8,3.88,8.7,947.8
2026-06-27 15:45:00,14.9,11.9,3.04,9.8,936.4
2026-06-27 15:50:00,13.17,16.8,3.46,9.5,870.9
2026-06-27 15:55:00,14.06,22.1,2.92,11.3,958.0
2026-06-27 16:00:00,16.1,35.0,3.39,9.4,914.2
2026-06-27 16:05:00,13.56,16.3,3.51,10.4,1008.1
2026-06-27 16:10:00,14.91,21.4,2.94,10.7,900.3
2026-06-27 16:15:00,14.95,8.7,2.02,8.8,1001.5
2026-06-27 16:20:00,12.86,7.9,2.82,9.3,958.2
2026-06-27 16:25:00,15.03,15.0,3.44,9.6,904.0
2026-06-27 16:30:00,13.09,20.7,3.7,10.1,883.6
2026-06-27 16:35:00,14.64,17.5,2.84,9.4,964.8
2026-06-27 16:40:00,13.07,18.3,4.0,8.6,913.2
2026-06-27 16:45:00,14.42,16.4,4.11,9.0,871.2
2026-06-27 16:50:00,14.19,17.8,3.62,10.9,1029.2
2026-06-27 16:55:00,14.17,16.2,2.54,12.1,984.7
2026-06-27 17:00:00,14.41,9.9,3.71,10.3,904.2
2026-06-27 17:05:00,13.2,9.1,2.97,11.1,877.3
2026-06-27 17:10:00,12.25,26.2,2.76,10.4,997.2
2026-06-27 17:15:00,14.12,13.1,3.52,10.7,895.8
2026-06-27 17:20:00,15.65,16.6,3.47,10.7,954.0
2026-06-27 17:25:00,14.87,25.1,3.4,10.7,967.5
2026-06-27 17:30:00,14.67,16.4,3.61,10.4,929.4
2026-06-27 17:35:00,13.23,23.3,3.11,10.1,910.9
2026-06-27 17:40:00,14.28,12.7,2.38,9.6,873.9
2026-06-27 17:45:00,12.75,27.3,4.36,10.5,968.4
2026-06-27 17:50:00,13.36,19.4,2.95,10.3,1045.2
2026-06-27 17:55:00,14.54,17.8,2.77,9.1,904.1
2026-06-27 18:00:00,11.28,17.0,2.48,11.2,910.1
2026-06-27 18:05:00,16.59,22.6,3.25,11.0,981.0
2026-06-27 18:10:00,12.0,19.4,3.21,10.2,852.5
2026-06-27 18:15:00,16.83,0.0,3.31,11.2,918.4
2026-06-27 18:20:00,12.74,15.3,4.13,10.7,958.4
2026-06-27 18:25:00,12.73,19.9,3.58,9.6,916.9
2026-06-27 18:30:00,13.4,12.2,2.65,8.2,970.7
2026-06-27 18:35:00,13.34,15.0,4.47,8.2,966.5
2026-06-27 18:40:00,13.09,15.7,2.31,11.3,954.6
2026-06-27 18:45:00,13.44,27.6,3.03,10.0,919.6
2026-06-27 18:50:00,14.14,21.6,2.73,9.6,933.6
2026-06-27 18:55:00,12.65,20.0,3.4,9.3,953.1
2026-06-27 19:00:00,15.26,11.0,3.65,10.1,958.4
2026-06-27 19:05:00,16.12,13.9,2.99,10.9,1007.1
2026-06-27 19:10:00,11.08,23.1,3.78,9.2,979.2
2026-06-27 19:15:00,16.78,22.0,3.28,10.1,934.9
2026-06-27 19:20:00,15.16,9.5,4.16,12.7,972.6
2026-06-27 19:25:00,14.39,26.4,3.67,11.8,975.3
2026-06-27 19:30:00,13.14,12.8,2.97,7.8,923.8
2026-06-27 19:35:00,14.25,20.1,3.81,8.2,973.3
2026-06-27 19:40:00,15.35,34.4,2.65,11.8,940.6
2026-06-27 19:45:00,17.91,15.5,3.6,10.9,961.7
2026-06-27 19:50:00,17.29,19.0,3.51,10.1,990.4
2026-06-27 19:55:00,11.71,14.6,2.92,10.5,991.0
2026-06-27 20:00:00,13.69,19.1,1.99,9.7,915.2
2026-06-27 20:05:00,14.12,26.6,4.0,9.3,905.5
2026-06-27 20:10:00,16.02,16.8,3.46,10.7,1021.1
2026-06-27 20:15:00,13.87,16.2,3.23,9.9,1021.3
2026-06-27 20:20:00,12.87,24.6,3.15,10.9,979.3
2026-06-27 20:25:00,14.08,10.4,3.86,9.5,938.1
2026-06-27 20:30:00,13.42,18.5,4.51,10.7,938.3
2026-06-27 20:35:00,15.48,13.6,3.79,10.3,910.8
2026-06-27 20:40:00,17.58,16.6,3.43,8.7,958.7
2026-06-27 20:45:00,15.37,12.7,3.42,11.5,945.1
2026-06-27 20:50:00,15.43,9.4,3.5,8.6,946.2
2026-06-27 20:55:00,15.85,4.7,2.73,11.3,904.0
2026-06-27 21:00:00,14.68,15.3,3.58,10.5,988.2
2026-06-27 21:05:00,13.4,19.4,2.4,10.6,967.9
2026-06-27 21:10:00,13.55,22.9,3.42,9.5,968.3
2026-06-27 21:15:00,15.64,10.0,3.0,9.6,878.6
2026-06-27 21:20:00,14.43,18.9,3.71,10.0,889.3
2026-06-27 21:25:00,12.53,21.4,3.39,8.7,906.0
2026-06-27 21:30:00,15.96,20.2,2.97,10.6,980.9
2026-06-27 21:35:00,12.84,19.5,2.58,9.6,930.4
2026-06-27 21:40:00,12.31,5.0,4.22,7.9,908.6
2026-06-27 21:45:00,12.68,17.3,3.16,11.9,976.2
2026-06-27 21:50:00,14.46,17.5,4.25,10.3,937.0
2026-06-27 21:55:00,15.46,21.3,2.43,10.3,964.9
2026-06-27 22:00:00,14.38,26.3,2.96,9.3,909.3
2026-06-27 22:05:00,13.16,16.4,1.87,10.3,948.9
2026-06-27 22:10:00,12.79,15.9,3.67,10.7,1003.4
2026-06-27 22:15:00,15.16,18.8,3.7,8.5,999.6
2026-06-27 22:20:00,13.86,18.1,2.84,10.6,918.3
2026-06-27 22:25:00,14.51,20.6,2.78,8.9,939.0
2026-06-27 22:30:00,13.79,21.2,2.94,8.7,982.5
2026-06-27 22:35:00,14.45,16.9,3.07,9.1,953.5
2026-06-27 22:40:00,14.59,21.0,2.83,12.1,964.1
2026-06-27 22:45:00,17.64,16.7,3.86,10.8,1005.4
2026-06-27 22:50:00,14.6,9.3,3.01,10.0,958.7
2026-06-27 22:55:00,13.42,11.1,2.13,11.7,926.2
2026-06-27 23:00:00,14.26,4.0,3.19,9.1,1000.2
2026-06-27 23:05:00,12.58,28.0,2.79,9.0,917.1
2026-06-27 23:10:00,12.56,25.7,2.34,9.1,949.1
2026-06-27 23:15:00,15.87,24.2,3.25,11.9,926.8
2026-06-27 23:20:00,14.46,16.7,2.06,10.9,902.3
2026-06-27 23:25:00,15.68,23.9,3.37,9.2,945.9
2026-06-27 23:30:00,11.56,23.4,3.13,9.3,952.4
2026-06-27 23:35:00,12.54,9.3,2.95,10.3,940.0
2026-06-27 23:40:00,14.45,13.3,2.56,8.9,990.0
2026-06-27 23:45:00,12.76,21.2,2.29,9.8,919.6
2026-06-27 23:50:00,11.86,15.1,3.76,9.0,964.5
2026-06-27 23:55:00,12.38,13.8,3.06,9.9,901.5
2026-06-28 00:00:00,13.52,22.9,2.14,10.8,1045.9
2026-06-28 00:05:00,14.62,13.0,3.24,11.7,923.8
2026-06-28 00:10:00,16.57,32.9,2.89,8.4,885.2
2026-06-28 00:15:00,12.42,27.6,3.95,10.6,940.7
2026-06-28 00:20:00,12.5,16.7,2.97,10.7,959.1
2026-06-28 00:25:00,11.82,25.5,3.71,9.8,985.3
2026-06-28 00:30:00,14.86,19.1,3.06,9.4,992.9
2026-06-28 00:35:00,14.19,15.5,2.52,9.4,974.9
2026-06-28 00:40:00,12.55,29.9,3.36,8.1,983.6
2026-06-28 00:45:00,12.75,20.3,3.91,10.8,994.1
2026-06-28 00:50:00,13.81,12.6,3.8,9.2,959.9
2026-06-28 00:55:00,13.9,20.8,3.36,8.3,919.5
2026-06-28 01:00:00,12.44,28.1,3.7,10.3,953.6
2026-06-28 01:05:00,14.27,18.0,3.3,10.3,921.4
2026-06-28 01:10:00,11.94,19.3,3.24,10.8,992.0
2026-06-28 01:15:00,14.07,16.2,2.33,11.8,998.1
2026-06-28 01:20:00,13.73,20.1,3.31,10.0,1000.5
2026-06-28 01:25:00,14.6,12.1,4.16,9.7,904.0
2026-06-28 01:30:00,15.82,13.2,2.27,9.6,992.5
2026-06-28 01:35:00,13.44,15.9,2.43,9.7,927.1
2026-06-28 01:40:00,14.0,19.0,2.99,9.3,964.8
2026-06-28 01:45:00,11.03,24.7,2.32,9.6,983.1
2026-06-28 01:50:00,16.96,17.1,3.62,9.3,892.5
2026-06-28 01:55:00,11.21,23.0,2.11,9.0,984.5
2026-06-28 02:00:00,13.88,15.4,3.63,11.7,888.1
2026-06-28 02:05:00,10.18,21.5,3.77,11.4,942.0
2026-06-28 02:10:00,12.76,25.2,3.52,8.1,989.1
2026-06-28 02:15:00,16.6,17.3,3.22,10.3,1003.1
2026-06-28 02:20:00,15.72,20.1,3.5,9.9,982.3
2026-06-28 02:25:00,15.48,14.5,2.54,10.1,927.4
2026-06-28 02:30:00,13.71,21.5,3.32,8.5,926.0
2026-06-28 02:35:00,16.48,1.2,3.0,8.2,944.3
2026-06-28 02:40:00,14.39,8.2,3.83,9.9,952.2
2026-06-28 02:45:00,15.03,21.4,3.59,9.6,985.0
2026-06-28 02:50:00,17.97,8.2,2.81,9.5,947.4
2026-06-28 02:55:00,15.64,15.1,3.44,9.8,931.5
2026-06-28 03:00:00,13.9,26.4,3.35,10.6,935.7
2026-06-28 03:05:00,14.77,23.2,2.86,10.9,995.4
2026-06-28 03:10:00,16.11,32.4,3.07,9.0,952.2
2026-06-28 03:15:00,14.93,18.5,3.5,9.1,1011.0
2026-06-28 03:20:00,15.17,17.5,2.93,10.2,988.0
2026-06-28 03:25:00,15.93,18.1,2.67,11.2,929.1
2026-06-28 03:30:00,17.8,12.5,3.39,9.8,932.0
2026-06-28 03:35:00,12.6,16.7,4.1,10.1,945.7
2026-06-28 03:40:00,15.05,10.4,3.18,8.6,944.5
2026-06-28 03:45:00,14.69,25.0,2.92,7.8,996.2
2026-06-28 03:50:00,13.42,22.4,2.68,12.3,928.4
2026-06-28 03:55:00,13.03,11.0,3.96,10.3,954.5
2026-06-28 04:00:00,16.48,14.0,3.77,9.0,963.4
2026-06-28 04:05:00,12.47,20.3,3.09,7.9,978.2
2026-06-28 04:10:00,11.89,19.6,2.71,11.4,968.9
2026-06-28 04:15:00,13.16,11.7,2.78,9.1,965.8
2026-06-28 04:20:00,11.33,18.4,2.68,9.1,930.9
2026-06-28 04:25:00,12.73,21.4,2.87,9.3,934.8
2026-06-28 04:30:00,12.42,21.6,2.83,10.1,959.9
2026-06-28 04:35:00,14.13,28.1,2.66,10.6,942.4
2026-06-28 04:40:00,16.17,19.5,3.85,9.7,912.7
2026-06-28 04:45:00,13.12,10.6,4.23,9.0,932.4
2026-06-28 04:50:00,15.3,11.6,2.61,12.3,956.9
2026-06-28 04:55:00,15.13,25.5,2.78,9.5,997.5
2026-06-28 05:00:00,10.67,27.7,2.53,10.0,912.3
2026-06-28 05:05:00,13.17,17.8,3.39,8.5,906.0
2026-06-28 05:10:00,13.44,20.3,2.97,10.6,980.4
2026-06-28 05:15:00,14.57,18.6,2.58,11.1,933.7
2026-06-28 05:20:00,14.86,16.2,4.21,9.1,916.1
2026-06-28 05:25:00,14.5,9.1,3.58,8.2,949.3
2026-06-28 05:30:00,12.66,20.9,2.58,9.6,914.0
2026-06-28 05:35:00,13.05,28.7,4.0,11.9,1038.2
2026-06-28 05:40:00,11.75,19.0,2.5,9.4,919.0
2026-06-28 05:45:00,14.1,16.2,3.59,12.5,957.6
2026-06-28 05:50:00,13.45,15.4,4.68,9.4,970.7
2026-06-28 05:55:00,14.8,21.0,3.09,8.2,987.9
2026-06-28 06:00:00,15.05,24.9,2.96,9.5,906.9
2026-06-28 06:05:00,13.5,21.2,3.27,8.1,968.2
2026-06-28 06:10:00,14.42,6.8,4.65,9.3,884.3
2026-06-28 06:15:00,13.68,28.5,3.98,10.4,962.4
2026-06-28 06:20:00,12.33,23.0,2.88,9.5,947.7
2026-06-28 06:25:00,12.8,16.9,3.39,11.1,980.1
2026-06-28 06:30:00,10.6,14.8,3.79,9.5,960.4
2026-06-28 06:35:00,13.41,15.3,2.97,8.5,945.5
2026-06-28 06:40:00,13.11,23.2,2.47,10.1,948.6
2026-06-28 06:45:00,12.36,6.1,3.97,9.9,891.8
2026-06-28 06:50:00,15.23,21.1,3.48,10.0,917.4
2026-06-28 06:55:00,14.79,19.7,3.37,8.7,1010.8
2026-06-28 07:00:00,14.83,19.6,3.85,10.3,958.2
2026-06-28 07:05:00,15.04,11.0,2.58,11.4,977.3
2026-06-28 07:10:00,14.0,7.8,3.16,8.7,925.3
2026-06-28 07:15:00,13.98,31.5,4.65,8.1,984.8
2026-06-28 07:20:00,15.25,18.8,3.53,8.5,938.8
2026-06-28 07:25:00,15.0,29.6,3.46,10.0,892.5
2026-06-28 07:30:00,15.54,23.4,3.21,8.4,946.7
2026-06-28 07:35:00,13.93,18.7,2.09,10.3,1001.8
2026-06-28 07:40:00,12.52,19.4,2.7,10.4,867.3
2026-06-28 07:45:00,14.36,24.5,3.68,10.4,979.4
2026-06-28 07:50:00,13.13,25.2,2.8,12.6,956.3
2026-06-28 07:55:00,14.98,20.9,3.07,8.1,1050.0
2026-06-28 08:00:00,14.43,24.6,3.31,8.3,1041.8
2026-06-28 08:05:00,14.08,24.8,2.55,11.3,879.4
2026-06-28 08:10:00,13.41,20.0,2.41,10.5,1005.3
2026-06-28 08:15:00,15.5,14.4,3.23,11.1,934.4
2026-06-28 08:20:00,15.39,21.0,2.95,8.0,942.2
2026-06-28 08:25:00,13.16,13.5,3.38,8.6,927.0
2026-06-28 08:30:00,12.16,15.7,2.36,11.0,922.0
2026-06-28 08:35:00,14.27,20.4,2.86,9.8,1002.7
2026-06-28 08:40:00,15.78,17.5,3.62,11.3,855.8
2026-06-28 08:45:00,12.11,25.9,4.89,9.6,923.4
2026-06-28 08:50:00,14.71,14.0,3.31,9.8,977.1
2026-06-28 08:55:00,12.77,5.2,3.73,12.3,868.4
2026-06-28 09:00:00,12.47,25.9,3.41,9.0,940.8
2026-06-28 09:05:00,15.4,18.3,3.37,10.7,901.7
2026-06-28 09:10:00,14.98,18.6,3.6,8.4,959.4
2026-06-28 09:15:00,13.77,13.3,2.67,9.1,952.0
2026-06-28 09:20:00,15.18,6.7,3.1,10.7,987.3
2026-06-28 09:25:00,15.03,13.1,3.4,8.6,857.2
2026-06-28 09:30:00,11.77,21.4,2.59,10.9,967.2
2026-06-28 09:35:00,14.13,16.8,3.47,9.8,920.0
2026-06-28 09:40:00,16.12,16.0,2.07,9.0,1008.0
2026-06-28 09:45:00,14.71,7.8,3.79,9.9,932.3
2026-06-28 09:50:00,10.08,28.9,3.0,9.4,917.3
2026-06-28 09:55:00,12.39,17.6,3.62,9.3,928.0
2026-06-28 10:00:00,15.49,32.1,3.66,9.5,972.6
2026-06-28 10:05:00,13.16,20.2,4.02,8.6,977.9
2026-06-28 10:10:00,15.68,27.3,3.27,8.2,949.0
2026-06-28 10:15:00,17.07,13.7,2.2,7.9,910.9
2026-06-28 10:20:00,13.64,8.9,2.23,10.5,902.6
2026-06-28 10:25:00,13.07,16.9,2.45,10.4,977.1
2026-06-28 10:30:00,12.49,21.4,3.6,9.2,971.0
2026-06-28 10:35:00,15.14,22.0,2.31,9.9,966.4
2026-06-28 10:40:00,13.1,20.4,3.04,11.4,1013.3
2026-06-28 10:45:00,13.4,31.8,2.81,9.4,918.3
2026-06-28 10:50:00,12.34,20.4,3.39,9.7,1029.1
2026-06-28 10:55:00,13.35,16.1,3.65,11.9,963.5
2026-06-28 11:00:00,12.94,16.6,3.27,10.4,929.8
2026-06-28 11:05:00,11.03,13.2,3.73,10.9,947.8
2026-06-28 11:10:00,12.74,19.8,2.52,10.7,902.3
2026-06-28 11:15:00,15.12,24.5,3.75,10.5,909.2
2026-06-28 11:20:00,16.02,26.5,3.19,9.3,945.5
2026-06-28 11:25:00,13.84,16.2,3.67,9.0,981.1
2026-06-28 11:30:00,14.05,17.7,2.89,10.7,921.8
2026-06-28 11:35:00,14.43,14.2,2.01,10.5,1036.0
2026-06-28 11:40:00,16.94,23.8,3.54,10.2,948.3
2026-06-28 11:45:00,12.49,10.6,3.19,10.3,925.9
2026-06-28 11:50:00,12.11,13.7,3.96,9.2,898.6
2026-06-28 11:55:00,13.92,0.0,3.63,8.8,929.2
2026-06-28 12:00:00,14.59,10.9,5.04,9.3,1007.7
2026-06-28 12:05:00,13.95,14.5,4.0,9.7,1019.0
2026-06-28 12:10:00,11.95,14.9,3.08,9.4,974.6
2026-06-28 12:15:00,15.33,10.2,2.33,11.6,952.2
2026-06-28 12:20:00,13.79,11.2,2.74,11.5,892.6
2026-06-28 12:25:00,14.83,25.6,2.56,10.9,850.0
2026-06-28 12:30:00,16.33,13.3,2.93,11.2,957.5
2026-06-28 12:35:00,11.81,7.1,3.23,8.7,934.1
2026-06-28 12:40:00,11.42,11.7,3.45,10.7,928.1
2026-06-28 12:45:00,14.85,11.8,4.09,10.0,965.9
2026-06-28 12:50:00,10.95,17.6,2.68,9.5,896.5
2026-06-28 12:55:00,13.4,20.2,2.35,9.7,1008.5
2026-06-28 13:00:00,13.14,9.9,3.78,9.7,1024.5
2026-06-28 13:05:00,14.54,19.8,3.98,9.6,977.6
2026-06-28 13:10:00,13.0,26.4,2.82,9.4,937.9
2026-06-28 13:15:00,14.74,24.1,3.76,8.7,925.8
2026-06-28 13:20:00,12.4,21.5,3.63,8.4,937.7
2026-06-28 13:25:00,12.14,20.4,2.15,10.4,962.8
2026-06-28 13:30:00,14.03,16.1,2.84,7.2,990.4
2026-06-28 13:35:00,14.16,26.5,2.83,11.9,968.0
2026-06-28 13:40:00,14.44,20.6,4.37,9.4,1000.4
2026-06-28 13:45:00,16.22,13.2,3.55,8.2,972.1
2026-06-28 13:50:00,15.92,17.1,2.91,10.5,991.3
2026-06-28 13:55:00,14.68,13.9,2.82,9.9,948.8
2026-06-28 14:00:00,15.21,17.2,2.27,9.1,904.0
2026-06-28 14:05:00,14.39,25.3,3.77,9.4,1001.5
2026-06-28 14:10:00,15.77,16.9,3.45,9.9,1037.4
2026-06-28 14:15:00,14.55,13.2,3.62,11.1,961.8
2026-06-28 14:20:00,13.17,24.2,2.37,7.4,928.2
2026-06-28 14:25:00,12.87,25.7,3.56,10.3,968.9
2026-06-28 14:30:00,15.73,13.3,3.1,11.6,935.9
2026-06-28 14:35:00,13.73,26.9,2.67,9.2,951.3
2026-06-28 14:40:00,16.88,23.8,3.45,10.7,953.4
2026-06-28 14:45:00,12.34,14.7,2.51,10.7,919.7
2026-06-28 14:50:00,15.88,25.3,3.23,11.9,921.2
2026-06-28 14:55:00,13.36,10.6,3.11,10.2,947.1
2026-06-28 15:00:00,14.61,15.1,3.87,10.7,942.1
2026-06-28 15:05:00,12.05,11.4,3.8,11.1,972.8
2026-06-28 15:10:00,11.24,12.1,3.31,10.6,960.8
2026-06-28 15:15:00,16.22,23.1,3.32,9.1,974.2
2026-06-28 15:20:00,13.34,17.9,3.56,9.3,944.4
2026-06-28 15:25:00,15.48,11.3,3.26,10.3,917.7
2026-06-28 15:30:00,13.02,14.5,2.74,10.9,908.3
2026-06-28 15:35:00,15.48,14.0,2.95,10.3,989.6
2026-06-28 15:40:00,13.36,19.5,2.45,9.0,930.6
2026-06-28 15:45:00,12.18,31.6,3.62,9.8,924.7
2026-06-28 15:50:00,14.97,19.2,3.43,8.6,1001.2
2026-06-28 15:55:00,15.42,19.6,2.93,10.6,934.3
2026-06-28 16:00:00,14.96,27.2,2.67,12.0,862.8
2026-06-28 16:05:00,13.78,14.7,3.37,10.5,958.8
2026-06-28 16:10:00,11.38,26.0,2.27,8.0,928.0
2026-06-28 16:15:00,12.4,15.5,2.58,10.1,921.1
2026-06-28 16:20:00,12.95,15.8,3.21,10.0,944.4
2026-06-28 16:25:00,13.61,16.0,4.68,9.5,868.1
2026-06-28 16:30:00,15.7,17.4,3.48,8.0,875.6
2026-06-28 16:35:00,13.82,17.0,3.32,10.5,931.6
2026-06-28 16:40:00,10.84,20.1,2.48,10.9,972.4
2026-06-28 16:45:00,10.11,15.5,2.67,9.1,939.5
2026-06-28 16:50:00,12.96,18.6,4.01,9.1,937.7
2026-06-28 16:55:00,13.23,8.3,3.02,9.7,949.9
2026-06-28 17:00:00,14.53,22.7,3.2,11.7,985.6
2026-06-28 17:05:00,11.82,24.8,3.49,9.7,951.6
2026-06-28 17:10:00,11.93,19.3,2.93,9.2,948.0
2026-06-28 17:15:00,14.68,22.5,2.85,9.6,927.7
2026-06-28 17:20:00,16.0,13.0,2.22,10.6,934.4
2026-06-28 17:25:00,11.05,27.1,2.38,8.0,957.2
2026-06-28 17:30:00,12.85,19.1,3.54,9.8,1002.6
2026-06-28 17:35:00,15.67,8.4,3.03,9.7,959.5
2026-06-28 17:40:00,15.4,25.3,3.53,9.9,917.4
2026-06-28 17:45:00,12.61,22.3,2.21,9.3,938.0
2026-06-28 17:50:00,15.74,29.2,3.57,8.7,994.3
2026-06-28 17:55:00,14.07,28.0,3.08,10.9,953.1
2026-06-28 18:00:00,14.99,26.1,2.24,8.2,894.7
2026-06-28 18:05:00,12.94,20.8,3.85,11.6,967.4
2026-06-28 18:10:00,14.44,22.3,2.31,10.3,924.2
2026-06-28 18:15:00,12.25,11.5,3.91,10.7,904.0
2026-06-28 18:20:00,13.18,16.3,3.2,10.1,953.4
2026-06-28 18:25:00,13.55,35.0,2.49,11.2,916.3
2026-06-28 18:30:00,14.21,7.6,4.41,10.5,982.5
2026-06-28 18:35:00,17.61,19.9,3.42,11.3,953.6
2026-06-28 18:40:00,17.84,17.8,3.93,10.8,1003.8
2026-06-28 18:45:00,13.42,23.1,3.41,11.1,963.9
2026-06-28 18:50:00,16.22,19.2,3.06,9.3,930.1
2026-06-28 18:55:00,12.34,25.3,2.6,9.6,929.6
2026-06-28 19:00:00,14.6,18.1,3.09,10.0,935.5
2026-06-28 19:05:00,12.97,22.6,3.25,10.0,969.7
2026-06-28 19:10:00,13.32,20.2,3.67,10.6,892.3
2026-06-28 19:15:00,17.99,16.3,2.98,9.3,960.9
2026-06-28 19:20:00,13.42,15.4,3.53,10.0,913.2
2026-06-28 19:25:00,13.03,25.7,4.13,10.6,1039.6
2026-06-28 19:30:00,12.5,21.7,3.26,8.1,972.1
2026-06-28 19:35:00,12.85,24.0,1.96,11.1,976.0
2026-06-28 19:40:00,11.87,25.5,3.15,12.0,952.9
2026-06-28 19:45:00,14.33,14.9,3.17,9.1,886.2
2026-06-28 19:50:00,14.31,16.4,3.14,11.5,950.7
2026-06-28 19:55:00,14.51,16.0,2.26,10.2,965.6
2026-06-28 20:00:00,13.98,24.2,3.3,9.1,927.2
2026-06-28 20:05:00,13.15,18.5,2.88,10.8,946.9
2026-06-28 20:10:00,13.01,19.1,3.13,11.9,975.2
2026-06-28 20:15:00,14.24,11.7,3.83,9.6,954.5
2026-06-28 20:20:00,13.92,22.9,2.66,8.9,960.9
2026-06-28 20:25:00,13.05,23.1,3.09,7.8,971.0
2026-06-28 20:30:00,13.57,21.4,3.04,9.9,999.4
2026-06-28 20:35:00,16.31,19.0,3.09,10.2,916.7
2026-06-28 20:40:00,16.96,24.3,2.87,11.8,1027.6
2026-06-28 20:45:00,13.67,17.7,2.97,11.9,1027.5
2026-06-28 20:50:00,12.9,26.5,4.12,9.3,927.9
2026-06-28 20:55:00,13.94,22.3,2.9,10.8,976.9
2026-06-28 21:00:00,15.7,10.4,3.44,8.8,1022.9
2026-06-28 21:05:00,13.93,17.2,3.27,10.1,1007.6
2026-06-28 21:10:00,14.53,19.9,3.22,9.9,881.3
2026-06-28 21:15:00,13.01,13.8,3.53,9.1,943.9
2026-06-28 21:20:00,12.25,24.5,2.76,9.9,929.9
2026-06-28 21:25:00,15.14,6.1,4.16,10.8,984.2
2026-06-28 21:30:00,14.29,22.8,2.6,11.1,987.8
2026-06-28 21:35:00,14.98,22.1,3.06,9.9,902.7
2026-06-28 21:40:00,11.43,6.1,2.61,9.9,921.7
2026-06-28 21:45:00,16.75,18.6,3.73,8.2,887.0
2026-06-28 21:50:00,14.38,15.4,2.67,10.3,946.5
2026-06-28 21:55:00,11.29,26.5,3.57,9.7,938.5
2026-06-28 22:00:00,15.48,13.0,3.41,9.9,968.6
2026-06-28 22:05:00,13.44,22.8,3.26,9.5,1022.2
2026-06-28 22:10:00,14.05,24.0,3.81,9.1,960.7
2026-06-28 22:15:00,13.28,15.6,2.86,9.1,938.0
2026-06-28 22:20:00,13.85,25.8,4.0,9.3,982.2
2026-06-28 22:25:00,13.93,15.5,2.99,8.7,936.0
2026-06-28 22:30:00,11.49,26.0,3.38,10.3,942.8
2026-06-28 22:35:00,15.3,33.6,2.93,10.6,957.0
2026-06-28 22:40:00,14.17,23.6,3.51,9.9,902.4
2026-06-28 22:45:00,14.67,21.7,2.56,10.2,937.7
2026-06-28 22:50:00,15.22,15.2,3.29,9.8,918.1
2026-06-28 22:55:00,14.18,29.1,3.1,11.1,982.3
2026-06-28 23:00:00,14.5,23.3,3.41,10.1,908.8
2026-06-28 23:05:00,11.79,15.2,3.47,10.3,912.4
2026-06-28 23:10:00,12.75,27.0,2.59,10.8,921.6
2026-06-28 23:15:00,14.13,18.7,3.98,10.0,918.7
2026-06-28 23:20:00,14.28,22.1,3.12,11.4,1016.9
2026-06-28 23:25:00,14.6,15.5,3.66,9.3,993.4
2026-06-28 23:30:00,16.11,12.4,2.5,11.7,969.6
2026-06-28 23:35:00,13.86,12.7,3.0,9.8,933.7
2026-06-28 23:40:00,14.54,15.7,3.87,9.3,947.4
2026-06-28 23:45:00,14.09,21.1,4.15,8.4,1013.2
2026-06-28 23:50:00,13.63,16.2,3.47,10.9,937.6
2026-06-28 23:55:00,13.68,13.3,3.19,9.6,907.0
2026-06-29 00:00:00,12.82,12.3,2.62,10.1,982.7
2026-06-29 00:05:00,13.82,25.6,3.6,10.3,940.6
2026-06-29 00:10:00,13.67,17.3,3.39,9.5,943.1
2026-06-29 00:15:00,13.77,6.3,1.91,11.1,941.0
2026-06-29 00:20:00,11.39,18.0,2.16,10.5,943.8
2026-06-29 00:25:00,13.85,15.5,3.44,9.1,969.9
2026-06-29 00:30:00,12.68,19.2,2.69,8.7,937.8
2026-06-29 00:35:00,13.91,14.6,2.61,10.8,962.3
2026-06-29 00:40:00,12.36,25.7,3.06,9.8,991.8
2026-06-29 00:45:00,14.07,17.1,3.42,10.7,1009.1
2026-06-29 00:50:00,13.55,16.7,4.07,9.8,913.9
2026-06-29 00:55:00,13.06,16.1,2.73,10.2,990.8
2026-06-29 01:00:00,14.43,20.8,3.43,10.8,995.3
2026-06-29 01:05:00,14.56,20.4,2.56,8.5,1000.5
2026-06-29 01:10:00,13.93,15.7,2.93,11.7,952.0
2026-06-29 01:15:00,14.85,18.1,3.31,10.4,940.4
2026-06-29 01:20:00,13.38,16.5,3.13,8.0,888.2
2026-06-29 01:25:00,14.6,23.1,2.33,11.3,954.0
2026-06-29 01:30:00,13.94,10.3,3.59,11.0,1021.3
2026-06-29 01:35:00,12.5,16.0,3.67,9.8,962.6
2026-06-29 01:40:00,12.8,16.8,4.63,11.4,941.4
2026-06-29 01:45:00,15.75,26.4,3.25,9.4,973.2
2026-06-29 01:50:00,16.36,25.1,3.23,9.9,902.5
2026-06-29 01:55:00,15.07,20.4,3.36,12.3,939.1
2026-06-29 02:00:00,13.13,12.0,2.44,10.5,982.6
2026-06-29 02:05:00,16.14,18.3,2.42,11.1,972.4
2026-06-29 02:10:00,14.92,29.3,3.04,10.8,930.0
2026-06-29 02:15:00,14.5,17.1,1.83,8.6,1021.3
2026-06-29 02:20:00,16.76,18.8,2.51,10.3,891.6
2026-06-29 02:25:00,12.71,19.1,2.89,10.2,962.5
2026-06-29 02:30:00,15.16,12.9,3.86,11.2,983.9
2026-06-29 02:35:00,12.78,13.1,3.4,11.5,999.4
2026-06-29 02:40:00,13.09,13.1,2.34,11.3,954.9
2026-06-29 02:45:00,17.9,16.2,3.19,9.5,980.6
2026-06-29 02:50:00,14.75,20.7,3.52,8.6,950.2
2026-06-29 02:55:00,16.77,19.0,3.62,10.5,1016.7
2026-06-29 03:00:00,14.82,21.0,3.8,9.9,962.9
2026-06-29 03:05:00,14.6,31.0,3.79,8.9,996.4
2026-06-29 03:10:00,13.06,33.6,3.39,9.3,903.8
2026-06-29 03:15:00,15.47,18.6,3.49,9.9,945.4
2026-06-29 03:20:00,14.04,23.5,3.28,10.3,971.6
2026-06-29 03:25:00,14.12,22.0,3.67,9.4,971.2
2026-06-29 03:30:00,13.61,24.5,2.66,10.0,927.3
2026-06-29 03:35:00,13.85,24.3,3.01,9.9,875.6
2026-06-29 03:40:00,14.04,14.8,2.81,10.3,879.6
2026-06-29 03:45:00,14.18,29.9,3.34,9.0,912.1
2026-06-29 03:50:00,13.92,27.2,2.95,9.3,1050.0
2026-06-29 03:55:00,11.66,23.8,3.75,11.3,850.0
2026-06-29 04:00:00,14.81,22.1,3.19,9.7,943.3
2026-06-29 04:05:00,13.82,20.4,3.81,10.5,938.2
2026-06-29 04:10:00,10.0,19.2,1.92,8.8,951.7
2026-06-29 04:15:00,11.62,22.7,2.72,11.2,946.7
2026-06-29 04:20:00,13.29,19.5,3.75,11.2,910.8
2026-06-29 04:25:00,15.92,20.3,3.19,10.3,990.8
2026-06-29 04:30:00,14.91,18.1,3.83,9.4,884.7
2026-06-29 04:35:00,12.97,17.2,3.36,8.6,1024.8
2026-06-29 04:40:00,13.71,29.5,2.52,12.3,968.1
2026-06-29 04:45:00,15.66,19.3,4.26,9.6,913.5
2026-06-29 04:50:00,13.08,16.3,2.82,8.6,922.4
2026-06-29 04:55:00,12.37,19.7,2.74,9.4,995.8
2026-06-29 05:00:00,15.32,11.5,3.76,10.4,896.3
2026-06-29 05:05:00,15.67,24.4,2.59,8.8,952.0
2026-06-29 05:10:00,13.09,18.8,2.42,9.4,948.8
2026-06-29 05:15:00,14.73,16.8,2.75,8.6,947.7
2026-06-29 05:20:00,13.94,16.2,3.71,11.4,971.8
2026-06-29 05:25:00,13.11,9.3,4.57,9.9,975.8
2026-06-29 05:30:00,15.75,29.7,3.09,8.5,966.5
2026-06-29 05:35:00,13.0,19.9,2.75,9.1,994.8
2026-06-29 05:40:00,15.13,29.6,3.82,9.4,960.3
2026-06-29 05:45:00,14.1,17.2,2.84,10.0,929.9
2026-06-29 05:50:00,13.74,21.5,2.9,9.1,904.7
2026-06-29 05:55:00,13.17,23.2,3.4,9.6,952.5
2026-06-29 06:00:00,12.52,21.7,3.85,9.4,965.6
2026-06-29 06:05:00,13.63,16.1,3.26,8.6,879.3
2026-06-29 06:10:00,13.23,8.2,3.09,9.1,967.7
2026-06-29 06:15:00,14.14,32.3,4.45,9.2,915.1
2026-06-29 06:20:00,12.2,14.4,2.83,8.8,914.0
2026-06-29 06:25:00,13.77,34.0,2.7,8.6,956.0
2026-06-29 06:30:00,14.61,15.2,3.0,9.4,866.0
2026-06-29 06:35:00,12.99,27.1,3.44,10.9,1007.9
2026-06-29 06:40:00,15.11,22.3,2.88,9.9,986.5
2026-06-29 06:45:00,15.27,22.6,3.64,7.0,902.4
2026-06-29 06:50:00,12.19,15.0,3.2,11.0,942.5
2026-06-29 06:55:00,12.86,16.4,3.02,9.3,956.1
2026-06-29 07:00:00,11.99,16.4,2.88,11.4,920.0
2026-06-29 07:05:00,14.63,19.6,3.17,10.8,930.1
2026-06-29 07:10:00,14.19,17.5,3.47,9.7,945.1
2026-06-29 07:15:00,11.6,15.6,3.2,9.8,949.5
2026-06-29 07:20:00,13.02,13.1,3.39,8.9,944.7
2026-06-29 07:25:00,14.46,13.7,2.78,10.7,952.3
2026-06-29 07:30:00,14.17,21.2,2.74,11.6,965.0
2026-06-29 07:35:00,15.82,13.8,3.24,9.3,936.6
2026-06-29 07:40:00,12.27,11.4,3.34,9.4,967.3
2026-06-29 07:45:00,13.99,18.8,3.22,12.0,996.8
2026-06-29 07:50:00,12.5,4.9,2.98,10.1,968.1
2026-06-29 07:55:00,14.17,18.0,3.24,8.5,1019.6
2026-06-29 08:00:00,13.73,18.5,3.21,8.6,893.9
2026-06-29 08:05:00,14.41,21.4,3.09,11.7,926.7
2026-06-29 08:10:00,13.39,20.0,2.79,10.5,964.6
2026-06-29 08:15:00,15.14,10.3,3.59,8.9,959.7
2026-06-29 08:20:00,12.93,16.9,3.2,10.3,934.6
2026-06-29 08:25:00,12.48,21.9,2.71,9.2,974.5
2026-06-29 08:30:00,14.34,20.5,3.1,8.1,958.3
2026-06-29 08:35:00,16.78,13.3,2.9,9.7,997.0
2026-06-29 08:40:00,11.72,20.5,3.18,10.0,907.6
2026-06-29 08:45:00,12.28,23.5,4.0,8.4,952.2
2026-06-29 08:50:00,14.35,12.1,3.35,8.7,932.2
2026-06-29 08:55:00,15.69,6.2,3.44,9.0,984.3
2026-06-29 09:00:00,14.46,28.6,3.95,9.8,971.8
2026-06-29 09:05:00,13.09,19.9,3.34,10.1,930.7
2026-06-29 09:10:00,14.63,15.3,3.49,8.6,990.0
2026-06-29 09:15:00,14.77,15.1,3.32,9.4,949.1
2026-06-29 09:20:00,12.98,18.9,2.96,9.5,900.3
2026-06-29 09:25:00,15.24,24.2,3.41,8.3,939.8
2026-06-29 09:30:00,13.95,8.9,4.31,10.2,1042.7
2026-06-29 09:35:00,11.38,15.6,2.43,10.6,942.4
2026-06-29 09:40:00,13.8,27.9,2.83,10.3,959.5
2026-06-29 09:45:00,13.15,22.9,2.64,8.7,961.5
2026-06-29 09:50:00,15.96,22.4,2.71,10.6,948.3
2026-06-29 09:55:00,12.01,20.4,3.91,9.9,1011.3
2026-06-29 10:00:00,13.28,19.9,3.09,11.0,979.3
2026-06-29 10:05:00,14.39,15.2,3.66,10.5,976.1
2026-06-29 10:10:00,17.63,14.7,2.83,10.3,939.2
2026-06-29 10:15:00,16.93,22.8,2.76,9.7,977.8
2026-06-29 10:20:00,13.93,14.8,2.62,11.0,937.7
2026-06-29 10:25:00,14.52,19.7,4.05,8.9,967.1
2026-06-29 10:30:00,14.9,18.9,3.66,8.7,1032.6
2026-06-29 10:35:00,12.48,31.2,2.44,12.7,1012.5
2026-06-29 10:40:00,14.02,17.0,3.89,8.1,945.3
2026-06-29 10:45:00,16.03,25.0,2.97,8.8,958.9
2026-06-29 10:50:00,14.21,22.2,3.43,10.8,906.1
2026-06-29 10:55:00,16.92,17.3,3.24,8.4,940.3
2026-06-29 11:00:00,13.33,10.5,2.41,10.7,861.0
2026-06-29 11:05:00,13.87,17.7,2.71,11.2,986.5
2026-06-29 11:10:00,13.88,23.4,3.96,11.3,920.1
2026-06-29 11:15:00,12.05,10.7,3.84,10.1,946.2
2026-06-29 11:20:00,15.66,23.0,2.54,8.8,931.9
2026-06-29 11:25:00,13.5,26.1,3.24,9.1,991.2
2026-06-29 11:30:00,14.39,18.6,3.07,11.3,1004.8
2026-06-29 11:35:00,13.1,23.5,3.83,8.1,1006.5
2026-06-29 11:40:00,16.59,18.8,3.07,10.8,898.9
2026-06-29 11:45:00,15.85,21.4,2.7,8.4,976.2
2026-06-29 11:50:00,14.09,27.0,3.55,9.9,915.1
2026-06-29 11:55:00,12.16,8.7,4.01,9.4,955.9
2026-06-29 12:00:00,15.12,13.4,3.48,9.6,988.5
2026-06-29 12:05:00,15.62,25.5,3.47,11.3,939.6
2026-06-29 12:10:00,12.61,26.6,2.4,9.5,958.8
2026-06-29 12:15:00,13.78,9.6,2.52,11.0,925.2
2026-06-29 12:20:00,14.12,27.4,2.3,9.3,993.7
2026-06-29 12:25:00,15.63,2.6,3.98,10.3,941.3
2026-06-29 12:30:00,13.77,21.8,2.93,9.9,928.6
2026-06-29 12:35:00,15.44,19.3,3.68,8.6,963.6
2026-06-29 12:40:00,12.84,13.6,2.88,8.6,986.8
2026-06-29 12:45:00,12.42,14.0,3.23,9.7,894.2
2026-06-29 12:50:00,16.75,14.2,2.75,9.6,968.3
2026-06-29 12:55:00,12.03,16.8,3.02,10.7,930.1
2026-06-29 13:00:00,12.87,29.9,2.06,8.1,976.7
2026-06-29 13:05:00,15.18,22.9,2.96,9.2,929.3
2026-06-29 13:10:00,13.2,26.6,2.87,10.4,915.5
2026-06-29 13:15:00,13.16,16.1,2.2,9.8,921.6
2026-06-29 13:20:00,13.7,19.4,3.44,8.5,956.6
2026-06-29 13:25:00,10.77,11.6,3.61,10.4,971.4
2026-06-29 13:30:00,15.68,16.3,2.82,10.8,925.0
2026-06-29 13:35:00,14.26,14.7,2.51,9.0,952.2
2026-06-29 13:40:00,12.78,20.9,4.21,11.0,924.2
2026-06-29 13:45:00,11.43,13.8,3.4,9.4,935.0
2026-06-29 13:50:00,11.95,13.0,1.82,9.6,930.3
2026-06-29 13:55:00,11.61,20.4,2.92,9.5,921.7
2026-06-29 14:00:00,14.34,17.7,2.81,11.0,901.2
2026-06-29 14:05:00,14.36,13.8,2.81,9.8,947.0
2026-06-29 14:10:00,14.92,12.9,3.91,10.8,995.3
2026-06-29 14:15:00,15.1,13.8,3.39,9.5,953.4
2026-06-29 14:20:00,14.94,22.9,3.53,10.4,938.1
2026-06-29 14:25:00,16.31,20.5,3.09,8.9,982.2
2026-06-29 14:30:00,15.79,13.5,3.76,11.0,930.3
2026-06-29 14:35:00,15.44,13.7,3.02,9.7,957.7
2026-06-29 14:40:00,14.36,11.1,3.41,11.2,887.8
2026-06-29 14:45:00,15.08,15.6,3.52,9.9,949.8
2026-06-29 14:50:00,13.38,18.7,2.82,10.1,936.7
2026-06-29 14:55:00,13.67,12.7,1.99,12.3,875.5
2026-06-29 15:00:00,16.58,31.1,2.05,10.7,932.1
2026-06-29 15:05:00,13.16,21.7,4.55,10.2,856.0
2026-06-29 15:10:00,13.05,17.8,3.59,8.8,926.4
2026-06-29 15:15:00,13.46,18.5,3.61,9.2,969.7
2026-06-29 15:20:00,13.18,9.7,4.14,10.8,913.7
2026-06-29 15:25:00,13.3,10.8,2.6,9.7,921.6
2026-06-29 15:30:00,14.36,25.9,2.69,9.8,889.2
2026-06-29 15:35:00,14.41,27.8,2.44,8.9,961.5
2026-06-29 15:40:00,15.37,4.7,4.75,10.4,932.3
2026-06-29 15:45:00,17.28,20.8,2.57,10.1,948.4
2026-06-29 15:50:00,13.45,26.3,3.87,10.7,996.0
2026-06-29 15:55:00,13.9,15.9,2.83,11.2,910.0
2026-06-29 16:00:00,11.24,27.1,3.16,10.4,1000.6
2026-06-29 16:05:00,12.06,22.6,3.92,8.8,939.8
2026-06-29 16:10:00,13.78,20.7,3.34,8.5,992.1
2026-06-29 16:15:00,14.7,16.5,3.14,10.7,945.5
2026-06-29 16:20:00,14.74,18.6,4.56,10.1,884.6
2026-06-29 16:25:00,14.93,15.3,2.13,11.8,900.3
2026-06-29 16:30:00,15.89,19.8,2.62,10.0,939.6
2026-06-29 16:35:00,16.56,19.5,3.0,8.3,883.5
2026-06-29 16:40:00,13.63,15.4,3.85,8.7,971.2
2026-06-29 16:45:00,12.8,6.3,3.01,9.2,982.8
2026-06-29 16:50:00,14.98,16.8,3.79,11.7,890.7
2026-06-29 16:55:00,15.4,11.9,2.23,11.2,938.6
2026-06-29 17:00:00,14.2,11.3,3.96,9.5,946.3
2026-06-29 17:05:00,13.73,13.9,3.78,9.8,977.6
2026-06-29 17:10:00,13.24,23.0,2.51,8.6,966.4
2026-06-29 17:15:00,13.94,11.3,3.25,8.6,933.4
2026-06-29 17:20:00,15.04,12.7,3.09,11.1,893.4
2026-06-29 17:25:00,13.0,22.2,3.43,10.9,950.1
2026-06-29 17:30:00,12.8,13.4,3.94,9.7,944.8
2026-06-29 17:35:00,14.9,11.2,2.86,11.8,917.2
2026-06-29 17:40:00,12.73,22.9,3.37,10.4,1034.7
2026-06-29 17:45:00,14.23,17.2,3.36,10.2,956.9
2026-06-29 17:50:00,14.15,18.4,3.27,10.2,924.0
2026-06-29 17:55:00,14.0,16.7,4.09,8.9,927.6
2026-06-29 18:00:00,13.04,20.5,3.27,10.9,983.3
2026-06-29 18:05:00,16.6,22.1,2.43,11.0,997.6
2026-06-29 18:10:00,14.6,17.3,3.65,10.2,974.7
2026-06-29 18:15:00,13.23,9.0,4.25,8.9,990.7
2026-06-29 18:20:00,14.5,19.8,3.27,11.1,900.5
2026-06-29 18:25:00,16.75,16.0,4.03,8.2,948.2
2026-06-29 18:30:00,14.13,23.1,2.9,9.2,904.0
2026-06-29 18:35:00,16.3,12.6,3.5,10.6,982.1
2026-06-29 18:40:00,12.28,16.1,2.28,9.6,985.9
2026-06-29 18:45:00,12.72,9.1,2.92,9.0,910.4
2026-06-29 18:50:00,10.79,22.7,3.25,11.4,926.0
2026-06-29 18:55:00,16.96,25.4,3.53,11.1,911.5
2026-06-29 19:00:00,11.45,15.1,3.49,11.1,959.0
2026-06-29 19:05:00,14.26,16.8,3.98,10.3,946.0
2026-06-29 19:10:00,16.61,13.1,2.33,10.0,951.5
2026-06-29 19:15:00,15.46,13.7,4.12,11.7,936.9
2026-06-29 19:20:00,14.56,22.2,2.73,11.4,1023.3
2026-06-29 19:25:00,15.92,15.0,2.49,9.9,988.4
2026-06-29 19:30:00,13.0,20.9,3.79,12.7,944.3
2026-06-29 19:35:00,14.78,17.9,2.53,9.9,888.8
2026-06-29 19:40:00,13.83,22.5,4.0,10.4,882.2
2026-06-29 19:45:00,13.8,15.6,1.91,11.4,885.3
2026-06-29 19:50:00,14.29,24.5,2.68,10.4,967.5
2026-06-29 19:55:00,15.76,29.3,3.61,9.7,943.4
2026-06-29 20:00:00,16.35,7.8,3.71,10.4,999.3
2026-06-29 20:05:00,13.6,17.4,1.63,10.0,978.7
2026-06-29 20:10:00,12.37,17.4,2.81,7.9,860.8
2026-06-29 20:15:00,12.77,13.7,2.21,11.0,917.1
2026-06-29 20:20:00,16.92,20.4,3.26,9.4,882.9
2026-06-29 20:25:00,16.22,24.7,3.16,8.8,933.9
2026-06-29 20:30:00,12.36,6.2,3.17,11.2,962.4
2026-06-29 20:35:00,16.49,5.7,3.26,10.4,953.0
2026-06-29 20:40:00,12.93,27.9,2.44,10.7,949.3
2026-06-29 20:45:00,15.0,16.6,2.77,9.9,903.1
2026-06-29 20:50:00,12.93,18.5,3.83,10.2,1042.4
2026-06-29 20:55:00,17.24,11.6,2.97,9.7,956.1
2026-06-29 21:00:00,13.14,18.3,2.85,9.1,1012.9
2026-06-29 21:05:00,12.43,26.2,3.8,10.7,982.7
2026-06-29 21:10:00,13.32,21.0,2.46,10.2,974.4
2026-06-29 21:15:00,17.94,19.2,4.08,11.7,974.4
2026-06-29 21:20:00,14.39,7.4,4.25,7.8,927.8
2026-06-29 21:25:00,12.46,22.5,2.55,11.2,926.4
2026-06-29 21:30:00,12.82,18.1,3.75,9.6,946.0
2026-06-29 21:35:00,11.38,14.4,1.94,9.5,943.5
2026-06-29 21:40:00,14.81,21.9,3.22,10.6,851.9
2026-06-29 21:45:00,12.12,12.9,2.65,9.1,949.4
2026-06-29 21:50:00,15.66,21.4,3.47,9.6,972.8
2026-06-29 21:55:00,15.19,25.3,3.32,10.6,897.9
2026-06-29 22:00:00,13.85,18.9,3.02,9.5,907.2
2026-06-29 22:05:00,15.85,15.5,2.57,9.3,952.6
2026-06-29 22:10:00,15.39,14.6,3.78,9.3,966.4
2026-06-29 22:15:00,14.24,20.3,3.16,10.4,943.3
2026-06-29 22:20:00,12.85,15.4,2.8,8.8,963.8
2026-06-29 22:25:00,14.62,32.2,2.75,10.8,955.3
2026-06-29 22:30:00,14.61,9.5,3.23,12.1,934.6
2026-06-29 22:35:00,14.74,17.2,3.15,10.0,948.6
2026-06-29 22:40:00,14.12,19.6,3.37,10.4,948.8
2026-06-29 22:45:00,14.49,18.9,3.76,10.3,950.9
2026-06-29 22:50:00,14.45,14.6,3.86,9.1,944.0
2026-06-29 22:55:00,16.04,25.4,2.99,10.3,963.6
2026-06-29 23:00:00,12.09,22.0,3.42,10.2,987.9
2026-06-29 23:05:00,12.5,22.4,3.04,11.8,967.4
2026-06-29 23:10:00,14.11,14.0,3.97,10.2,857.6
2026-06-29 23:15:00,12.86,15.6,3.14,11.2,894.5
2026-06-29 23:20:00,14.32,20.9,3.24,10.4,973.7
2026-06-29 23:25:00,12.33,11.4,3.25,9.5,917.4
2026-06-29 23:30:00,12.57,22.0,3.44,8.8,997.0
2026-06-29 23:35:00,17.09,17.4,3.58,10.3,890.9
2026-06-29 23:40:00,13.66,24.4,3.97,10.8,983.0
2026-06-29 23:45:00,12.24,15.4,3.95,9.9,915.0
2026-06-29 23:50:00,13.83,28.9,3.12,9.4,994.9
2026-06-29 23:55:00,15.55,20.5,3.15,11.4,920.5
2026-06-30 00:00:00,15.81,21.1,3.03,9.6,911.3
2026-06-30 00:05:00,11.81,13.8,3.85,8.8,953.2
2026-06-30 00:10:00,12.85,19.5,3.33,9.9,891.3
2026-06-30 00:15:00,14.33,14.7,4.71,10.1,912.1
2026-06-30 00:20:00,13.95,8.8,3.25,9.3,984.7
2026-06-30 00:25:00,11.6,16.8,4.12,9.9,1008.1
2026-06-30 00:30:00,11.84,25.0,4.05,8.3,940.9
2026-06-30 00:35:00,12.4,17.6,4.11,10.4,930.2
2026-06-30 00:40:00,11.34,16.2,3.02,9.0,889.1
2026-06-30 00:45:00,13.31,16.2,3.17,9.6,975.4
2026-06-30 00:50:00,15.79,31.4,2.97,9.3,932.3
2026-06-30 00:55:00,13.0,21.7,4.05,11.4,901.6
2026-06-30 01:00:00,15.62,8.5,3.03,9.7,961.1
2026-06-30 01:05:00,14.04,14.7,2.89,9.2,897.2
2026-06-30 01:10:00,13.72,15.6,3.64,12.1,956.1
2026-06-30 01:15:00,11.5,13.7,2.45,11.8,934.3
2026-06-30 01:20:00,15.75,18.4,3.66,10.8,957.7
2026-06-30 01:25:00,14.17,14.6,2.55,10.6,891.9
2026-06-30 01:30:00,11.6,14.9,2.98,9.1,957.9
2026-06-30 01:35:00,14.57,18.9,3.88,11.1,878.9
2026-06-30 01:40:00,13.12,8.8,2.96,10.4,960.8
2026-06-30 01:45:00,14.09,5.1,3.51,9.4,946.4
2026-06-30 01:50:00,14.36,25.5,3.85,10.1,875.1
2026-06-30 01:55:00,15.82,23.0,2.47,9.5,949.5
2026-06-30 02:00:00,12.31,20.2,3.28,8.5,977.9
2026-06-30 02:05:00,14.86,19.8,3.57,11.4,932.2
2026-06-30 02:10:00,15.99,16.9,2.36,8.2,898.0
2026-06-30 02:15:00,17.78,35.0,2.41,12.2,932.8
2026-06-30 02:20:00,15.57,19.2,4.16,9.8,859.3
2026-06-30 02:25:00,14.54,33.6,2.36,10.5,962.6
2026-06-30 02:30:00,14.41,30.4,2.87,10.5,980.1
2026-06-30 02:35:00,16.33,20.8,1.96,9.0,931.2
2026-06-30 02:40:00,13.57,16.7,2.74,9.8,939.7
2026-06-30 02:45:00,15.19,18.1,3.66,9.9,994.5
2026-06-30 02:50:00,17.29,15.6,3.8,9.4,1011.5
2026-06-30 02:55:00,13.84,20.8,3.65,11.0,979.2
2026-06-30 03:00:00,10.98,22.0,3.14,8.8,909.4
2026-06-30 03:05:00,12.71,10.7,2.63,10.2,999.5
2026-06-30 03:10:00,14.44,33.7,3.29,8.3,974.7
2026-06-30 03:15:00,12.74,13.3,2.98,10.2,959.5
2026-06-30 03:20:00,13.48,1.9,2.4,10.2,962.4
2026-06-30 03:25:00,13.56,17.5,3.22,11.9,992.7
2026-06-30 03:30:00,14.84,11.1,4.03,9.4,875.6
2026-06-30 03:35:00,12.58,17.7,3.87,9.8,943.9
2026-06-30 03:40:00,13.12,18.4,3.9,9.8,904.5
2026-06-30 03:45:00,16.11,20.7,3.35,11.7,966.4
2026-06-30 03:50:00,13.28,24.0,2.58,9.4,917.3
2026-06-30 03:55:00,15.09,12.0,3.61,10.2,1050.0
2026-06-30 04:00:00,14.02,15.8,3.31,9.7,980.1
2026-06-30 04:05:00,13.97,22.1,3.01,9.8,903.4
2026-06-30 04:10:00,15.11,14.1,3.64,10.0,988.3
2026-06-30 04:15:00,11.21,6.7,3.59,11.1,933.6
2026-06-30 04:20:00,14.67,21.7,2.79,11.5,953.7
2026-06-30 04:25:00,14.83,14.6,2.83,8.6,944.3
2026-06-30 04:30:00,15.27,14.2,2.55,10.8,876.9
2026-06-30 04:35:00,13.44,18.7,3.35,11.3,925.8
2026-06-30 04:40:00,14.0,18.0,3.74,10.3,904.9
2026-06-30 04:45:00,10.32,24.0,2.79,11.2,853.5
2026-06-30 04:50:00,13.0,10.5,2.64,8.8,928.8
2026-06-30 04:55:00,14.26,31.6,3.37,10.5,939.5
2026-06-30 05:00:00,16.21,9.5,4.23,11.2,891.2
2026-06-30 05:05:00,16.77,15.7,4.42,9.4,993.1
2026-06-30 05:10:00,13.49,12.8,4.16,8.7,964.9
2026-06-30 05:15:00,15.31,18.3,3.17,11.1,954.1
2026-06-30 05:20:00,13.78,18.1,2.66,9.6,970.6
2026-06-30 05:25:00,11.58,19.0,3.55,9.4,971.9
2026-06-30 05:30:00,14.91,19.6,3.14,8.1,960.7
2026-06-30 05:35:00,16.75,25.8,3.0,9.5,1011.8
2026-06-30 05:40:00,13.43,18.9,4.33,9.3,866.2
2026-06-30 05:45:00,12.64,26.3,3.95,8.2,971.3
2026-06-30 05:50:00,14.1,7.5,3.69,9.4,935.0
2026-06-30 05:55:00,13.82,4.9,3.27,11.2,1006.0
2026-06-30 06:00:00,17.92,18.8,3.2,10.3,964.7
2026-06-30 06:05:00,15.51,20.0,2.25,8.4,945.5
2026-06-30 06:10:00,14.19,14.8,3.86,10.4,1007.7
2026-06-30 06:15:00,10.0,17.9,3.98,10.7,942.7
2026-06-30 06:20:00,13.79,24.5,2.68,10.1,966.8
2026-06-30 06:25:00,16.78,22.0,2.78,10.0,924.8
2026-06-30 06:30:00,14.12,16.0,3.8,9.2,955.3
2026-06-30 06:35:00,15.23,19.2,2.99,10.4,1032.6
2026-06-30 06:40:00,14.59,22.6,3.84,10.6,984.4
2026-06-30 06:45:00,13.27,10.6,2.8,10.3,967.0
2026-06-30 06:50:00,16.54,13.2,3.06,11.7,895.1
2026-06-30 06:55:00,14.28,23.5,3.46,9.8,1044.3
2026-06-30 07:00:00,12.94,7.6,3.11,8.7,901.2
2026-06-30 07:05:00,14.03,11.5,3.04,11.7,952.8
2026-06-30 07:10:00,16.14,10.7,3.03,8.1,968.5
2026-06-30 07:15:00,11.78,23.5,3.56,9.6,975.3
2026-06-30 07:20:00,14.41,11.5,3.84,9.1,921.8
2026-06-30 07:25:00,14.11,22.8,3.45,9.9,976.8
2026-06-30 07:30:00,11.69,15.9,2.8,9.9,900.9
2026-06-30 07:35:00,15.15,28.7,3.91,9.0,1016.3
2026-06-30 07:40:00,14.38,18.8,3.35,11.1,898.6
2026-06-30 07:45:00,15.32,24.4,3.77,9.9,929.3
2026-06-30 07:50:00,15.71,20.8,2.4,11.2,972.8
2026-06-30 07:55:00,13.92,15.3,3.93,8.8,943.2
2026-06-30 08:00:00,13.17,17.9,2.98,8.9,1010.6
2026-06-30 08:05:00,11.86,18.1,2.93,8.9,1000.3
2026-06-30 08:10:00,13.03,15.2,3.47,10.5,969.7
2026-06-30 08:15:00,14.02,23.3,1.92,11.7,921.2
2026-06-30 08:20:00,12.55,33.1,3.26,9.7,945.0
2026-06-30 08:25:00,14.88,18.7,3.03,7.7,891.6
2026-06-30 08:30:00,12.64,22.3,4.01,10.5,916.3
2026-06-30 08:35:00,11.36,21.2,3.33,10.7,940.3
2026-06-30 08:40:00,13.13,2.3,2.76,9.0,985.2
2026-06-30 08:45:00,14.28,20.9,2.69,10.6,967.0
2026-06-30 08:50:00,12.11,20.6,1.7,10.8,939.2
2026-06-30 08:55:00,12.67,10.5,4.73,8.0,919.7
2026-06-30 09:00:00,13.05,7.3,1.8,11.1,980.6
2026-06-30 09:05:00,13.25,20.6,2.85,11.2,926.9
2026-06-30 09:10:00,14.45,27.9,3.55,9.7,977.2
2026-06-30 09:15:00,14.96,15.8,4.1,10.6,970.7
2026-06-30 09:20:00,13.29,16.0,4.3,12.0,992.7
2026-06-30 09:25:00,12.44,31.8,3.0,9.3,915.8
2026-06-30 09:30:00,14.21,23.4,3.45,11.2,932.3
2026-06-30 09:35:00,14.78,10.7,3.09,10.2,949.9
2026-06-30 09:40:00,16.42,13.7,2.31,8.9,937.7
2026-06-30 09:45:00,15.72,31.1,2.44,8.2,923.1
2026-06-30 09:50:00,12.11,14.0,2.21,10.7,922.7
2026-06-30 09:55:00,13.79,14.8,3.42,8.7,898.8
2026-06-30 10:00:00,14.68,22.0,2.95,11.0,919.1
2026-06-30 10:05:00,12.72,16.4,3.1,7.8,978.0
2026-06-30 10:10:00,13.47,20.7,3.58,10.1,985.7
2026-06-30 10:15:00,15.01,19.7,3.33,9.7,961.8
2026-06-30 10:20:00,14.37,17.1,3.61,11.7,940.2
2026-06-30 10:25:00,14.0,25.3,4.21,10.2,945.7
2026-06-30 10:30:00,13.02,10.3,2.8,10.6,1006.4
2026-06-30 10:35:00,11.83,18.7,2.07,9.6,984.2
2026-06-30 10:40:00,13.53,14.5,2.89,9.8,850.0
2026-06-30 10:45:00,13.86,27.9,2.98,11.1,915.9
2026-06-30 10:50:00,11.8,17.0,3.47,10.0,929.2
2026-06-30 10:55:00,14.07,29.5,3.52,9.1,1011.2
2026-06-30 11:00:00,14.59,15.5,2.59,11.1,975.3
2026-06-30 11:05:00,12.96,18.7,2.47,11.7,892.4
2026-06-30 11:10:00,14.61,24.5,3.95,11.5,977.8
2026-06-30 11:15:00,14.41,12.3,3.45,11.3,1050.0
2026-06-30 11:20:00,13.54,27.1,3.32,9.7,982.9
2026-06-30 11:25:00,13.38,18.2,3.36,9.0,915.2
2026-06-30 11:30:00,13.5,20.5,3.26,8.8,1010.1
2026-06-30 11:35:00,12.72,21.3,3.03,8.7,963.4
2026-06-30 11:40:00,14.52,17.5,2.78,9.9,923.1
2026-06-30 11:45:00,12.73,13.1,2.92,11.8,952.0
2026-06-30 11:50:00,12.83,18.6,4.49,8.3,940.3
2026-06-30 11:55:00,14.75,5.9,4.4,10.0,922.0
2026-06-30 12:00:00,13.64,10.1,3.83,9.7,901.3
2026-06-30 12:05:00,14.09,17.2,3.17,8.8,925.9
2026-06-30 12:10:00,11.43,27.3,3.45,9.7,948.0
2026-06-30 12:15:00,13.22,27.1,2.25,11.3,981.8
2026-06-30 12:20:00,16.52,23.9,3.74,10.2,899.0
2026-06-30 12:25:00,11.33,8.8,3.15,10.6,894.8
2026-06-30 12:30:00,16.62,19.8,3.19,11.1,954.2
2026-06-30 12:35:00,14.39,12.8,3.31,10.4,936.8
2026-06-30 12:40:00,13.2,17.6,3.1,9.6,934.3
2026-06-30 12:45:00,13.69,23.7,3.62,10.1,913.2
2026-06-30 12:50:00,15.85,21.9,4.12,8.9,915.2
2026-06-30 12:55:00,10.58,25.7,3.64,10.1,905.1
2026-06-30 13:00:00,16.12,9.5,3.32,10.1,878.3
2026-06-30 13:05:00,14.4,11.9,2.62,11.3,963.5
2026-06-30 13:10:00,15.52,27.0,3.13,9.7,969.8
2026-06-30 13:15:00,11.38,27.1,3.06,9.7,1016.5
2026-06-30 13:20:00,13.66,17.9,3.7,8.5,973.6
2026-06-30 13:25:00,10.51,17.9,2.81,10.6,948.6
2026-06-30 13:30:00,15.8,25.0,2.6,8.5,969.0
2026-06-30 13:35:00,12.53,21.2,3.35,9.5,935.1
2026-06-30 13:40:00,12.5,21.6,3.72,9.3,915.9
2026-06-30 13:45:00,11.1,12.5,3.35,10.9,975.9
2026-06-30 13:50:00,14.67,24.9,3.71,10.5,962.6
2026-06-30 13:55:00,14.11,16.8,2.45,10.7,898.9
2026-06-30 14:00:00,12.88,9.6,3.57,10.9,948.5
2026-06-30 14:05:00,14.39,13.3,2.48,9.4,916.7
2026-06-30 14:10:00,12.83,14.4,4.84,9.1,986.8
2026-06-30 14:15:00,11.36,26.9,3.92,8.3,932.9
2026-06-30 14:20:00,13.45,13.8,3.47,10.1,1018.3
2026-06-30 14:25:00,16.47,20.3,2.21,9.2,997.2
2026-06-30 14:30:00,15.46,5.3,2.5,10.5,906.4
2026-06-30 14:35:00,14.68,23.6,4.28,11.2,923.3
2026-06-30 14:40:00,14.37,13.3,2.55,10.9,976.9
2026-06-30 14:45:00,13.46,20.3,3.48,10.1,952.2
2026-06-30 14:50:00,15.1,20.3,4.27,10.1,938.8
2026-06-30 14:55:00,14.85,21.8,3.23,10.0,952.2
2026-06-30 15:00:00,13.88,20.0,2.46,12.1,945.0
2026-06-30 15:05:00,14.3,29.5,2.02,9.4,990.3
2026-06-30 15:10:00,11.59,19.3,3.42,10.1,938.6
2026-06-30 15:15:00,13.28,31.5,2.4,9.8,968.7
2026-06-30 15:20:00,12.21,21.8,3.16,9.2,968.6
2026-06-30 15:25:00,12.18,19.6,2.54,9.6,999.7
2026-06-30 15:30:00,14.71,23.3,2.79,10.0,947.2
2026-06-30 15:35:00,12.1,19.2,2.85,8.8,956.3
2026-06-30 15:40:00,15.15,20.7,3.02,11.6,965.0
2026-06-30 15:45:00,15.55,20.1,2.73,10.7,924.0
2026-06-30 15:50:00,13.91,19.5,3.36,11.1,943.7
2026-06-30 15:55:00,13.09,30.7,3.67,9.8,913.7
2026-06-30 16:00:00,15.55,31.6,2.85,9.7,977.5
2026-06-30 16:05:00,14.83,20.0,3.34,9.8,1012.7
2026-06-30 16:10:00,15.79,25.6,2.56,9.3,873.6
2026-06-30 16:15:00,12.38,25.2,2.19,11.3,989.9
2026-06-30 16:20:00,13.61,24.6,3.38,11.4,948.2
2026-06-30 16:25:00,13.67,21.3,3.7,10.5,1000.5
2026-06-30 16:30:00,14.31,22.0,2.01,11.7,960.4
2026-06-30 16:35:00,14.94,21.4,3.11,12.4,988.8
2026-06-30 16:40:00,14.21,13.7,3.5,11.8,945.8
2026-06-30 16:45:00,16.0,17.6,3.38,9.5,951.9
2026-06-30 16:50:00,13.44,10.8,2.92,7.6,988.5
2026-06-30 16:55:00,12.43,21.5,3.19,10.7,1048.1
2026-06-30 17:00:00,13.0,20.6,3.73,10.4,928.9
2026-06-30 17:05:00,12.81,22.2,2.64,10.1,954.6
2026-06-30 17:10:00,13.32,13.4,4.18,9.8,921.0
2026-06-30 17:15:00,13.6,23.8,2.31,11.4,940.4
2026-06-30 17:20:00,13.66,20.8,3.71,8.5,929.5
2026-06-30 17:25:00,14.35,31.4,3.1,11.5,910.1
2026-06-30 17:30:00,13.31,22.8,2.84,11.7,970.3
2026-06-30 17:35:00,15.57,14.4,2.13,10.2,958.1
2026-06-30 17:40:00,11.09,9.9,4.0,10.3,914.2
2026-06-30 17:45:00,10.66,19.3,2.63,8.8,903.4
2026-06-30 17:50:00,15.5,11.8,3.24,11.0,984.7
2026-06-30 17:55:00,15.38,13.6,3.53,11.3,930.2
2026-06-30 18:00:00,15.86,12.2,4.69,10.8,1039.7
2026-06-30 18:05:00,14.96,14.5,3.02,8.8,946.6
2026-06-30 18:10:00,14.0,26.7,3.14,8.4,951.8
2026-06-30 18:15:00,13.61,12.2,3.51,9.8,940.9
2026-06-30 18:20:00,11.6,15.5,3.3,10.1,893.6
2026-06-30 18:25:00,14.22,9.4,2.83,11.0,893.5
2026-06-30 18:30:00,11.84,7.8,4.19,9.8,1005.5
2026-06-30 18:35:00,17.7,16.3,2.94,11.1,1003.5
2026-06-30 18:40:00,12.45,19.2,3.47,11.1,910.6
2026-06-30 18:45:00,13.89,11.1,3.14,10.5,969.9
2026-06-30 18:50:00,16.26,8.9,2.93,10.9,1003.3
2026-06-30 18:55:00,13.45,6.8,3.94,9.6,897.0
2026-06-30 19:00:00,13.46,18.9,3.35,8.9,949.5
2026-06-30 19:05:00,10.12,23.6,1.83,9.4,929.0
2026-06-30 19:10:00,12.04,9.4,3.46,9.2,956.6
2026-06-30 19:15:00,14.84,14.1,2.86,11.2,999.3
2026-06-30 19:20:00,16.51,24.5,2.18,10.9,965.9
2026-06-30 19:25:00,12.66,16.7,3.79,8.0,973.6
2026-06-30 19:30:00,14.3,17.4,2.75,10.2,861.2
2026-06-30 19:35:00,18.0,20.3,3.33,8.2,978.0
2026-06-30 19:40:00,14.85,15.3,3.78,8.9,948.6
2026-06-30 19:45:00,15.46,13.3,3.1,10.8,1036.4
2026-06-30 19:50:00,12.85,19.8,3.33,8.3,974.0
2026-06-30 19:55:00,16.33,9.7,2.87,8.6,936.9
2026-06-30 20:00:00,12.96,8.3,3.96,9.0,1025.5
2026-06-30 20:05:00,12.7,13.8,3.13,8.4,947.1
2026-06-30 20:10:00,16.22,22.3,3.48,8.6,961.0
2026-06-30 20:15:00,13.04,25.0,4.03,9.9,894.7
2026-06-30 20:20:00,13.99,15.2,2.12,8.3,924.8
2026-06-30 20:25:00,16.44,23.0,2.74,9.8,921.3
2026-06-30 20:30:00,12.63,26.3,3.01,10.0,942.7
2026-06-30 20:35:00,13.64,18.2,3.27,10.8,901.2
2026-06-30 20:40:00,13.08,21.8,3.53,10.9,881.2
2026-06-30 20:45:00,13.51,29.2,3.82,8.6,954.3
2026-06-30 20:50:00,14.06,13.8,2.8,8.7,891.3
2026-06-30 20:55:00,16.01,16.6,3.09,8.6,979.1
2026-06-30 21:00:00,16.46,27.6,3.78,10.8,1028.8
2026-06-30 21:05:00,14.23,12.4,3.46,10.3,959.1
2026-06-30 21:10:00,12.91,18.9,2.17,9.6,960.5
2026-06-30 21:15:00,15.02,14.2,2.17,8.8,861.2
2026-06-30 21:20:00,14.01,26.2,2.82,10.2,975.0
2026-06-30 21:25:00,14.06,10.9,3.6,11.4,947.0
2026-06-30 21:30:00,12.45,17.6,3.52,11.3,969.2
2026-06-30 21:35:00,11.57,11.7,2.73,8.5,903.2
2026-06-30 21:40:00,13.97,9.2,3.69,11.1,939.3
2026-06-30 21:45:00,12.4,6.6,3.47,8.5,999.2
2026-06-30 21:50:00,13.2,17.0,2.56,9.6,919.5
2026-06-30 21:55:00,16.22,20.9,2.81,9.5,937.0
2026-06-30 22:00:00,13.89,18.1,2.03,10.3,986.1
2026-06-30 22:05:00,15.66,19.4,2.47,9.0,977.9
2026-06-30 22:10:00,14.44,15.4,2.1,10.1,992.3
2026-06-30 22:15:00,14.88,23.9,2.21,8.9,921.4
2026-06-30 22:20:00,13.17,22.4,4.16,10.2,943.8
2026-06-30 22:25:00,15.73,18.8,2.95,8.7,914.1
2026-06-30 22:30:00,14.47,19.2,2.12,9.6,911.6
2026-06-30 22:35:00,13.6,15.2,3.48,10.0,911.9
2026-06-30 22:40:00,14.47,29.7,3.26,9.7,948.4
2026-06-30 22:45:00,12.93,22.8,3.27,10.8,1013.5
2026-06-30 22:50:00,13.56,17.4,2.68,7.7,1000.8
2026-06-30 22:55:00,13.92,17.0,3.58,10.2,971.6
2026-06-30 23:00:00,13.21,15.7,2.56,9.2,913.5
2026-06-30 23:05:00,16.34,16.2,3.69,10.6,909.2
2026-06-30 23:10:00,13.38,19.5,3.72,10.0,938.4
2026-06-30 23:15:00,17.12,7.8,3.26,11.1,966.4
2026-06-30 23:20:00,14.1,16.5,2.34,9.8,972.3
2026-06-30 23:25:00,13.65,17.2,3.69,11.2,959.6
2026-06-30 23:30:00,13.24,18.0,2.85,10.2,946.3
2026-06-30 23:35:00,14.63,19.0,3.35,8.7,958.6
2026-06-30 23:40:00,15.34,18.2,3.61,9.2,928.0
2026-06-30 23:45:00,10.19,20.4,2.69,9.4,892.3
2026-06-30 23:50:00,14.01,17.2,4.5,10.1,938.4
2026-06-30 23:55:00,11.02,23.9,3.11,10.9,957.3
