timestamp,NOx_mgNm3,CO_mgNm3,SO2_mgNm3,dust_mgNm3
2026-06-01 00:00:00,597.4,60.3,170.3,23.9
2026-06-01 00:05:00,569.5,46.7,124.7,28.7
2026-06-01 00:10:00,564.9,94.3,135.1,22.4
2026-06-01 00:15:00,674.3,42.2,132.1,21.2
2026-06-01 00:20:00,714.6,93.4,87.2,33.9
2026-06-01 00:25:00,553.0,88.0,96.1,35.4
2026-06-01 00:30:00,440.3,82.7,105.9,36.3
2026-06-01 00:35:00,675.2,102.1,113.2,31.7
2026-06-01 00:40:00,591.3,62.2,144.7,22.5
2026-06-01 00:45:00,503.8,62.7,100.8,20.3
2026-06-01 00:50:00,492.7,98.1,58.7,11.7
2026-06-01 00:55:00,594.5,82.8,98.3,40.5
2026-06-01 01:00:00,722.0,111.5,108.5,13.1
2026-06-01 01:05:00,492.4,89.8,153.6,25.3
2026-06-01 01:10:00,681.3,103.0,99.6,12.2
2026-06-01 01:15:00,741.8,80.0,40.0,33.6
2026-06-01 01:20:00,607.2,66.7,96.2,28.1
2026-06-01 01:25:00,604.5,136.8,120.4,35.6
2026-06-01 01:30:00,663.6,84.3,61.4,26.7
2026-06-01 01:35:00,691.2,112.5,134.6,30.6
2026-06-01 01:40:00,670.6,85.8,131.4,27.8
2026-06-01 01:45:00,566.8,45.8,120.4,35.2
2026-06-01 01:50:00,511.8,83.5,132.5,27.8
2026-06-01 01:55:00,585.7,83.0,108.3,32.9
2026-06-01 02:00:00,604.9,111.2,103.4,41.2
2026-06-01 02:05:00,597.5,54.9,104.3,18.6
2026-06-01 02:10:00,569.3,64.6,111.9,19.1
2026-06-01 02:15:00,562.3,54.7,170.3,35.0
2026-06-01 02:20:00,517.6,116.0,101.1,27.0
2026-06-01 02:25:00,687.8,46.1,139.1,27.2
2026-06-01 02:30:00,577.1,147.8,95.7,30.3
2026-06-01 02:35:00,629.8,97.9,119.4,26.9
2026-06-01 02:40:00,511.3,94.7,118.2,12.3
2026-06-01 02:45:00,506.8,58.2,40.0,27.1
2026-06-01 02:50:00,636.6,81.6,122.9,16.3
2026-06-01 02:55:00,619.1,54.0,102.3,29.3
2026-06-01 03:00:00,743.4,64.7,76.4,28.7
2026-06-01 03:05:00,480.6,111.2,125.6,27.6
2026-06-01 03:10:00,664.9,55.9,146.7,24.0
2026-06-01 03:15:00,448.2,98.0,120.4,41.8
2026-06-01 03:20:00,562.1,81.9,145.8,43.0
2026-06-01 03:25:00,523.4,97.4,173.5,10.7
2026-06-01 03:30:00,576.2,47.6,118.7,21.2
2026-06-01 03:35:00,658.7,95.5,125.6,38.8
2026-06-01 03:40:00,663.0,90.6,128.0,33.1
2026-06-01 03:45:00,609.2,73.6,140.9,22.9
2026-06-01 03:50:00,581.3,69.1,102.0,34.7
2026-06-01 03:55:00,671.1,110.3,146.3,18.8
2026-06-01 04:00:00,504.1,57.5,146.7,19.3
2026-06-01 04:05:00,699.9,54.0,128.5,25.1
2026-06-01 04:10:00,487.2,79.6,157.3,29.0
2026-06-01 04:15:00,571.0,98.6,146.6,28.6
2026-06-01 04:20:00,590.0,80.3,93.0,27.2
2026-06-01 04:25:00,619.6,104.2,120.8,26.3
2026-06-01 04:30:00,606.0,84.5,140.8,23.6
2026-06-01 04:35:00,502.0,96.9,146.6,21.9
2026-06-01 04:40:00,703.1,93.4,56.0,25.0
2026-06-01 04:45:00,526.6,56.4,117.3,27.7
2026-06-01 04:50:00,558.1,93.8,151.0,18.6
2026-06-01 04:55:00,564.0,115.0,145.9,14.1
2026-06-01 05:00:00,550.1,86.0,81.9,25.7
2026-06-01 05:05:00,631.3,24.4,96.9,26.4
2026-06-01 05:10:00,569.8,70.4,130.3,22.2
2026-06-01 05:15:00,714.3,60.7,117.2,20.7
2026-06-01 05:20:00,641.3,42.2,114.3,26.4
2026-06-01 05:25:00,643.1,67.6,121.0,24.6
2026-06-01 05:30:00,733.9,14.5,114.0,24.5
2026-06-01 05:35:00,541.0,76.4,111.7,40.7
2026-06-01 05:40:00,616.1,83.3,134.8,10.4
2026-06-01 05:45:00,517.7,83.3,139.9,14.8
2026-06-01 05:50:00,501.8,117.4,122.0,23.7
2026-06-01 05:55:00,564.9,72.3,152.6,30.7
2026-06-01 06:00:00,612.3,97.3,105.5,19.4
2026-06-01 06:05:00,594.8,44.2,122.0,15.5
2026-06-01 06:10:00,599.6,38.7,114.9,23.6
2026-06-01 06:15:00,605.7,69.1,83.3,23.6
2026-06-01 06:20:00,589.2,58.3,134.0,11.3
2026-06-01 06:25:00,597.3,52.3,148.7,28.4
2026-06-01 06:30:00,500.1,107.3,141.0,23.8
2026-06-01 06:35:00,518.5,81.4,126.5,29.1
2026-06-01 06:40:00,529.3,121.7,81.8,28.6
2026-06-01 06:45:00,491.6,126.8,137.2,7.0
2026-06-01 06:50:00,568.8,52.3,165.9,24.7
2026-06-01 06:55:00,659.1,83.0,117.2,24.1
2026-06-01 07:00:00,686.2,106.0,123.0,21.3
2026-06-01 07:05:00,593.1,57.2,151.7,27.2
2026-06-01 07:10:00,522.9,72.3,122.3,22.3
2026-06-01 07:15:00,688.6,66.8,115.6,19.4
2026-06-01 07:20:00,721.8,121.7,120.0,23.0
2026-06-01 07:25:00,586.5,98.6,139.8,18.4
2026-06-01 07:30:00,601.8,72.8,143.1,25.8
2026-06-01 07:35:00,576.1,108.6,66.7,20.5
2026-06-01 07:40:00,639.6,75.8,136.9,22.5
2026-06-01 07:45:00,543.2,100.5,123.9,13.1
2026-06-01 07:50:00,597.9,78.5,100.3,15.9
2026-06-01 07:55:00,693.5,79.1,155.8,27.9
2026-06-01 08:00:00,591.6,65.2,136.4,35.1
2026-06-01 08:05:00,717.9,56.7,87.3,25.0
2026-06-01 08:10:00,691.2,87.3,138.5,38.4
2026-06-01 08:15:00,632.9,85.6,149.3,29.5
2026-06-01 08:20:00,646.7,58.3,100.7,23.0
2026-06-01 08:25:00,697.9,89.3,125.4,37.2
2026-06-01 08:30:00,628.4,73.6,117.9,18.6
2026-06-01 08:35:00,700.8,89.5,120.4,27.9
2026-06-01 08:40:00,684.3,66.0,112.0,26.6
2026-06-01 08:45:00,658.0,82.2,108.9,5.8
2026-06-01 08:50:00,601.1,104.4,135.5,22.8
2026-06-01 08:55:00,773.3,71.6,122.8,38.9
2026-06-01 09:00:00,634.0,90.6,139.3,21.1
2026-06-01 09:05:00,589.8,59.2,146.9,20.9
2026-06-01 09:10:00,537.8,61.6,160.2,29.3
2026-06-01 09:15:00,718.5,69.8,101.0,7.1
2026-06-01 09:20:00,687.2,83.6,152.7,31.2
2026-06-01 09:25:00,562.1,97.9,131.5,21.8
2026-06-01 09:30:00,648.3,121.0,124.7,16.6
2026-06-01 09:35:00,674.6,95.1,128.2,32.2
2026-06-01 09:40:00,533.2,51.3,116.7,28.4
2026-06-01 09:45:00,532.7,121.5,80.1,36.9
2026-06-01 09:50:00,792.2,93.2,140.7,28.0
2026-06-01 09:55:00,590.6,60.4,134.6,26.3
2026-06-01 10:00:00,612.4,107.1,127.8,26.9
2026-06-01 10:05:00,647.8,78.0,83.3,23.9
2026-06-01 10:10:00,666.8,57.5,124.4,17.3
2026-06-01 10:15:00,668.0,78.9,131.3,30.4
2026-06-01 10:20:00,601.0,63.4,166.5,24.0
2026-06-01 10:25:00,587.8,66.8,129.6,31.9
2026-06-01 10:30:00,634.4,42.2,76.4,19.6
2026-06-01 10:35:00,646.7,89.5,132.9,18.3
2026-06-01 10:40:00,586.0,86.6,149.4,25.8
2026-06-01 10:45:00,697.7,109.4,111.8,25.4
2026-06-01 10:50:00,635.4,96.5,81.5,26.7
2026-06-01 10:55:00,744.2,85.1,166.9,23.9
2026-06-01 11:00:00,588.1,89.6,123.0,34.1
2026-06-01 11:05:00,545.4,96.1,106.6,10.7
2026-06-01 11:10:00,738.0,65.7,140.0,20.5
2026-06-01 11:15:00,590.3,105.0,96.7,25.7
2026-06-01 11:20:00,549.0,90.5,96.6,25.7
2026-06-01 11:25:00,643.4,73.9,110.5,22.9
2026-06-01 11:30:00,561.9,81.6,126.0,17.2
2026-06-01 11:35:00,584.1,37.4,104.8,5.0
2026-06-01 11:40:00,579.7,48.1,134.0,31.4
2026-06-01 11:45:00,599.1,98.9,137.3,26.4
2026-06-01 11:50:00,590.2,77.0,119.3,32.3
2026-06-01 11:55:00,685.9,44.5,115.0,8.9
2026-06-01 12:00:00,437.7,50.4,141.2,17.1
2026-06-01 12:05:00,629.0,51.6,134.9,23.4
2026-06-01 12:10:00,631.6,77.3,93.2,12.9
2026-06-01 12:15:00,613.7,56.2,150.6,22.0
2026-06-01 12:20:00,693.1,101.3,139.3,32.0
2026-06-01 12:25:00,582.1,72.9,106.6,18.4
2026-06-01 12:30:00,496.6,74.8,78.9,34.9
2026-06-01 12:35:00,525.2,112.2,127.2,18.6
2026-06-01 12:40:00,613.0,66.1,125.7,31.2
2026-06-01 12:45:00,547.1,85.3,126.6,18.5
2026-06-01 12:50:00,682.5,103.3,154.5,35.9
2026-06-01 12:55:00,610.9,80.4,119.3,27.8
2026-06-01 13:00:00,531.8,104.8,129.7,28.5
2026-06-01 13:05:00,712.9,69.3,134.1,17.2
2026-06-01 13:10:00,552.7,77.2,108.9,19.6
2026-06-01 13:15:00,715.0,66.3,139.4,28.3
2026-06-01 13:20:00,551.7,62.6,154.0,29.7
2026-06-01 13:25:00,521.8,36.9,109.6,17.2
2026-06-01 13:30:00,645.5,64.3,74.4,35.2
2026-06-01 13:35:00,662.5,97.4,100.2,26.4
2026-06-01 13:40:00,479.5,59.9,121.6,29.2
2026-06-01 13:45:00,671.2,97.9,80.6,27.8
2026-06-01 13:50:00,597.2,60.0,107.0,14.3
2026-06-01 13:55:00,560.7,113.2,120.8,37.3
2026-06-01 14:00:00,571.6,52.7,136.0,36.8
2026-06-01 14:05:00,684.9,76.0,144.6,22.5
2026-06-01 14:10:00,699.9,56.7,128.8,40.8
2026-06-01 14:15:00,556.4,48.2,115.7,26.3
2026-06-01 14:20:00,534.3,73.8,109.9,26.6
2026-06-01 14:25:00,509.5,55.7,118.6,23.4
2026-06-01 14:30:00,687.2,75.6,140.0,23.7
2026-06-01 14:35:00,624.0,90.5,133.3,40.4
2026-06-01 14:40:00,611.2,60.1,120.7,31.8
2026-06-01 14:45:00,661.5,88.6,153.0,26.1
2026-06-01 14:50:00,623.0,55.6,111.8,21.2
2026-06-01 14:55:00,561.4,71.5,147.2,21.3
2026-06-01 15:00:00,603.5,75.6,109.0,23.4
2026-06-01 15:05:00,634.3,76.4,92.3,16.9
2026-06-01 15:10:00,641.7,78.6,121.9,26.7
2026-06-01 15:15:00,623.5,86.8,74.9,36.9
2026-06-01 15:20:00,568.8,60.8,112.7,35.0
2026-06-01 15:25:00,725.4,79.4,140.2,9.6
2026-06-01 15:30:00,567.5,101.3,139.8,25.9
2026-06-01 15:35:00,705.0,47.8,153.5,7.4
2026-06-01 15:40:00,575.0,57.5,102.4,31.8
2026-06-01 15:45:00,693.8,74.6,93.3,24.5
2026-06-01 15:50:00,564.0,111.0,136.4,41.6
2026-06-01 15:55:00,487.8,114.0,101.4,28.5
2026-06-01 16:00:00,667.8,21.2,125.4,17.5
2026-06-01 16:05:00,563.2,87.6,94.4,13.8
2026-06-01 16:10:00,607.0,84.0,108.6,25.5
2026-06-01 16:15:00,503.8,134.7,107.7,27.3
2026-06-01 16:20:00,654.1,78.1,119.7,21.6
2026-06-01 16:25:00,413.7,75.8,117.1,23.4
2026-06-01 16:30:00,536.9,69.9,125.5,19.0
2026-06-01 16:35:00,659.2,71.3,125.6,26.5
2026-06-01 16:40:00,564.7,80.5,131.8,21.4
2026-06-01 16:45:00,631.9,93.9,111.5,20.7
2026-06-01 16:50:00,610.5,68.0,132.2,15.6
2026-06-01 16:55:00,734.9,89.0,145.8,38.7
2026-06-01 17:00:00,632.0,81.8,90.9,18.0
2026-06-01 17:05:00,511.5,34.9,95.1,30.8
2026-06-01 17:10:00,466.6,87.1,137.6,23.1
2026-06-01 17:15:00,652.6,75.2,139.7,27.6
2026-06-01 17:20:00,492.5,119.2,111.8,24.6
2026-06-01 17:25:00,541.4,52.8,135.1,21.0
2026-06-01 17:30:00,623.4,81.3,110.4,23.4
2026-06-01 17:35:00,606.2,52.5,119.5,16.9
2026-06-01 17:40:00,600.4,84.5,119.5,38.8
2026-06-01 17:45:00,606.0,96.6,123.0,22.6
2026-06-01 17:50:00,628.0,67.3,154.7,30.0
2026-06-01 17:55:00,549.9,81.7,182.0,30.7
2026-06-01 18:00:00,655.8,118.1,85.8,29.0
2026-06-01 18:05:00,575.1,84.6,105.8,29.1
2026-06-01 18:10:00,668.0,101.5,102.6,15.3
2026-06-01 18:15:00,591.6,84.7,154.5,11.4
2026-06-01 18:20:00,512.6,72.5,149.7,10.3
2026-06-01 18:25:00,635.0,48.7,142.3,16.9
2026-06-01 18:30:00,600.2,76.2,110.2,28.8
2026-06-01 18:35:00,635.1,63.1,125.3,46.1
2026-06-01 18:40:00,586.0,124.8,80.3,40.0
2026-06-01 18:45:00,656.6,117.6,138.3,36.3
2026-06-01 18:50:00,655.0,112.5,129.8,16.2
2026-06-01 18:55:00,441.6,104.4,108.4,33.3
2026-06-01 19:00:00,562.2,70.5,139.5,26.0
2026-06-01 19:05:00,516.0,94.8,115.0,14.0
2026-06-01 19:10:00,633.1,48.4,73.8,38.7
2026-06-01 19:15:00,611.3,73.5,151.9,20.6
2026-06-01 19:20:00,646.8,115.7,163.3,39.2
2026-06-01 19:25:00,611.8,91.2,85.8,30.1
2026-06-01 19:30:00,711.6,87.2,126.7,20.8
2026-06-01 19:35:00,659.0,33.2,157.3,13.9
2026-06-01 19:40:00,547.6,80.3,86.9,27.4
2026-06-01 19:45:00,513.5,81.3,67.0,34.8
2026-06-01 19:50:00,681.6,106.9,114.1,25.9
2026-06-01 19:55:00,557.6,113.7,122.2,33.2
2026-06-01 20:00:00,458.9,83.5,152.2,24.9
2026-06-01 20:05:00,556.4,82.3,177.1,21.2
2026-06-01 20:10:00,662.8,115.6,136.9,22.7
2026-06-01 20:15:00,645.2,73.6,76.3,28.7
2026-06-01 20:20:00,579.8,85.5,131.3,21.4
2026-06-01 20:25:00,581.9,112.1,116.5,20.7
2026-06-01 20:30:00,598.1,97.3,143.9,13.1
2026-06-01 20:35:00,488.5,108.3,72.7,26.4
2026-06-01 20:40:00,554.1,66.3,143.2,21.4
2026-06-01 20:45:00,476.5,88.0,159.6,14.3
2026-06-01 20:50:00,696.5,109.1,125.5,21.6
2026-06-01 20:55:00,626.4,99.3,149.2,25.5
2026-06-01 21:00:00,525.7,88.3,139.6,27.9
2026-06-01 21:05:00,618.2,53.9,66.0,29.9
2026-06-01 21:10:00,665.4,61.2,124.1,26.2
2026-06-01 21:15:00,559.8,78.2,128.4,18.4
2026-06-01 21:20:00,691.4,100.7,93.4,28.2
2026-06-01 21:25:00,606.1,70.2,127.9,18.7
2026-06-01 21:30:00,670.7,86.3,78.9,20.2
2026-06-01 21:35:00,539.3,92.2,120.6,19.4
2026-06-01 21:40:00,497.0,68.3,131.1,21.2
2026-06-01 21:45:00,660.8,44.7,181.1,31.9
2026-06-01 21:50:00,684.0,93.2,97.4,29.0
2026-06-01 21:55:00,766.7,50.5,138.5,30.2
2026-06-01 22:00:00,684.1,95.9,89.6,34.3
2026-06-01 22:05:00,594.8,111.4,148.7,16.1
2026-06-01 22:10:00,505.2,78.9,118.7,25.2
2026-06-01 22:15:00,442.3,77.3,134.3,23.9
2026-06-01 22:20:00,633.9,100.3,97.4,27.6
2026-06-01 22:25:00,576.8,82.9,133.5,27.5
2026-06-01 22:30:00,561.9,69.2,105.2,12.8
2026-06-01 22:35:00,540.2,94.0,116.8,34.9
2026-06-01 22:40:00,550.9,72.5,92.2,20.7
2026-06-01 22:45:00,550.7,107.7,111.1,26.5
2026-06-01 22:50:00,539.8,106.0,126.9,28.4
2026-06-01 22:55:00,565.1,120.1,119.5,24.8
2026-06-01 23:00:00,652.3,91.6,150.9,15.9
2026-06-01 23:05:00,548.5,87.3,105.6,26.1
2026-06-01 23:10:00,550.8,57.2,159.9,24.7
2026-06-01 23:15:00,543.7,76.7,111.5,24.6
2026-06-01 23:20:00,668.6,81.5,160.8,23.2
2026-06-01 23:25:00,550.8,93.5,128.3,30.4
2026-06-01 23:30:00,488.5,73.5,171.6,37.9
2026-06-01 23:35:00,633.5,67.4,124.0,39.2
2026-06-01 23:40:00,560.2,42.9,80.9,31.1
2026-06-01 23:45:00,703.5,82.1,114.1,30.4
2026-06-01 23:50:00,488.2,63.8,119.8,12.7
2026-06-01 23:55:00,692.4,68.8,160.8,26.1
2026-06-02 00:00:00,652.2,86.9,76.0,28.7
2026-06-02 00:05:00,602.8,75.5,97.4,8.4
2026-06-02 00:10:00,493.6,42.0,125.5,40.3
2026-06-02 00:15:00,525.2,61.9,127.9,24.3
2026-06-02 00:20:00,648.9,127.2,151.3,18.1
2026-06-02 00:25:00,492.1,79.8,70.9,16.7
2026-06-02 00:30:00,668.6,106.7,102.2,27.0
2026-06-02 00:35:00,688.7,74.9,141.1,28.3
2026-06-02 00:40:00,575.6,69.4,118.4,35.7
2026-06-02 00:45:00,580.1,106.7,137.7,18.0
2026-06-02 00:50:00,593.0,52.9,116.7,24.6
2026-06-02 00:55:00,615.5,122.9,145.9,23.6
2026-06-02 01:00:00,677.4,94.3,103.5,21.5
2026-06-02 01:05:00,644.8,68.1,113.7,19.0
2026-06-02 01:10:00,642.3,67.0,118.6,40.7
2026-06-02 01:15:00,594.0,105.6,101.9,32.0
2026-06-02 01:20:00,687.1,60.1,122.9,25.8
2026-06-02 01:25:00,583.0,57.8,109.1,28.4
2026-06-02 01:30:00,724.4,49.4,127.9,32.8
2026-06-02 01:35:00,515.4,49.9,126.6,19.4
2026-06-02 01:40:00,619.9,68.3,101.4,17.6
2026-06-02 01:45:00,568.9,37.9,133.7,22.8
2026-06-02 01:50:00,725.6,83.8,126.1,32.5
2026-06-02 01:55:00,616.1,94.7,105.3,42.8
2026-06-02 02:00:00,546.0,88.4,141.9,23.4
2026-06-02 02:05:00,643.1,39.8,122.9,16.1
2026-06-02 02:10:00,642.6,73.3,146.8,27.2
2026-06-02 02:15:00,569.4,10.0,155.5,24.1
2026-06-02 02:20:00,595.5,71.3,92.6,34.7
2026-06-02 02:25:00,560.7,107.8,162.1,25.9
2026-06-02 02:30:00,676.8,66.7,133.8,29.0
2026-06-02 02:35:00,683.5,80.4,127.8,21.7
2026-06-02 02:40:00,672.9,57.9,102.8,26.7
2026-06-02 02:45:00,508.5,142.6,128.5,14.9
2026-06-02 02:50:00,514.9,85.8,64.5,22.5
2026-06-02 02:55:00,567.5,77.0,92.4,19.1
2026-06-02 03:00:00,640.3,71.7,73.4,26.9
2026-06-02 03:05:00,600.3,70.9,116.5,23.0
2026-06-02 03:10:00,596.0,23.0,154.0,15.0
2026-06-02 03:15:00,555.2,57.7,126.5,28.6
2026-06-02 03:20:00,553.7,72.7,134.8,28.1
2026-06-02 03:25:00,733.5,76.6,114.2,32.7
2026-06-02 03:30:00,597.3,23.4,120.3,23.2
2026-06-02 03:35:00,703.2,80.4,75.2,20.8
2026-06-02 03:40:00,653.6,86.7,146.3,18.7
2026-06-02 03:45:00,742.3,106.1,132.8,28.1
2026-06-02 03:50:00,521.4,82.8,139.6,28.2
2026-06-02 03:55:00,623.2,49.7,128.6,20.9
2026-06-02 04:00:00,531.7,117.3,108.5,23.6
2026-06-02 04:05:00,608.9,99.3,132.8,27.5
2026-06-02 04:10:00,594.1,41.3,112.6,24.8
2026-06-02 04:15:00,576.6,90.6,118.0,25.4
2026-06-02 04:20:00,585.6,100.9,148.4,36.3
2026-06-02 04:25:00,573.7,100.3,145.2,14.8
2026-06-02 04:30:00,631.2,104.3,108.1,22.3
2026-06-02 04:35:00,579.6,87.1,129.4,37.0
2026-06-02 04:40:00,694.0,74.1,146.9,27.2
2026-06-02 04:45:00,564.7,77.2,83.2,18.3
2026-06-02 04:50:00,663.9,61.3,122.9,27.4
2026-06-02 04:55:00,542.8,53.1,122.9,27.5
2026-06-02 05:00:00,617.6,101.2,77.8,32.7
2026-06-02 05:05:00,556.1,87.9,96.0,31.5
2026-06-02 05:10:00,614.1,82.5,89.4,19.6
2026-06-02 05:15:00,604.3,73.9,116.8,26.0
2026-06-02 05:20:00,619.6,103.6,125.3,29.6
2026-06-02 05:25:00,535.5,94.6,84.6,18.7
2026-06-02 05:30:00,557.9,27.9,102.1,25.4
2026-06-02 05:35:00,515.7,125.6,115.2,11.7
2026-06-02 05:40:00,695.0,108.5,166.0,26.3
2026-06-02 05:45:00,631.4,78.2,105.9,26.6
2026-06-02 05:50:00,656.4,76.4,118.6,21.5
2026-06-02 05:55:00,701.7,86.2,127.9,31.9
2026-06-02 06:00:00,651.7,47.8,163.4,33.2
2026-06-02 06:05:00,593.5,70.4,123.8,17.3
2026-06-02 06:10:00,591.3,58.2,164.5,33.8
2026-06-02 06:15:00,571.8,108.5,82.2,25.5
2026-06-02 06:20:00,626.2,41.7,138.1,18.7
2026-06-02 06:25:00,570.4,57.6,99.8,35.2
2026-06-02 06:30:00,612.9,61.3,113.8,25.8
2026-06-02 06:35:00,611.2,106.2,108.9,16.8
2026-06-02 06:40:00,602.2,100.3,93.2,19.7
2026-06-02 06:45:00,652.7,89.7,147.5,25.8
2026-06-02 06:50:00,650.4,81.4,95.2,28.5
2026-06-02 06:55:00,638.2,84.7,103.7,33.3
2026-06-02 07:00:00,521.7,71.4,114.1,28.2
2026-06-02 07:05:00,663.8,80.7,103.1,15.5
2026-06-02 07:10:00,603.0,68.7,127.3,20.4
2026-06-02 07:15:00,648.3,86.8,72.8,42.9
2026-06-02 07:20:00,610.0,105.9,97.4,40.4
2026-06-02 07:25:00,622.2,101.1,101.0,27.0
2026-06-02 07:30:00,584.7,65.9,98.3,31.0
2026-06-02 07:35:00,548.0,68.4,154.4,28.5
2026-06-02 07:40:00,700.3,114.8,109.1,35.8
2026-06-02 07:45:00,601.3,70.9,107.8,30.5
2026-06-02 07:50:00,666.6,91.5,124.4,26.7
2026-06-02 07:55:00,657.8,66.0,145.4,35.7
2026-06-02 08:00:00,591.7,56.8,103.8,28.4
2026-06-02 08:05:00,637.6,74.2,126.3,21.9
2026-06-02 08:10:00,624.1,115.8,88.0,31.2
2026-06-02 08:15:00,618.5,74.9,128.0,30.9
2026-06-02 08:20:00,667.8,59.1,119.0,21.4
2026-06-02 08:25:00,625.2,120.0,93.7,35.3
2026-06-02 08:30:00,598.6,74.5,77.0,29.9
2026-06-02 08:35:00,559.2,77.5,149.8,24.8
2026-06-02 08:40:00,540.1,89.6,142.8,28.4
2026-06-02 08:45:00,567.7,63.3,133.2,34.5
2026-06-02 08:50:00,692.3,75.1,152.3,26.0
2026-06-02 08:55:00,720.5,66.6,133.4,22.8
2026-06-02 09:00:00,675.1,104.3,96.5,18.2
2026-06-02 09:05:00,624.8,120.1,125.0,7.1
2026-06-02 09:10:00,608.2,63.0,158.1,20.1
2026-06-02 09:15:00,662.5,83.1,106.5,20.8
2026-06-02 09:20:00,711.1,78.3,112.5,39.8
2026-06-02 09:25:00,644.5,98.6,129.6,12.2
2026-06-02 09:30:00,622.8,95.0,157.8,23.1
2026-06-02 09:35:00,614.8,78.3,136.8,13.3
2026-06-02 09:40:00,634.9,96.3,98.6,21.0
2026-06-02 09:45:00,552.9,83.6,122.7,45.7
2026-06-02 09:50:00,605.1,58.4,122.6,10.4
2026-06-02 09:55:00,630.3,57.6,136.3,22.8
2026-06-02 10:00:00,641.1,105.6,85.6,11.7
2026-06-02 10:05:00,484.6,104.3,86.3,27.6
2026-06-02 10:10:00,514.8,82.7,117.3,32.9
2026-06-02 10:15:00,541.6,41.8,119.5,11.7
2026-06-02 10:20:00,576.2,54.7,98.8,32.2
2026-06-02 10:25:00,652.9,106.6,121.8,35.8
2026-06-02 10:30:00,597.0,85.5,120.6,32.9
2026-06-02 10:35:00,629.3,40.6,165.9,27.5
2026-06-02 10:40:00,703.5,87.1,110.1,14.0
2026-06-02 10:45:00,579.9,73.1,90.9,38.6
2026-06-02 10:50:00,587.3,96.6,156.4,23.0
2026-06-02 10:55:00,525.7,69.3,106.2,20.8
2026-06-02 11:00:00,660.3,101.1,130.5,31.6
2026-06-02 11:05:00,626.0,80.6,148.2,23.4
2026-06-02 11:10:00,579.3,35.4,162.2,18.6
2026-06-02 11:15:00,611.1,67.6,123.8,22.1
2026-06-02 11:20:00,679.3,86.1,90.8,23.9
2026-06-02 11:25:00,619.0,67.9,130.3,36.0
2026-06-02 11:30:00,572.7,68.8,117.0,26.7
2026-06-02 11:35:00,667.8,43.5,93.5,34.1
2026-06-02 11:40:00,590.1,106.0,143.9,21.2
2026-06-02 11:45:00,559.0,118.7,141.5,17.8
2026-06-02 11:50:00,610.5,69.5,154.2,33.3
2026-06-02 11:55:00,560.7,109.5,125.4,22.9
2026-06-02 12:00:00,594.7,87.1,78.6,24.1
2026-06-02 12:05:00,620.9,52.4,166.8,33.3
2026-06-02 12:10:00,584.0,74.3,84.8,18.1
2026-06-02 12:15:00,594.1,131.3,97.7,27.9
2026-06-02 12:20:00,689.1,52.6,106.9,23.9
2026-06-02 12:25:00,627.4,124.8,135.0,28.0
2026-06-02 12:30:00,499.1,61.7,112.5,30.7
2026-06-02 12:35:00,585.8,73.7,135.7,41.2
2026-06-02 12:40:00,538.5,124.8,91.8,10.9
2026-06-02 12:45:00,707.8,65.6,114.1,20.5
2026-06-02 12:50:00,542.9,89.3,142.6,26.0
2026-06-02 12:55:00,583.5,84.7,148.0,23.6
2026-06-02 13:00:00,635.1,57.9,140.0,20.6
2026-06-02 13:05:00,614.3,110.0,131.5,10.2
2026-06-02 13:10:00,487.7,81.5,103.6,19.9
2026-06-02 13:15:00,700.9,124.8,99.9,27.5
2026-06-02 13:20:00,594.9,79.9,139.2,32.0
2026-06-02 13:25:00,613.7,73.7,122.1,24.1
2026-06-02 13:30:00,649.3,69.4,97.8,27.9
2026-06-02 13:35:00,586.1,72.3,142.2,25.0
2026-06-02 13:40:00,612.5,110.0,105.4,28.1
2026-06-02 13:45:00,648.4,54.6,155.0,15.0
2026-06-02 13:50:00,604.1,81.8,107.9,29.3
2026-06-02 13:55:00,650.2,78.4,103.6,20.5
2026-06-02 14:00:00,668.8,64.1,105.3,20.9
2026-06-02 14:05:00,559.8,94.8,112.3,24.4
2026-06-02 14:10:00,545.1,46.7,135.3,23.5
2026-06-02 14:15:00,661.4,95.1,116.6,20.1
2026-06-02 14:20:00,570.5,75.6,160.5,33.9
2026-06-02 14:25:00,584.6,84.0,117.9,27.1
2026-06-02 14:30:00,592.5,67.5,94.2,20.5
2026-06-02 14:35:00,517.8,74.2,125.4,21.4
2026-06-02 14:40:00,626.1,68.9,170.7,25.2
2026-06-02 14:45:00,505.0,93.5,119.7,21.9
2026-06-02 14:50:00,632.1,95.8,76.7,18.1
2026-06-02 14:55:00,667.6,142.9,98.4,25.5
2026-06-02 15:00:00,513.7,71.7,128.2,24.7
2026-06-02 15:05:00,615.0,70.1,72.8,23.8
2026-06-02 15:10:00,661.6,62.8,160.5,36.0
2026-06-02 15:15:00,651.7,65.2,109.8,24.8
2026-06-02 15:20:00,627.8,102.1,47.5,17.7
2026-06-02 15:25:00,460.6,106.0,181.5,28.6
2026-06-02 15:30:00,544.3,81.2,156.8,15.1
2026-06-02 15:35:00,674.3,84.3,105.2,35.6
2026-06-02 15:40:00,629.6,100.4,97.6,23.2
2026-06-02 15:45:00,605.7,70.2,117.6,19.3
2026-06-02 15:50:00,606.3,83.5,161.1,22.5
2026-06-02 15:55:00,613.6,104.8,120.3,28.1
2026-06-02 16:00:00,575.3,39.0,84.5,7.5
2026-06-02 16:05:00,721.3,54.7,152.4,24.0
2026-06-02 16:10:00,787.0,79.8,132.5,28.4
2026-06-02 16:15:00,578.3,83.4,85.2,35.3
2026-06-02 16:20:00,572.4,79.8,102.7,13.6
2026-06-02 16:25:00,610.5,56.8,115.7,9.1
2026-06-02 16:30:00,620.5,61.0,116.1,23.0
2026-06-02 16:35:00,659.2,82.8,143.1,28.2
2026-06-02 16:40:00,592.1,48.9,147.5,19.9
2026-06-02 16:45:00,657.7,94.1,129.4,24.7
2026-06-02 16:50:00,683.5,90.8,147.1,26.9
2026-06-02 16:55:00,693.6,77.5,131.7,31.2
2026-06-02 17:00:00,626.0,106.8,94.7,31.7
2026-06-02 17:05:00,550.7,84.8,121.2,16.6
2026-06-02 17:10:00,696.5,67.9,107.0,19.4
2026-06-02 17:15:00,591.7,92.6,148.9,13.2
2026-06-02 17:20:00,667.2,86.4,102.8,35.3
2026-06-02 17:25:00,544.9,97.8,128.6,18.9
2026-06-02 17:30:00,523.5,94.9,104.1,22.5
2026-06-02 17:35:00,517.4,87.1,79.5,20.5
2026-06-02 17:40:00,637.0,98.2,122.2,33.1
2026-06-02 17:45:00,552.5,96.2,127.5,17.5
2026-06-02 17:50:00,574.9,75.3,145.7,37.1
2026-06-02 17:55:00,531.1,108.9,137.9,13.2
2026-06-02 18:00:00,586.4,10.0,89.5,11.0
2026-06-02 18:05:00,670.7,47.0,119.4,19.3
2026-06-02 18:10:00,523.4,46.5,93.3,41.4
2026-06-02 18:15:00,607.3,68.1,99.6,9.8
2026-06-02 18:20:00,613.9,124.5,127.4,28.2
2026-06-02 18:25:00,532.5,78.2,132.9,24.6
2026-06-02 18:30:00,631.3,78.1,80.6,25.2
2026-06-02 18:35:00,577.7,77.3,128.1,39.3
2026-06-02 18:40:00,669.6,49.3,127.5,20.3
2026-06-02 18:45:00,587.6,86.1,91.8,28.5
2026-06-02 18:50:00,605.0,79.3,116.6,25.1
2026-06-02 18:55:00,525.6,112.6,93.3,20.8
2026-06-02 19:00:00,530.6,59.2,74.2,19.9
2026-06-02 19:05:00,650.3,83.5,145.9,27.5
2026-06-02 19:10:00,550.8,100.3,142.6,22.1
2026-06-02 19:15:00,582.6,76.6,115.6,22.2
2026-06-02 19:20:00,603.2,43.9,131.1,17.0
2026-06-02 19:25:00,563.5,83.4,92.0,19.9
2026-06-02 19:30:00,597.8,102.3,141.5,29.0
2026-06-02 19:35:00,638.1,86.3,124.3,20.6
2026-06-02 19:40:00,580.7,93.3,88.9,29.1
2026-06-02 19:45:00,546.9,67.1,127.8,31.4
2026-06-02 19:50:00,564.0,81.0,129.4,29.7
2026-06-02 19:55:00,525.0,38.4,107.4,34.3
2026-06-02 20:00:00,616.8,91.0,82.0,32.9
2026-06-02 20:05:00,605.7,60.6,107.8,32.1
2026-06-02 20:10:00,556.5,87.3,148.3,22.9
2026-06-02 20:15:00,544.7,65.3,137.3,8.0
2026-06-02 20:20:00,646.5,102.8,127.9,14.7
2026-06-02 20:25:00,627.0,91.2,102.7,23.5
2026-06-02 20:30:00,598.2,92.5,105.5,28.6
2026-06-02 20:35:00,727.9,95.8,97.3,32.8
2026-06-02 20:40:00,567.7,80.5,124.3,19.8
2026-06-02 20:45:00,695.8,103.1,125.4,30.5
2026-06-02 20:50:00,588.2,85.2,148.4,25.3
2026-06-02 20:55:00,609.7,124.9,82.7,26.5
2026-06-02 21:00:00,601.6,81.1,114.4,29.8
2026-06-02 21:05:00,636.4,84.3,103.3,32.2
2026-06-02 21:10:00,580.8,60.1,121.2,19.6
2026-06-02 21:15:00,580.6,65.1,136.7,22.2
2026-06-02 21:20:00,629.4,67.6,102.9,39.5
2026-06-02 21:25:00,478.5,53.8,137.9,10.9
2026-06-02 21:30:00,626.2,95.0,134.4,36.4
2026-06-02 21:35:00,579.6,57.7,112.2,20.7
2026-06-02 21:40:00,606.1,51.0,143.6,27.5
2026-06-02 21:45:00,595.3,32.2,132.2,33.1
2026-06-02 21:50:00,737.9,53.7,102.9,40.0
2026-06-02 21:55:00,592.1,87.1,101.1,24.1
2026-06-02 22:00:00,561.3,77.6,141.5,40.3
2026-06-02 22:05:00,632.1,55.5,106.3,15.3
2026-06-02 22:10:00,630.6,71.0,136.6,14.4
2026-06-02 22:15:00,493.0,73.7,92.4,25.5
2026-06-02 22:20:00,762.4,117.5,144.9,13.1
2026-06-02 22:25:00,654.7,88.3,80.3,19.9
2026-06-02 22:30:00,601.2,59.1,80.3,20.0
2026-06-02 22:35:00,565.3,104.1,108.2,29.0
2026-06-02 22:40:00,644.7,88.6,151.6,26.4
2026-06-02 22:45:00,518.2,96.5,146.5,23.2
2026-06-02 22:50:00,566.8,69.9,137.2,30.5
2026-06-02 22:55:00,625.6,64.3,133.7,23.1
2026-06-02 23:00:00,633.8,66.6,102.1,39.0
2026-06-02 23:05:00,616.6,79.2,83.2,25.5
2026-06-02 23:10:00,470.7,100.5,153.1,36.7
2026-06-02 23:15:00,520.6,15.8,148.6,27.2
2026-06-02 23:20:00,562.6,40.2,95.7,29.3
2026-06-02 23:25:00,636.2,80.1,125.1,5.0
2026-06-02 23:30:00,560.7,102.7,115.1,20.5
2026-06-02 23:35:00,619.7,65.9,94.4,26.7
2026-06-02 23:40:00,678.3,77.4,84.7,20.5
2026-06-02 23:45:00,646.3,87.6,126.9,28.4
2026-06-02 23:50:00,776.9,56.5,116.0,12.0
2026-06-02 23:55:00,669.3,69.5,108.7,19.8
2026-06-03 00:00:00,709.3,48.9,117.4,13.2
2026-06-03 00:05:00,609.6,79.5,118.2,24.7
2026-06-03 00:10:00,544.2,68.0,127.9,31.4
2026-06-03 00:15:00,598.4,102.4,150.5,37.0
2026-06-03 00:20:00,538.6,93.2,143.4,36.3
2026-06-03 00:25:00,579.4,94.2,139.9,31.7
2026-06-03 00:30:00,595.1,72.5,108.4,27.6
2026-06-03 00:35:00,577.0,88.5,102.4,13.7
2026-06-03 00:40:00,665.9,79.0,103.0,40.7
2026-06-03 00:45:00,633.5,69.2,142.1,30.8
2026-06-03 00:50:00,684.8,86.8,139.2,27.0
2026-06-03 00:55:00,699.6,49.5,77.3,26.4
2026-06-03 01:00:00,606.3,66.1,145.0,35.4
2026-06-03 01:05:00,736.2,92.8,126.5,15.4
2026-06-03 01:10:00,619.5,71.8,120.5,21.8
2026-06-03 01:15:00,650.6,96.7,147.6,7.1
2026-06-03 01:20:00,584.2,95.7,127.0,15.4
2026-06-03 01:25:00,692.1,98.2,97.8,40.0
2026-06-03 01:30:00,620.9,78.1,101.1,26.3
2026-06-03 01:35:00,657.0,101.4,125.5,18.3
2026-06-03 01:40:00,668.7,59.2,124.5,25.3
2026-06-03 01:45:00,545.2,92.2,135.4,33.2
2026-06-03 01:50:00,611.1,82.3,177.7,26.3
2026-06-03 01:55:00,515.3,97.7,151.4,31.7
2026-06-03 02:00:00,680.1,95.5,97.7,15.3
2026-06-03 02:05:00,665.7,104.8,121.6,34.0
2026-06-03 02:10:00,575.7,93.9,112.7,39.5
2026-06-03 02:15:00,568.2,108.0,126.6,13.9
2026-06-03 02:20:00,631.8,85.5,95.1,30.3
2026-06-03 02:25:00,557.3,62.0,84.0,32.2
2026-06-03 02:30:00,527.4,88.2,86.3,28.3
2026-06-03 02:35:00,554.6,60.5,58.1,26.2
2026-06-03 02:40:00,630.4,72.8,101.7,14.8
2026-06-03 02:45:00,538.5,39.8,173.0,22.7
2026-06-03 02:50:00,511.4,95.2,108.4,26.1
2026-06-03 02:55:00,599.0,76.4,127.6,45.2
2026-06-03 03:00:00,591.0,79.5,92.7,15.5
2026-06-03 03:05:00,589.3,61.8,99.8,34.7
2026-06-03 03:10:00,552.5,74.9,95.0,29.6
2026-06-03 03:15:00,771.7,82.2,104.4,10.2
2026-06-03 03:20:00,565.8,50.8,119.4,30.8
2026-06-03 03:25:00,577.7,74.9,147.3,22.7
2026-06-03 03:30:00,604.3,66.3,154.0,35.0
2026-06-03 03:35:00,673.6,91.7,136.6,24.5
2026-06-03 03:40:00,559.1,68.6,138.4,33.2
2026-06-03 03:45:00,566.7,61.1,110.4,16.7
2026-06-03 03:50:00,649.3,111.0,171.9,26.9
2026-06-03 03:55:00,619.3,14.5,101.0,27.4
2026-06-03 04:00:00,637.8,71.0,118.3,19.7
2026-06-03 04:05:00,491.9,101.6,110.0,23.2
2026-06-03 04:10:00,576.1,69.5,145.1,22.1
2026-06-03 04:15:00,695.0,56.9,108.9,33.1
2026-06-03 04:20:00,552.2,99.6,124.2,23.4
2026-06-03 04:25:00,543.7,53.2,143.4,25.3
2026-06-03 04:30:00,579.4,79.7,93.4,33.9
2026-06-03 04:35:00,605.3,105.7,135.1,29.3
2026-06-03 04:40:00,624.6,82.0,128.6,26.4
2026-06-03 04:45:00,597.0,105.4,99.7,17.5
2026-06-03 04:50:00,532.5,106.8,106.0,24.6
2026-06-03 04:55:00,619.5,58.1,117.1,29.2
2026-06-03 05:00:00,568.2,79.0,125.4,38.8
2026-06-03 05:05:00,588.3,83.2,156.0,6.6
2026-06-03 05:10:00,651.0,58.7,164.9,21.9
2026-06-03 05:15:00,551.5,68.0,101.3,20.6
2026-06-03 05:20:00,593.2,112.8,183.8,18.8
2026-06-03 05:25:00,602.0,55.1,108.6,11.2
2026-06-03 05:30:00,650.5,86.8,165.9,32.4
2026-06-03 05:35:00,497.7,73.5,155.9,30.7
2026-06-03 05:40:00,647.4,90.2,94.8,30.1
2026-06-03 05:45:00,615.3,60.3,84.9,23.2
2026-06-03 05:50:00,558.9,82.8,123.0,20.8
2026-06-03 05:55:00,568.7,95.0,142.6,17.3
2026-06-03 06:00:00,594.2,88.5,120.7,28.3
2026-06-03 06:05:00,443.4,79.2,121.1,18.1
2026-06-03 06:10:00,619.1,90.5,131.1,30.5
2026-06-03 06:15:00,643.8,83.1,80.9,16.5
2026-06-03 06:20:00,639.4,89.1,122.8,37.3
2026-06-03 06:25:00,632.6,77.0,99.8,24.2
2026-06-03 06:30:00,543.2,106.7,110.8,21.5
2026-06-03 06:35:00,637.4,59.6,88.1,20.8
2026-06-03 06:40:00,568.6,108.3,87.2,34.6
2026-06-03 06:45:00,604.3,55.2,128.1,28.3
2026-06-03 06:50:00,642.4,79.8,116.6,41.4
2026-06-03 06:55:00,490.2,20.1,161.1,33.7
2026-06-03 07:00:00,595.1,63.7,110.5,18.1
2026-06-03 07:05:00,702.8,104.2,138.7,24.3
2026-06-03 07:10:00,659.7,67.9,149.5,26.3
2026-06-03 07:15:00,545.2,105.3,124.5,26.6
2026-06-03 07:20:00,609.5,70.9,126.1,35.8
2026-06-03 07:25:00,600.4,37.6,150.7,22.4
2026-06-03 07:30:00,633.1,58.3,153.3,18.2
2026-06-03 07:35:00,535.8,95.5,135.1,30.1
2026-06-03 07:40:00,644.4,74.1,154.9,29.1
2026-06-03 07:45:00,574.8,106.2,124.9,20.3
2026-06-03 07:50:00,473.4,78.5,92.9,10.6
2026-06-03 07:55:00,531.8,64.7,127.9,41.1
2026-06-03 08:00:00,533.0,72.6,103.4,36.3
2026-06-03 08:05:00,542.8,89.4,151.3,18.3
2026-06-03 08:10:00,674.4,39.1,113.3,23.9
2026-06-03 08:15:00,649.5,10.8,142.5,24.8
2026-06-03 08:20:00,621.1,71.3,99.9,29.9
2026-06-03 08:25:00,565.4,78.1,93.8,22.7
2026-06-03 08:30:00,639.9,50.4,114.7,21.7
2026-06-03 08:35:00,576.4,88.9,87.2,24.1
2026-06-03 08:40:00,586.8,101.1,139.7,17.6
2026-06-03 08:45:00,627.2,61.6,150.5,32.6
2026-06-03 08:50:00,480.4,57.7,134.6,29.9
2026-06-03 08:55:00,654.2,109.7,155.0,17.1
2026-06-03 09:00:00,662.3,64.0,137.3,27.7
2026-06-03 09:05:00,640.6,94.2,109.6,19.9
2026-06-03 09:10:00,591.4,76.4,122.8,26.1
2026-06-03 09:15:00,604.7,79.4,123.2,9.0
2026-06-03 09:20:00,632.8,94.1,149.7,23.1
2026-06-03 09:25:00,556.1,78.9,122.2,35.5
2026-06-03 09:30:00,616.0,30.1,92.8,16.5
2026-06-03 09:35:00,563.2,96.1,86.7,22.2
2026-06-03 09:40:00,654.5,35.7,115.4,35.1
2026-06-03 09:45:00,578.0,71.6,121.4,38.7
2026-06-03 09:50:00,615.3,85.2,86.7,31.1
2026-06-03 09:55:00,608.5,78.8,148.0,37.4
2026-06-03 10:00:00,570.4,89.6,115.1,34.4
2026-06-03 10:05:00,614.7,72.6,142.4,11.3
2026-06-03 10:10:00,543.6,49.5,98.8,29.5
2026-06-03 10:15:00,543.8,96.1,143.2,26.9
2026-06-03 10:20:00,623.4,80.8,94.6,16.7
2026-06-03 10:25:00,552.3,118.4,106.2,11.4
2026-06-03 10:30:00,595.5,61.8,109.6,31.6
2026-06-03 10:35:00,575.2,61.7,113.1,24.1
2026-06-03 10:40:00,500.1,126.2,147.1,26.1
2026-06-03 10:45:00,594.9,47.3,129.3,30.0
2026-06-03 10:50:00,642.2,79.6,95.3,38.7
2026-06-03 10:55:00,637.1,86.0,93.1,19.9
2026-06-03 11:00:00,792.4,87.8,123.9,22.2
2026-06-03 11:05:00,582.1,76.3,114.0,22.4
2026-06-03 11:10:00,586.9,73.8,125.1,19.7
2026-06-03 11:15:00,668.9,67.4,78.8,39.8
2026-06-03 11:20:00,564.2,104.0,175.8,32.8
2026-06-03 11:25:00,539.4,100.4,77.3,30.2
2026-06-03 11:30:00,681.0,59.2,114.7,29.6
2026-06-03 11:35:00,508.0,64.7,101.6,24.2
2026-06-03 11:40:00,749.0,75.1,89.2,6.6
2026-06-03 11:45:00,679.8,54.1,135.7,42.2
2026-06-03 11:50:00,657.2,40.1,115.0,22.6
2026-06-03 11:55:00,658.1,49.5,91.2,31.9
2026-06-03 12:00:00,683.9,42.7,108.6,33.2
2026-06-03 12:05:00,570.2,113.1,136.5,24.0
2026-06-03 12:10:00,754.2,65.6,144.4,42.3
2026-06-03 12:15:00,670.6,47.3,159.5,34.0
2026-06-03 12:20:00,638.2,74.8,128.2,19.5
2026-06-03 12:25:00,456.9,83.7,107.3,32.5
2026-06-03 12:30:00,561.4,95.9,104.2,34.7
2026-06-03 12:35:00,508.5,86.6,132.8,25.0
2026-06-03 12:40:00,522.9,101.6,153.0,30.5
2026-06-03 12:45:00,623.5,75.8,70.6,23.8
2026-06-03 12:50:00,518.1,68.9,119.5,21.5
2026-06-03 12:55:00,676.7,138.5,88.3,26.4
2026-06-03 13:00:00,612.7,64.4,121.9,26.4
2026-06-03 13:05:00,650.4,39.6,163.1,23.3
2026-06-03 13:10:00,583.0,52.8,75.6,8.5
2026-06-03 13:15:00,489.9,72.2,78.5,37.8
2026-06-03 13:20:00,614.3,33.6,158.0,35.6
2026-06-03 13:25:00,570.3,87.7,128.2,18.6
2026-06-03 13:30:00,490.6,68.2,119.5,22.9
2026-06-03 13:35:00,570.9,24.4,142.7,17.3
2026-06-03 13:40:00,679.1,81.1,163.9,12.7
2026-06-03 13:45:00,630.1,83.9,126.8,17.0
2026-06-03 13:50:00,614.0,102.3,119.7,26.1
2026-06-03 13:55:00,646.1,72.3,72.8,28.3
2026-06-03 14:00:00,442.6,72.3,97.7,17.6
2026-06-03 14:05:00,604.0,93.5,73.6,23.0
2026-06-03 14:10:00,569.7,77.4,120.8,27.4
2026-06-03 14:15:00,648.1,70.3,155.5,20.1
2026-06-03 14:20:00,566.4,71.3,109.5,29.2
2026-06-03 14:25:00,717.7,109.6,131.4,17.6
2026-06-03 14:30:00,554.8,71.9,141.9,41.4
2026-06-03 14:35:00,617.4,58.8,129.9,20.3
2026-06-03 14:40:00,695.4,72.6,117.8,22.6
2026-06-03 14:45:00,632.5,70.3,86.0,16.6
2026-06-03 14:50:00,575.6,100.1,137.9,8.8
2026-06-03 14:55:00,540.6,62.4,149.9,28.3
2026-06-03 15:00:00,740.8,98.3,120.7,15.3
2026-06-03 15:05:00,620.9,62.1,111.6,26.9
2026-06-03 15:10:00,531.5,121.1,140.3,20.5
2026-06-03 15:15:00,688.0,93.4,128.7,34.8
2026-06-03 15:20:00,622.7,96.6,160.4,24.8
2026-06-03 15:25:00,583.4,97.2,108.6,12.7
2026-06-03 15:30:00,630.8,64.0,138.7,26.1
2026-06-03 15:35:00,617.4,74.4,130.6,45.1
2026-06-03 15:40:00,453.0,102.0,121.2,23.5
2026-06-03 15:45:00,668.1,105.3,105.2,21.0
2026-06-03 15:50:00,518.6,81.3,138.9,30.0
2026-06-03 15:55:00,545.6,80.0,159.9,20.2
2026-06-03 16:00:00,601.3,92.8,70.1,25.6
2026-06-03 16:05:00,609.4,42.9,124.0,26.6
2026-06-03 16:10:00,685.2,118.3,134.7,16.9
2026-06-03 16:15:00,539.3,58.7,98.9,31.7
2026-06-03 16:20:00,701.0,127.6,131.1,33.9
2026-06-03 16:25:00,535.4,85.8,129.0,18.9
2026-06-03 16:30:00,447.6,110.2,138.1,31.1
2026-06-03 16:35:00,577.2,59.8,111.5,31.9
2026-06-03 16:40:00,606.8,88.2,87.0,24.9
2026-06-03 16:45:00,660.9,78.8,120.7,37.0
2026-06-03 16:50:00,621.9,64.9,152.6,38.1
2026-06-03 16:55:00,573.9,116.6,142.1,20.5
2026-06-03 17:00:00,629.0,104.5,87.2,28.8
2026-06-03 17:05:00,481.5,74.5,115.9,29.3
2026-06-03 17:10:00,617.7,30.5,117.3,32.2
2026-06-03 17:15:00,653.3,61.0,134.8,29.3
2026-06-03 17:20:00,617.0,100.5,117.5,32.6
2026-06-03 17:25:00,514.4,69.8,115.8,27.8
2026-06-03 17:30:00,708.2,79.9,105.5,44.0
2026-06-03 17:35:00,577.3,103.4,180.5,25.3
2026-06-03 17:40:00,653.5,102.5,75.7,17.8
2026-06-03 17:45:00,671.2,61.2,120.7,32.1
2026-06-03 17:50:00,602.5,66.0,123.3,22.9
2026-06-03 17:55:00,615.4,120.1,136.3,21.2
2026-06-03 18:00:00,610.6,71.4,109.9,25.0
2026-06-03 18:05:00,593.4,98.8,109.2,28.4
2026-06-03 18:10:00,562.0,67.5,133.3,20.0
2026-06-03 18:15:00,676.3,46.1,110.8,31.2
2026-06-03 18:20:00,469.5,51.1,103.2,21.4
2026-06-03 18:25:00,589.8,112.9,147.7,31.7
2026-06-03 18:30:00,646.7,71.6,94.5,25.5
2026-06-03 18:35:00,578.4,110.2,102.1,28.4
2026-06-03 18:40:00,518.1,119.4,128.9,16.0
2026-06-03 18:45:00,702.0,100.5,138.3,12.5
2026-06-03 18:50:00,604.2,140.6,114.0,29.2
2026-06-03 18:55:00,554.2,70.9,131.7,41.3
2026-06-03 19:00:00,615.6,80.6,125.2,19.5
2026-06-03 19:05:00,573.1,55.1,112.7,39.8
2026-06-03 19:10:00,571.1,58.5,95.6,29.0
2026-06-03 19:15:00,630.4,68.1,144.7,21.6
2026-06-03 19:20:00,571.7,56.8,95.2,22.7
2026-06-03 19:25:00,471.2,67.4,187.1,29.0
2026-06-03 19:30:00,639.3,73.2,107.0,37.5
2026-06-03 19:35:00,635.7,79.5,160.1,29.4
2026-06-03 19:40:00,601.0,105.2,147.3,25.2
2026-06-03 19:45:00,625.5,83.5,112.7,28.4
2026-06-03 19:50:00,621.0,109.7,145.8,17.2
2026-06-03 19:55:00,577.9,109.5,144.4,20.1
2026-06-03 20:00:00,517.2,76.3,111.6,27.9
2026-06-03 20:05:00,573.5,89.0,77.0,26.9
2026-06-03 20:10:00,702.5,72.2,82.2,25.0
2026-06-03 20:15:00,536.0,51.8,134.8,26.8
2026-06-03 20:20:00,606.1,102.2,119.5,23.7
2026-06-03 20:25:00,486.2,103.6,124.6,16.3
2026-06-03 20:30:00,594.8,99.1,145.1,18.0
2026-06-03 20:35:00,607.5,96.8,110.6,30.1
2026-06-03 20:40:00,763.6,74.0,138.8,38.5
2026-06-03 20:45:00,481.9,102.2,104.3,28.7
2026-06-03 20:50:00,590.9,120.6,122.3,18.0
2026-06-03 20:55:00,588.4,44.7,124.6,33.5
2026-06-03 21:00:00,588.1,68.1,93.3,25.6
2026-06-03 21:05:00,628.9,97.6,119.8,31.0
2026-06-03 21:10:00,675.0,141.0,141.3,26.0
2026-06-03 21:15:00,794.0,85.7,132.8,33.8
2026-06-03 21:20:00,606.1,68.5,156.4,31.6
2026-06-03 21:25:00,557.0,88.4,108.3,15.0
2026-06-03 21:30:00,663.6,75.9,157.8,32.0
2026-06-03 21:35:00,481.2,120.9,125.5,26.1
2026-06-03 21:40:00,614.3,91.5,108.1,24.3
2026-06-03 21:45:00,641.0,116.9,124.1,30.4
2026-06-03 21:50:00,651.0,76.5,102.1,29.0
2026-06-03 21:55:00,638.1,76.1,127.8,20.5
2026-06-03 22:00:00,568.3,32.8,79.0,28.6
2026-06-03 22:05:00,597.7,72.3,151.0,13.4
2026-06-03 22:10:00,635.9,75.3,103.9,32.3
2026-06-03 22:15:00,548.2,74.4,120.9,28.5
2026-06-03 22:20:00,547.0,77.8,150.0,29.1
2026-06-03 22:25:00,552.9,84.0,104.3,21.4
2026-06-03 22:30:00,627.2,99.7,136.9,49.9
2026-06-03 22:35:00,711.7,56.8,148.9,33.7
2026-06-03 22:40:00,577.1,84.1,123.5,23.7
2026-06-03 22:45:00,636.8,68.5,129.8,29.9
2026-06-03 22:50:00,561.8,75.2,152.7,29.5
2026-06-03 22:55:00,585.5,133.5,91.1,28.5
2026-06-03 23:00:00,593.2,109.7,149.9,5.0
2026-06-03 23:05:00,497.9,97.8,78.9,27.5
2026-06-03 23:10:00,546.9,94.9,107.0,33.4
2026-06-03 23:15:00,576.8,89.0,169.5,21.3
2026-06-03 23:20:00,610.5,69.6,144.1,13.0
2026-06-03 23:25:00,655.0,57.2,120.4,21.0
2026-06-03 23:30:00,660.7,79.2,171.5,26.1
2026-06-03 23:35:00,534.2,12.5,92.5,39.3
2026-06-03 23:40:00,653.9,77.9,133.2,26.9
2026-06-03 23:45:00,709.3,102.0,117.4,20.6
2026-06-03 23:50:00,576.1,80.2,120.6,33.7
2026-06-03 23:55:00,641.2,86.0,138.8,22.8
2026-06-04 00:00:00,694.6,95.3,136.1,14.3
2026-06-04 00:05:00,591.7,107.8,122.7,19.0
2026-06-04 00:10:00,633.2,81.4,138.9,30.2
2026-06-04 00:15:00,655.3,70.3,154.4,18.5
2026-06-04 00:20:00,570.8,69.6,128.6,33.2
2026-06-04 00:25:00,638.6,66.8,140.6,40.0
2026-06-04 00:30:00,644.9,97.8,125.5,36.4
2026-06-04 00:35:00,646.3,114.8,108.1,21.3
2026-06-04 00:40:00,729.0,58.2,121.3,15.5
2026-06-04 00:45:00,582.6,77.0,137.2,7.6
2026-06-04 00:50:00,625.3,91.5,76.0,21.9
2026-06-04 00:55:00,666.7,79.4,127.7,8.6
2026-06-04 01:00:00,655.7,91.6,137.3,28.1
2026-06-04 01:05:00,651.6,62.5,122.5,37.6
2026-06-04 01:10:00,575.4,40.0,96.1,27.9
2026-06-04 01:15:00,620.1,106.6,137.8,21.1
2026-06-04 01:20:00,530.1,103.9,104.1,35.4
2026-06-04 01:25:00,504.9,93.7,162.6,20.6
2026-06-04 01:30:00,706.2,115.0,146.5,22.3
2026-06-04 01:35:00,594.4,75.2,126.4,23.9
2026-06-04 01:40:00,643.7,117.5,113.4,18.2
2026-06-04 01:45:00,567.5,98.3,83.6,24.7
2026-06-04 01:50:00,629.3,74.4,165.6,33.8
2026-06-04 01:55:00,626.4,55.4,105.2,25.4
2026-06-04 02:00:00,556.6,46.7,161.4,14.2
2026-06-04 02:05:00,692.0,83.8,64.8,26.2
2026-06-04 02:10:00,488.7,64.1,118.2,28.7
2026-06-04 02:15:00,544.1,74.0,105.7,22.3
2026-06-04 02:20:00,542.8,78.1,95.6,24.0
2026-06-04 02:25:00,639.3,94.5,128.1,34.6
2026-06-04 02:30:00,536.5,86.8,160.9,22.7
2026-06-04 02:35:00,467.0,94.7,110.0,27.8
2026-06-04 02:40:00,535.0,102.1,125.6,27.0
2026-06-04 02:45:00,630.6,121.6,101.0,12.5
2026-06-04 02:50:00,546.5,24.7,97.2,15.9
2026-06-04 02:55:00,475.0,96.1,66.0,24.1
2026-06-04 03:00:00,542.6,85.9,102.9,30.3
2026-06-04 03:05:00,526.8,83.3,114.2,38.7
2026-06-04 03:10:00,538.5,34.2,84.1,12.5
2026-06-04 03:15:00,604.2,85.9,167.0,13.4
2026-06-04 03:20:00,555.4,75.2,132.4,24.4
2026-06-04 03:25:00,487.8,90.0,138.2,29.8
2026-06-04 03:30:00,576.7,119.9,83.0,17.6
2026-06-04 03:35:00,674.9,72.3,131.2,27.9
2026-06-04 03:40:00,626.8,93.7,158.2,32.0
2026-06-04 03:45:00,516.2,40.2,118.0,31.5
2026-06-04 03:50:00,523.5,93.7,128.7,42.9
2026-06-04 03:55:00,564.0,101.3,113.7,20.1
2026-06-04 04:00:00,599.9,79.4,131.1,6.1
2026-06-04 04:05:00,608.9,101.4,120.2,19.4
2026-06-04 04:10:00,537.7,88.3,112.9,33.1
2026-06-04 04:15:00,500.8,38.2,130.1,34.1
2026-06-04 04:20:00,781.5,113.6,119.8,12.0
2026-06-04 04:25:00,582.8,51.9,128.4,36.9
2026-06-04 04:30:00,585.2,107.9,118.2,12.3
2026-06-04 04:35:00,628.4,97.0,147.2,22.2
2026-06-04 04:40:00,595.7,90.4,167.2,29.2
2026-06-04 04:45:00,567.3,129.0,126.6,21.9
2026-06-04 04:50:00,570.0,96.4,133.1,29.2
2026-06-04 04:55:00,516.6,98.2,109.9,21.6
2026-06-04 05:00:00,610.0,85.2,136.1,26.4
2026-06-04 05:05:00,646.4,59.0,81.0,14.6
2026-06-04 05:10:00,629.9,62.0,133.2,37.7
2026-06-04 05:15:00,655.8,126.4,96.9,23.8
2026-06-04 05:20:00,533.7,115.6,154.2,22.5
2026-06-04 05:25:00,520.1,76.4,140.9,29.0
2026-06-04 05:30:00,629.5,53.5,116.5,14.5
2026-06-04 05:35:00,639.9,133.0,135.5,23.5
2026-06-04 05:40:00,764.2,102.0,167.7,15.2
2026-06-04 05:45:00,695.1,105.6,117.7,18.9
2026-06-04 05:50:00,590.9,125.7,128.3,24.5
2026-06-04 05:55:00,621.9,105.1,132.5,28.9
2026-06-04 06:00:00,624.9,122.2,134.4,20.9
2026-06-04 06:05:00,585.4,100.7,112.3,22.6
2026-06-04 06:10:00,638.2,64.3,141.1,30.9
2026-06-04 06:15:00,642.4,73.3,120.4,22.8
2026-06-04 06:20:00,515.0,101.3,124.7,19.1
2026-06-04 06:25:00,644.8,92.9,106.1,28.4
2026-06-04 06:30:00,675.8,96.3,146.7,25.2
2026-06-04 06:35:00,548.9,72.9,98.0,24.2
2026-06-04 06:40:00,675.6,46.4,83.3,34.3
2026-06-04 06:45:00,718.8,80.5,67.9,21.5
2026-06-04 06:50:00,685.3,26.1,140.3,30.4
2026-06-04 06:55:00,567.7,42.3,107.9,7.2
2026-06-04 07:00:00,628.7,100.1,104.9,22.6
2026-06-04 07:05:00,531.4,67.5,120.7,25.4
2026-06-04 07:10:00,669.4,78.0,89.6,23.8
2026-06-04 07:15:00,535.5,91.8,129.2,19.1
2026-06-04 07:20:00,501.3,72.7,176.7,12.8
2026-06-04 07:25:00,601.4,95.4,138.1,20.2
2026-06-04 07:30:00,620.5,95.2,130.1,20.9
2026-06-04 07:35:00,618.8,52.8,142.6,26.6
2026-06-04 07:40:00,619.2,65.7,181.8,33.0
2026-06-04 07:45:00,570.8,101.3,110.2,16.3
2026-06-04 07:50:00,612.6,71.3,110.4,27.5
2026-06-04 07:55:00,644.1,98.4,106.2,20.3
2026-06-04 08:00:00,540.6,79.9,83.0,30.5
2026-06-04 08:05:00,535.9,84.2,123.8,33.0
2026-06-04 08:10:00,588.6,102.0,120.8,30.3
2026-06-04 08:15:00,537.3,51.6,127.8,29.2
2026-06-04 08:20:00,604.0,83.3,94.2,7.2
2026-06-04 08:25:00,534.7,36.0,72.5,21.0
2026-06-04 08:30:00,558.6,84.2,70.9,32.2
2026-06-04 08:35:00,640.1,59.5,127.8,39.4
2026-06-04 08:40:00,493.3,65.3,129.1,32.0
2026-06-04 08:45:00,713.2,103.6,163.6,29.7
2026-06-04 08:50:00,612.6,56.8,149.3,25.7
2026-06-04 08:55:00,639.4,69.2,86.8,21.4
2026-06-04 09:00:00,521.0,100.2,92.6,37.1
2026-06-04 09:05:00,614.2,96.8,132.9,29.2
2026-06-04 09:10:00,627.4,85.7,120.9,23.4
2026-06-04 09:15:00,722.4,76.9,144.5,27.4
2026-06-04 09:20:00,581.9,84.4,154.4,27.1
2026-06-04 09:25:00,607.2,69.4,129.6,28.3
2026-06-04 09:30:00,613.7,89.4,121.6,31.0
2026-06-04 09:35:00,678.7,78.9,94.6,15.4
2026-06-04 09:40:00,633.1,88.5,95.5,15.5
2026-06-04 09:45:00,561.6,80.7,136.2,34.6
2026-06-04 09:50:00,513.4,45.2,89.3,19.1
2026-06-04 09:55:00,665.6,143.7,110.6,23.2
2026-06-04 10:00:00,608.6,88.8,91.3,28.3
2026-06-04 10:05:00,614.2,72.2,95.2,25.2
2026-06-04 10:10:00,737.8,77.4,115.5,26.2
2026-06-04 10:15:00,536.2,94.9,112.8,20.3
2026-06-04 10:20:00,627.0,73.6,134.9,38.4
2026-06-04 10:25:00,656.4,94.0,151.2,30.6
2026-06-04 10:30:00,659.2,87.0,114.0,25.3
2026-06-04 10:35:00,462.5,92.3,89.8,44.6
2026-06-04 10:40:00,665.5,90.6,111.6,20.0
2026-06-04 10:45:00,625.6,118.4,143.9,29.1
2026-06-04 10:50:00,715.3,82.3,95.3,26.5
2026-06-04 10:55:00,541.1,70.4,93.3,28.0
2026-06-04 11:00:00,594.2,64.6,84.2,27.4
2026-06-04 11:05:00,662.3,82.9,155.1,47.1
2026-06-04 11:10:00,611.7,76.4,63.1,28.1
2026-06-04 11:15:00,634.1,121.0,92.9,28.7
2026-06-04 11:20:00,627.2,115.9,92.3,18.1
2026-06-04 11:25:00,504.9,41.8,110.5,21.6
2026-06-04 11:30:00,619.1,103.7,104.1,29.0
2026-06-04 11:35:00,597.8,48.1,123.3,22.7
2026-06-04 11:40:00,573.3,59.5,106.5,30.3
2026-06-04 11:45:00,522.2,89.5,95.1,23.6
2026-06-04 11:50:00,537.5,64.4,108.3,19.8
2026-06-04 11:55:00,526.3,60.3,89.4,11.6
2026-06-04 12:00:00,627.7,85.4,145.7,35.4
2026-06-04 12:05:00,617.8,113.6,153.7,22.5
2026-06-04 12:10:00,546.9,95.3,73.9,23.2
2026-06-04 12:15:00,693.0,82.5,131.6,31.9
2026-06-04 12:20:00,552.1,95.5,122.4,20.2
2026-06-04 12:25:00,610.9,51.8,122.3,38.2
2026-06-04 12:30:00,715.9,88.3,107.3,28.5
2026-06-04 12:35:00,578.9,74.0,102.3,34.6
2026-06-04 12:40:00,660.3,95.6,143.5,32.4
2026-06-04 12:45:00,485.3,54.9,144.0,31.3
2026-06-04 12:50:00,519.1,92.4,122.9,21.2
2026-06-04 12:55:00,694.8,80.2,80.2,16.5
2026-06-04 13:00:00,539.0,123.5,121.6,32.8
2026-06-04 13:05:00,629.5,74.0,109.8,12.6
2026-06-04 13:10:00,570.3,121.7,118.4,14.7
2026-06-04 13:15:00,581.2,107.9,123.2,23.0
2026-06-04 13:20:00,561.4,114.1,117.2,22.8
2026-06-04 13:25:00,738.6,64.1,144.7,15.2
2026-06-04 13:30:00,622.4,104.1,103.4,23.5
2026-06-04 13:35:00,619.5,57.7,144.4,24.1
2026-06-04 13:40:00,574.7,46.0,111.2,22.0
2026-06-04 13:45:00,638.7,69.9,140.1,26.4
2026-06-04 13:50:00,629.0,72.6,142.6,6.3
2026-06-04 13:55:00,589.1,28.8,130.5,32.1
2026-06-04 14:00:00,599.0,128.1,105.3,39.2
2026-06-04 14:05:00,535.0,71.2,74.5,23.5
2026-06-04 14:10:00,409.5,99.5,131.8,25.6
2026-06-04 14:15:00,590.2,125.7,109.4,22.6
2026-06-04 14:20:00,568.6,91.1,122.4,29.1
2026-06-04 14:25:00,594.6,47.1,144.3,31.7
2026-06-04 14:30:00,510.4,117.4,102.6,15.9
2026-06-04 14:35:00,695.3,87.3,123.3,21.2
2026-06-04 14:40:00,537.7,100.8,79.4,17.9
2026-06-04 14:45:00,581.4,27.9,129.2,36.1
2026-06-04 14:50:00,575.1,80.4,104.7,25.0
2026-06-04 14:55:00,589.8,84.2,62.7,22.6
2026-06-04 15:00:00,582.6,66.8,130.7,30.2
2026-06-04 15:05:00,579.2,99.6,185.7,22.0
2026-06-04 15:10:00,687.6,63.8,119.2,19.9
2026-06-04 15:15:00,534.2,83.0,93.3,12.4
2026-06-04 15:20:00,642.8,83.1,135.8,35.2
2026-06-04 15:25:00,619.4,97.7,110.6,28.2
2026-06-04 15:30:00,528.8,75.4,131.3,21.3
2026-06-04 15:35:00,635.9,77.0,95.2,43.3
2026-06-04 15:40:00,694.5,57.3,81.6,29.7
2026-06-04 15:45:00,611.6,70.6,128.3,19.2
2026-06-04 15:50:00,544.9,48.1,105.7,40.3
2026-06-04 15:55:00,512.7,91.3,102.8,23.7
2026-06-04 16:00:00,645.9,92.7,144.1,22.2
2026-06-04 16:05:00,723.5,45.3,108.3,24.7
2026-06-04 16:10:00,517.2,54.9,130.9,28.5
2026-06-04 16:15:00,659.4,104.3,106.0,21.8
2026-06-04 16:20:00,665.3,73.0,150.1,39.5
2026-06-04 16:25:00,722.6,54.2,163.7,23.0
2026-06-04 16:30:00,623.6,51.0,137.0,21.9
2026-06-04 16:35:00,458.7,108.4,96.1,16.2
2026-06-04 16:40:00,498.4,72.9,140.5,26.0
2026-06-04 16:45:00,427.5,99.9,119.9,9.1
2026-06-04 16:50:00,632.9,115.4,130.9,16.8
2026-06-04 16:55:00,625.0,65.8,111.5,27.8
2026-06-04 17:00:00,597.8,104.1,109.8,26.2
2026-06-04 17:05:00,485.9,92.4,126.1,27.2
2026-06-04 17:10:00,539.9,102.5,167.2,24.3
2026-06-04 17:15:00,586.7,76.3,127.4,19.3
2026-06-04 17:20:00,547.5,75.9,114.6,5.0
2026-06-04 17:25:00,444.9,75.8,103.0,25.4
2026-06-04 17:30:00,484.1,78.3,111.3,10.0
2026-06-04 17:35:00,597.9,62.1,158.8,15.2
2026-06-04 17:40:00,568.3,86.8,107.6,27.8
2026-06-04 17:45:00,611.7,57.6,109.5,28.5
2026-06-04 17:50:00,583.3,97.8,91.5,29.5
2026-06-04 17:55:00,568.8,99.5,138.5,20.1
2026-06-04 18:00:00,553.0,67.0,134.5,22.6
2026-06-04 18:05:00,678.0,71.3,153.8,25.9
2026-06-04 18:10:00,610.9,72.8,138.9,25.7
2026-06-04 18:15:00,608.4,85.4,116.7,25.0
2026-06-04 18:20:00,599.4,99.8,157.5,16.9
2026-06-04 18:25:00,522.7,87.1,152.8,20.3
2026-06-04 18:30:00,641.5,74.5,123.3,27.9
2026-06-04 18:35:00,560.8,86.9,130.0,30.2
2026-06-04 18:40:00,691.6,71.5,79.0,26.9
2026-06-04 18:45:00,630.8,54.1,127.3,26.9
2026-06-04 18:50:00,537.5,29.7,122.6,41.3
2026-06-04 18:55:00,726.7,47.7,118.3,36.0
2026-06-04 19:00:00,628.1,39.9,131.7,21.4
2026-06-04 19:05:00,573.6,95.2,96.9,40.5
2026-06-04 19:10:00,564.8,55.1,177.9,31.9
2026-06-04 19:15:00,663.2,57.5,138.9,38.4
2026-06-04 19:20:00,681.2,100.8,137.7,30.5
2026-06-04 19:25:00,521.0,66.1,137.7,19.4
2026-06-04 19:30:00,602.4,93.9,144.8,30.0
2026-06-04 19:35:00,694.4,74.7,123.2,21.6
2026-06-04 19:40:00,589.9,62.8,105.6,31.6
2026-06-04 19:45:00,613.1,70.1,81.1,13.2
2026-06-04 19:50:00,651.0,32.2,146.7,28.0
2026-06-04 19:55:00,612.8,67.5,134.3,28.1
2026-06-04 20:00:00,528.9,73.9,89.2,34.0
2026-06-04 20:05:00,576.4,89.5,87.5,32.7
2026-06-04 20:10:00,685.8,59.7,74.7,21.8
2026-06-04 20:15:00,646.8,88.9,112.5,20.7
2026-06-04 20:20:00,633.5,81.0,149.0,19.8
2026-06-04 20:25:00,558.5,75.0,83.2,22.9
2026-06-04 20:30:00,554.5,70.5,122.0,23.3
2026-06-04 20:35:00,644.1,89.5,82.1,32.7
2026-06-04 20:40:00,637.4,64.1,83.7,9.7
2026-06-04 20:45:00,570.7,39.9,102.9,13.2
2026-06-04 20:50:00,543.3,63.2,165.2,13.7
2026-06-04 20:55:00,645.2,92.9,100.0,24.0
2026-06-04 21:00:00,607.2,49.6,84.9,29.7
2026-06-04 21:05:00,708.3,104.4,106.4,27.8
2026-06-04 21:10:00,615.2,90.5,106.8,17.3
2026-06-04 21:15:00,556.3,15.6,113.8,32.5
2026-06-04 21:20:00,607.6,64.4,103.3,34.0
2026-06-04 21:25:00,665.1,111.8,105.9,31.1
2026-06-04 21:30:00,644.8,101.6,130.0,21.3
2026-06-04 21:35:00,615.7,97.8,119.2,24.9
2026-06-04 21:40:00,603.9,96.5,95.0,33.1
2026-06-04 21:45:00,532.6,70.6,134.4,24.7
2026-06-04 21:50:00,487.4,67.9,175.3,26.1
2026-06-04 21:55:00,568.3,113.7,130.3,28.1
2026-06-04 22:00:00,499.0,101.0,149.5,23.5
2026-06-04 22:05:00,551.5,102.6,106.3,21.1
2026-06-04 22:10:00,717.9,63.5,122.0,28.4
2026-06-04 22:15:00,455.2,92.5,92.2,30.6
2026-06-04 22:20:00,606.4,88.4,60.2,15.0
2026-06-04 22:25:00,567.6,102.7,101.8,24.7
2026-06-04 22:30:00,474.3,67.7,109.2,17.8
2026-06-04 22:35:00,630.3,85.6,91.1,24.7
2026-06-04 22:40:00,626.4,102.8,114.5,35.5
2026-06-04 22:45:00,646.0,76.6,89.1,29.3
2026-06-04 22:50:00,656.4,83.1,167.1,23.6
2026-06-04 22:55:00,535.8,95.4,88.2,41.6
2026-06-04 23:00:00,615.1,98.6,98.5,11.5
2026-06-04 23:05:00,619.5,49.2,104.1,20.6
2026-06-04 23:10:00,596.0,114.3,143.2,26.2
2026-06-04 23:15:00,515.1,112.3,137.4,17.1
2026-06-04 23:20:00,465.7,83.3,120.8,13.5
2026-06-04 23:25:00,498.3,68.2,103.7,33.1
2026-06-04 23:30:00,720.5,114.3,52.1,37.8
2026-06-04 23:35:00,612.3,117.3,98.1,20.1
2026-06-04 23:40:00,437.0,49.8,120.9,43.2
2026-06-04 23:45:00,547.7,72.1,109.7,5.8
2026-06-04 23:50:00,501.1,81.3,147.5,25.9
2026-06-04 23:55:00,583.3,129.5,131.9,16.0
2026-06-05 00:00:00,619.8,95.3,102.7,24.8
2026-06-05 00:05:00,665.9,73.9,136.8,25.6
2026-06-05 00:10:00,563.3,92.8,82.8,24.2
2026-06-05 00:15:00,629.4,83.7,126.8,14.8
2026-06-05 00:20:00,539.8,64.9,144.5,26.0
2026-06-05 00:25:00,630.4,85.8,134.2,25.0
2026-06-05 00:30:00,775.6,95.5,105.2,26.8
2026-06-05 00:35:00,628.0,101.8,139.9,13.3
2026-06-05 00:40:00,537.3,84.6,76.2,35.9
2026-06-05 00:45:00,610.0,64.8,91.0,19.4
2026-06-05 00:50:00,642.0,67.6,96.1,27.9
2026-06-05 00:55:00,630.2,66.5,74.4,29.1
2026-06-05 01:00:00,605.1,97.8,146.1,29.3
2026-06-05 01:05:00,576.1,77.6,157.0,16.2
2026-06-05 01:10:00,629.0,65.0,114.6,9.2
2026-06-05 01:15:00,611.2,47.7,150.4,38.6
2026-06-05 01:20:00,573.8,87.3,94.5,34.2
2026-06-05 01:25:00,550.4,98.6,108.8,38.5
2026-06-05 01:30:00,574.3,110.0,110.4,25.2
2026-06-05 01:35:00,609.5,113.0,91.8,31.8
2026-06-05 01:40:00,663.6,99.9,132.2,17.3
2026-06-05 01:45:00,686.1,99.3,117.7,27.8
2026-06-05 01:50:00,641.7,75.5,107.6,25.1
2026-06-05 01:55:00,643.3,108.5,122.0,27.3
2026-06-05 02:00:00,734.6,57.1,142.1,24.7
2026-06-05 02:05:00,564.6,93.8,110.0,33.1
2026-06-05 02:10:00,392.2,108.5,176.1,17.5
2026-06-05 02:15:00,608.1,114.2,137.4,21.7
2026-06-05 02:20:00,628.6,73.2,127.6,25.3
2026-06-05 02:25:00,648.9,55.6,121.9,31.2
2026-06-05 02:30:00,611.3,52.0,166.8,29.3
2026-06-05 02:35:00,654.7,78.0,128.0,35.4
2026-06-05 02:40:00,598.4,65.3,117.0,38.8
2026-06-05 02:45:00,536.3,87.6,97.4,30.6
2026-06-05 02:50:00,517.3,35.8,128.1,27.0
2026-06-05 02:55:00,586.9,90.3,134.3,15.8
2026-06-05 03:00:00,681.4,55.1,162.9,12.6
2026-06-05 03:05:00,543.6,93.3,114.9,13.4
2026-06-05 03:10:00,520.3,69.1,125.8,16.8
2026-06-05 03:15:00,596.5,86.8,112.8,30.0
2026-06-05 03:20:00,536.9,78.5,134.6,13.8
2026-06-05 03:25:00,612.2,43.0,136.0,36.0
2026-06-05 03:30:00,579.0,86.3,106.8,25.2
2026-06-05 03:35:00,528.9,41.6,121.4,15.7
2026-06-05 03:40:00,677.6,73.2,122.5,37.5
2026-06-05 03:45:00,688.3,96.6,128.1,35.4
2026-06-05 03:50:00,549.2,86.7,146.0,32.6
2026-06-05 03:55:00,618.6,67.7,158.0,25.8
2026-06-05 04:00:00,606.4,87.5,84.2,29.9
2026-06-05 04:05:00,597.1,56.0,143.6,10.9
2026-06-05 04:10:00,597.7,77.7,96.4,19.7
2026-06-05 04:15:00,603.4,97.3,134.3,20.2
2026-06-05 04:20:00,520.7,90.6,127.7,10.8
2026-06-05 04:25:00,420.1,76.5,104.3,23.8
2026-06-05 04:30:00,746.4,63.9,158.3,27.2
2026-06-05 04:35:00,557.5,96.4,108.5,17.9
2026-06-05 04:40:00,504.6,68.8,144.6,23.2
2026-06-05 04:45:00,631.9,47.2,120.9,20.9
2026-06-05 04:50:00,629.6,103.5,79.1,14.9
2026-06-05 04:55:00,653.4,34.4,116.9,29.5
2026-06-05 05:00:00,652.5,73.5,136.9,32.6
2026-06-05 05:05:00,380.2,88.5,112.4,31.5
2026-06-05 05:10:00,537.3,86.3,96.8,24.9
2026-06-05 05:15:00,705.4,95.1,135.1,17.3
2026-06-05 05:20:00,587.6,114.9,113.4,22.1
2026-06-05 05:25:00,630.7,111.2,117.9,31.5
2026-06-05 05:30:00,511.8,69.5,87.1,27.8
2026-06-05 05:35:00,644.9,84.0,156.5,15.8
2026-06-05 05:40:00,444.2,77.4,159.4,26.0
2026-06-05 05:45:00,532.5,95.4,109.2,24.7
2026-06-05 05:50:00,684.6,95.2,102.3,22.2
2026-06-05 05:55:00,640.3,87.9,179.9,25.2
2026-06-05 06:00:00,638.8,96.9,126.7,18.3
2026-06-05 06:05:00,606.4,44.9,99.6,32.6
2026-06-05 06:10:00,519.0,82.6,126.5,27.0
2026-06-05 06:15:00,542.6,76.8,120.8,33.3
2026-06-05 06:20:00,558.3,70.8,149.6,14.0
2026-06-05 06:25:00,593.9,70.5,177.7,25.5
2026-06-05 06:30:00,524.8,80.2,119.2,39.1
2026-06-05 06:35:00,692.2,64.5,137.6,19.8
2026-06-05 06:40:00,599.5,44.7,108.8,33.4
2026-06-05 06:45:00,682.0,104.6,88.5,26.2
2026-06-05 06:50:00,611.6,74.5,121.6,33.7
2026-06-05 06:55:00,577.4,36.0,73.4,21.0
2026-06-05 07:00:00,569.9,68.6,183.6,35.7
2026-06-05 07:05:00,531.6,36.6,146.1,29.5
2026-06-05 07:10:00,604.3,66.9,128.0,17.3
2026-06-05 07:15:00,689.2,19.3,75.6,31.8
2026-06-05 07:20:00,636.0,59.6,122.6,34.1
2026-06-05 07:25:00,631.8,80.5,84.6,35.3
2026-06-05 07:30:00,496.0,53.3,139.4,14.7
2026-06-05 07:35:00,582.8,65.0,150.3,26.7
2026-06-05 07:40:00,610.3,121.9,121.1,42.9
2026-06-05 07:45:00,615.3,56.8,79.1,27.8
2026-06-05 07:50:00,552.9,77.8,81.5,9.3
2026-06-05 07:55:00,569.4,78.1,78.9,29.8
2026-06-05 08:00:00,638.5,92.2,100.0,32.6
2026-06-05 08:05:00,553.9,74.8,90.1,36.1
2026-06-05 08:10:00,606.2,90.5,104.7,20.2
2026-06-05 08:15:00,625.8,98.0,156.8,14.4
2026-06-05 08:20:00,663.3,81.5,104.5,34.4
2026-06-05 08:25:00,721.0,107.1,103.2,24.2
2026-06-05 08:30:00,564.6,92.5,122.9,23.3
2026-06-05 08:35:00,529.0,82.6,136.2,18.0
2026-06-05 08:40:00,638.7,57.0,147.7,27.2
2026-06-05 08:45:00,552.7,80.5,166.6,19.9
2026-06-05 08:50:00,632.5,89.5,102.5,12.0
2026-06-05 08:55:00,584.0,73.4,115.2,19.2
2026-06-05 09:00:00,594.3,88.1,69.9,19.5
2026-06-05 09:05:00,600.1,58.8,90.2,11.6
2026-06-05 09:10:00,517.5,97.9,113.1,23.2
2026-06-05 09:15:00,483.8,71.1,101.4,16.2
2026-06-05 09:20:00,679.0,120.2,99.0,22.8
2026-06-05 09:25:00,544.5,85.6,95.6,28.7
2026-06-05 09:30:00,592.7,74.6,141.2,29.8
2026-06-05 09:35:00,581.6,79.8,84.0,12.6
2026-06-05 09:40:00,614.8,79.4,157.3,32.6
2026-06-05 09:45:00,706.4,80.8,92.4,38.6
2026-06-05 09:50:00,597.2,116.0,158.4,29.0
2026-06-05 09:55:00,574.4,67.7,85.4,37.9
2026-06-05 10:00:00,573.8,92.8,87.8,28.4
2026-06-05 10:05:00,617.1,84.3,125.1,24.6
2026-06-05 10:10:00,558.9,64.0,119.1,21.0
2026-06-05 10:15:00,631.9,70.6,139.9,30.7
2026-06-05 10:20:00,595.4,58.1,96.0,14.5
2026-06-05 10:25:00,655.6,73.6,110.7,30.0
2026-06-05 10:30:00,561.2,50.6,119.0,38.0
2026-06-05 10:35:00,588.6,55.9,133.4,29.0
2026-06-05 10:40:00,617.2,35.5,131.4,10.0
2026-06-05 10:45:00,536.6,86.7,139.8,22.4
2026-06-05 10:50:00,493.8,68.8,151.9,32.1
2026-06-05 10:55:00,539.6,79.4,116.9,21.9
2026-06-05 11:00:00,612.2,71.1,156.9,30.5
2026-06-05 11:05:00,538.5,94.4,116.1,13.6
2026-06-05 11:10:00,552.0,59.3,123.2,9.1
2026-06-05 11:15:00,707.3,95.5,129.0,25.2
2026-06-05 11:20:00,667.1,37.6,121.4,7.6
2026-06-05 11:25:00,528.4,72.7,138.4,34.7
2026-06-05 11:30:00,643.7,87.9,128.8,18.9
2026-06-05 11:35:00,518.2,111.8,82.9,27.8
2026-06-05 11:40:00,716.4,121.1,78.2,35.1
2026-06-05 11:45:00,629.2,29.2,128.2,25.3
2026-06-05 11:50:00,569.1,101.6,98.3,18.3
2026-06-05 11:55:00,656.0,54.8,131.7,19.5
2026-06-05 12:00:00,569.1,135.7,78.9,27.3
2026-06-05 12:05:00,580.0,69.9,117.8,18.0
2026-06-05 12:10:00,608.4,107.7,101.8,23.7
2026-06-05 12:15:00,523.3,59.9,132.2,25.5
2026-06-05 12:20:00,529.0,69.2,90.8,21.8
2026-06-05 12:25:00,685.9,81.5,133.4,8.7
2026-06-05 12:30:00,616.4,64.9,146.6,27.2
2026-06-05 12:35:00,581.9,86.0,131.4,29.4
2026-06-05 12:40:00,534.9,57.9,127.7,17.5
2026-06-05 12:45:00,672.6,65.3,143.9,27.6
2026-06-05 12:50:00,684.8,106.2,140.7,21.0
2026-06-05 12:55:00,663.3,79.2,73.5,11.0
2026-06-05 13:00:00,550.4,86.2,146.9,20.5
2026-06-05 13:05:00,618.5,78.3,158.4,10.7
2026-06-05 13:10:00,646.3,75.1,134.5,26.5
2026-06-05 13:15:00,647.8,77.3,85.5,30.9
2026-06-05 13:20:00,613.5,93.8,89.1,47.6
2026-06-05 13:25:00,716.2,54.4,64.2,36.1
2026-06-05 13:30:00,572.1,68.3,146.1,34.7
2026-06-05 13:35:00,580.9,104.1,152.5,10.9
2026-06-05 13:40:00,529.9,69.8,131.1,27.4
2026-06-05 13:45:00,633.1,22.3,139.8,28.7
2026-06-05 13:50:00,635.0,97.7,112.2,20.9
2026-06-05 13:55:00,562.5,76.1,133.2,13.1
2026-06-05 14:00:00,573.1,97.6,119.1,28.5
2026-06-05 14:05:00,742.6,77.7,126.6,10.3
2026-06-05 14:10:00,523.4,89.6,125.8,22.3
2026-06-05 14:15:00,632.3,95.6,136.9,29.3
2026-06-05 14:20:00,683.6,63.7,97.3,27.6
2026-06-05 14:25:00,518.4,59.4,89.2,27.2
2026-06-05 14:30:00,542.0,64.3,155.9,23.3
2026-06-05 14:35:00,577.7,87.9,146.8,19.1
2026-06-05 14:40:00,619.7,65.9,136.0,20.9
2026-06-05 14:45:00,606.0,90.9,121.8,5.0
2026-06-05 14:50:00,586.5,72.9,94.9,16.0
2026-06-05 14:55:00,588.0,66.9,131.5,31.3
2026-06-05 15:00:00,628.0,84.6,97.2,24.4
2026-06-05 15:05:00,445.8,68.9,145.9,34.6
2026-06-05 15:10:00,587.8,102.3,88.6,22.0
2026-06-05 15:15:00,533.9,108.1,120.0,41.2
2026-06-05 15:20:00,600.3,58.3,136.2,23.6
2026-06-05 15:25:00,505.1,85.6,130.4,35.4
2026-06-05 15:30:00,797.4,94.4,144.0,32.1
2026-06-05 15:35:00,535.2,64.3,96.7,29.0
2026-06-05 15:40:00,609.2,105.5,135.1,35.8
2026-06-05 15:45:00,641.1,58.2,112.0,35.3
2026-06-05 15:50:00,504.8,90.9,123.6,23.4
2026-06-05 15:55:00,535.4,50.9,73.3,23.7
2026-06-05 16:00:00,739.9,92.4,146.4,28.7
2026-06-05 16:05:00,653.9,53.9,95.0,38.1
2026-06-05 16:10:00,648.7,36.8,127.9,29.5
2026-06-05 16:15:00,617.9,103.3,153.7,37.7
2026-06-05 16:20:00,632.3,89.7,175.2,28.0
2026-06-05 16:25:00,535.8,82.6,139.3,19.7
2026-06-05 16:30:00,537.8,71.8,134.0,13.8
2026-06-05 16:35:00,639.4,91.8,141.7,30.1
2026-06-05 16:40:00,558.4,51.9,107.8,20.7
2026-06-05 16:45:00,708.1,75.9,120.1,30.9
2026-06-05 16:50:00,628.5,77.0,141.6,26.6
2026-06-05 16:55:00,622.2,124.2,114.7,21.4
2026-06-05 17:00:00,643.1,33.3,73.0,17.5
2026-06-05 17:05:00,633.2,35.3,151.0,21.1
2026-06-05 17:10:00,668.6,97.1,137.8,16.3
2026-06-05 17:15:00,614.1,51.3,91.1,17.4
2026-06-05 17:20:00,573.9,80.2,90.8,5.0
2026-06-05 17:25:00,591.8,68.2,128.1,7.0
2026-06-05 17:30:00,606.5,75.9,210.0,26.1
2026-06-05 17:35:00,579.1,64.5,121.5,41.1
2026-06-05 17:40:00,631.1,69.1,105.8,26.9
2026-06-05 17:45:00,627.6,78.0,74.8,26.6
2026-06-05 17:50:00,699.5,62.6,129.0,34.4
2026-06-05 17:55:00,587.5,78.6,136.9,26.4
2026-06-05 18:00:00,580.6,75.1,111.3,26.2
2026-06-05 18:05:00,669.4,68.9,115.9,14.0
2026-06-05 18:10:00,595.1,95.9,112.5,24.8
2026-06-05 18:15:00,563.4,97.9,95.0,20.3
2026-06-05 18:20:00,679.7,80.6,95.8,23.9
2026-06-05 18:25:00,574.1,93.5,51.2,20.9
2026-06-05 18:30:00,576.5,87.3,93.1,20.9
2026-06-05 18:35:00,574.2,75.2,129.8,23.3
2026-06-05 18:40:00,523.4,138.1,96.4,26.3
2026-06-05 18:45:00,533.1,95.7,130.5,17.3
2026-06-05 18:50:00,650.3,104.8,77.1,22.8
2026-06-05 18:55:00,696.1,84.7,129.3,24.2
2026-06-05 19:00:00,676.2,53.3,104.7,26.2
2026-06-05 19:05:00,656.6,91.2,103.6,34.3
2026-06-05 19:10:00,617.2,94.9,152.7,33.4
2026-06-05 19:15:00,661.5,98.3,61.5,33.7
2026-06-05 19:20:00,458.9,69.7,133.8,31.0
2026-06-05 19:25:00,561.8,155.1,139.7,47.4
2026-06-05 19:30:00,584.5,94.7,112.0,26.3
2026-06-05 19:35:00,516.6,111.4,84.6,16.9
2026-06-05 19:40:00,636.5,85.2,121.7,39.5
2026-06-05 19:45:00,692.1,61.8,108.5,26.3
2026-06-05 19:50:00,665.8,60.2,145.8,38.6
2026-06-05 19:55:00,687.2,93.6,141.7,23.7
2026-06-05 20:00:00,665.0,49.9,120.0,37.7
2026-06-05 20:05:00,559.5,70.8,93.3,44.4
2026-06-05 20:10:00,475.9,47.4,117.0,13.6
2026-06-05 20:15:00,570.2,103.6,123.7,18.1
2026-06-05 20:20:00,609.4,54.9,116.6,31.2
2026-06-05 20:25:00,530.2,118.9,114.0,32.8
2026-06-05 20:30:00,689.2,140.6,104.8,26.1
2026-06-05 20:35:00,624.2,100.9,88.4,26.5
2026-06-05 20:40:00,586.9,101.0,114.1,18.9
2026-06-05 20:45:00,505.9,88.9,123.4,34.9
2026-06-05 20:50:00,578.3,83.1,121.9,35.0
2026-06-05 20:55:00,540.0,60.7,118.9,30.5
2026-06-05 21:00:00,564.8,88.1,72.3,14.1
2026-06-05 21:05:00,563.2,69.2,100.2,26.9
2026-06-05 21:10:00,677.4,102.0,149.8,24.1
2026-06-05 21:15:00,613.3,58.4,137.5,24.5
2026-06-05 21:20:00,604.3,80.0,116.0,12.4
2026-06-05 21:25:00,653.0,71.0,121.8,20.6
2026-06-05 21:30:00,625.2,58.5,92.1,26.4
2026-06-05 21:35:00,587.0,110.2,93.2,26.3
2026-06-05 21:40:00,644.2,75.3,102.6,24.5
2026-06-05 21:45:00,635.7,82.0,112.1,20.7
2026-06-05 21:50:00,617.9,61.5,106.5,26.1
2026-06-05 21:55:00,502.4,74.6,123.4,17.5
2026-06-05 22:00:00,510.1,69.2,121.3,28.6
2026-06-05 22:05:00,512.6,48.6,125.2,29.3
2026-06-05 22:10:00,705.1,78.6,71.8,18.6
2026-06-05 22:15:00,563.1,62.9,184.0,32.1
2026-06-05 22:20:00,576.9,92.9,127.3,19.1
2026-06-05 22:25:00,651.0,93.0,111.0,26.7
2026-06-05 22:30:00,615.1,85.7,109.9,31.7
2026-06-05 22:35:00,746.1,85.8,119.9,24.7
2026-06-05 22:40:00,630.8,80.0,108.2,20.8
2026-06-05 22:45:00,607.4,53.0,100.8,25.1
2026-06-05 22:50:00,573.7,85.8,117.9,30.8
2026-06-05 22:55:00,638.9,98.7,141.3,28.1
2026-06-05 23:00:00,497.8,107.7,117.7,21.4
2026-06-05 23:05:00,508.8,126.9,124.5,21.8
2026-06-05 23:10:00,548.4,69.7,144.6,24.8
2026-06-05 23:15:00,499.8,90.1,140.3,32.0
2026-06-05 23:20:00,607.8,76.6,162.4,27.9
2026-06-05 23:25:00,582.6,46.2,82.0,23.5
2026-06-05 23:30:00,585.4,88.3,97.1,22.3
2026-06-05 23:35:00,528.5,62.8,98.5,14.3
2026-06-05 23:40:00,691.6,77.3,76.2,43.0
2026-06-05 23:45:00,528.0,66.3,100.5,22.6
2026-06-05 23:50:00,564.8,80.3,136.7,19.8
2026-06-05 23:55:00,485.9,71.5,154.3,35.6
2026-06-06 00:00:00,620.6,115.2,129.7,21.4
2026-06-06 00:05:00,569.7,85.7,167.2,27.5
2026-06-06 00:10:00,758.5,54.9,99.4,24.0
2026-06-06 00:15:00,636.5,66.0,139.8,22.8
2026-06-06 00:20:00,608.7,84.9,136.7,29.1
2026-06-06 00:25:00,523.0,75.1,124.8,28.1
2026-06-06 00:30:00,626.3,47.6,117.4,17.1
2026-06-06 00:35:00,538.0,66.0,113.2,23.1
2026-06-06 00:40:00,603.9,110.6,140.8,30.4
2026-06-06 00:45:00,627.4,76.9,132.0,28.9
2026-06-06 00:50:00,630.3,25.0,128.3,23.6
2026-06-06 00:55:00,602.3,36.8,133.5,17.5
2026-06-06 01:00:00,651.5,26.6,118.3,35.3
2026-06-06 01:05:00,509.1,72.2,139.8,30.8
2026-06-06 01:10:00,598.0,92.2,102.9,45.8
2026-06-06 01:15:00,586.4,70.0,122.8,25.6
2026-06-06 01:20:00,603.7,68.3,119.1,29.9
2026-06-06 01:25:00,557.7,56.4,114.9,27.5
2026-06-06 01:30:00,566.6,68.8,122.0,13.3
2026-06-06 01:35:00,555.1,75.3,105.4,27.3
2026-06-06 01:40:00,604.5,50.1,184.2,10.3
2026-06-06 01:45:00,663.1,73.1,149.5,18.6
2026-06-06 01:50:00,614.2,74.8,149.3,27.4
2026-06-06 01:55:00,580.4,61.2,135.8,24.8
2026-06-06 02:00:00,514.7,87.6,144.0,5.0
2026-06-06 02:05:00,550.3,105.4,143.6,26.6
2026-06-06 02:10:00,525.2,72.9,113.4,15.8
2026-06-06 02:15:00,586.4,77.6,113.0,30.5
2026-06-06 02:20:00,629.3,85.1,100.4,24.3
2026-06-06 02:25:00,501.5,76.9,137.8,34.6
2026-06-06 02:30:00,590.5,86.8,77.6,12.3
2026-06-06 02:35:00,593.8,71.2,129.8,10.4
2026-06-06 02:40:00,643.3,106.3,111.8,33.9
2026-06-06 02:45:00,639.2,63.8,79.1,35.4
2026-06-06 02:50:00,491.1,90.7,127.0,45.3
2026-06-06 02:55:00,638.2,52.1,113.2,27.5
2026-06-06 03:00:00,511.7,45.2,130.2,27.2
2026-06-06 03:05:00,507.3,63.1,107.1,27.6
2026-06-06 03:10:00,549.9,83.9,83.9,31.1
2026-06-06 03:15:00,531.7,54.4,116.2,25.3
2026-06-06 03:20:00,544.3,70.0,98.3,9.8
2026-06-06 03:25:00,688.6,52.5,73.4,21.9
2026-06-06 03:30:00,595.5,42.8,141.2,21.4
2026-06-06 03:35:00,581.6,68.8,104.8,20.5
2026-06-06 03:40:00,548.6,107.0,116.5,31.2
2026-06-06 03:45:00,500.7,87.4,64.8,39.3
2026-06-06 03:50:00,552.0,52.7,109.4,24.5
2026-06-06 03:55:00,565.4,72.1,137.5,16.2
2026-06-06 04:00:00,668.3,90.7,69.0,22.6
2026-06-06 04:05:00,508.8,83.7,116.5,16.1
2026-06-06 04:10:00,532.2,63.4,102.2,24.4
2026-06-06 04:15:00,625.3,90.5,138.4,12.0
2026-06-06 04:20:00,593.9,67.6,108.0,21.7
2026-06-06 04:25:00,516.8,98.4,131.7,31.0
2026-06-06 04:30:00,610.9,101.1,135.6,25.0
2026-06-06 04:35:00,706.1,99.5,111.6,28.8
2026-06-06 04:40:00,643.5,81.0,132.3,29.1
2026-06-06 04:45:00,636.2,42.4,113.6,17.1
2026-06-06 04:50:00,550.4,110.7,128.6,24.5
2026-06-06 04:55:00,558.3,67.1,96.3,33.9
2026-06-06 05:00:00,486.8,71.8,96.4,27.0
2026-06-06 05:05:00,637.8,58.4,90.8,27.9
2026-06-06 05:10:00,606.1,87.9,126.6,22.9
2026-06-06 05:15:00,660.8,87.2,150.2,17.9
2026-06-06 05:20:00,639.3,54.7,144.0,23.9
2026-06-06 05:25:00,719.2,56.5,114.0,27.1
2026-06-06 05:30:00,614.9,131.9,115.9,24.8
2026-06-06 05:35:00,509.1,92.8,140.5,23.6
2026-06-06 05:40:00,669.1,101.9,152.9,24.1
2026-06-06 05:45:00,507.0,94.9,66.1,30.2
2026-06-06 05:50:00,568.2,30.9,107.3,23.5
2026-06-06 05:55:00,510.1,63.2,123.9,17.6
2026-06-06 06:00:00,518.1,59.0,119.0,20.8
2026-06-06 06:05:00,780.2,108.2,118.2,33.1
2026-06-06 06:10:00,625.4,52.6,167.6,26.5
2026-06-06 06:15:00,658.3,54.9,99.1,16.2
2026-06-06 06:20:00,585.0,91.5,104.6,27.9
2026-06-06 06:25:00,641.1,73.0,96.0,18.7
2026-06-06 06:30:00,553.5,58.0,80.4,25.5
2026-06-06 06:35:00,539.9,81.3,103.4,33.2
2026-06-06 06:40:00,536.7,100.1,96.1,19.0
2026-06-06 06:45:00,684.6,77.6,112.7,16.4
2026-06-06 06:50:00,629.4,53.4,141.7,28.5
2026-06-06 06:55:00,585.7,89.3,102.9,24.1
2026-06-06 07:00:00,531.5,49.0,140.9,26.1
2026-06-06 07:05:00,668.8,75.1,143.2,34.0
2026-06-06 07:10:00,577.7,93.5,117.6,19.9
2026-06-06 07:15:00,725.6,46.1,132.4,27.3
2026-06-06 07:20:00,592.2,75.8,140.8,26.7
2026-06-06 07:25:00,644.4,116.8,111.1,14.5
2026-06-06 07:30:00,678.4,32.0,114.7,30.3
2026-06-06 07:35:00,482.4,81.1,129.2,28.7
2026-06-06 07:40:00,556.8,79.8,131.4,23.5
2026-06-06 07:45:00,801.5,67.8,118.6,32.7
2026-06-06 07:50:00,459.6,62.0,138.8,10.2
2026-06-06 07:55:00,535.8,92.1,115.4,21.1
2026-06-06 08:00:00,580.8,80.4,133.7,30.3
2026-06-06 08:05:00,684.1,66.9,129.6,19.9
2026-06-06 08:10:00,740.2,65.1,104.3,17.4
2026-06-06 08:15:00,519.6,93.3,154.3,27.9
2026-06-06 08:20:00,698.9,121.2,143.4,17.5
2026-06-06 08:25:00,596.3,63.9,93.8,29.9
2026-06-06 08:30:00,695.3,35.6,136.7,32.3
2026-06-06 08:35:00,633.0,85.5,112.0,23.4
2026-06-06 08:40:00,677.0,78.8,139.3,23.6
2026-06-06 08:45:00,568.1,74.1,147.1,20.2
2026-06-06 08:50:00,651.5,76.0,133.7,24.6
2026-06-06 08:55:00,610.0,84.0,149.5,21.8
2026-06-06 09:00:00,506.2,98.8,134.2,35.1
2026-06-06 09:05:00,561.5,76.0,109.6,35.6
2026-06-06 09:10:00,632.1,102.3,67.4,24.0
2026-06-06 09:15:00,610.9,93.8,91.1,32.0
2026-06-06 09:20:00,580.2,87.4,105.0,28.8
2026-06-06 09:25:00,494.8,94.3,132.2,17.8
2026-06-06 09:30:00,585.6,81.1,88.1,15.8
2026-06-06 09:35:00,531.5,94.8,85.3,21.8
2026-06-06 09:40:00,652.8,64.2,108.9,18.1
2026-06-06 09:45:00,567.1,97.4,111.8,27.3
2026-06-06 09:50:00,572.1,106.7,121.9,28.9
2026-06-06 09:55:00,582.6,70.2,151.2,19.3
2026-06-06 10:00:00,540.6,56.1,106.7,31.8
2026-06-06 10:05:00,667.8,87.6,115.6,38.1
2026-06-06 10:10:00,661.6,126.6,141.3,21.1
2026-06-06 10:15:00,719.1,66.0,96.5,28.2
2026-06-06 10:20:00,539.2,85.6,148.3,29.0
2026-06-06 10:25:00,560.1,85.1,94.6,25.1
2026-06-06 10:30:00,756.8,57.5,108.6,37.9
2026-06-06 10:35:00,550.4,98.7,101.4,30.7
2026-06-06 10:40:00,589.2,87.3,158.4,30.8
2026-06-06 10:45:00,533.4,62.1,122.2,21.8
2026-06-06 10:50:00,658.1,64.9,114.8,32.4
2026-06-06 10:55:00,488.0,80.0,89.7,22.8
2026-06-06 11:00:00,633.6,71.0,148.6,30.5
2026-06-06 11:05:00,608.1,88.9,139.9,12.2
2026-06-06 11:10:00,629.3,66.9,102.6,30.3
2026-06-06 11:15:00,479.5,87.3,120.2,30.3
2026-06-06 11:20:00,648.3,62.3,129.4,27.3
2026-06-06 11:25:00,415.5,82.2,127.8,6.7
2026-06-06 11:30:00,530.7,116.8,107.5,32.3
2026-06-06 11:35:00,508.8,113.8,157.5,34.4
2026-06-06 11:40:00,653.3,58.3,114.1,15.5
2026-06-06 11:45:00,598.2,64.9,114.9,32.7
2026-06-06 11:50:00,559.1,64.9,144.1,16.2
2026-06-06 11:55:00,706.3,106.4,138.0,20.1
2026-06-06 12:00:00,616.9,70.1,142.5,23.3
2026-06-06 12:05:00,608.2,43.3,167.0,32.8
2026-06-06 12:10:00,505.1,74.3,103.1,29.7
2026-06-06 12:15:00,555.9,92.4,123.5,24.7
2026-06-06 12:20:00,515.2,80.8,99.7,23.2
2026-06-06 12:25:00,600.3,84.0,106.6,28.4
2026-06-06 12:30:00,596.3,77.4,100.0,26.0
2026-06-06 12:35:00,673.3,58.3,117.8,32.9
2026-06-06 12:40:00,572.0,67.2,140.1,18.1
2026-06-06 12:45:00,610.0,59.7,111.0,40.1
2026-06-06 12:50:00,719.8,91.1,123.6,32.2
2026-06-06 12:55:00,668.9,114.3,97.6,9.8
2026-06-06 13:00:00,605.7,84.3,101.3,26.4
2026-06-06 13:05:00,556.2,71.1,85.6,15.3
2026-06-06 13:10:00,619.0,54.5,111.1,24.2
2026-06-06 13:15:00,504.9,71.0,115.9,6.2
2026-06-06 13:20:00,634.9,80.6,118.7,14.0
2026-06-06 13:25:00,670.7,94.4,100.9,24.5
2026-06-06 13:30:00,592.1,61.9,127.8,21.0
2026-06-06 13:35:00,573.2,72.1,114.7,33.3
2026-06-06 13:40:00,597.6,61.8,98.8,21.7
2026-06-06 13:45:00,619.8,89.5,122.5,28.6
2026-06-06 13:50:00,698.9,50.6,121.6,35.0
2026-06-06 13:55:00,504.5,88.2,116.4,14.0
2026-06-06 14:00:00,686.3,67.7,147.3,16.1
2026-06-06 14:05:00,612.1,45.8,129.4,19.8
2026-06-06 14:10:00,617.4,102.5,185.8,24.4
2026-06-06 14:15:00,561.5,63.3,108.9,30.5
2026-06-06 14:20:00,551.0,69.3,121.7,13.5
2026-06-06 14:25:00,582.3,113.5,91.0,15.1
2026-06-06 14:30:00,727.9,86.6,107.5,25.4
2026-06-06 14:35:00,457.6,97.8,72.6,13.3
2026-06-06 14:40:00,532.9,76.5,132.0,19.4
2026-06-06 14:45:00,564.5,54.4,143.6,18.8
2026-06-06 14:50:00,663.7,76.1,113.0,22.0
2026-06-06 14:55:00,678.7,132.5,78.5,37.4
2026-06-06 15:00:00,637.1,68.7,173.5,19.4
2026-06-06 15:05:00,662.3,55.7,109.0,17.2
2026-06-06 15:10:00,567.3,113.3,107.9,20.2
2026-06-06 15:15:00,435.5,59.5,139.1,19.3
2026-06-06 15:20:00,570.1,86.6,95.5,30.0
2026-06-06 15:25:00,625.6,109.1,101.9,28.5
2026-06-06 15:30:00,549.0,70.7,136.9,19.6
2026-06-06 15:35:00,547.6,41.2,152.3,23.8
2026-06-06 15:40:00,514.6,108.0,113.5,19.6
2026-06-06 15:45:00,519.3,101.6,84.3,26.3
2026-06-06 15:50:00,537.6,77.6,143.3,33.7
2026-06-06 15:55:00,534.0,97.8,61.3,33.4
2026-06-06 16:00:00,653.6,90.2,132.2,28.5
2026-06-06 16:05:00,636.8,87.3,86.5,20.4
2026-06-06 16:10:00,528.4,68.6,110.8,19.3
2026-06-06 16:15:00,662.0,128.2,127.6,13.7
2026-06-06 16:20:00,670.8,86.8,95.6,24.1
2026-06-06 16:25:00,731.9,62.1,108.6,19.5
2026-06-06 16:30:00,688.8,96.0,108.9,32.9
2026-06-06 16:35:00,656.8,70.5,117.0,13.8
2026-06-06 16:40:00,575.9,75.7,124.2,30.9
2026-06-06 16:45:00,552.2,81.7,120.0,13.5
2026-06-06 16:50:00,584.8,80.4,120.6,16.8
2026-06-06 16:55:00,565.6,97.1,146.8,18.8
2026-06-06 17:00:00,462.9,71.1,156.0,18.1
2026-06-06 17:05:00,631.6,77.5,131.7,33.7
2026-06-06 17:10:00,650.7,91.3,127.1,24.5
2026-06-06 17:15:00,594.9,99.4,81.7,34.3
2026-06-06 17:20:00,496.3,30.8,60.3,25.5
2026-06-06 17:25:00,565.7,90.4,111.3,18.6
2026-06-06 17:30:00,657.1,122.4,158.4,13.8
2026-06-06 17:35:00,703.4,57.0,113.7,22.0
2026-06-06 17:40:00,661.5,97.6,137.8,20.0
2026-06-06 17:45:00,601.6,89.2,114.9,29.0
2026-06-06 17:50:00,567.2,74.6,123.9,32.9
2026-06-06 17:55:00,597.2,78.3,104.0,36.2
2026-06-06 18:00:00,496.4,93.6,138.9,28.7
2026-06-06 18:05:00,594.3,24.1,120.6,17.3
2026-06-06 18:10:00,667.9,109.3,100.4,30.4
2026-06-06 18:15:00,707.4,41.3,80.4,30.5
2026-06-06 18:20:00,753.8,49.5,139.1,18.4
2026-06-06 18:25:00,593.4,106.1,129.3,26.7
2026-06-06 18:30:00,478.9,94.7,125.2,20.7
2026-06-06 18:35:00,684.4,72.7,98.2,18.1
2026-06-06 18:40:00,672.7,104.0,139.0,32.7
2026-06-06 18:45:00,713.6,90.6,102.1,26.0
2026-06-06 18:50:00,618.7,78.4,142.7,33.0
2026-06-06 18:55:00,543.0,17.7,96.6,23.7
2026-06-06 19:00:00,609.9,83.6,89.0,20.1
2026-06-06 19:05:00,586.2,78.1,119.5,9.9
2026-06-06 19:10:00,574.7,48.7,136.6,38.7
2026-06-06 19:15:00,626.3,99.3,139.7,33.7
2026-06-06 19:20:00,659.0,84.6,124.8,18.2
2026-06-06 19:25:00,644.1,105.4,148.8,6.8
2026-06-06 19:30:00,580.4,68.0,126.8,33.4
2026-06-06 19:35:00,553.1,32.3,122.3,27.7
2026-06-06 19:40:00,667.8,56.9,61.6,31.6
2026-06-06 19:45:00,653.2,80.1,94.0,9.0
2026-06-06 19:50:00,687.0,115.1,146.5,14.8
2026-06-06 19:55:00,602.4,83.8,96.4,25.9
2026-06-06 20:00:00,650.6,109.1,112.9,19.7
2026-06-06 20:05:00,576.7,75.4,109.9,21.0
2026-06-06 20:10:00,646.9,91.4,94.1,9.0
2026-06-06 20:15:00,578.1,117.8,104.4,21.5
2026-06-06 20:20:00,640.7,82.0,118.8,26.7
2026-06-06 20:25:00,570.3,67.0,90.7,30.4
2026-06-06 20:30:00,585.5,73.1,111.1,28.2
2026-06-06 20:35:00,701.0,69.5,102.4,21.5
2026-06-06 20:40:00,609.2,79.1,122.5,31.4
2026-06-06 20:45:00,616.0,53.9,142.1,21.7
2026-06-06 20:50:00,406.9,124.9,154.3,40.2
2026-06-06 20:55:00,647.5,77.4,122.1,27.8
2026-06-06 21:00:00,593.4,27.7,94.7,24.5
2026-06-06 21:05:00,440.6,81.9,155.4,25.2
2026-06-06 21:10:00,565.6,71.0,129.8,18.1
2026-06-06 21:15:00,688.0,71.7,105.9,31.1
2026-06-06 21:20:00,597.4,51.8,111.7,18.8
2026-06-06 21:25:00,619.1,58.4,103.3,33.5
2026-06-06 21:30:00,581.8,90.4,138.1,26.7
2026-06-06 21:35:00,616.0,51.8,144.5,18.5
2026-06-06 21:40:00,707.1,103.6,128.3,28.3
2026-06-06 21:45:00,654.2,95.7,147.3,19.7
2026-06-06 21:50:00,600.5,79.7,118.4,19.0
2026-06-06 21:55:00,622.3,67.3,178.8,26.5
2026-06-06 22:00:00,564.7,103.7,116.8,27.5
2026-06-06 22:05:00,587.5,118.1,71.7,21.4
2026-06-06 22:10:00,631.3,87.5,142.9,21.2
2026-06-06 22:15:00,586.2,92.8,109.9,21.9
2026-06-06 22:20:00,710.6,57.4,146.8,29.7
2026-06-06 22:25:00,606.6,112.1,127.3,30.2
2026-06-06 22:30:00,696.6,73.1,102.9,29.5
2026-06-06 22:35:00,557.5,29.6,117.6,19.8
2026-06-06 22:40:00,621.3,69.4,83.4,42.1
2026-06-06 22:45:00,589.4,46.0,100.9,6.9
2026-06-06 22:50:00,570.2,61.3,128.2,17.6
2026-06-06 22:55:00,721.6,58.4,139.0,29.1
2026-06-06 23:00:00,562.4,119.5,139.8,37.2
2026-06-06 23:05:00,406.4,110.6,104.5,27.6
2026-06-06 23:10:00,631.8,48.2,146.7,22.5
2026-06-06 23:15:00,638.0,75.8,120.6,34.4
2026-06-06 23:20:00,535.9,101.0,134.7,21.1
2026-06-06 23:25:00,706.6,131.8,146.9,18.5
2026-06-06 23:30:00,632.5,83.1,126.1,31.4
2026-06-06 23:35:00,565.6,25.0,96.9,36.6
2026-06-06 23:40:00,555.2,59.1,149.5,12.4
2026-06-06 23:45:00,588.3,91.6,130.9,38.2
2026-06-06 23:50:00,617.6,77.2,130.4,32.2
2026-06-06 23:55:00,566.3,92.0,90.1,31.6
2026-06-07 00:00:00,568.6,78.8,149.9,31.9
2026-06-07 00:05:00,442.3,106.0,130.7,30.2
2026-06-07 00:10:00,518.2,43.7,86.2,28.6
2026-06-07 00:15:00,484.1,88.5,114.6,23.0
2026-06-07 00:20:00,635.7,110.4,118.0,14.9
2026-06-07 00:25:00,586.9,95.9,121.4,17.8
2026-06-07 00:30:00,593.5,107.7,114.9,27.2
2026-06-07 00:35:00,461.1,43.1,120.3,25.7
2026-06-07 00:40:00,577.7,81.5,143.8,18.9
2026-06-07 00:45:00,578.6,65.1,118.3,20.2
2026-06-07 00:50:00,605.8,112.5,106.1,24.7
2026-06-07 00:55:00,511.7,130.4,123.7,19.8
2026-06-07 01:00:00,583.7,119.0,147.4,19.0
2026-06-07 01:05:00,640.8,101.4,138.6,31.5
2026-06-07 01:10:00,519.8,98.0,62.1,16.8
2026-06-07 01:15:00,596.4,70.5,87.4,24.7
2026-06-07 01:20:00,505.6,113.0,75.0,29.0
2026-06-07 01:25:00,659.8,90.3,130.7,25.7
2026-06-07 01:30:00,486.0,69.0,147.3,22.0
2026-06-07 01:35:00,446.1,85.6,118.6,37.7
2026-06-07 01:40:00,593.3,52.1,123.2,32.0
2026-06-07 01:45:00,658.3,25.1,95.5,39.8
2026-06-07 01:50:00,588.2,53.8,147.5,21.1
2026-06-07 01:55:00,705.6,70.6,100.7,26.4
2026-06-07 02:00:00,695.2,45.7,147.4,33.1
2026-06-07 02:05:00,501.4,61.9,104.9,40.6
2026-06-07 02:10:00,586.6,82.9,160.6,33.2
2026-06-07 02:15:00,625.8,63.6,84.7,22.0
2026-06-07 02:20:00,716.5,51.9,93.7,25.3
2026-06-07 02:25:00,652.6,46.6,149.4,24.9
2026-06-07 02:30:00,701.3,94.5,148.8,26.0
2026-06-07 02:35:00,595.6,95.7,113.2,22.7
2026-06-07 02:40:00,671.4,68.0,86.0,26.4
2026-06-07 02:45:00,444.9,91.0,57.5,5.0
2026-06-07 02:50:00,637.5,90.6,154.9,17.2
2026-06-07 02:55:00,602.5,88.2,130.5,30.9
2026-06-07 03:00:00,605.4,107.3,124.0,41.2
2026-06-07 03:05:00,676.2,54.7,102.7,26.9
2026-06-07 03:10:00,481.8,75.6,110.3,21.9
2026-06-07 03:15:00,596.6,80.8,141.6,15.7
2026-06-07 03:20:00,667.5,108.1,91.9,18.9
2026-06-07 03:25:00,568.5,33.8,141.3,24.6
2026-06-07 03:30:00,605.0,43.5,136.2,27.5
2026-06-07 03:35:00,531.3,99.7,159.7,19.2
2026-06-07 03:40:00,609.1,64.3,133.4,24.8
2026-06-07 03:45:00,584.5,86.2,141.9,29.3
2026-06-07 03:50:00,645.1,38.1,84.5,32.7
2026-06-07 03:55:00,603.5,102.8,114.1,26.7
2026-06-07 04:00:00,609.1,81.0,117.5,21.5
2026-06-07 04:05:00,553.7,86.3,129.4,13.4
2026-06-07 04:10:00,622.5,68.3,122.8,22.6
2026-06-07 04:15:00,628.6,63.0,145.1,31.6
2026-06-07 04:20:00,562.5,55.1,123.5,26.7
2026-06-07 04:25:00,519.8,111.3,98.2,28.9
2026-06-07 04:30:00,535.9,74.8,94.6,31.5
2026-06-07 04:35:00,535.4,90.4,157.9,35.0
2026-06-07 04:40:00,533.5,93.7,127.1,29.7
2026-06-07 04:45:00,557.6,60.5,123.2,28.4
2026-06-07 04:50:00,611.9,73.3,126.5,5.0
2026-06-07 04:55:00,764.0,75.3,125.0,29.6
2026-06-07 05:00:00,577.8,80.8,112.4,39.9
2026-06-07 05:05:00,469.6,76.5,135.1,14.0
2026-06-07 05:10:00,553.8,86.9,145.4,33.4
2026-06-07 05:15:00,696.0,96.8,141.2,34.1
2026-06-07 05:20:00,530.7,69.3,118.9,27.5
2026-06-07 05:25:00,685.9,97.7,93.7,12.9
2026-06-07 05:30:00,540.7,55.4,87.7,13.6
2026-06-07 05:35:00,734.3,62.9,144.1,26.4
2026-06-07 05:40:00,555.9,91.0,107.9,37.3
2026-06-07 05:45:00,621.1,69.8,123.8,11.7
2026-06-07 05:50:00,663.1,53.2,98.2,22.7
2026-06-07 05:55:00,628.8,70.6,125.0,30.9
2026-06-07 06:00:00,554.1,75.5,147.9,21.9
2026-06-07 06:05:00,597.6,107.5,152.5,23.1
2026-06-07 06:10:00,585.6,97.3,85.2,36.7
2026-06-07 06:15:00,595.4,58.0,137.6,30.1
2026-06-07 06:20:00,439.3,76.2,97.7,28.8
2026-06-07 06:25:00,560.9,67.1,164.0,15.1
2026-06-07 06:30:00,494.8,74.9,168.6,19.9
2026-06-07 06:35:00,656.3,74.7,129.5,26.2
2026-06-07 06:40:00,675.5,96.9,122.5,24.8
2026-06-07 06:45:00,644.9,70.5,115.3,27.6
2026-06-07 06:50:00,638.5,58.7,157.1,36.6
2026-06-07 06:55:00,445.9,79.6,124.0,25.1
2026-06-07 07:00:00,612.2,67.0,127.4,29.1
2026-06-07 07:05:00,632.1,65.3,114.2,5.0
2026-06-07 07:10:00,582.4,71.6,121.1,20.9
2026-06-07 07:15:00,588.0,84.0,133.2,29.6
2026-06-07 07:20:00,508.5,65.5,130.9,20.1
2026-06-07 07:25:00,704.4,70.4,142.4,17.4
2026-06-07 07:30:00,576.7,90.1,125.9,42.3
2026-06-07 07:35:00,546.9,29.2,116.4,30.7
2026-06-07 07:40:00,527.1,53.0,128.1,20.6
2026-06-07 07:45:00,544.1,103.1,125.8,34.0
2026-06-07 07:50:00,637.7,48.8,102.2,21.7
2026-06-07 07:55:00,498.2,104.5,67.3,14.1
2026-06-07 08:00:00,504.4,106.9,95.8,20.6
2026-06-07 08:05:00,495.6,72.2,88.8,18.8
2026-06-07 08:10:00,616.5,100.6,142.2,20.0
2026-06-07 08:15:00,643.4,78.4,96.6,16.2
2026-06-07 08:20:00,622.8,85.9,155.7,24.8
2026-06-07 08:25:00,643.9,94.2,101.3,30.5
2026-06-07 08:30:00,674.6,99.6,135.1,23.4
2026-06-07 08:35:00,564.7,96.4,167.8,23.1
2026-06-07 08:40:00,649.0,103.5,135.1,28.3
2026-06-07 08:45:00,565.7,108.2,168.3,23.0
2026-06-07 08:50:00,488.1,96.1,96.4,29.7
2026-06-07 08:55:00,618.0,69.8,149.9,23.5
2026-06-07 09:00:00,577.2,61.6,102.3,32.6
2026-06-07 09:05:00,542.2,73.3,144.7,24.1
2026-06-07 09:10:00,610.8,122.9,118.6,18.1
2026-06-07 09:15:00,645.7,42.8,126.0,32.1
2026-06-07 09:20:00,503.0,48.7,119.5,37.2
2026-06-07 09:25:00,693.7,83.0,112.3,18.7
2026-06-07 09:30:00,506.2,53.3,123.2,30.9
2026-06-07 09:35:00,566.0,72.4,130.9,16.2
2026-06-07 09:40:00,651.9,62.5,82.5,9.9
2026-06-07 09:45:00,691.3,67.1,113.0,31.5
2026-06-07 09:50:00,543.6,72.5,136.4,28.8
2026-06-07 09:55:00,662.0,72.5,123.9,26.7
2026-06-07 10:00:00,658.0,60.1,144.2,25.6
2026-06-07 10:05:00,586.4,69.1,83.1,32.2
2026-06-07 10:10:00,682.0,71.2,127.8,19.3
2026-06-07 10:15:00,488.6,75.9,139.1,37.0
2026-06-07 10:20:00,644.9,89.3,112.9,30.6
2026-06-07 10:25:00,580.4,86.3,110.4,15.3
2026-06-07 10:30:00,553.6,59.9,153.7,17.2
2026-06-07 10:35:00,580.5,80.9,47.0,17.3
2026-06-07 10:40:00,495.0,53.0,107.6,29.7
2026-06-07 10:45:00,623.5,66.4,105.9,27.9
2026-06-07 10:50:00,578.5,89.5,135.5,20.1
2026-06-07 10:55:00,569.6,92.3,145.4,25.1
2026-06-07 11:00:00,564.0,73.5,146.8,32.8
2026-06-07 11:05:00,630.6,47.8,104.5,31.6
2026-06-07 11:10:00,638.0,59.4,126.5,25.6
2026-06-07 11:15:00,670.4,102.5,106.9,30.7
2026-06-07 11:20:00,702.0,64.4,146.0,38.3
2026-06-07 11:25:00,678.3,44.2,126.9,29.9
2026-06-07 11:30:00,672.5,81.9,118.4,13.3
2026-06-07 11:35:00,560.3,70.2,124.8,25.2
2026-06-07 11:40:00,570.0,61.9,143.3,28.9
2026-06-07 11:45:00,669.8,101.9,128.1,34.1
2026-06-07 11:50:00,721.9,55.9,112.6,21.2
2026-06-07 11:55:00,657.7,113.9,115.1,33.2
2026-06-07 12:00:00,565.3,125.9,138.3,22.5
2026-06-07 12:05:00,661.2,97.1,94.4,19.3
2026-06-07 12:10:00,568.4,51.8,143.8,15.2
2026-06-07 12:15:00,707.7,109.0,71.6,17.8
2026-06-07 12:20:00,628.9,71.4,121.8,26.2
2026-06-07 12:25:00,643.7,92.5,103.4,24.9
2026-06-07 12:30:00,574.2,99.0,191.3,21.1
2026-06-07 12:35:00,498.1,53.9,61.9,25.2
2026-06-07 12:40:00,614.8,100.2,111.9,31.4
2026-06-07 12:45:00,678.7,93.2,102.8,42.0
2026-06-07 12:50:00,535.3,64.0,140.9,23.8
2026-06-07 12:55:00,560.5,37.3,151.3,38.6
2026-06-07 13:00:00,591.0,96.5,117.5,25.5
2026-06-07 13:05:00,485.4,56.5,53.6,19.7
2026-06-07 13:10:00,650.1,101.5,167.8,36.8
2026-06-07 13:15:00,672.9,66.3,144.9,19.7
2026-06-07 13:20:00,583.1,105.4,165.3,24.0
2026-06-07 13:25:00,587.1,44.0,116.2,21.8
2026-06-07 13:30:00,538.3,90.5,128.4,48.4
2026-06-07 13:35:00,653.5,115.2,106.7,20.0
2026-06-07 13:40:00,678.8,60.7,66.3,17.8
2026-06-07 13:45:00,537.5,105.5,109.7,36.6
2026-06-07 13:50:00,599.1,55.5,97.6,21.7
2026-06-07 13:55:00,659.7,86.4,117.7,13.8
2026-06-07 14:00:00,633.0,63.9,80.4,32.9
2026-06-07 14:05:00,603.5,88.4,136.0,16.9
2026-06-07 14:10:00,665.2,65.4,128.6,22.3
2026-06-07 14:15:00,614.5,60.0,66.8,30.9
2026-06-07 14:20:00,465.4,91.7,59.1,27.4
2026-06-07 14:25:00,630.4,76.2,98.7,19.0
2026-06-07 14:30:00,539.8,122.7,140.4,23.7
2026-06-07 14:35:00,625.6,53.9,173.4,18.1
2026-06-07 14:40:00,579.9,79.8,94.2,34.4
2026-06-07 14:45:00,607.9,121.0,106.0,27.6
2026-06-07 14:50:00,626.6,85.2,88.2,8.6
2026-06-07 14:55:00,668.5,28.5,114.6,5.8
2026-06-07 15:00:00,679.6,130.6,115.0,29.6
2026-06-07 15:05:00,688.5,99.9,144.4,25.7
2026-06-07 15:10:00,608.2,92.1,83.1,31.7
2026-06-07 15:15:00,541.5,92.6,144.8,14.5
2026-06-07 15:20:00,588.2,70.6,139.1,24.6
2026-06-07 15:25:00,695.7,48.6,105.5,29.3
2026-06-07 15:30:00,608.1,90.5,100.8,15.5
2026-06-07 15:35:00,703.1,39.4,113.8,17.0
2026-06-07 15:40:00,678.5,61.5,101.0,21.7
2026-06-07 15:45:00,387.5,89.1,111.2,42.0
2026-06-07 15:50:00,558.8,95.7,74.2,21.1
2026-06-07 15:55:00,694.4,71.1,111.9,30.4
2026-06-07 16:00:00,621.8,75.4,109.8,32.7
2026-06-07 16:05:00,681.6,119.4,123.8,22.0
2026-06-07 16:10:00,559.5,97.4,151.6,26.6
2026-06-07 16:15:00,571.6,88.7,115.3,9.1
2026-06-07 16:20:00,577.5,119.8,95.5,40.4
2026-06-07 16:25:00,605.0,96.7,76.7,25.6
2026-06-07 16:30:00,780.5,59.4,134.1,23.7
2026-06-07 16:35:00,609.8,65.7,125.7,13.9
2026-06-07 16:40:00,557.4,87.3,117.5,19.8
2026-06-07 16:45:00,630.9,59.2,124.0,44.6
2026-06-07 16:50:00,595.2,108.8,140.9,23.5
2026-06-07 16:55:00,565.0,77.3,127.7,20.0
2026-06-07 17:00:00,592.0,126.8,127.8,20.6
2026-06-07 17:05:00,572.2,102.0,155.7,5.0
2026-06-07 17:10:00,568.8,100.8,121.3,24.5
2026-06-07 17:15:00,627.9,41.3,103.0,28.0
2026-06-07 17:20:00,595.9,130.8,152.6,17.7
2026-06-07 17:25:00,617.0,83.2,105.8,27.1
2026-06-07 17:30:00,611.3,104.0,89.5,27.1
2026-06-07 17:35:00,655.4,46.6,130.4,5.0
2026-06-07 17:40:00,564.4,114.2,136.2,26.8
2026-06-07 17:45:00,588.4,29.5,100.1,29.2
2026-06-07 17:50:00,627.1,62.6,141.0,17.3
2026-06-07 17:55:00,540.5,55.0,119.8,31.0
2026-06-07 18:00:00,686.6,70.8,108.3,15.6
2026-06-07 18:05:00,562.4,54.9,120.8,26.2
2026-06-07 18:10:00,632.5,104.7,104.6,26.2
2026-06-07 18:15:00,582.4,67.7,119.6,33.0
2026-06-07 18:20:00,497.2,89.9,161.8,29.5
2026-06-07 18:25:00,701.0,99.7,111.7,22.8
2026-06-07 18:30:00,564.1,61.0,110.7,46.4
2026-06-07 18:35:00,604.4,82.2,98.5,36.6
2026-06-07 18:40:00,578.0,93.5,108.8,17.3
2026-06-07 18:45:00,608.0,37.8,88.4,22.9
2026-06-07 18:50:00,464.0,61.9,108.5,23.9
2026-06-07 18:55:00,687.8,95.7,102.3,13.0
2026-06-07 19:00:00,586.5,58.1,113.8,17.6
2026-06-07 19:05:00,639.0,73.0,94.0,30.3
2026-06-07 19:10:00,695.5,73.7,181.9,25.6
2026-06-07 19:15:00,687.3,39.2,99.8,15.3
2026-06-07 19:20:00,562.4,122.7,109.9,23.6
2026-06-07 19:25:00,579.4,78.1,126.5,16.6
2026-06-07 19:30:00,659.4,88.7,129.9,20.6
2026-06-07 19:35:00,570.2,66.6,138.4,47.9
2026-06-07 19:40:00,689.4,96.1,113.5,27.0
2026-06-07 19:45:00,584.2,110.6,98.7,31.3
2026-06-07 19:50:00,642.7,20.6,157.0,33.0
2026-06-07 19:55:00,544.2,86.8,97.9,26.7
2026-06-07 20:00:00,675.7,66.6,114.6,26.4
2026-06-07 20:05:00,628.8,70.0,121.3,30.2
2026-06-07 20:10:00,596.8,62.9,135.5,25.7
2026-06-07 20:15:00,650.0,59.3,130.9,27.0
2026-06-07 20:20:00,573.6,92.2,105.4,24.2
2026-06-07 20:25:00,646.0,65.1,125.1,21.1
2026-06-07 20:30:00,522.5,53.9,81.2,11.6
2026-06-07 20:35:00,604.1,81.8,175.0,17.5
2026-06-07 20:40:00,581.1,80.7,99.9,22.3
2026-06-07 20:45:00,631.4,63.4,142.5,23.3
2026-06-07 20:50:00,710.6,66.6,95.6,34.6
2026-06-07 20:55:00,589.8,66.7,136.0,27.1
2026-06-07 21:00:00,627.0,31.7,94.6,27.7
2026-06-07 21:05:00,579.1,80.5,142.3,13.3
2026-06-07 21:10:00,590.6,93.2,167.6,23.4
2026-06-07 21:15:00,544.2,69.4,121.8,17.1
2026-06-07 21:20:00,592.3,45.7,134.1,39.1
2026-06-07 21:25:00,566.3,68.5,144.4,17.5
2026-06-07 21:30:00,527.0,68.8,105.5,28.5
2026-06-07 21:35:00,618.1,110.7,143.7,46.8
2026-06-07 21:40:00,570.9,107.5,108.6,28.6
2026-06-07 21:45:00,651.5,68.7,174.1,5.0
2026-06-07 21:50:00,616.6,106.7,89.7,33.4
2026-06-07 21:55:00,522.3,52.9,124.0,24.3
2026-06-07 22:00:00,702.5,103.7,94.4,12.8
2026-06-07 22:05:00,601.8,97.0,149.8,26.0
2026-06-07 22:10:00,503.6,124.3,182.3,30.3
2026-06-07 22:15:00,555.5,68.3,127.1,14.8
2026-06-07 22:20:00,746.8,108.8,168.3,28.6
2026-06-07 22:25:00,635.9,110.0,140.8,28.0
2026-06-07 22:30:00,626.2,70.8,161.9,35.6
2026-06-07 22:35:00,634.8,41.8,140.5,25.3
2026-06-07 22:40:00,615.2,97.0,164.0,28.6
2026-06-07 22:45:00,622.6,54.1,160.4,12.4
2026-06-07 22:50:00,597.3,84.6,107.8,28.4
2026-06-07 22:55:00,492.4,74.6,108.5,27.6
2026-06-07 23:00:00,729.5,129.3,115.0,22.4
2026-06-07 23:05:00,637.8,83.2,104.6,29.4
2026-06-07 23:10:00,629.5,86.2,133.9,33.3
2026-06-07 23:15:00,512.3,64.5,156.8,20.2
2026-06-07 23:20:00,588.1,71.5,133.1,22.1
2026-06-07 23:25:00,599.7,83.4,112.2,43.0
2026-06-07 23:30:00,640.0,105.7,126.1,10.9
2026-06-07 23:35:00,623.4,68.7,71.1,34.4
2026-06-07 23:40:00,661.9,81.6,91.7,44.8
2026-06-07 23:45:00,601.5,110.0,112.5,12.7
2026-06-07 23:50:00,530.7,65.4,132.9,37.5
2026-06-07 23:55:00,692.8,61.7,113.9,31.5
2026-06-08 00:00:00,655.0,101.6,125.1,33.0
2026-06-08 00:05:00,561.5,50.5,114.2,27.0
2026-06-08 00:10:00,678.8,74.9,110.2,20.1
2026-06-08 00:15:00,543.7,75.8,91.4,18.1
2026-06-08 00:20:00,603.4,65.8,131.1,22.7
2026-06-08 00:25:00,687.3,64.5,108.7,34.2
2026-06-08 00:30:00,588.6,47.4,123.4,37.6
2026-06-08 00:35:00,556.0,39.6,104.2,38.5
2026-06-08 00:40:00,707.9,74.5,134.7,22.8
2026-06-08 00:45:00,619.4,95.0,122.8,16.9
2026-06-08 00:50:00,522.2,50.3,126.8,24.8
2026-06-08 00:55:00,718.1,70.5,100.9,40.1
2026-06-08 01:00:00,495.2,53.5,99.5,24.9
2026-06-08 01:05:00,719.4,95.9,127.8,21.3
2026-06-08 01:10:00,609.2,103.4,84.5,37.7
2026-06-08 01:15:00,595.0,93.3,141.7,14.7
2026-06-08 01:20:00,597.8,66.3,117.2,20.6
2026-06-08 01:25:00,609.1,82.0,95.6,15.6
2026-06-08 01:30:00,574.3,97.0,82.5,36.6
2026-06-08 01:35:00,588.5,85.4,145.3,29.3
2026-06-08 01:40:00,618.2,100.2,63.8,32.9
2026-06-08 01:45:00,699.6,84.9,131.8,17.1
2026-06-08 01:50:00,549.1,102.6,123.5,35.7
2026-06-08 01:55:00,681.8,64.6,135.9,5.0
2026-06-08 02:00:00,622.3,115.6,92.9,14.7
2026-06-08 02:05:00,655.1,83.9,103.2,26.3
2026-06-08 02:10:00,625.0,54.0,128.1,32.3
2026-06-08 02:15:00,584.0,66.3,121.3,19.6
2026-06-08 02:20:00,516.4,95.0,141.9,9.2
2026-06-08 02:25:00,515.9,55.5,118.9,17.8
2026-06-08 02:30:00,460.5,78.0,154.9,16.0
2026-06-08 02:35:00,595.8,52.8,123.5,47.4
2026-06-08 02:40:00,616.9,91.4,160.6,30.5
2026-06-08 02:45:00,570.1,46.1,163.0,16.8
2026-06-08 02:50:00,475.7,129.2,163.8,12.4
2026-06-08 02:55:00,690.5,96.1,101.6,18.4
2026-06-08 03:00:00,540.0,35.9,150.5,26.3
2026-06-08 03:05:00,609.4,93.8,119.5,21.1
2026-06-08 03:10:00,731.1,35.5,119.6,42.2
2026-06-08 03:15:00,593.2,96.7,140.5,19.0
2026-06-08 03:20:00,668.5,73.1,111.2,30.0
2026-06-08 03:25:00,587.0,136.7,78.4,19.4
2026-06-08 03:30:00,562.7,71.5,120.6,31.7
2026-06-08 03:35:00,546.8,26.0,167.3,21.5
2026-06-08 03:40:00,403.7,73.5,111.3,33.3
2026-06-08 03:45:00,657.4,65.8,118.1,28.4
2026-06-08 03:50:00,508.2,102.3,129.9,39.5
2026-06-08 03:55:00,696.8,80.7,110.8,26.7
2026-06-08 04:00:00,605.8,89.7,115.0,29.5
2026-06-08 04:05:00,608.9,92.1,123.2,14.9
2026-06-08 04:10:00,659.3,93.4,109.7,12.9
2026-06-08 04:15:00,615.9,84.3,152.8,30.5
2026-06-08 04:20:00,584.1,34.9,172.9,24.0
2026-06-08 04:25:00,530.0,107.3,131.5,31.1
2026-06-08 04:30:00,656.7,43.5,107.8,21.0
2026-06-08 04:35:00,577.3,100.1,132.7,27.0
2026-06-08 04:40:00,637.2,80.9,91.5,18.9
2026-06-08 04:45:00,513.1,78.5,85.4,28.8
2026-06-08 04:50:00,556.9,95.1,117.9,17.6
2026-06-08 04:55:00,617.0,84.9,151.5,25.9
2026-06-08 05:00:00,554.4,100.4,155.2,20.3
2026-06-08 05:05:00,642.2,111.1,129.8,35.2
2026-06-08 05:10:00,452.1,86.1,137.6,19.3
2026-06-08 05:15:00,643.0,92.4,125.8,20.3
2026-06-08 05:20:00,638.6,52.9,117.5,22.8
2026-06-08 05:25:00,683.1,73.8,89.9,32.3
2026-06-08 05:30:00,660.9,91.6,149.8,24.7
2026-06-08 05:35:00,547.1,103.1,109.4,23.6
2026-06-08 05:40:00,659.1,64.9,140.6,22.2
2026-06-08 05:45:00,678.2,113.7,119.1,26.9
2026-06-08 05:50:00,524.2,110.3,96.1,20.2
2026-06-08 05:55:00,592.3,46.9,99.3,18.6
2026-06-08 06:00:00,526.0,54.0,105.6,23.5
2026-06-08 06:05:00,746.9,64.9,122.8,20.3
2026-06-08 06:10:00,501.7,83.0,149.5,21.2
2026-06-08 06:15:00,534.6,61.4,137.7,8.2
2026-06-08 06:20:00,515.5,84.8,100.2,35.5
2026-06-08 06:25:00,479.7,75.9,87.1,25.1
2026-06-08 06:30:00,609.8,121.4,136.8,24.9
2026-06-08 06:35:00,644.1,92.3,168.4,18.5
2026-06-08 06:40:00,564.9,116.6,144.0,21.3
2026-06-08 06:45:00,563.8,51.9,170.9,15.9
2026-06-08 06:50:00,580.6,77.8,107.5,18.0
2026-06-08 06:55:00,689.6,81.7,119.9,23.0
2026-06-08 07:00:00,577.0,70.2,153.2,26.0
2026-06-08 07:05:00,688.4,80.0,79.1,28.9
2026-06-08 07:10:00,530.5,74.8,129.6,31.4
2026-06-08 07:15:00,631.1,73.9,127.9,34.6
2026-06-08 07:20:00,602.9,86.3,154.9,30.1
2026-06-08 07:25:00,638.9,71.4,95.8,24.4
2026-06-08 07:30:00,640.2,69.6,114.4,28.5
2026-06-08 07:35:00,624.5,100.2,103.0,23.7
2026-06-08 07:40:00,574.3,60.4,117.3,17.4
2026-06-08 07:45:00,517.3,97.7,89.3,41.4
2026-06-08 07:50:00,649.6,80.9,133.2,32.5
2026-06-08 07:55:00,583.9,75.3,124.2,29.0
2026-06-08 08:00:00,623.1,85.0,113.1,26.5
2026-06-08 08:05:00,568.1,52.3,127.0,30.4
2026-06-08 08:10:00,620.0,90.4,131.0,27.4
2026-06-08 08:15:00,577.8,50.6,157.1,26.0
2026-06-08 08:20:00,573.6,81.9,117.6,33.5
2026-06-08 08:25:00,575.9,46.8,153.3,25.3
2026-06-08 08:30:00,588.5,96.0,99.7,35.0
2026-06-08 08:35:00,521.3,72.9,104.5,26.2
2026-06-08 08:40:00,586.4,83.1,160.0,13.3
2026-06-08 08:45:00,545.6,98.3,150.5,28.8
2026-06-08 08:50:00,526.9,61.5,77.6,20.3
2026-06-08 08:55:00,442.9,35.5,65.3,17.0
2026-06-08 09:00:00,654.3,51.0,157.7,19.8
2026-06-08 09:05:00,546.0,68.6,116.8,12.7
2026-06-08 09:10:00,563.4,65.6,104.3,31.2
2026-06-08 09:15:00,611.0,59.9,126.5,28.4
2026-06-08 09:20:00,543.6,73.1,105.4,26.9
2026-06-08 09:25:00,598.7,117.2,120.1,15.5
2026-06-08 09:30:00,716.3,119.5,112.7,29.0
2026-06-08 09:35:00,632.8,51.1,110.7,41.3
2026-06-08 09:40:00,634.7,90.1,71.8,26.5
2026-06-08 09:45:00,604.7,90.7,94.2,20.4
2026-06-08 09:50:00,666.5,57.0,147.7,15.9
2026-06-08 09:55:00,627.8,122.7,139.2,19.0
2026-06-08 10:00:00,690.4,73.4,125.3,39.0
2026-06-08 10:05:00,641.0,80.2,140.0,21.4
2026-06-08 10:10:00,548.6,54.6,121.9,12.0
2026-06-08 10:15:00,518.5,103.4,77.3,27.5
2026-06-08 10:20:00,664.2,47.7,92.2,21.4
2026-06-08 10:25:00,604.5,73.1,132.2,16.9
2026-06-08 10:30:00,652.7,45.9,76.4,30.1
2026-06-08 10:35:00,734.8,60.9,99.9,22.3
2026-06-08 10:40:00,500.6,62.8,102.2,26.5
2026-06-08 10:45:00,588.3,99.8,126.4,25.7
2026-06-08 10:50:00,575.5,85.2,114.9,36.8
2026-06-08 10:55:00,666.5,105.4,124.7,28.5
2026-06-08 11:00:00,577.1,52.8,131.9,29.1
2026-06-08 11:05:00,486.6,49.0,128.9,17.1
2026-06-08 11:10:00,530.0,81.3,141.5,12.0
2026-06-08 11:15:00,638.6,73.9,124.2,45.7
2026-06-08 11:20:00,560.6,62.3,95.2,30.9
2026-06-08 11:25:00,638.9,76.1,88.8,16.5
2026-06-08 11:30:00,703.9,85.0,130.0,34.0
2026-06-08 11:35:00,584.7,96.9,117.3,25.4
2026-06-08 11:40:00,553.8,69.4,119.6,22.6
2026-06-08 11:45:00,484.2,82.6,103.5,19.7
2026-06-08 11:50:00,550.2,43.6,118.2,27.1
2026-06-08 11:55:00,599.6,117.5,82.0,35.7
2026-06-08 12:00:00,563.9,97.6,84.8,33.3
2026-06-08 12:05:00,573.4,67.2,193.2,42.2
2026-06-08 12:10:00,479.3,106.4,66.0,23.3
2026-06-08 12:15:00,494.3,105.2,93.9,25.3
2026-06-08 12:20:00,738.0,46.9,90.6,32.6
2026-06-08 12:25:00,725.9,96.7,90.6,30.4
2026-06-08 12:30:00,547.2,74.1,108.3,42.9
2026-06-08 12:35:00,574.3,73.4,87.1,43.2
2026-06-08 12:40:00,528.4,122.6,137.4,22.5
2026-06-08 12:45:00,580.1,96.8,121.9,8.8
2026-06-08 12:50:00,646.0,142.1,131.2,5.0
2026-06-08 12:55:00,675.6,116.9,126.1,28.5
2026-06-08 13:00:00,600.4,73.9,102.3,21.9
2026-06-08 13:05:00,589.7,85.9,100.2,30.9
2026-06-08 13:10:00,568.8,107.3,152.9,20.4
2026-06-08 13:15:00,570.2,79.1,122.8,38.2
2026-06-08 13:20:00,629.6,45.0,123.0,14.9
2026-06-08 13:25:00,550.1,54.8,122.5,20.9
2026-06-08 13:30:00,567.8,62.7,122.2,20.9
2026-06-08 13:35:00,527.5,94.9,83.7,29.3
2026-06-08 13:40:00,673.0,65.0,129.3,21.1
2026-06-08 13:45:00,586.4,110.9,184.1,21.8
2026-06-08 13:50:00,525.7,81.0,121.7,34.7
2026-06-08 13:55:00,529.6,74.6,163.3,33.8
2026-06-08 14:00:00,585.4,67.4,123.6,27.8
2026-06-08 14:05:00,589.5,88.7,127.6,16.5
2026-06-08 14:10:00,631.4,76.3,128.1,28.3
2026-06-08 14:15:00,587.4,73.7,71.5,31.6
2026-06-08 14:20:00,591.0,69.5,82.2,24.0
2026-06-08 14:25:00,680.6,69.6,115.5,18.8
2026-06-08 14:30:00,648.6,75.9,163.3,20.8
2026-06-08 14:35:00,612.4,85.9,108.4,27.2
2026-06-08 14:40:00,542.8,73.9,133.0,36.0
2026-06-08 14:45:00,698.5,79.1,96.6,17.8
2026-06-08 14:50:00,660.3,72.6,143.7,28.4
2026-06-08 14:55:00,489.2,77.7,83.2,33.3
2026-06-08 15:00:00,582.5,101.8,147.0,28.6
2026-06-08 15:05:00,548.1,68.4,119.0,32.9
2026-06-08 15:10:00,635.2,113.0,115.3,20.7
2026-06-08 15:15:00,548.7,107.6,137.3,23.5
2026-06-08 15:20:00,630.6,66.8,153.7,14.0
2026-06-08 15:25:00,584.8,88.4,81.0,19.8
2026-06-08 15:30:00,629.9,76.5,137.2,18.4
2026-06-08 15:35:00,639.4,90.7,78.6,17.1
2026-06-08 15:40:00,634.3,94.4,103.3,30.1
2026-06-08 15:45:00,510.7,64.3,57.0,11.7
2026-06-08 15:50:00,641.9,109.1,113.3,14.8
2026-06-08 15:55:00,663.0,93.6,125.0,31.3
2026-06-08 16:00:00,538.1,81.3,144.0,23.0
2026-06-08 16:05:00,563.9,62.1,127.9,16.4
2026-06-08 16:10:00,547.8,26.7,121.3,28.8
2026-06-08 16:15:00,560.3,85.3,143.2,23.1
2026-06-08 16:20:00,630.2,75.0,153.7,27.1
2026-06-08 16:25:00,564.8,72.2,146.2,26.6
2026-06-08 16:30:00,548.5,71.1,172.1,23.0
2026-06-08 16:35:00,502.9,68.1,106.7,18.3
2026-06-08 16:40:00,539.2,96.9,152.0,22.6
2026-06-08 16:45:00,625.1,63.0,83.3,27.6
2026-06-08 16:50:00,594.4,49.3,88.8,28.3
2026-06-08 16:55:00,588.6,79.6,119.7,27.5
2026-06-08 17:00:00,631.3,75.5,108.0,22.3
2026-06-08 17:05:00,579.9,47.2,137.6,27.7
2026-06-08 17:10:00,662.9,101.4,131.4,13.3
2026-06-08 17:15:00,570.4,75.7,159.4,28.2
2026-06-08 17:20:00,569.1,96.1,133.6,31.5
2026-06-08 17:25:00,530.4,95.2,131.8,5.0
2026-06-08 17:30:00,608.9,52.1,91.6,33.4
2026-06-08 17:35:00,617.8,85.9,113.7,37.5
2026-06-08 17:40:00,533.8,76.9,143.2,28.8
2026-06-08 17:45:00,451.3,77.3,193.4,7.8
2026-06-08 17:50:00,491.3,131.4,99.0,25.9
2026-06-08 17:55:00,638.4,96.0,149.4,18.7
2026-06-08 18:00:00,619.1,80.9,120.4,25.4
2026-06-08 18:05:00,595.6,76.0,123.0,28.1
2026-06-08 18:10:00,683.6,121.9,99.5,30.4
2026-06-08 18:15:00,477.0,78.3,108.0,26.8
2026-06-08 18:20:00,701.2,85.6,117.7,22.9
2026-06-08 18:25:00,600.8,81.2,142.1,36.4
2026-06-08 18:30:00,705.5,85.8,157.7,18.2
2026-06-08 18:35:00,576.6,106.9,107.9,14.8
2026-06-08 18:40:00,643.7,99.6,106.2,22.8
2026-06-08 18:45:00,599.0,86.7,138.8,22.2
2026-06-08 18:50:00,616.3,101.5,113.8,18.3
2026-06-08 18:55:00,499.6,56.7,146.8,29.4
2026-06-08 19:00:00,540.5,74.7,135.9,20.9
2026-06-08 19:05:00,522.5,85.1,105.2,30.6
2026-06-08 19:10:00,680.1,83.1,143.1,11.9
2026-06-08 19:15:00,374.2,89.7,132.5,18.9
2026-06-08 19:20:00,696.4,71.2,114.4,33.1
2026-06-08 19:25:00,545.3,53.0,131.6,20.5
2026-06-08 19:30:00,696.3,118.2,95.2,18.9
2026-06-08 19:35:00,528.8,104.9,109.9,36.9
2026-06-08 19:40:00,635.0,87.8,139.7,36.2
2026-06-08 19:45:00,510.7,119.9,113.2,15.8
2026-06-08 19:50:00,592.7,88.6,131.3,23.2
2026-06-08 19:55:00,617.8,55.0,83.6,25.8
2026-06-08 20:00:00,588.5,90.8,118.5,28.2
2026-06-08 20:05:00,597.1,72.1,126.1,13.9
2026-06-08 20:10:00,574.1,73.5,104.5,14.7
2026-06-08 20:15:00,579.9,87.2,122.8,28.0
2026-06-08 20:20:00,573.9,99.9,125.6,32.6
2026-06-08 20:25:00,551.2,100.2,94.3,21.8
2026-06-08 20:30:00,611.4,80.6,49.1,21.0
2026-06-08 20:35:00,645.8,112.9,97.3,26.1
2026-06-08 20:40:00,786.1,92.1,67.4,26.1
2026-06-08 20:45:00,534.4,108.2,138.2,26.6
2026-06-08 20:50:00,616.2,38.9,148.3,43.9
2026-06-08 20:55:00,558.0,54.5,90.7,17.8
2026-06-08 21:00:00,597.5,68.7,93.4,18.0
2026-06-08 21:05:00,594.8,67.6,110.6,21.6
2026-06-08 21:10:00,522.2,102.5,103.3,25.5
2026-06-08 21:15:00,502.4,45.4,101.2,19.5
2026-06-08 21:20:00,507.8,57.9,76.9,21.1
2026-06-08 21:25:00,705.2,46.5,118.6,16.4
2026-06-08 21:30:00,608.5,79.5,97.0,17.5
2026-06-08 21:35:00,540.2,72.7,80.6,13.2
2026-06-08 21:40:00,543.4,109.2,107.8,28.9
2026-06-08 21:45:00,668.8,84.5,123.3,20.5
2026-06-08 21:50:00,668.8,83.0,114.4,31.2
2026-06-08 21:55:00,561.9,102.1,132.6,29.6
2026-06-08 22:00:00,496.1,91.8,168.5,40.1
2026-06-08 22:05:00,761.7,98.3,118.7,24.1
2026-06-08 22:10:00,508.8,104.5,155.1,27.0
2026-06-08 22:15:00,496.2,62.8,84.5,16.7
2026-06-08 22:20:00,733.7,48.4,40.0,23.5
2026-06-08 22:25:00,596.4,82.3,98.8,28.3
2026-06-08 22:30:00,540.7,110.1,109.8,14.4
2026-06-08 22:35:00,543.5,106.8,89.9,29.3
2026-06-08 22:40:00,621.9,117.6,135.4,26.3
2026-06-08 22:45:00,720.1,107.0,104.5,24.4
2026-06-08 22:50:00,510.2,55.9,115.6,26.1
2026-06-08 22:55:00,685.7,73.1,119.0,23.3
2026-06-08 23:00:00,538.5,77.7,150.4,27.1
2026-06-08 23:05:00,534.8,88.1,104.6,32.8
2026-06-08 23:10:00,567.3,80.9,107.6,36.2
2026-06-08 23:15:00,528.4,104.6,150.7,20.8
2026-06-08 23:20:00,546.2,31.9,156.7,27.4
2026-06-08 23:25:00,523.6,99.8,156.6,17.4
2026-06-08 23:30:00,549.7,65.7,155.4,44.4
2026-06-08 23:35:00,593.4,78.9,61.6,31.5
2026-06-08 23:40:00,633.0,77.3,95.4,17.7
2026-06-08 23:45:00,547.9,81.0,171.3,36.9
2026-06-08 23:50:00,545.6,72.1,134.2,12.1
2026-06-08 23:55:00,731.3,78.5,164.1,18.1
2026-06-09 00:00:00,537.8,63.0,142.5,20.2
2026-06-09 00:05:00,595.9,72.3,133.0,23.2
2026-06-09 00:10:00,567.6,50.6,133.9,29.8
2026-06-09 00:15:00,506.6,91.5,116.2,17.9
2026-06-09 00:20:00,555.4,75.4,121.0,21.3
2026-06-09 00:25:00,535.3,96.3,91.8,23.8
2026-06-09 00:30:00,671.4,80.1,106.2,30.2
2026-06-09 00:35:00,616.1,50.5,109.1,22.2
2026-06-09 00:40:00,611.6,92.7,129.3,27.1
2026-06-09 00:45:00,560.8,84.2,138.2,28.3
2026-06-09 00:50:00,547.0,33.3,143.6,28.8
2026-06-09 00:55:00,516.9,57.8,167.6,5.0
2026-06-09 01:00:00,675.9,106.1,143.6,27.2
2026-06-09 01:05:00,631.5,102.8,139.8,10.9
2026-06-09 01:10:00,570.7,86.5,86.8,24.8
2026-06-09 01:15:00,542.1,55.2,79.7,23.5
2026-06-09 01:20:00,599.9,81.4,129.1,30.2
2026-06-09 01:25:00,698.1,62.1,112.4,9.6
2026-06-09 01:30:00,631.1,104.6,123.7,16.1
2026-06-09 01:35:00,626.0,49.8,92.6,21.5
2026-06-09 01:40:00,502.7,123.5,120.2,21.9
2026-06-09 01:45:00,644.1,65.2,107.6,27.1
2026-06-09 01:50:00,680.7,61.3,131.5,15.5
2026-06-09 01:55:00,510.7,72.5,135.0,26.8
2026-06-09 02:00:00,561.5,79.0,128.0,23.9
2026-06-09 02:05:00,571.3,86.3,91.9,36.3
2026-06-09 02:10:00,508.3,58.4,116.6,16.4
2026-06-09 02:15:00,674.3,91.9,162.3,32.0
2026-06-09 02:20:00,670.0,96.8,107.3,23.1
2026-06-09 02:25:00,613.1,107.6,103.2,19.7
2026-06-09 02:30:00,664.4,90.1,139.3,37.2
2026-06-09 02:35:00,500.3,82.0,106.0,21.5
2026-06-09 02:40:00,650.9,76.0,97.5,28.2
2026-06-09 02:45:00,599.1,80.8,102.8,23.3
2026-06-09 02:50:00,501.2,88.9,144.2,23.2
2026-06-09 02:55:00,644.2,79.6,115.2,29.8
2026-06-09 03:00:00,539.8,57.9,140.3,30.9
2026-06-09 03:05:00,475.9,88.4,149.6,19.0
2026-06-09 03:10:00,629.1,54.8,109.2,19.5
2026-06-09 03:15:00,590.7,106.4,116.0,5.0
2026-06-09 03:20:00,551.5,78.1,114.1,22.3
2026-06-09 03:25:00,650.7,110.8,100.1,36.2
2026-06-09 03:30:00,520.9,88.6,145.1,37.4
2026-06-09 03:35:00,584.7,71.8,109.4,25.0
2026-06-09 03:40:00,520.5,104.7,94.1,37.4
2026-06-09 03:45:00,564.0,49.9,162.7,34.2
2026-06-09 03:50:00,514.3,79.5,114.3,30.2
2026-06-09 03:55:00,644.1,86.2,118.5,14.8
2026-06-09 04:00:00,533.6,39.4,105.6,22.9
2026-06-09 04:05:00,565.6,114.7,91.3,17.1
2026-06-09 04:10:00,669.8,94.4,82.7,16.5
2026-06-09 04:15:00,702.7,45.2,141.6,27.6
2026-06-09 04:20:00,480.7,93.0,105.9,29.7
2026-06-09 04:25:00,549.4,61.6,67.2,7.4
2026-06-09 04:30:00,531.0,80.7,99.6,21.3
2026-06-09 04:35:00,633.0,57.2,112.9,16.5
2026-06-09 04:40:00,606.0,86.7,101.4,25.1
2026-06-09 04:45:00,615.1,79.4,132.4,19.1
2026-06-09 04:50:00,513.3,75.9,109.5,27.3
2026-06-09 04:55:00,556.8,66.7,141.5,34.4
2026-06-09 05:00:00,711.5,62.4,141.6,25.5
2026-06-09 05:05:00,490.7,76.3,94.9,31.3
2026-06-09 05:10:00,606.4,109.7,101.8,35.5
2026-06-09 05:15:00,588.2,101.6,146.4,26.2
2026-06-09 05:20:00,516.6,95.8,127.1,14.2
2026-06-09 05:25:00,676.8,76.7,137.4,15.5
2026-06-09 05:30:00,643.7,102.4,137.5,24.1
2026-06-09 05:35:00,654.2,110.0,103.0,39.5
2026-06-09 05:40:00,565.2,39.8,182.4,10.5
2026-06-09 05:45:00,458.1,46.7,144.6,28.4
2026-06-09 05:50:00,646.0,110.3,109.4,26.9
2026-06-09 05:55:00,641.3,112.3,145.9,29.6
2026-06-09 06:00:00,676.9,56.7,117.1,24.1
2026-06-09 06:05:00,600.9,45.9,123.0,25.1
2026-06-09 06:10:00,623.4,48.0,104.5,24.7
2026-06-09 06:15:00,531.6,51.6,97.8,16.5
2026-06-09 06:20:00,689.0,77.6,139.4,7.9
2026-06-09 06:25:00,643.7,94.6,102.6,41.0
2026-06-09 06:30:00,677.6,80.4,100.6,23.0
2026-06-09 06:35:00,724.5,91.3,112.0,16.3
2026-06-09 06:40:00,697.4,85.6,93.1,33.7
2026-06-09 06:45:00,579.6,59.5,121.3,21.0
2026-06-09 06:50:00,682.5,62.4,107.1,27.2
2026-06-09 06:55:00,599.2,82.7,145.0,28.8
2026-06-09 07:00:00,561.3,68.4,145.7,19.5
2026-06-09 07:05:00,604.5,93.2,119.6,30.0
2026-06-09 07:10:00,647.7,90.5,99.1,23.0
2026-06-09 07:15:00,474.0,69.4,114.9,32.4
2026-06-09 07:20:00,562.5,66.2,110.8,33.5
2026-06-09 07:25:00,540.9,81.5,159.5,30.8
2026-06-09 07:30:00,666.7,120.5,111.6,5.0
2026-06-09 07:35:00,649.4,67.6,125.7,27.9
2026-06-09 07:40:00,581.5,90.6,136.1,33.3
2026-06-09 07:45:00,661.0,61.4,156.3,23.2
2026-06-09 07:50:00,688.5,105.7,111.2,12.4
2026-06-09 07:55:00,627.5,55.3,83.3,23.3
2026-06-09 08:00:00,549.2,60.0,123.1,16.1
2026-06-09 08:05:00,632.5,49.5,148.4,25.2
2026-06-09 08:10:00,617.3,35.8,129.6,21.8
2026-06-09 08:15:00,590.0,72.1,106.3,27.4
2026-06-09 08:20:00,752.3,65.2,111.6,5.0
2026-06-09 08:25:00,541.3,101.6,98.6,35.0
2026-06-09 08:30:00,613.8,82.1,114.3,30.6
2026-06-09 08:35:00,536.8,79.2,98.3,15.7
2026-06-09 08:40:00,630.8,75.1,129.8,26.2
2026-06-09 08:45:00,540.6,82.0,132.5,31.8
2026-06-09 08:50:00,621.3,86.4,122.1,20.3
2026-06-09 08:55:00,614.0,69.6,141.9,24.1
2026-06-09 09:00:00,518.9,73.7,150.7,9.3
2026-06-09 09:05:00,602.9,59.6,156.0,8.1
2026-06-09 09:10:00,526.5,82.5,123.2,14.6
2026-06-09 09:15:00,566.4,100.8,106.4,20.5
2026-06-09 09:20:00,577.5,92.5,65.2,38.0
2026-06-09 09:25:00,664.7,72.7,108.6,24.6
2026-06-09 09:30:00,581.9,80.4,88.1,8.2
2026-06-09 09:35:00,636.4,117.4,120.7,26.2
2026-06-09 09:40:00,622.2,95.8,140.3,28.1
2026-06-09 09:45:00,563.5,87.0,138.6,18.4
2026-06-09 09:50:00,602.6,114.5,140.6,25.1
2026-06-09 09:55:00,517.4,80.6,82.8,33.9
2026-06-09 10:00:00,601.5,78.3,83.2,22.1
2026-06-09 10:05:00,482.5,56.1,152.1,21.1
2026-06-09 10:10:00,497.2,94.6,69.4,19.2
2026-06-09 10:15:00,583.6,71.7,137.4,28.3
2026-06-09 10:20:00,701.1,79.0,115.2,21.0
2026-06-09 10:25:00,616.8,133.4,111.6,25.1
2026-06-09 10:30:00,476.7,72.7,124.9,17.9
2026-06-09 10:35:00,521.6,94.8,165.2,20.5
2026-06-09 10:40:00,676.6,101.5,100.1,40.3
2026-06-09 10:45:00,651.0,103.4,110.0,18.6
2026-06-09 10:50:00,561.4,74.3,148.1,37.0
2026-06-09 10:55:00,639.6,95.2,98.0,16.1
2026-06-09 11:00:00,577.2,77.9,141.2,37.7
2026-06-09 11:05:00,522.0,72.7,118.9,23.8
2026-06-09 11:10:00,629.2,91.7,64.0,27.9
2026-06-09 11:15:00,594.3,86.1,122.9,17.5
2026-06-09 11:20:00,538.5,76.9,122.2,27.1
2026-06-09 11:25:00,672.7,48.2,125.4,27.9
2026-06-09 11:30:00,611.1,91.0,137.3,25.1
2026-06-09 11:35:00,567.4,59.0,134.8,13.7
2026-06-09 11:40:00,572.2,69.0,120.1,18.0
2026-06-09 11:45:00,578.7,41.8,148.6,14.9
2026-06-09 11:50:00,699.7,51.6,110.7,24.6
2026-06-09 11:55:00,621.2,61.2,127.3,17.1
2026-06-09 12:00:00,569.7,86.0,98.2,15.4
2026-06-09 12:05:00,547.1,57.5,68.5,15.6
2026-06-09 12:10:00,518.0,77.5,100.4,17.8
2026-06-09 12:15:00,599.9,46.0,122.5,45.2
2026-06-09 12:20:00,562.5,82.8,79.9,28.3
2026-06-09 12:25:00,571.7,51.7,97.7,25.5
2026-06-09 12:30:00,520.3,69.7,163.1,27.1
2026-06-09 12:35:00,458.4,72.9,112.9,8.5
2026-06-09 12:40:00,671.0,100.6,131.3,31.7
2026-06-09 12:45:00,531.0,83.4,98.3,30.9
2026-06-09 12:50:00,678.6,24.2,85.6,28.3
2026-06-09 12:55:00,598.1,100.8,94.6,29.9
2026-06-09 13:00:00,557.0,109.3,146.6,25.6
2026-06-09 13:05:00,587.4,87.6,112.7,23.8
2026-06-09 13:10:00,585.7,59.8,123.1,25.4
2026-06-09 13:15:00,679.2,87.4,102.2,6.5
2026-06-09 13:20:00,655.8,86.6,138.6,40.3
2026-06-09 13:25:00,645.6,90.5,155.2,11.4
2026-06-09 13:30:00,470.4,93.6,176.2,34.1
2026-06-09 13:35:00,643.0,117.5,136.3,31.9
2026-06-09 13:40:00,465.3,78.1,95.8,26.6
2026-06-09 13:45:00,623.2,72.9,73.1,5.7
2026-06-09 13:50:00,586.8,85.2,153.0,27.1
2026-06-09 13:55:00,571.9,75.1,73.8,38.5
2026-06-09 14:00:00,574.6,73.6,118.2,25.7
2026-06-09 14:05:00,680.6,48.5,145.4,22.4
2026-06-09 14:10:00,594.3,109.8,162.1,23.5
2026-06-09 14:15:00,588.9,60.6,97.5,27.1
2026-06-09 14:20:00,575.8,92.1,124.0,5.0
2026-06-09 14:25:00,544.8,101.5,116.9,29.5
2026-06-09 14:30:00,587.0,86.6,101.8,17.3
2026-06-09 14:35:00,605.0,101.6,151.1,28.0
2026-06-09 14:40:00,584.0,121.1,134.3,39.4
2026-06-09 14:45:00,529.3,106.2,90.2,20.4
2026-06-09 14:50:00,541.3,37.8,115.0,16.5
2026-06-09 14:55:00,676.3,53.1,110.5,25.6
2026-06-09 15:00:00,565.5,67.9,130.9,38.6
2026-06-09 15:05:00,478.7,106.7,167.7,27.2
2026-06-09 15:10:00,556.3,95.9,128.4,33.9
2026-06-09 15:15:00,533.9,86.0,113.0,30.1
2026-06-09 15:20:00,588.0,65.1,117.6,34.4
2026-06-09 15:25:00,539.3,134.0,130.1,19.9
2026-06-09 15:30:00,644.2,65.9,76.7,37.0
2026-06-09 15:35:00,786.5,85.0,147.8,30.0
2026-06-09 15:40:00,580.2,52.0,124.2,14.0
2026-06-09 15:45:00,628.7,85.7,116.9,23.4
2026-06-09 15:50:00,609.4,72.7,109.8,26.4
2026-06-09 15:55:00,688.8,80.7,118.3,25.9
2026-06-09 16:00:00,618.6,31.9,96.1,24.5
2026-06-09 16:05:00,631.7,54.2,79.3,27.0
2026-06-09 16:10:00,433.7,106.5,133.3,27.0
2026-06-09 16:15:00,492.9,63.6,101.3,20.7
2026-06-09 16:20:00,526.4,106.7,125.6,28.3
2026-06-09 16:25:00,693.8,60.1,115.1,31.3
2026-06-09 16:30:00,583.0,82.9,152.3,39.2
2026-06-09 16:35:00,624.9,80.3,131.9,42.1
2026-06-09 16:40:00,641.3,88.4,147.6,22.1
2026-06-09 16:45:00,506.0,94.4,139.0,21.4
2026-06-09 16:50:00,664.2,58.6,164.0,22.4
2026-06-09 16:55:00,686.2,75.4,80.9,15.6
2026-06-09 17:00:00,570.3,68.5,156.7,26.3
2026-06-09 17:05:00,643.2,51.6,100.2,52.0
2026-06-09 17:10:00,527.5,40.6,92.7,18.0
2026-06-09 17:15:00,530.5,92.9,88.7,20.1
2026-06-09 17:20:00,650.9,89.3,109.7,11.6
2026-06-09 17:25:00,586.9,98.5,130.6,32.6
2026-06-09 17:30:00,667.5,95.2,154.6,26.6
2026-06-09 17:35:00,587.5,91.7,72.3,18.4
2026-06-09 17:40:00,549.6,81.5,127.6,16.5
2026-06-09 17:45:00,593.2,64.0,95.4,20.4
2026-06-09 17:50:00,617.1,81.4,88.6,30.6
2026-06-09 17:55:00,656.7,79.8,106.1,27.9
2026-06-09 18:00:00,551.5,96.8,122.4,18.1
2026-06-09 18:05:00,476.7,122.2,103.5,20.1
2026-06-09 18:10:00,502.1,22.2,89.1,32.6
2026-06-09 18:15:00,576.3,92.2,109.7,9.7
2026-06-09 18:20:00,562.8,85.1,134.5,16.1
2026-06-09 18:25:00,748.3,73.8,130.0,26.1
2026-06-09 18:30:00,697.4,97.9,107.2,25.9
2026-06-09 18:35:00,580.8,49.3,115.5,30.4
2026-06-09 18:40:00,488.6,140.8,100.7,31.6
2026-06-09 18:45:00,565.7,85.3,125.6,30.3
2026-06-09 18:50:00,674.2,55.6,141.6,9.9
2026-06-09 18:55:00,662.7,29.0,100.2,31.4
2026-06-09 19:00:00,641.3,62.5,107.4,28.2
2026-06-09 19:05:00,515.2,108.3,134.1,25.3
2026-06-09 19:10:00,509.7,114.8,183.2,32.9
2026-06-09 19:15:00,655.7,78.1,137.1,35.0
2026-06-09 19:20:00,616.6,75.9,115.5,19.8
2026-06-09 19:25:00,654.0,74.0,94.0,10.3
2026-06-09 19:30:00,593.7,79.1,146.5,21.4
2026-06-09 19:35:00,674.0,64.0,99.6,15.8
2026-06-09 19:40:00,569.0,115.3,114.8,23.4
2026-06-09 19:45:00,675.3,58.2,110.3,29.9
2026-06-09 19:50:00,652.1,92.0,117.8,19.7
2026-06-09 19:55:00,546.2,84.0,96.2,18.3
2026-06-09 20:00:00,562.9,120.4,143.8,5.0
2026-06-09 20:05:00,582.4,71.5,130.9,28.5
2026-06-09 20:10:00,685.4,77.3,112.4,31.4
2026-06-09 20:15:00,633.9,54.1,114.0,17.8
2026-06-09 20:20:00,637.9,110.6,111.5,16.8
2026-06-09 20:25:00,624.8,134.9,123.0,23.9
2026-06-09 20:30:00,510.9,118.3,100.5,11.3
2026-06-09 20:35:00,721.7,67.3,93.8,33.5
2026-06-09 20:40:00,613.1,99.0,114.3,18.3
2026-06-09 20:45:00,543.0,55.3,136.0,31.6
2026-06-09 20:50:00,455.7,84.3,158.4,24.2
2026-06-09 20:55:00,658.7,70.9,124.6,10.8
2026-06-09 21:00:00,583.0,84.3,140.3,17.4
2026-06-09 21:05:00,562.9,75.3,140.4,8.1
2026-06-09 21:10:00,684.5,79.0,128.1,25.8
2026-06-09 21:15:00,700.1,118.2,131.5,18.9
2026-06-09 21:20:00,632.4,58.9,110.2,22.2
2026-06-09 21:25:00,570.9,60.5,101.7,35.8
2026-06-09 21:30:00,612.4,114.8,96.1,32.3
2026-06-09 21:35:00,566.9,91.9,115.3,21.9
2026-06-09 21:40:00,518.7,59.1,126.6,24.1
2026-06-09 21:45:00,605.2,62.8,111.3,18.5
2026-06-09 21:50:00,589.5,77.8,118.8,30.2
2026-06-09 21:55:00,633.0,96.4,82.8,41.6
2026-06-09 22:00:00,553.1,54.7,176.6,18.1
2026-06-09 22:05:00,696.7,83.8,160.1,27.8
2026-06-09 22:10:00,670.1,70.5,115.7,18.3
2026-06-09 22:15:00,669.5,55.3,127.2,32.1
2026-06-09 22:20:00,504.2,73.6,161.5,29.8
2026-06-09 22:25:00,492.4,59.0,139.8,29.1
2026-06-09 22:30:00,544.1,68.2,105.7,12.8
2026-06-09 22:35:00,562.2,60.2,132.8,7.0
2026-06-09 22:40:00,576.5,79.1,85.6,28.3
2026-06-09 22:45:00,699.4,84.6,126.8,13.9
2026-06-09 22:50:00,619.6,27.5,127.3,23.1
2026-06-09 22:55:00,638.0,49.2,73.3,21.2
2026-06-09 23:00:00,594.1,78.9,145.6,33.3
2026-06-09 23:05:00,529.3,61.1,131.0,31.6
2026-06-09 23:10:00,554.7,85.5,111.8,21.7
2026-06-09 23:15:00,590.6,93.0,113.3,27.6
2026-06-09 23:20:00,633.0,46.5,141.1,27.8
2026-06-09 23:25:00,672.6,69.1,105.3,31.9
2026-06-09 23:30:00,586.0,87.8,104.3,9.1
2026-06-09 23:35:00,498.5,94.6,101.4,18.0
2026-06-09 23:40:00,597.5,101.4,139.7,32.1
2026-06-09 23:45:00,624.2,74.7,135.9,14.1
2026-06-09 23:50:00,579.3,83.0,91.5,14.8
2026-06-09 23:55:00,485.9,105.9,123.8,23.5
2026-06-10 00:00:00,632.8,65.9,127.3,20.3
2026-06-10 00:05:00,586.6,58.7,149.6,28.7
2026-06-10 00:10:00,577.0,120.9,109.8,34.9
2026-06-10 00:15:00,826.4,60.2,106.9,9.1
2026-06-10 00:20:00,529.7,47.4,133.1,25.6
2026-06-10 00:25:00,657.0,72.5,106.7,23.7
2026-06-10 00:30:00,573.7,97.4,136.6,15.0
2026-06-10 00:35:00,579.5,103.7,125.8,5.0
2026-06-10 00:40:00,664.3,94.9,76.7,17.7
2026-06-10 00:45:00,565.1,84.9,113.7,11.6
2026-06-10 00:50:00,637.1,68.4,125.3,26.7
2026-06-10 00:55:00,730.8,94.3,137.7,19.2
2026-06-10 01:00:00,711.5,97.9,107.4,18.7
2026-06-10 01:05:00,614.7,68.4,99.5,30.4
2026-06-10 01:10:00,596.6,93.6,98.6,40.4
2026-06-10 01:15:00,695.9,89.4,124.8,22.6
2026-06-10 01:20:00,558.8,93.3,120.7,29.2
2026-06-10 01:25:00,566.6,98.7,102.6,32.4
2026-06-10 01:30:00,611.1,49.8,131.2,14.4
2026-06-10 01:35:00,581.5,113.7,125.1,12.3
2026-06-10 01:40:00,555.7,60.0,105.5,22.9
2026-06-10 01:45:00,635.6,45.1,105.5,28.8
2026-06-10 01:50:00,675.6,62.7,163.4,18.7
2026-06-10 01:55:00,595.9,72.0,66.3,10.6
2026-06-10 02:00:00,642.0,66.7,81.7,36.2
2026-06-10 02:05:00,568.0,83.4,114.8,30.5
2026-06-10 02:10:00,425.6,136.6,144.6,22.7
2026-06-10 02:15:00,613.1,95.0,98.3,16.8
2026-06-10 02:20:00,606.8,97.9,134.5,13.4
2026-06-10 02:25:00,522.1,97.6,75.9,17.5
2026-06-10 02:30:00,589.8,76.6,113.6,38.6
2026-06-10 02:35:00,638.1,78.3,127.5,22.1
2026-06-10 02:40:00,727.3,73.2,141.5,26.9
2026-06-10 02:45:00,634.6,74.5,135.0,48.4
2026-06-10 02:50:00,572.7,102.9,72.9,39.8
2026-06-10 02:55:00,636.1,46.8,120.3,26.2
2026-06-10 03:00:00,601.3,93.9,102.0,39.1
2026-06-10 03:05:00,621.8,65.7,117.3,28.7
2026-06-10 03:10:00,622.9,51.2,112.1,40.6
2026-06-10 03:15:00,466.9,75.0,137.3,25.2
2026-06-10 03:20:00,802.0,87.6,119.3,30.8
2026-06-10 03:25:00,602.7,103.1,126.1,29.7
2026-06-10 03:30:00,605.0,88.6,121.5,18.4
2026-06-10 03:35:00,553.0,47.6,64.5,31.0
2026-06-10 03:40:00,579.8,46.1,120.9,16.6
2026-06-10 03:45:00,599.6,63.4,119.0,20.8
2026-06-10 03:50:00,557.9,25.8,132.2,31.5
2026-06-10 03:55:00,709.7,68.3,131.6,28.1
2026-06-10 04:00:00,650.5,112.6,74.9,25.2
2026-06-10 04:05:00,538.8,40.0,92.8,27.5
2026-06-10 04:10:00,557.8,86.2,122.0,24.6
2026-06-10 04:15:00,535.5,57.9,133.6,33.4
2026-06-10 04:20:00,610.6,62.0,112.1,43.5
2026-06-10 04:25:00,562.4,74.2,132.7,36.4
2026-06-10 04:30:00,706.6,94.3,169.0,22.2
2026-06-10 04:35:00,494.2,68.1,132.5,29.0
2026-06-10 04:40:00,554.5,95.6,154.8,18.6
2026-06-10 04:45:00,545.1,75.7,113.2,34.7
2026-06-10 04:50:00,672.7,62.9,135.5,25.1
2026-06-10 04:55:00,677.2,91.5,145.6,31.4
2026-06-10 05:00:00,568.4,66.6,146.1,27.7
2026-06-10 05:05:00,694.3,56.1,69.1,5.0
2026-06-10 05:10:00,636.3,73.1,105.6,24.8
2026-06-10 05:15:00,620.8,23.5,141.5,27.2
2026-06-10 05:20:00,664.2,72.2,83.6,28.4
2026-06-10 05:25:00,625.4,60.1,99.5,17.7
2026-06-10 05:30:00,604.0,70.4,134.5,14.6
2026-06-10 05:35:00,581.9,70.9,101.5,26.7
2026-06-10 05:40:00,608.5,102.9,91.2,25.9
2026-06-10 05:45:00,517.7,90.0,154.3,21.6
2026-06-10 05:50:00,556.6,96.4,107.6,20.7
2026-06-10 05:55:00,696.9,56.3,92.2,34.9
2026-06-10 06:00:00,522.3,63.2,92.5,18.9
2026-06-10 06:05:00,617.4,11.9,151.3,20.4
2026-06-10 06:10:00,619.2,90.7,128.2,6.9
2026-06-10 06:15:00,618.9,97.4,153.0,31.5
2026-06-10 06:20:00,583.3,23.7,113.7,26.2
2026-06-10 06:25:00,516.1,99.3,122.3,37.5
2026-06-10 06:30:00,590.2,85.6,97.4,17.9
2026-06-10 06:35:00,633.0,47.3,143.0,12.6
2026-06-10 06:40:00,559.2,136.8,94.2,18.6
2026-06-10 06:45:00,550.3,35.5,165.9,32.2
2026-06-10 06:50:00,589.9,70.0,92.1,33.8
2026-06-10 06:55:00,566.3,62.7,86.5,25.9
2026-06-10 07:00:00,535.9,85.1,128.7,25.5
2026-06-10 07:05:00,542.5,59.0,101.0,37.8
2026-06-10 07:10:00,678.9,57.9,107.3,29.8
2026-06-10 07:15:00,519.6,53.3,146.2,25.0
2026-06-10 07:20:00,600.9,81.5,157.4,19.3
2026-06-10 07:25:00,629.0,106.9,122.1,30.3
2026-06-10 07:30:00,685.3,86.0,112.5,15.4
2026-06-10 07:35:00,664.9,84.1,111.6,15.3
2026-06-10 07:40:00,516.4,78.4,130.7,23.5
2026-06-10 07:45:00,543.2,108.4,61.8,37.2
2026-06-10 07:50:00,632.8,81.2,117.6,15.1
2026-06-10 07:55:00,590.8,54.0,93.2,33.9
2026-06-10 08:00:00,575.2,82.8,126.6,30.3
2026-06-10 08:05:00,593.3,78.5,114.7,15.9
2026-06-10 08:10:00,652.9,71.7,122.4,27.4
2026-06-10 08:15:00,616.9,83.5,124.5,19.2
2026-06-10 08:20:00,608.4,58.5,130.3,19.3
2026-06-10 08:25:00,582.8,78.2,100.0,34.5
2026-06-10 08:30:00,538.7,88.7,149.5,24.0
2026-06-10 08:35:00,633.2,82.8,123.3,23.6
2026-06-10 08:40:00,490.6,82.1,124.9,24.9
2026-06-10 08:45:00,631.6,38.3,118.8,35.4
2026-06-10 08:50:00,700.6,109.0,105.7,23.0
2026-06-10 08:55:00,513.8,66.6,134.5,31.3
2026-06-10 09:00:00,609.6,76.7,125.7,31.3
2026-06-10 09:05:00,610.7,72.3,171.5,11.7
2026-06-10 09:10:00,693.8,91.4,101.5,33.9
2026-06-10 09:15:00,643.5,64.7,155.1,34.9
2026-06-10 09:20:00,450.8,82.6,119.6,30.3
2026-06-10 09:25:00,629.4,90.2,118.2,21.2
2026-06-10 09:30:00,545.5,52.6,98.1,18.3
2026-06-10 09:35:00,592.4,56.1,129.5,24.3
2026-06-10 09:40:00,625.6,66.7,115.5,10.9
2026-06-10 09:45:00,700.8,66.4,132.1,28.4
2026-06-10 09:50:00,638.8,99.0,96.9,15.0
2026-06-10 09:55:00,563.1,75.9,125.3,27.9
2026-06-10 10:00:00,591.3,118.4,120.6,21.8
2026-06-10 10:05:00,639.0,73.5,108.8,28.2
2026-06-10 10:10:00,611.9,38.3,122.7,21.2
2026-06-10 10:15:00,510.3,67.4,119.9,24.3
2026-06-10 10:20:00,692.2,55.8,133.7,19.3
2026-06-10 10:25:00,582.5,90.9,141.9,27.1
2026-06-10 10:30:00,545.5,70.3,132.5,32.4
2026-06-10 10:35:00,594.1,122.4,124.0,34.7
2026-06-10 10:40:00,595.9,80.7,94.0,22.1
2026-06-10 10:45:00,545.5,108.5,103.1,5.0
2026-06-10 10:50:00,708.8,86.6,142.2,21.0
2026-06-10 10:55:00,673.7,95.5,130.6,30.6
2026-06-10 11:00:00,655.9,92.8,110.3,33.2
2026-06-10 11:05:00,573.0,57.7,142.1,40.2
2026-06-10 11:10:00,626.2,113.7,103.8,19.7
2026-06-10 11:15:00,572.7,104.4,98.7,37.4
2026-06-10 11:20:00,668.6,91.7,145.1,22.5
2026-06-10 11:25:00,571.5,43.2,153.7,28.6
2026-06-10 11:30:00,611.9,37.6,107.6,28.4
2026-06-10 11:35:00,610.4,77.3,138.2,35.1
2026-06-10 11:40:00,467.5,85.5,141.8,12.1
2026-06-10 11:45:00,515.4,77.2,123.5,14.1
2026-06-10 11:50:00,614.9,96.8,115.1,25.9
2026-06-10 11:55:00,565.4,123.6,104.9,16.4
2026-06-10 12:00:00,556.2,94.8,123.8,25.7
2026-06-10 12:05:00,597.7,88.4,113.6,32.2
2026-06-10 12:10:00,598.3,105.9,146.5,36.5
2026-06-10 12:15:00,594.2,92.9,147.3,17.7
2026-06-10 12:20:00,571.6,86.1,118.8,16.3
2026-06-10 12:25:00,567.4,75.6,133.2,28.9
2026-06-10 12:30:00,595.9,92.5,130.3,31.6
2026-06-10 12:35:00,501.6,150.6,159.1,19.7
2026-06-10 12:40:00,516.7,81.8,120.1,18.4
2026-06-10 12:45:00,665.5,21.5,130.0,31.3
2026-06-10 12:50:00,647.1,52.3,116.7,33.4
2026-06-10 12:55:00,584.3,111.2,135.8,25.1
2026-06-10 13:00:00,690.6,81.0,108.4,29.5
2026-06-10 13:05:00,531.7,81.1,90.6,18.5
2026-06-10 13:10:00,464.3,98.5,169.9,20.6
2026-06-10 13:15:00,558.9,102.6,103.2,23.5
2026-06-10 13:20:00,662.6,98.6,90.3,20.2
2026-06-10 13:25:00,562.7,116.9,131.1,11.9
2026-06-10 13:30:00,644.7,129.2,121.4,20.5
2026-06-10 13:35:00,678.9,103.1,93.1,28.0
2026-06-10 13:40:00,636.0,82.3,123.9,21.6
2026-06-10 13:45:00,558.0,120.3,105.3,31.8
2026-06-10 13:50:00,653.2,60.2,88.9,22.0
2026-06-10 13:55:00,546.3,73.3,131.8,16.9
2026-06-10 14:00:00,500.0,59.7,122.6,25.9
2026-06-10 14:05:00,583.8,67.6,135.9,31.0
2026-06-10 14:10:00,498.6,49.1,99.8,17.9
2026-06-10 14:15:00,531.2,91.0,141.3,9.8
2026-06-10 14:20:00,636.6,84.2,95.8,27.6
2026-06-10 14:25:00,544.3,120.9,121.1,31.1
2026-06-10 14:30:00,683.3,52.8,108.8,11.1
2026-06-10 14:35:00,547.3,116.3,98.4,33.1
2026-06-10 14:40:00,503.4,93.1,135.0,20.7
2026-06-10 14:45:00,530.3,95.2,132.9,22.9
2026-06-10 14:50:00,481.4,129.0,114.3,21.9
2026-06-10 14:55:00,599.9,103.5,115.0,22.1
2026-06-10 15:00:00,603.8,61.7,121.0,22.9
2026-06-10 15:05:00,594.5,55.9,122.1,26.5
2026-06-10 15:10:00,494.2,51.3,97.8,22.3
2026-06-10 15:15:00,483.4,46.0,113.5,37.2
2026-06-10 15:20:00,566.9,93.1,98.3,25.9
2026-06-10 15:25:00,551.8,83.2,134.3,28.8
2026-06-10 15:30:00,563.8,86.7,62.7,41.1
2026-06-10 15:35:00,631.9,70.4,117.0,31.5
2026-06-10 15:40:00,506.3,57.4,136.6,47.3
2026-06-10 15:45:00,684.9,98.4,124.8,23.1
2026-06-10 15:50:00,589.4,61.9,102.7,31.5
2026-06-10 15:55:00,512.3,102.3,55.3,28.9
2026-06-10 16:00:00,494.0,58.7,128.6,26.8
2026-06-10 16:05:00,531.5,34.1,143.6,29.1
2026-06-10 16:10:00,704.3,68.7,116.7,25.7
2026-06-10 16:15:00,679.4,109.2,141.1,31.6
2026-06-10 16:20:00,579.6,51.4,125.4,19.2
2026-06-10 16:25:00,698.6,72.6,119.5,15.5
2026-06-10 16:30:00,667.4,58.1,131.6,27.9
2026-06-10 16:35:00,656.6,81.6,120.4,32.4
2026-06-10 16:40:00,551.5,57.9,151.4,29.6
2026-06-10 16:45:00,556.9,85.9,136.0,11.9
2026-06-10 16:50:00,499.2,59.5,121.4,32.5
2026-06-10 16:55:00,631.2,54.6,165.2,25.1
2026-06-10 17:00:00,544.7,128.3,106.8,34.7
2026-06-10 17:05:00,589.1,103.7,132.3,13.8
2026-06-10 17:10:00,592.4,69.6,133.4,34.3
2026-06-10 17:15:00,643.2,62.3,145.8,24.5
2026-06-10 17:20:00,667.6,76.7,129.0,42.3
2026-06-10 17:25:00,531.3,91.3,114.6,27.8
2026-06-10 17:30:00,526.4,107.6,119.0,30.4
2026-06-10 17:35:00,589.7,50.7,132.1,20.7
2026-06-10 17:40:00,681.5,98.4,174.7,22.5
2026-06-10 17:45:00,704.0,85.1,82.7,23.7
2026-06-10 17:50:00,548.8,70.2,144.8,25.9
2026-06-10 17:55:00,693.9,47.4,146.6,23.1
2026-06-10 18:00:00,654.1,77.8,140.9,30.1
2026-06-10 18:05:00,501.2,82.5,121.6,33.9
2026-06-10 18:10:00,578.5,83.5,109.4,29.7
2026-06-10 18:15:00,516.9,73.0,108.1,26.9
2026-06-10 18:20:00,609.9,110.1,143.9,22.4
2026-06-10 18:25:00,575.3,86.3,142.0,5.0
2026-06-10 18:30:00,542.2,98.9,80.8,30.8
2026-06-10 18:35:00,586.5,42.5,99.3,19.2
2026-06-10 18:40:00,567.5,58.8,116.9,20.8
2026-06-10 18:45:00,567.7,95.6,107.5,20.6
2026-06-10 18:50:00,542.8,93.1,136.8,27.3
2026-06-10 18:55:00,637.6,103.8,107.3,33.6
2026-06-10 19:00:00,529.1,85.3,190.3,19.4
2026-06-10 19:05:00,602.0,112.5,108.7,12.5
2026-06-10 19:10:00,627.9,74.0,98.3,27.7
2026-06-10 19:15:00,590.8,77.1,146.1,15.5
2026-06-10 19:20:00,683.0,87.6,113.9,21.3
2026-06-10 19:25:00,601.1,54.6,142.5,17.9
2026-06-10 19:30:00,487.2,57.3,153.1,25.5
2026-06-10 19:35:00,587.4,41.5,146.8,28.7
2026-06-10 19:40:00,698.5,68.2,109.2,29.8
2026-06-10 19:45:00,646.4,71.3,81.7,23.3
2026-06-10 19:50:00,670.5,116.4,161.2,36.2
2026-06-10 19:55:00,656.8,72.0,87.0,18.5
2026-06-10 20:00:00,567.6,81.0,170.9,15.3
2026-06-10 20:05:00,641.0,65.0,116.8,16.5
2026-06-10 20:10:00,703.4,73.7,113.4,45.9
2026-06-10 20:15:00,685.9,39.3,107.1,15.3
2026-06-10 20:20:00,565.3,95.7,121.9,34.7
2026-06-10 20:25:00,528.2,67.6,104.0,22.9
2026-06-10 20:30:00,517.2,49.5,131.2,31.3
2026-06-10 20:35:00,477.6,69.6,118.1,7.2
2026-06-10 20:40:00,525.6,95.3,92.9,21.8
2026-06-10 20:45:00,555.0,93.3,96.2,30.3
2026-06-10 20:50:00,531.6,123.7,112.6,29.4
2026-06-10 20:55:00,597.1,70.4,65.2,37.0
2026-06-10 21:00:00,549.0,65.9,80.5,12.7
2026-06-10 21:05:00,568.4,85.2,151.4,29.7
2026-06-10 21:10:00,597.6,92.0,150.3,27.1
2026-06-10 21:15:00,685.1,87.9,143.4,23.9
2026-06-10 21:20:00,614.6,80.4,136.9,25.4
2026-06-10 21:25:00,585.9,98.8,131.8,20.5
2026-06-10 21:30:00,715.3,87.9,131.6,17.5
2026-06-10 21:35:00,541.6,87.4,103.6,29.5
2026-06-10 21:40:00,699.4,84.0,146.1,32.3
2026-06-10 21:45:00,639.1,34.2,96.5,25.6
2026-06-10 21:50:00,616.1,63.3,183.3,26.6
2026-06-10 21:55:00,624.2,67.8,107.3,26.3
2026-06-10 22:00:00,616.7,69.7,96.5,39.5
2026-06-10 22:05:00,666.9,44.8,202.1,14.6
2026-06-10 22:10:00,617.3,82.7,93.4,27.4
2026-06-10 22:15:00,692.3,87.4,140.0,22.9
2026-06-10 22:20:00,685.2,61.8,128.7,21.0
2026-06-10 22:25:00,515.1,53.3,136.4,33.9
2026-06-10 22:30:00,736.4,73.2,149.0,28.5
2026-06-10 22:35:00,696.6,85.5,140.1,23.8
2026-06-10 22:40:00,650.1,92.5,81.8,31.8
2026-06-10 22:45:00,616.5,103.3,128.6,19.1
2026-06-10 22:50:00,607.6,75.3,127.8,37.0
2026-06-10 22:55:00,839.1,77.7,139.4,27.4
2026-06-10 23:00:00,548.0,83.5,119.9,31.1
2026-06-10 23:05:00,528.7,96.8,99.3,19.4
2026-06-10 23:10:00,446.2,51.1,97.7,20.7
2026-06-10 23:15:00,564.4,114.1,117.1,27.4
2026-06-10 23:20:00,568.9,108.0,89.8,13.5
2026-06-10 23:25:00,591.8,88.2,106.1,37.2
2026-06-10 23:30:00,604.2,108.2,108.1,22.1
2026-06-10 23:35:00,604.3,94.4,113.5,31.6
2026-06-10 23:40:00,575.6,86.9,179.4,30.7
2026-06-10 23:45:00,554.6,69.3,96.1,37.9
2026-06-10 23:50:00,677.4,128.3,51.6,17.1
2026-06-10 23:55:00,671.0,71.5,128.5,27.6
2026-06-11 00:00:00,457.4,83.5,99.4,30.6
2026-06-11 00:05:00,547.8,109.2,148.6,15.0
2026-06-11 00:10:00,562.3,86.6,115.9,21.9
2026-06-11 00:15:00,671.9,71.6,122.4,26.6
2026-06-11 00:20:00,644.9,119.6,86.5,21.5
2026-06-11 00:25:00,579.4,49.5,121.5,7.5
2026-06-11 00:30:00,657.8,77.8,152.0,11.2
2026-06-11 00:35:00,473.4,80.6,142.1,42.3
2026-06-11 00:40:00,590.1,93.7,124.5,34.6
2026-06-11 00:45:00,627.2,94.1,89.3,30.1
2026-06-11 00:50:00,465.3,59.6,132.3,24.0
2026-06-11 00:55:00,657.1,85.9,129.6,19.7
2026-06-11 01:00:00,639.9,143.6,152.2,28.2
2026-06-11 01:05:00,569.0,103.7,127.5,17.5
2026-06-11 01:10:00,591.5,99.9,134.4,33.1
2026-06-11 01:15:00,661.4,88.6,110.7,29.4
2026-06-11 01:20:00,604.7,121.1,105.9,25.7
2026-06-11 01:25:00,587.7,28.8,131.9,22.9
2026-06-11 01:30:00,641.0,100.7,126.5,22.7
2026-06-11 01:35:00,743.7,76.7,126.8,27.6
2026-06-11 01:40:00,471.7,72.2,123.4,15.4
2026-06-11 01:45:00,624.5,69.1,68.5,44.0
2026-06-11 01:50:00,484.5,62.2,134.9,21.7
2026-06-11 01:55:00,562.1,92.9,137.0,15.4
2026-06-11 02:00:00,532.1,33.0,105.1,31.5
2026-06-11 02:05:00,604.2,108.0,137.1,21.3
2026-06-11 02:10:00,615.3,69.7,115.9,21.2
2026-06-11 02:15:00,550.7,71.3,123.0,25.5
2026-06-11 02:20:00,488.9,65.1,102.8,20.9
2026-06-11 02:25:00,633.0,73.9,119.4,20.6
2026-06-11 02:30:00,635.9,71.6,80.1,23.8
2026-06-11 02:35:00,567.6,52.8,112.7,36.2
2026-06-11 02:40:00,663.4,68.0,165.9,23.5
2026-06-11 02:45:00,629.1,80.3,124.1,23.6
2026-06-11 02:50:00,565.5,56.3,112.0,33.6
2026-06-11 02:55:00,612.1,81.5,111.1,9.2
2026-06-11 03:00:00,554.6,58.9,103.0,30.0
2026-06-11 03:05:00,538.3,46.6,123.2,30.4
2026-06-11 03:10:00,559.3,61.7,95.2,25.9
2026-06-11 03:15:00,684.6,59.8,139.2,22.2
2026-06-11 03:20:00,618.1,106.9,141.4,25.3
2026-06-11 03:25:00,616.6,58.2,137.3,22.6
2026-06-11 03:30:00,594.3,109.1,144.4,27.1
2026-06-11 03:35:00,640.9,61.1,143.6,23.1
2026-06-11 03:40:00,679.7,67.7,128.1,33.7
2026-06-11 03:45:00,536.6,67.1,153.6,22.0
2026-06-11 03:50:00,669.7,94.5,132.1,23.5
2026-06-11 03:55:00,675.9,66.4,105.4,31.2
2026-06-11 04:00:00,573.4,63.7,118.5,30.5
2026-06-11 04:05:00,559.8,85.1,142.3,26.2
2026-06-11 04:10:00,628.3,88.9,131.8,22.5
2026-06-11 04:15:00,589.9,74.9,106.8,23.5
2026-06-11 04:20:00,685.7,105.8,121.3,47.5
2026-06-11 04:25:00,567.1,75.1,100.8,32.8
2026-06-11 04:30:00,747.4,93.7,140.5,28.7
2026-06-11 04:35:00,609.6,76.5,153.5,24.5
2026-06-11 04:40:00,613.9,47.6,80.7,37.1
2026-06-11 04:45:00,585.4,82.4,130.4,8.4
2026-06-11 04:50:00,499.1,99.0,93.3,31.3
2026-06-11 04:55:00,609.8,104.0,85.3,26.2
2026-06-11 05:00:00,577.2,69.0,152.6,27.0
2026-06-11 05:05:00,565.6,84.3,148.2,35.2
2026-06-11 05:10:00,654.1,116.2,125.4,37.8
2026-06-11 05:15:00,484.8,78.0,107.4,25.1
2026-06-11 05:20:00,583.4,59.1,112.9,24.8
2026-06-11 05:25:00,710.8,72.5,104.7,17.6
2026-06-11 05:30:00,473.8,76.0,169.6,24.2
2026-06-11 05:35:00,530.2,26.7,168.7,37.4
2026-06-11 05:40:00,642.5,80.5,140.6,22.4
2026-06-11 05:45:00,601.3,88.5,121.8,10.0
2026-06-11 05:50:00,604.0,69.2,89.2,16.9
2026-06-11 05:55:00,535.1,74.0,114.8,21.4
2026-06-11 06:00:00,587.4,69.6,120.5,19.1
2026-06-11 06:05:00,525.1,60.8,103.1,30.1
2026-06-11 06:10:00,643.0,54.2,154.2,28.7
2026-06-11 06:15:00,533.5,59.7,166.7,33.3
2026-06-11 06:20:00,644.0,70.3,116.2,22.6
2026-06-11 06:25:00,615.1,90.3,145.8,27.1
2026-06-11 06:30:00,616.0,35.8,127.6,17.2
2026-06-11 06:35:00,573.0,79.7,101.4,22.7
2026-06-11 06:40:00,497.1,77.2,149.2,25.2
2026-06-11 06:45:00,540.6,82.2,159.6,25.8
2026-06-11 06:50:00,564.2,106.5,134.1,32.4
2026-06-11 06:55:00,587.1,95.6,109.2,28.2
2026-06-11 07:00:00,579.0,77.0,140.6,24.3
2026-06-11 07:05:00,501.7,52.2,114.1,41.7
2026-06-11 07:10:00,507.3,106.6,142.5,17.1
2026-06-11 07:15:00,560.2,57.8,157.2,32.2
2026-06-11 07:20:00,645.3,70.5,104.1,25.1
2026-06-11 07:25:00,575.6,81.5,135.0,28.9
2026-06-11 07:30:00,566.7,58.9,113.1,16.2
2026-06-11 07:35:00,506.8,90.1,149.5,16.1
2026-06-11 07:40:00,581.8,59.6,121.4,22.7
2026-06-11 07:45:00,616.1,61.7,158.2,24.7
2026-06-11 07:50:00,554.7,61.2,182.4,16.3
2026-06-11 07:55:00,587.4,104.9,100.4,20.8
2026-06-11 08:00:00,553.6,74.2,128.5,27.6
2026-06-11 08:05:00,588.3,80.9,150.5,19.9
2026-06-11 08:10:00,528.3,105.1,115.5,37.9
2026-06-11 08:15:00,665.0,106.7,136.4,20.3
2026-06-11 08:20:00,625.0,74.1,110.8,24.4
2026-06-11 08:25:00,685.6,53.0,81.4,23.0
2026-06-11 08:30:00,566.6,68.4,138.8,14.9
2026-06-11 08:35:00,564.3,92.5,139.1,24.6
2026-06-11 08:40:00,528.4,62.2,100.5,18.3
2026-06-11 08:45:00,550.2,46.3,111.5,34.3
2026-06-11 08:50:00,615.7,64.1,116.0,25.9
2026-06-11 08:55:00,651.4,101.5,137.7,23.7
2026-06-11 09:00:00,557.5,60.4,145.1,22.3
2026-06-11 09:05:00,594.5,86.4,133.3,33.8
2026-06-11 09:10:00,580.4,73.3,92.9,25.6
2026-06-11 09:15:00,704.5,89.6,112.8,16.4
2026-06-11 09:20:00,576.6,56.1,115.5,31.5
2026-06-11 09:25:00,662.0,79.4,113.3,30.8
2026-06-11 09:30:00,537.1,63.8,144.5,17.8
2026-06-11 09:35:00,603.9,107.5,152.9,22.3
2026-06-11 09:40:00,578.7,110.4,144.5,41.9
2026-06-11 09:45:00,525.1,47.8,155.4,27.5
2026-06-11 09:50:00,644.2,111.3,122.0,55.1
2026-06-11 09:55:00,657.4,117.3,107.8,35.7
2026-06-11 10:00:00,552.3,102.3,91.4,45.1
2026-06-11 10:05:00,478.3,105.2,112.7,19.2
2026-06-11 10:10:00,530.5,98.1,99.9,44.6
2026-06-11 10:15:00,554.0,73.7,166.2,15.2
2026-06-11 10:20:00,597.0,93.3,141.8,23.5
2026-06-11 10:25:00,690.2,79.5,97.2,19.2
2026-06-11 10:30:00,667.4,105.8,115.8,25.5
2026-06-11 10:35:00,598.8,81.4,106.1,29.9
2026-06-11 10:40:00,553.7,47.5,104.4,24.2
2026-06-11 10:45:00,645.0,46.2,110.8,27.4
2026-06-11 10:50:00,540.2,84.4,112.0,22.7
2026-06-11 10:55:00,644.6,91.5,109.6,29.4
2026-06-11 11:00:00,631.3,43.1,121.5,28.7
2026-06-11 11:05:00,686.9,100.0,112.8,22.8
2026-06-11 11:10:00,608.2,85.4,149.0,23.2
2026-06-11 11:15:00,631.2,87.4,120.9,15.2
2026-06-11 11:20:00,622.7,76.7,120.0,26.2
2026-06-11 11:25:00,564.2,63.4,109.2,28.8
2026-06-11 11:30:00,748.2,49.5,117.1,32.8
2026-06-11 11:35:00,612.4,98.0,88.3,15.5
2026-06-11 11:40:00,637.3,84.9,113.6,18.4
2026-06-11 11:45:00,549.4,61.7,150.8,29.6
2026-06-11 11:50:00,646.1,98.2,102.5,29.6
2026-06-11 11:55:00,548.5,104.7,128.3,31.8
2026-06-11 12:00:00,550.1,65.3,150.6,44.7
2026-06-11 12:05:00,642.9,75.4,127.0,15.5
2026-06-11 12:10:00,686.8,90.4,111.8,19.4
2026-06-11 12:15:00,486.8,127.8,136.2,26.7
2026-06-11 12:20:00,697.0,23.9,119.3,25.7
2026-06-11 12:25:00,618.4,89.6,142.0,28.0
2026-06-11 12:30:00,647.7,94.1,128.0,38.0
2026-06-11 12:35:00,533.2,84.7,80.2,43.2
2026-06-11 12:40:00,633.3,78.3,106.5,19.0
2026-06-11 12:45:00,508.9,96.3,126.1,30.8
2026-06-11 12:50:00,447.1,66.4,146.5,37.0
2026-06-11 12:55:00,689.8,87.6,140.0,20.2
2026-06-11 13:00:00,759.3,72.8,143.0,27.0
2026-06-11 13:05:00,510.5,120.1,116.0,22.4
2026-06-11 13:10:00,578.8,97.8,104.1,12.5
2026-06-11 13:15:00,556.8,51.6,105.7,19.1
2026-06-11 13:20:00,567.7,67.3,102.5,23.7
2026-06-11 13:25:00,759.3,102.9,174.9,36.5
2026-06-11 13:30:00,581.3,51.3,165.9,27.9
2026-06-11 13:35:00,570.0,80.0,90.2,27.7
2026-06-11 13:40:00,685.4,96.0,130.3,24.3
2026-06-11 13:45:00,670.1,25.0,117.0,27.1
2026-06-11 13:50:00,705.3,85.1,112.6,27.6
2026-06-11 13:55:00,530.9,66.1,135.6,11.0
2026-06-11 14:00:00,538.3,79.4,107.7,30.2
2026-06-11 14:05:00,547.6,93.1,108.3,24.8
2026-06-11 14:10:00,560.1,57.7,132.7,34.7
2026-06-11 14:15:00,674.0,65.9,153.7,17.7
2026-06-11 14:20:00,559.6,58.6,171.4,38.4
2026-06-11 14:25:00,520.7,81.9,133.5,18.3
2026-06-11 14:30:00,612.8,62.7,98.7,34.4
2026-06-11 14:35:00,478.2,78.5,138.6,21.3
2026-06-11 14:40:00,562.0,67.2,110.7,30.1
2026-06-11 14:45:00,602.5,53.8,120.6,35.6
2026-06-11 14:50:00,583.7,64.0,159.5,29.3
2026-06-11 14:55:00,605.1,62.1,155.5,23.0
2026-06-11 15:00:00,558.6,94.7,143.0,21.0
2026-06-11 15:05:00,613.8,87.5,162.0,22.6
2026-06-11 15:10:00,568.8,74.3,62.0,15.7
2026-06-11 15:15:00,603.4,101.7,103.2,26.7
2026-06-11 15:20:00,662.1,65.9,136.7,35.2
2026-06-11 15:25:00,556.9,71.0,119.6,33.9
2026-06-11 15:30:00,532.5,38.1,149.0,35.2
2026-06-11 15:35:00,629.3,76.1,90.9,31.2
2026-06-11 15:40:00,647.3,68.9,150.7,10.5
2026-06-11 15:45:00,520.3,128.5,133.8,22.2
2026-06-11 15:50:00,617.8,119.5,123.7,29.3
2026-06-11 15:55:00,717.8,81.4,79.6,21.5
2026-06-11 16:00:00,620.8,65.2,176.1,22.5
2026-06-11 16:05:00,644.7,78.1,91.1,26.9
2026-06-11 16:10:00,589.2,78.7,85.9,25.4
2026-06-11 16:15:00,672.7,35.0,136.3,30.5
2026-06-11 16:20:00,598.0,73.8,148.5,18.9
2026-06-11 16:25:00,545.1,55.9,117.7,5.0
2026-06-11 16:30:00,746.2,68.2,99.4,16.5
2026-06-11 16:35:00,549.0,52.7,109.0,35.5
2026-06-11 16:40:00,609.4,73.6,131.1,25.9
2026-06-11 16:45:00,667.8,87.9,106.0,22.6
2026-06-11 16:50:00,848.7,77.3,151.4,35.6
2026-06-11 16:55:00,542.0,104.9,100.3,13.6
2026-06-11 17:00:00,575.8,99.9,80.8,33.4
2026-06-11 17:05:00,632.1,112.3,159.9,28.8
2026-06-11 17:10:00,540.5,80.7,103.2,31.9
2026-06-11 17:15:00,577.8,118.5,132.8,28.9
2026-06-11 17:20:00,671.0,59.0,133.8,32.1
2026-06-11 17:25:00,546.5,48.9,103.9,29.2
2026-06-11 17:30:00,529.9,106.1,135.8,28.1
2026-06-11 17:35:00,646.3,105.8,109.5,28.7
2026-06-11 17:40:00,610.7,55.6,102.8,16.1
2026-06-11 17:45:00,541.3,83.9,118.9,18.8
2026-06-11 17:50:00,526.8,72.7,163.9,46.2
2026-06-11 17:55:00,503.5,98.2,127.9,19.3
2026-06-11 18:00:00,590.6,106.1,143.3,16.5
2026-06-11 18:05:00,495.7,99.8,122.0,21.8
2026-06-11 18:10:00,538.3,64.7,107.0,19.7
2026-06-11 18:15:00,508.7,113.4,128.7,16.9
2026-06-11 18:20:00,602.3,56.8,116.7,30.6
2026-06-11 18:25:00,551.5,93.3,109.1,23.1
2026-06-11 18:30:00,442.6,61.7,139.2,15.1
2026-06-11 18:35:00,502.8,79.5,131.0,19.6
2026-06-11 18:40:00,610.9,95.6,104.5,15.7
2026-06-11 18:45:00,628.4,75.4,142.4,21.7
2026-06-11 18:50:00,601.4,53.9,119.8,31.2
2026-06-11 18:55:00,547.0,67.0,141.1,24.8
2026-06-11 19:00:00,523.3,131.9,103.5,28.8
2026-06-11 19:05:00,523.0,104.6,98.4,27.4
2026-06-11 19:10:00,613.9,87.6,108.5,24.5
2026-06-11 19:15:00,677.6,39.4,120.7,27.0
2026-06-11 19:20:00,563.1,88.3,115.3,29.1
2026-06-11 19:25:00,680.6,89.8,151.9,16.5
2026-06-11 19:30:00,618.1,65.7,100.1,34.4
2026-06-11 19:35:00,560.4,55.3,70.6,35.9
2026-06-11 19:40:00,553.9,80.5,119.8,19.4
2026-06-11 19:45:00,491.6,106.4,132.6,30.0
2026-06-11 19:50:00,498.6,100.9,111.2,25.0
2026-06-11 19:55:00,607.2,100.5,125.5,22.4
2026-06-11 20:00:00,636.6,97.4,100.6,40.6
2026-06-11 20:05:00,634.5,67.4,96.8,21.5
2026-06-11 20:10:00,706.4,33.0,134.2,21.0
2026-06-11 20:15:00,615.0,78.6,135.4,25.3
2026-06-11 20:20:00,594.0,95.0,134.6,22.5
2026-06-11 20:25:00,580.7,101.5,133.9,14.4
2026-06-11 20:30:00,662.5,52.5,130.4,20.4
2026-06-11 20:35:00,626.3,87.8,116.4,32.2
2026-06-11 20:40:00,634.9,57.2,137.4,26.6
2026-06-11 20:45:00,456.9,100.0,99.4,26.7
2026-06-11 20:50:00,509.6,54.8,151.1,33.4
2026-06-11 20:55:00,590.4,90.3,142.5,28.0
2026-06-11 21:00:00,618.4,85.1,82.9,16.4
2026-06-11 21:05:00,627.3,66.7,140.4,29.3
2026-06-11 21:10:00,686.0,79.9,140.4,25.2
2026-06-11 21:15:00,643.5,59.9,180.2,23.9
2026-06-11 21:20:00,558.5,42.6,94.0,28.8
2026-06-11 21:25:00,554.8,46.1,86.9,14.8
2026-06-11 21:30:00,598.8,94.7,145.5,21.7
2026-06-11 21:35:00,622.5,68.5,131.2,22.5
2026-06-11 21:40:00,544.1,88.3,86.4,37.3
2026-06-11 21:45:00,588.2,53.5,170.8,21.1
2026-06-11 21:50:00,579.2,90.3,111.1,29.9
2026-06-11 21:55:00,571.0,76.2,109.9,21.2
2026-06-11 22:00:00,524.7,102.9,139.5,22.6
2026-06-11 22:05:00,529.2,59.6,176.6,28.8
2026-06-11 22:10:00,496.4,91.6,108.0,18.8
2026-06-11 22:15:00,621.2,94.2,135.0,14.5
2026-06-11 22:20:00,687.0,41.2,95.3,19.7
2026-06-11 22:25:00,758.6,102.5,118.9,28.0
2026-06-11 22:30:00,658.9,118.2,163.6,25.7
2026-06-11 22:35:00,506.5,73.9,157.2,36.6
2026-06-11 22:40:00,629.7,80.6,108.9,34.9
2026-06-11 22:45:00,608.2,103.4,142.7,28.1
2026-06-11 22:50:00,545.8,80.8,124.4,26.2
2026-06-11 22:55:00,634.7,87.8,118.0,27.9
2026-06-11 23:00:00,561.6,80.6,75.5,21.2
2026-06-11 23:05:00,562.7,73.7,109.5,27.8
2026-06-11 23:10:00,644.4,63.3,94.0,11.8
2026-06-11 23:15:00,647.8,54.8,127.7,25.9
2026-06-11 23:20:00,607.8,85.9,99.8,29.9
2026-06-11 23:25:00,656.1,105.8,64.0,29.9
2026-06-11 23:30:00,521.7,86.5,128.7,36.8
2026-06-11 23:35:00,668.1,105.8,134.6,18.4
2026-06-11 23:40:00,520.7,83.8,101.5,39.7
2026-06-11 23:45:00,614.5,90.9,62.1,48.6
2026-06-11 23:50:00,557.1,82.0,112.2,32.2
2026-06-11 23:55:00,541.6,86.6,98.8,39.1
2026-06-12 00:00:00,519.0,74.6,84.6,28.2
2026-06-12 00:05:00,586.1,94.2,115.6,16.2
2026-06-12 00:10:00,561.8,29.3,110.4,12.9
2026-06-12 00:15:00,577.6,52.3,100.5,7.6
2026-06-12 00:20:00,451.2,60.3,127.8,30.1
2026-06-12 00:25:00,736.3,57.4,122.8,31.1
2026-06-12 00:30:00,504.9,54.2,109.8,31.3
2026-06-12 00:35:00,555.6,34.3,125.1,29.1
2026-06-12 00:40:00,557.3,54.2,117.9,25.0
2026-06-12 00:45:00,595.9,72.4,96.7,13.6
2026-06-12 00:50:00,524.2,125.9,122.0,11.4
2026-06-12 00:55:00,555.7,65.6,135.0,22.1
2026-06-12 01:00:00,597.9,55.3,114.5,12.8
2026-06-12 01:05:00,571.7,55.0,182.0,5.0
2026-06-12 01:10:00,520.6,64.5,119.2,25.2
2026-06-12 01:15:00,572.6,107.2,130.9,26.6
2026-06-12 01:20:00,671.7,117.8,125.2,22.9
2026-06-12 01:25:00,571.7,55.6,135.7,26.4
2026-06-12 01:30:00,570.2,59.0,134.8,12.7
2026-06-12 01:35:00,609.1,116.3,105.2,30.6
2026-06-12 01:40:00,653.1,121.4,126.3,31.1
2026-06-12 01:45:00,489.5,78.4,112.6,21.9
2026-06-12 01:50:00,586.9,64.4,105.8,7.1
2026-06-12 01:55:00,661.6,64.8,115.4,19.1
2026-06-12 02:00:00,557.7,45.5,115.0,28.2
2026-06-12 02:05:00,521.8,89.2,152.8,17.9
2026-06-12 02:10:00,566.7,108.8,99.5,43.1
2026-06-12 02:15:00,595.5,53.6,126.1,30.2
2026-06-12 02:20:00,773.5,63.9,125.9,28.6
2026-06-12 02:25:00,575.6,64.5,113.7,29.1
2026-06-12 02:30:00,681.3,73.3,148.6,16.5
2026-06-12 02:35:00,618.6,61.6,133.2,25.6
2026-06-12 02:40:00,524.3,81.2,79.8,8.9
2026-06-12 02:45:00,668.7,79.7,157.1,7.8
2026-06-12 02:50:00,680.2,104.1,179.5,22.8
2026-06-12 02:55:00,580.1,93.1,169.8,23.7
2026-06-12 03:00:00,581.2,72.8,131.8,32.6
2026-06-12 03:05:00,536.3,68.3,92.6,15.8
2026-06-12 03:10:00,571.6,99.3,124.1,25.0
2026-06-12 03:15:00,686.8,91.0,87.8,20.7
2026-06-12 03:20:00,559.6,87.0,145.5,11.8
2026-06-12 03:25:00,514.9,54.8,134.1,21.8
2026-06-12 03:30:00,688.2,84.2,175.5,17.2
2026-06-12 03:35:00,584.0,100.1,141.0,19.4
2026-06-12 03:40:00,623.5,85.7,99.5,21.6
2026-06-12 03:45:00,651.7,83.7,154.1,42.2
2026-06-12 03:50:00,691.9,85.1,118.4,30.9
2026-06-12 03:55:00,580.0,49.5,116.5,32.9
2026-06-12 04:00:00,559.7,70.3,127.9,28.7
2026-06-12 04:05:00,644.8,108.6,108.4,25.4
2026-06-12 04:10:00,631.4,55.4,105.8,32.6
2026-06-12 04:15:00,628.7,92.1,181.0,22.8
2026-06-12 04:20:00,648.6,77.0,150.9,12.8
2026-06-12 04:25:00,690.9,110.9,136.0,24.0
2026-06-12 04:30:00,611.3,96.6,121.8,24.3
2026-06-12 04:35:00,626.9,56.8,84.5,43.2
2026-06-12 04:40:00,600.8,83.0,145.6,32.5
2026-06-12 04:45:00,685.0,115.8,107.4,21.5
2026-06-12 04:50:00,602.5,82.1,114.3,23.4
2026-06-12 04:55:00,532.7,66.2,142.6,21.2
2026-06-12 05:00:00,604.6,34.8,80.9,18.7
2026-06-12 05:05:00,623.0,101.7,116.9,29.6
2026-06-12 05:10:00,714.5,65.7,125.1,6.8
2026-06-12 05:15:00,587.8,73.9,138.2,24.5
2026-06-12 05:20:00,611.9,97.5,108.9,18.0
2026-06-12 05:25:00,676.4,68.0,81.8,10.9
2026-06-12 05:30:00,589.5,55.3,125.2,9.9
2026-06-12 05:35:00,703.6,62.4,98.3,28.1
2026-06-12 05:40:00,586.6,54.9,133.6,38.5
2026-06-12 05:45:00,656.4,61.9,147.6,14.3
2026-06-12 05:50:00,690.1,93.1,124.8,31.6
2026-06-12 05:55:00,575.0,97.3,89.2,22.0
2026-06-12 06:00:00,606.5,72.7,125.9,21.9
2026-06-12 06:05:00,566.1,74.5,125.4,27.6
2026-06-12 06:10:00,544.8,30.0,101.6,22.4
2026-06-12 06:15:00,532.7,84.9,153.4,27.8
2026-06-12 06:20:00,646.9,97.2,125.3,33.6
2026-06-12 06:25:00,718.9,101.0,125.1,26.2
2026-06-12 06:30:00,557.6,87.3,120.8,25.7
2026-06-12 06:35:00,622.3,78.9,163.8,32.4
2026-06-12 06:40:00,557.6,65.7,158.8,22.1
2026-06-12 06:45:00,504.8,38.8,112.0,33.6
2026-06-12 06:50:00,568.0,62.5,143.5,38.2
2026-06-12 06:55:00,601.2,48.8,119.2,33.2
2026-06-12 07:00:00,593.9,67.8,137.9,28.4
2026-06-12 07:05:00,611.5,88.4,102.6,32.7
2026-06-12 07:10:00,646.3,83.3,115.3,20.9
2026-06-12 07:15:00,705.2,60.6,80.1,31.8
2026-06-12 07:20:00,646.1,117.5,119.8,23.2
2026-06-12 07:25:00,555.0,77.3,98.4,22.5
2026-06-12 07:30:00,577.2,105.3,86.8,21.5
2026-06-12 07:35:00,620.1,113.4,122.8,35.4
2026-06-12 07:40:00,575.6,99.3,93.2,34.9
2026-06-12 07:45:00,724.2,107.7,103.7,35.2
2026-06-12 07:50:00,680.9,112.6,168.3,28.5
2026-06-12 07:55:00,733.8,85.2,95.5,8.1
2026-06-12 08:00:00,567.7,88.1,112.4,5.0
2026-06-12 08:05:00,666.5,86.3,94.0,27.6
2026-06-12 08:10:00,670.3,52.0,155.1,23.0
2026-06-12 08:15:00,616.9,90.5,125.5,12.0
2026-06-12 08:20:00,543.3,56.0,148.4,26.6
2026-06-12 08:25:00,656.3,77.9,130.7,21.7
2026-06-12 08:30:00,648.1,67.5,125.4,36.5
2026-06-12 08:35:00,499.3,101.1,134.3,24.7
2026-06-12 08:40:00,594.9,106.7,75.5,21.1
2026-06-12 08:45:00,530.3,60.2,91.4,14.1
2026-06-12 08:50:00,567.0,79.8,132.2,25.4
2026-06-12 08:55:00,546.3,90.7,127.8,31.7
2026-06-12 09:00:00,571.4,109.9,92.5,23.4
2026-06-12 09:05:00,598.2,89.0,122.5,31.2
2026-06-12 09:10:00,542.5,101.7,113.3,24.9
2026-06-12 09:15:00,480.6,82.1,145.3,31.3
2026-06-12 09:20:00,567.4,31.8,126.4,25.4
2026-06-12 09:25:00,639.4,82.9,129.3,13.7
2026-06-12 09:30:00,544.3,97.4,101.7,34.9
2026-06-12 09:35:00,569.3,62.8,111.8,33.1
2026-06-12 09:40:00,608.1,76.7,99.1,33.8
2026-06-12 09:45:00,648.9,59.1,120.5,53.6
2026-06-12 09:50:00,509.3,103.2,119.9,24.2
2026-06-12 09:55:00,563.1,81.9,137.4,24.5
2026-06-12 10:00:00,677.3,99.5,150.6,23.8
2026-06-12 10:05:00,544.3,92.6,118.5,20.4
2026-06-12 10:10:00,675.8,58.7,64.1,29.4
2026-06-12 10:15:00,671.9,64.4,153.9,22.5
2026-06-12 10:20:00,522.8,91.3,136.5,36.6
2026-06-12 10:25:00,701.0,59.1,98.8,25.4
2026-06-12 10:30:00,598.2,112.5,220.0,29.7
2026-06-12 10:35:00,675.1,60.0,122.1,28.5
2026-06-12 10:40:00,620.5,50.7,104.3,29.7
2026-06-12 10:45:00,590.9,91.3,109.2,17.6
2026-06-12 10:50:00,525.9,75.0,144.9,35.2
2026-06-12 10:55:00,697.1,115.8,105.0,28.9
2026-06-12 11:00:00,705.3,98.0,83.1,29.1
2026-06-12 11:05:00,543.8,42.5,151.6,28.8
2026-06-12 11:10:00,508.1,88.1,119.5,6.1
2026-06-12 11:15:00,683.6,76.9,107.5,25.9
2026-06-12 11:20:00,600.9,66.8,142.6,25.7
2026-06-12 11:25:00,683.9,45.6,123.2,27.1
2026-06-12 11:30:00,691.3,66.0,112.1,33.1
2026-06-12 11:35:00,436.0,57.5,113.7,32.3
2026-06-12 11:40:00,548.5,75.2,129.3,32.9
2026-06-12 11:45:00,645.3,74.4,148.3,17.3
2026-06-12 11:50:00,561.8,78.4,131.1,26.0
2026-06-12 11:55:00,557.2,84.9,164.5,12.5
2026-06-12 12:00:00,585.1,101.6,86.0,25.7
2026-06-12 12:05:00,529.9,98.3,97.1,16.0
2026-06-12 12:10:00,598.9,56.0,75.1,22.9
2026-06-12 12:15:00,587.1,106.5,109.2,31.4
2026-06-12 12:20:00,549.9,53.6,162.0,42.1
2026-06-12 12:25:00,641.3,37.2,135.9,17.3
2026-06-12 12:30:00,569.3,43.1,140.3,27.0
2026-06-12 12:35:00,638.7,58.7,128.2,24.6
2026-06-12 12:40:00,703.3,120.8,103.3,21.3
2026-06-12 12:45:00,596.3,107.2,157.2,27.3
2026-06-12 12:50:00,617.3,81.0,106.4,27.4
2026-06-12 12:55:00,532.2,79.8,115.7,25.7
2026-06-12 13:00:00,602.7,71.7,167.8,14.0
2026-06-12 13:05:00,458.7,97.3,133.8,25.3
2026-06-12 13:10:00,539.3,110.5,141.9,30.0
2026-06-12 13:15:00,599.1,91.6,108.5,11.9
2026-06-12 13:20:00,606.1,73.5,85.5,19.1
2026-06-12 13:25:00,586.9,118.6,86.6,17.7
2026-06-12 13:30:00,572.7,74.0,104.5,23.6
2026-06-12 13:35:00,662.1,45.3,113.0,31.2
2026-06-12 13:40:00,571.8,99.2,119.8,23.3
2026-06-12 13:45:00,650.4,58.9,125.6,36.6
2026-06-12 13:50:00,633.8,75.3,122.8,27.6
2026-06-12 13:55:00,617.6,127.5,136.7,25.6
2026-06-12 14:00:00,626.7,70.7,126.9,25.3
2026-06-12 14:05:00,717.4,112.7,144.9,10.6
2026-06-12 14:10:00,659.9,70.1,130.9,24.1
2026-06-12 14:15:00,663.3,47.6,123.6,28.3
2026-06-12 14:20:00,539.4,75.3,103.3,39.9
2026-06-12 14:25:00,570.2,58.3,133.6,17.5
2026-06-12 14:30:00,670.6,94.4,88.2,35.2
2026-06-12 14:35:00,609.4,64.7,151.3,29.9
2026-06-12 14:40:00,688.6,83.0,145.4,20.3
2026-06-12 14:45:00,582.7,97.7,113.6,20.2
2026-06-12 14:50:00,711.3,40.6,110.1,35.6
2026-06-12 14:55:00,541.1,77.6,143.9,29.3
2026-06-12 15:00:00,725.2,85.2,118.6,32.9
2026-06-12 15:05:00,599.9,76.8,142.5,22.1
2026-06-12 15:10:00,561.6,79.1,146.5,17.1
2026-06-12 15:15:00,705.6,92.2,101.1,5.0
2026-06-12 15:20:00,472.1,104.0,82.6,15.2
2026-06-12 15:25:00,604.7,76.2,117.4,19.6
2026-06-12 15:30:00,579.8,75.9,142.3,31.5
2026-06-12 15:35:00,733.9,87.4,118.7,16.8
2026-06-12 15:40:00,549.8,61.4,145.6,11.8
2026-06-12 15:45:00,645.9,78.3,91.7,20.4
2026-06-12 15:50:00,615.0,70.6,74.1,20.8
2026-06-12 15:55:00,527.7,83.8,121.9,25.1
2026-06-12 16:00:00,520.5,87.0,94.1,45.4
2026-06-12 16:05:00,511.8,90.1,108.5,27.6
2026-06-12 16:10:00,695.5,68.8,115.6,26.4
2026-06-12 16:15:00,677.7,66.8,146.3,28.2
2026-06-12 16:20:00,583.2,71.2,139.1,42.5
2026-06-12 16:25:00,577.3,106.0,108.9,11.0
2026-06-12 16:30:00,607.4,53.0,148.7,34.9
2026-06-12 16:35:00,652.1,103.2,173.2,31.8
2026-06-12 16:40:00,634.5,112.5,120.5,13.1
2026-06-12 16:45:00,522.1,94.4,151.8,19.4
2026-06-12 16:50:00,609.7,50.5,172.7,17.6
2026-06-12 16:55:00,609.9,35.6,138.4,13.5
2026-06-12 17:00:00,638.3,112.7,112.9,20.8
2026-06-12 17:05:00,619.2,49.3,133.6,14.3
2026-06-12 17:10:00,527.9,74.0,97.2,29.3
2026-06-12 17:15:00,653.4,41.4,103.6,36.5
2026-06-12 17:20:00,434.5,47.7,110.1,18.8
2026-06-12 17:25:00,576.7,94.4,120.9,15.6
2026-06-12 17:30:00,653.0,67.6,127.2,34.3
2026-06-12 17:35:00,632.9,109.0,95.9,15.5
2026-06-12 17:40:00,646.1,71.4,162.1,12.3
2026-06-12 17:45:00,458.9,110.1,117.4,19.6
2026-06-12 17:50:00,559.6,71.0,109.2,30.9
2026-06-12 17:55:00,652.5,101.4,160.1,26.9
2026-06-12 18:00:00,701.3,57.1,141.2,33.7
2026-06-12 18:05:00,635.6,59.0,130.3,16.7
2026-06-12 18:10:00,660.4,71.8,130.3,32.4
2026-06-12 18:15:00,695.1,70.2,122.1,23.3
2026-06-12 18:20:00,677.9,52.2,120.1,10.1
2026-06-12 18:25:00,567.1,48.7,125.6,36.0
2026-06-12 18:30:00,628.7,45.6,140.7,25.7
2026-06-12 18:35:00,530.3,119.0,102.8,36.5
2026-06-12 18:40:00,679.8,75.1,132.9,34.8
2026-06-12 18:45:00,634.6,85.1,104.7,33.4
2026-06-12 18:50:00,664.3,91.9,156.8,45.4
2026-06-12 18:55:00,638.4,73.5,112.6,16.1
2026-06-12 19:00:00,617.5,73.4,109.7,41.8
2026-06-12 19:05:00,632.8,94.6,74.2,23.1
2026-06-12 19:10:00,607.4,99.8,108.3,32.4
2026-06-12 19:15:00,512.9,91.1,144.5,26.0
2026-06-12 19:20:00,621.2,80.2,157.6,32.4
2026-06-12 19:25:00,662.0,92.6,73.5,24.2
2026-06-12 19:30:00,624.7,79.9,92.0,37.8
2026-06-12 19:35:00,534.8,82.9,132.8,31.5
2026-06-12 19:40:00,593.8,84.9,110.1,15.9
2026-06-12 19:45:00,532.0,54.8,180.1,28.6
2026-06-12 19:50:00,636.1,75.1,135.1,30.4
2026-06-12 19:55:00,638.9,65.0,148.7,30.8
2026-06-12 20:00:00,615.3,85.4,148.7,17.4
2026-06-12 20:05:00,609.3,66.6,120.0,22.9
2026-06-12 20:10:00,633.7,57.2,101.4,27.4
2026-06-12 20:15:00,546.2,58.1,179.6,23.4
2026-06-12 20:20:00,735.9,93.2,105.9,41.3
2026-06-12 20:25:00,619.6,62.4,105.3,24.0
2026-06-12 20:30:00,620.9,84.7,127.4,17.7
2026-06-12 20:35:00,671.9,58.8,112.0,24.1
2026-06-12 20:40:00,639.2,35.5,96.7,12.8
2026-06-12 20:45:00,571.6,99.6,125.5,25.8
2026-06-12 20:50:00,635.3,110.0,125.9,17.6
2026-06-12 20:55:00,581.1,73.4,124.9,18.4
2026-06-12 21:00:00,624.1,81.3,84.6,30.4
2026-06-12 21:05:00,586.6,105.8,85.9,10.5
2026-06-12 21:10:00,615.7,75.1,118.7,22.4
2026-06-12 21:15:00,561.7,86.9,150.2,35.0
2026-06-12 21:20:00,591.0,80.9,144.8,16.4
2026-06-12 21:25:00,676.3,69.4,120.8,24.6
2026-06-12 21:30:00,674.7,46.0,91.2,40.4
2026-06-12 21:35:00,546.1,65.5,144.2,34.7
2026-06-12 21:40:00,491.1,116.3,168.6,21.7
2026-06-12 21:45:00,620.2,115.5,141.1,18.5
2026-06-12 21:50:00,502.2,60.2,163.7,30.0
2026-06-12 21:55:00,504.6,90.4,140.4,22.2
2026-06-12 22:00:00,614.7,71.6,160.6,38.7
2026-06-12 22:05:00,581.5,94.8,129.7,29.8
2026-06-12 22:10:00,696.2,88.0,84.4,11.0
2026-06-12 22:15:00,547.9,61.3,124.4,13.6
2026-06-12 22:20:00,592.1,77.2,134.1,16.3
2026-06-12 22:25:00,636.1,48.6,91.9,18.4
2026-06-12 22:30:00,634.6,85.2,64.0,24.4
2026-06-12 22:35:00,647.5,77.5,123.3,29.0
2026-06-12 22:40:00,612.1,74.7,126.4,15.0
2026-06-12 22:45:00,654.0,83.8,120.9,13.9
2026-06-12 22:50:00,517.9,73.3,156.2,16.2
2026-06-12 22:55:00,619.3,95.0,144.4,21.3
2026-06-12 23:00:00,626.1,77.1,150.7,29.9
2026-06-12 23:05:00,659.5,69.7,146.6,16.3
2026-06-12 23:10:00,696.3,96.6,111.9,28.9
2026-06-12 23:15:00,599.7,90.5,113.3,20.5
2026-06-12 23:20:00,651.5,88.2,102.4,17.9
2026-06-12 23:25:00,518.8,56.1,139.0,21.9
2026-06-12 23:30:00,594.9,93.0,77.0,22.9
2026-06-12 23:35:00,532.9,119.5,113.3,37.6
2026-06-12 23:40:00,656.3,16.7,114.3,28.1
2026-06-12 23:45:00,539.5,59.7,110.7,15.7
2026-06-12 23:50:00,666.9,85.4,121.8,38.1
2026-06-12 23:55:00,618.6,85.6,99.4,35.8
2026-06-13 00:00:00,665.0,128.3,148.5,16.3
2026-06-13 00:05:00,565.7,105.9,144.8,15.9
2026-06-13 00:10:00,648.2,76.2,141.5,19.9
2026-06-13 00:15:00,515.9,84.4,141.3,14.8
2026-06-13 00:20:00,566.5,100.7,183.0,30.9
2026-06-13 00:25:00,609.0,61.6,124.8,30.7
2026-06-13 00:30:00,549.4,95.7,119.1,27.1
2026-06-13 00:35:00,750.3,75.8,171.0,22.5
2026-06-13 00:40:00,709.5,115.7,111.6,27.2
2026-06-13 00:45:00,541.4,84.7,105.5,22.3
2026-06-13 00:50:00,560.1,97.6,139.3,21.7
2026-06-13 00:55:00,562.6,54.6,123.3,23.7
2026-06-13 01:00:00,712.4,88.4,170.1,26.4
2026-06-13 01:05:00,734.1,73.9,129.6,28.6
2026-06-13 01:10:00,594.4,55.2,111.8,16.6
2026-06-13 01:15:00,602.6,75.9,142.9,23.6
2026-06-13 01:20:00,670.9,82.1,90.4,25.2
2026-06-13 01:25:00,601.2,80.5,108.0,24.5
2026-06-13 01:30:00,540.8,68.7,142.1,9.9
2026-06-13 01:35:00,704.5,57.1,94.7,23.8
2026-06-13 01:40:00,726.8,86.2,111.7,21.6
2026-06-13 01:45:00,531.3,64.7,144.4,18.2
2026-06-13 01:50:00,531.4,77.1,150.7,29.8
2026-06-13 01:55:00,484.0,82.7,141.7,31.6
2026-06-13 02:00:00,643.2,73.1,57.8,27.5
2026-06-13 02:05:00,533.1,95.0,129.9,15.6
2026-06-13 02:10:00,584.3,53.2,151.4,17.1
2026-06-13 02:15:00,541.2,108.7,170.7,35.9
2026-06-13 02:20:00,576.5,84.0,91.4,35.4
2026-06-13 02:25:00,555.3,63.1,88.6,30.0
2026-06-13 02:30:00,599.2,74.1,127.7,17.6
2026-06-13 02:35:00,631.0,61.5,86.1,30.5
2026-06-13 02:40:00,537.0,59.3,115.4,35.6
2026-06-13 02:45:00,436.1,120.1,132.5,42.8
2026-06-13 02:50:00,442.0,76.8,144.7,16.5
2026-06-13 02:55:00,612.7,76.5,133.1,42.1
2026-06-13 03:00:00,631.6,134.2,144.8,9.8
2026-06-13 03:05:00,704.2,90.6,143.2,36.6
2026-06-13 03:10:00,598.1,97.0,126.6,21.3
2026-06-13 03:15:00,526.7,86.6,128.7,30.4
2026-06-13 03:20:00,724.3,97.2,161.2,16.1
2026-06-13 03:25:00,587.1,40.5,138.7,33.7
2026-06-13 03:30:00,623.4,67.3,140.4,18.0
2026-06-13 03:35:00,660.4,68.4,125.7,17.8
2026-06-13 03:40:00,583.3,51.2,87.3,35.1
2026-06-13 03:45:00,507.3,48.7,115.0,14.2
2026-06-13 03:50:00,566.8,55.2,128.3,18.8
2026-06-13 03:55:00,630.6,57.8,151.4,36.4
2026-06-13 04:00:00,423.3,92.3,161.6,28.1
2026-06-13 04:05:00,605.5,66.8,113.8,30.4
2026-06-13 04:10:00,571.6,105.8,148.4,21.0
2026-06-13 04:15:00,649.4,96.9,97.2,14.2
2026-06-13 04:20:00,677.2,102.0,128.3,23.8
2026-06-13 04:25:00,648.5,69.9,145.4,20.7
2026-06-13 04:30:00,488.4,103.8,170.7,20.8
2026-06-13 04:35:00,632.5,74.5,95.1,23.4
2026-06-13 04:40:00,582.1,60.7,93.9,27.8
2026-06-13 04:45:00,564.1,48.9,164.0,19.2
2026-06-13 04:50:00,578.0,91.6,161.9,28.6
2026-06-13 04:55:00,528.0,68.5,125.5,34.6
2026-06-13 05:00:00,642.2,68.8,132.6,28.9
2026-06-13 05:05:00,710.7,89.0,110.5,35.8
2026-06-13 05:10:00,520.5,70.7,116.3,33.0
2026-06-13 05:15:00,580.2,65.8,77.5,32.7
2026-06-13 05:20:00,624.5,55.8,120.7,20.3
2026-06-13 05:25:00,560.9,50.9,123.5,32.7
2026-06-13 05:30:00,546.5,110.5,171.8,25.0
2026-06-13 05:35:00,605.2,49.9,157.6,36.8
2026-06-13 05:40:00,492.4,49.3,133.8,38.2
2026-06-13 05:45:00,611.9,77.2,96.5,32.1
2026-06-13 05:50:00,636.6,99.5,108.0,26.9
2026-06-13 05:55:00,499.5,57.1,114.6,27.9
2026-06-13 06:00:00,618.2,80.1,145.8,26.8
2026-06-13 06:05:00,661.6,49.1,78.7,18.6
2026-06-13 06:10:00,714.6,96.5,115.0,17.4
2026-06-13 06:15:00,524.5,22.5,118.7,30.2
2026-06-13 06:20:00,598.8,88.7,83.2,19.6
2026-06-13 06:25:00,693.1,109.4,143.8,27.1
2026-06-13 06:30:00,528.5,69.5,62.6,22.1
2026-06-13 06:35:00,648.0,50.9,114.6,17.3
2026-06-13 06:40:00,545.2,33.5,119.1,19.5
2026-06-13 06:45:00,756.1,75.5,155.9,42.9
2026-06-13 06:50:00,550.5,105.4,137.4,19.5
2026-06-13 06:55:00,689.5,101.8,74.6,19.7
2026-06-13 07:00:00,555.4,123.9,97.1,17.8
2026-06-13 07:05:00,705.6,97.6,81.9,26.7
2026-06-13 07:10:00,463.1,55.0,117.4,22.9
2026-06-13 07:15:00,674.2,100.0,100.9,11.3
2026-06-13 07:20:00,596.2,55.3,114.6,37.2
2026-06-13 07:25:00,595.0,66.7,92.4,6.7
2026-06-13 07:30:00,527.3,88.0,102.0,17.4
2026-06-13 07:35:00,666.4,84.1,138.7,22.4
2026-06-13 07:40:00,677.5,63.4,138.9,31.1
2026-06-13 07:45:00,534.1,98.2,95.8,19.8
2026-06-13 07:50:00,714.7,41.5,60.2,19.5
2026-06-13 07:55:00,557.7,111.5,147.8,26.2
2026-06-13 08:00:00,575.0,75.8,119.0,21.2
2026-06-13 08:05:00,677.6,110.8,104.2,14.2
2026-06-13 08:10:00,597.8,84.8,91.2,34.5
2026-06-13 08:15:00,495.4,112.1,112.2,29.9
2026-06-13 08:20:00,686.7,101.5,116.2,32.1
2026-06-13 08:25:00,544.6,85.2,137.4,26.5
2026-06-13 08:30:00,596.4,96.8,176.4,24.1
2026-06-13 08:35:00,741.6,86.9,104.5,36.2
2026-06-13 08:40:00,593.1,89.0,152.5,19.0
2026-06-13 08:45:00,584.2,82.6,106.8,29.0
2026-06-13 08:50:00,659.1,73.9,108.4,26.4
2026-06-13 08:55:00,624.8,80.3,73.0,25.8
2026-06-13 09:00:00,673.8,69.1,78.3,13.0
2026-06-13 09:05:00,605.1,61.5,72.3,17.3
2026-06-13 09:10:00,615.3,78.2,151.1,39.8
2026-06-13 09:15:00,618.8,93.3,133.8,29.9
2026-06-13 09:20:00,611.1,79.3,159.9,15.7
2026-06-13 09:25:00,671.3,114.1,86.3,11.4
2026-06-13 09:30:00,561.4,98.7,114.0,15.9
2026-06-13 09:35:00,672.0,115.9,111.4,17.9
2026-06-13 09:40:00,584.7,68.5,117.8,30.3
2026-06-13 09:45:00,517.7,85.3,87.0,10.0
2026-06-13 09:50:00,469.1,66.6,142.4,38.1
2026-06-13 09:55:00,488.4,97.4,92.1,28.4
2026-06-13 10:00:00,712.6,86.7,108.2,34.6
2026-06-13 10:05:00,580.8,111.6,154.2,25.6
2026-06-13 10:10:00,771.2,99.0,125.3,23.6
2026-06-13 10:15:00,718.8,62.1,143.8,20.6
2026-06-13 10:20:00,580.6,59.4,117.6,21.2
2026-06-13 10:25:00,675.1,82.7,146.3,27.2
2026-06-13 10:30:00,659.4,110.4,131.6,27.2
2026-06-13 10:35:00,617.5,88.7,68.1,15.3
2026-06-13 10:40:00,633.1,65.1,81.1,5.1
2026-06-13 10:45:00,620.2,63.1,95.4,22.8
2026-06-13 10:50:00,563.7,93.6,118.3,36.4
2026-06-13 10:55:00,671.6,82.3,95.7,22.1
2026-06-13 11:00:00,649.5,95.8,149.5,5.0
2026-06-13 11:05:00,522.6,94.6,133.9,28.9
2026-06-13 11:10:00,622.8,112.0,116.6,22.9
2026-06-13 11:15:00,593.0,63.9,123.8,17.9
2026-06-13 11:20:00,539.8,58.2,157.4,8.2
2026-06-13 11:25:00,610.4,37.7,81.7,28.1
2026-06-13 11:30:00,523.9,94.8,142.9,31.2
2026-06-13 11:35:00,590.5,42.6,128.4,22.9
2026-06-13 11:40:00,619.4,97.7,190.8,16.6
2026-06-13 11:45:00,542.1,52.8,148.6,6.6
2026-06-13 11:50:00,580.0,57.5,130.1,45.3
2026-06-13 11:55:00,578.0,76.8,116.9,24.5
2026-06-13 12:00:00,528.7,90.1,137.4,30.1
2026-06-13 12:05:00,522.1,117.3,97.9,23.5
2026-06-13 12:10:00,502.3,99.1,76.7,24.0
2026-06-13 12:15:00,619.9,80.6,124.3,23.4
2026-06-13 12:20:00,392.9,100.1,129.3,28.5
2026-06-13 12:25:00,581.3,103.5,87.2,31.2
2026-06-13 12:30:00,587.7,97.3,74.4,29.3
2026-06-13 12:35:00,639.9,60.3,134.3,33.1
2026-06-13 12:40:00,670.3,73.7,138.5,27.7
2026-06-13 12:45:00,458.8,115.2,101.3,24.5
2026-06-13 12:50:00,539.1,92.5,84.1,25.2
2026-06-13 12:55:00,600.0,64.0,151.3,23.4
2026-06-13 13:00:00,641.9,86.7,144.3,31.7
2026-06-13 13:05:00,554.4,80.8,124.4,10.1
2026-06-13 13:10:00,594.6,96.5,184.9,28.4
2026-06-13 13:15:00,610.5,30.4,130.6,23.6
2026-06-13 13:20:00,728.8,97.3,119.3,24.9
2026-06-13 13:25:00,643.2,103.6,101.5,27.6
2026-06-13 13:30:00,551.0,98.5,112.4,27.3
2026-06-13 13:35:00,548.2,90.9,84.8,30.9
2026-06-13 13:40:00,632.8,51.2,102.0,24.5
2026-06-13 13:45:00,708.2,59.4,163.9,23.2
2026-06-13 13:50:00,622.2,95.6,125.2,22.1
2026-06-13 13:55:00,592.9,88.5,135.7,21.8
2026-06-13 14:00:00,606.3,91.2,75.2,17.6
2026-06-13 14:05:00,535.5,121.6,166.5,37.7
2026-06-13 14:10:00,558.8,87.1,139.1,21.6
2026-06-13 14:15:00,695.0,95.9,112.7,8.5
2026-06-13 14:20:00,580.5,52.9,162.5,23.3
2026-06-13 14:25:00,714.6,93.7,76.7,15.4
2026-06-13 14:30:00,612.4,61.1,182.8,24.3
2026-06-13 14:35:00,679.6,73.5,115.3,20.6
2026-06-13 14:40:00,622.3,77.3,84.1,21.7
2026-06-13 14:45:00,565.4,61.9,101.8,29.8
2026-06-13 14:50:00,572.7,78.7,86.9,27.5
2026-06-13 14:55:00,652.8,94.2,144.8,34.2
2026-06-13 15:00:00,646.0,91.4,109.2,39.0
2026-06-13 15:05:00,606.0,79.8,63.0,26.7
2026-06-13 15:10:00,542.1,76.1,78.0,23.9
2026-06-13 15:15:00,573.0,78.4,75.0,28.0
2026-06-13 15:20:00,480.8,124.3,145.8,18.0
2026-06-13 15:25:00,619.2,100.4,129.2,18.4
2026-06-13 15:30:00,558.1,114.4,91.3,20.2
2026-06-13 15:35:00,661.9,78.6,109.0,23.2
2026-06-13 15:40:00,561.2,99.1,118.7,19.9
2026-06-13 15:45:00,548.7,37.9,108.1,33.4
2026-06-13 15:50:00,593.2,83.5,103.7,29.7
2026-06-13 15:55:00,612.6,79.4,103.5,20.8
2026-06-13 16:00:00,591.1,83.8,167.1,6.2
2026-06-13 16:05:00,598.0,64.4,106.9,23.9
2026-06-13 16:10:00,813.4,78.2,163.5,31.9
2026-06-13 16:15:00,669.6,113.3,109.9,28.2
2026-06-13 16:20:00,577.7,69.4,137.2,23.8
2026-06-13 16:25:00,680.5,103.1,149.1,21.8
2026-06-13 16:30:00,648.5,113.4,121.1,23.4
2026-06-13 16:35:00,554.4,99.7,109.4,14.5
2026-06-13 16:40:00,701.9,64.6,137.7,23.0
2026-06-13 16:45:00,632.6,108.9,109.7,9.4
2026-06-13 16:50:00,610.5,89.1,115.8,11.9
2026-06-13 16:55:00,662.2,121.4,141.6,27.2
2026-06-13 17:00:00,586.8,76.3,103.4,24.2
2026-06-13 17:05:00,740.1,33.2,154.6,14.8
2026-06-13 17:10:00,739.1,46.3,129.3,31.9
2026-06-13 17:15:00,579.1,72.2,119.7,23.4
2026-06-13 17:20:00,615.9,82.4,129.3,28.5
2026-06-13 17:25:00,616.6,101.0,90.8,32.5
2026-06-13 17:30:00,582.9,73.0,145.3,18.2
2026-06-13 17:35:00,664.8,68.8,130.2,13.6
2026-06-13 17:40:00,723.3,69.3,175.5,20.5
2026-06-13 17:45:00,593.9,73.8,135.4,18.7
2026-06-13 17:50:00,626.5,99.7,110.1,25.3
2026-06-13 17:55:00,444.8,84.1,88.6,27.6
2026-06-13 18:00:00,741.5,100.6,102.8,20.4
2026-06-13 18:05:00,582.5,88.7,144.8,31.5
2026-06-13 18:10:00,463.5,31.4,126.1,38.7
2026-06-13 18:15:00,639.6,56.8,81.6,12.6
2026-06-13 18:20:00,639.0,65.4,78.4,17.5
2026-06-13 18:25:00,516.8,62.6,156.0,22.7
2026-06-13 18:30:00,558.0,101.6,116.3,18.6
2026-06-13 18:35:00,648.3,57.9,118.0,28.1
2026-06-13 18:40:00,573.4,100.1,114.3,16.8
2026-06-13 18:45:00,599.4,119.9,126.0,19.5
2026-06-13 18:50:00,515.5,106.3,137.0,36.2
2026-06-13 18:55:00,648.8,101.3,107.1,35.4
2026-06-13 19:00:00,622.3,113.5,149.4,34.5
2026-06-13 19:05:00,567.7,98.4,85.0,18.4
2026-06-13 19:10:00,494.7,92.5,154.3,30.5
2026-06-13 19:15:00,598.9,86.2,129.9,33.3
2026-06-13 19:20:00,606.0,119.4,89.8,16.5
2026-06-13 19:25:00,585.3,101.8,159.3,8.9
2026-06-13 19:30:00,689.2,65.6,130.4,30.0
2026-06-13 19:35:00,616.3,64.5,145.0,9.7
2026-06-13 19:40:00,559.1,76.0,67.4,19.4
2026-06-13 19:45:00,575.0,45.1,100.6,11.4
2026-06-13 19:50:00,664.5,108.2,113.9,25.2
2026-06-13 19:55:00,556.9,102.2,121.4,40.6
2026-06-13 20:00:00,561.2,93.6,141.0,30.9
2026-06-13 20:05:00,506.3,74.0,142.3,37.0
2026-06-13 20:10:00,685.1,44.0,61.9,29.2
2026-06-13 20:15:00,619.1,67.8,104.5,12.1
2026-06-13 20:20:00,509.6,98.3,108.8,24.3
2026-06-13 20:25:00,602.0,75.2,129.8,27.4
2026-06-13 20:30:00,626.0,83.8,143.7,29.2
2026-06-13 20:35:00,650.0,60.9,141.3,32.9
2026-06-13 20:40:00,581.9,83.6,142.1,18.7
2026-06-13 20:45:00,580.3,67.4,112.2,26.4
2026-06-13 20:50:00,684.8,101.4,135.2,22.9
2026-06-13 20:55:00,692.3,66.8,75.6,31.6
2026-06-13 21:00:00,630.8,47.5,133.7,24.7
2026-06-13 21:05:00,513.0,66.4,158.8,25.4
2026-06-13 21:10:00,596.5,102.7,80.9,25.8
2026-06-13 21:15:00,693.0,101.5,119.1,27.9
2026-06-13 21:20:00,507.2,59.6,150.5,25.1
2026-06-13 21:25:00,625.1,82.6,138.5,35.1
2026-06-13 21:30:00,513.7,80.7,152.0,11.7
2026-06-13 21:35:00,477.9,102.9,126.9,32.1
2026-06-13 21:40:00,614.6,55.2,156.7,28.4
2026-06-13 21:45:00,660.1,82.3,134.7,27.0
2026-06-13 21:50:00,601.8,74.1,116.5,23.1
2026-06-13 21:55:00,621.9,81.4,126.6,39.4
2026-06-13 22:00:00,565.9,55.9,142.0,25.0
2026-06-13 22:05:00,582.1,100.8,117.2,35.1
2026-06-13 22:10:00,656.5,84.9,114.1,40.4
2026-06-13 22:15:00,568.1,84.8,119.8,19.4
2026-06-13 22:20:00,717.1,97.2,76.8,23.9
2026-06-13 22:25:00,483.1,49.6,86.2,12.5
2026-06-13 22:30:00,618.9,66.3,88.2,16.4
2026-06-13 22:35:00,574.0,81.8,133.1,29.8
2026-06-13 22:40:00,711.2,56.2,163.5,24.1
2026-06-13 22:45:00,710.4,65.5,101.9,20.5
2026-06-13 22:50:00,617.3,85.2,119.6,44.5
2026-06-13 22:55:00,580.6,92.3,126.9,22.9
2026-06-13 23:00:00,514.1,76.7,65.4,14.6
2026-06-13 23:05:00,637.1,55.6,127.4,17.7
2026-06-13 23:10:00,640.3,58.1,150.7,26.4
2026-06-13 23:15:00,668.1,87.7,97.6,27.7
2026-06-13 23:20:00,574.4,89.5,116.5,19.3
2026-06-13 23:25:00,663.8,76.1,139.2,18.7
2026-06-13 23:30:00,531.7,121.1,96.9,19.2
2026-06-13 23:35:00,562.0,77.5,118.9,37.4
2026-06-13 23:40:00,482.8,64.0,142.5,36.1
2026-06-13 23:45:00,578.1,113.6,70.8,24.8
2026-06-13 23:50:00,542.3,63.5,126.6,27.7
2026-06-13 23:55:00,573.0,97.1,106.4,26.1
2026-06-14 00:00:00,595.8,82.4,144.8,20.7
2026-06-14 00:05:00,452.3,85.1,165.9,31.0
2026-06-14 00:10:00,664.2,99.0,84.5,11.7
2026-06-14 00:15:00,466.3,81.1,82.9,28.0
2026-06-14 00:20:00,576.2,81.4,102.4,33.8
2026-06-14 00:25:00,488.5,48.5,134.8,18.2
2026-06-14 00:30:00,725.6,72.6,118.3,21.6
2026-06-14 00:35:00,583.4,73.5,159.0,6.0
2026-06-14 00:40:00,495.6,98.9,85.7,17.9
2026-06-14 00:45:00,679.6,97.1,97.8,39.0
2026-06-14 00:50:00,698.0,69.1,166.5,9.6
2026-06-14 00:55:00,608.1,119.6,116.5,18.4
2026-06-14 01:00:00,681.9,48.6,171.4,36.6
2026-06-14 01:05:00,608.8,134.9,139.6,23.2
2026-06-14 01:10:00,489.1,85.7,124.3,19.6
2026-06-14 01:15:00,592.3,74.1,135.3,26.2
2026-06-14 01:20:00,675.5,70.8,75.3,20.0
2026-06-14 01:25:00,632.9,62.2,151.4,19.7
2026-06-14 01:30:00,682.3,94.8,128.3,26.7
2026-06-14 01:35:00,637.5,91.9,69.9,21.3
2026-06-14 01:40:00,605.5,71.9,120.9,27.2
2026-06-14 01:45:00,691.9,76.5,113.9,40.1
2026-06-14 01:50:00,640.9,45.6,148.4,31.4
2026-06-14 01:55:00,560.5,108.9,102.8,27.4
2026-06-14 02:00:00,436.1,114.1,130.5,22.8
2026-06-14 02:05:00,535.9,52.7,102.9,12.7
2026-06-14 02:10:00,771.5,80.8,66.8,34.8
2026-06-14 02:15:00,569.6,52.1,83.9,22.3
2026-06-14 02:20:00,551.3,79.9,116.8,17.3
2026-06-14 02:25:00,515.3,82.6,110.6,13.2
2026-06-14 02:30:00,648.6,80.4,129.4,25.8
2026-06-14 02:35:00,658.1,74.5,108.3,26.0
2026-06-14 02:40:00,675.8,94.8,92.9,19.8
2026-06-14 02:45:00,619.4,93.4,112.8,31.5
2026-06-14 02:50:00,650.1,49.5,76.5,27.3
2026-06-14 02:55:00,636.0,75.4,117.7,16.8
2026-06-14 03:00:00,561.7,79.8,62.9,12.0
2026-06-14 03:05:00,604.8,67.3,128.4,23.6
2026-06-14 03:10:00,580.5,118.1,129.8,20.8
2026-06-14 03:15:00,636.9,91.0,150.7,28.3
2026-06-14 03:20:00,612.7,34.4,107.2,31.7
2026-06-14 03:25:00,609.1,59.7,136.0,34.4
2026-06-14 03:30:00,704.5,82.0,77.8,16.7
2026-06-14 03:35:00,578.9,76.7,127.3,21.3
2026-06-14 03:40:00,605.7,64.1,101.8,19.8
2026-06-14 03:45:00,548.9,40.3,105.9,15.5
2026-06-14 03:50:00,552.1,54.5,160.5,32.0
2026-06-14 03:55:00,518.3,66.9,99.7,24.3
2026-06-14 04:00:00,534.5,63.1,131.9,31.8
2026-06-14 04:05:00,580.0,65.2,120.2,23.9
2026-06-14 04:10:00,673.9,86.2,142.4,30.6
2026-06-14 04:15:00,502.6,89.2,92.4,20.4
2026-06-14 04:20:00,667.1,97.8,82.8,15.7
2026-06-14 04:25:00,569.7,96.3,89.2,29.2
2026-06-14 04:30:00,645.1,77.0,81.9,15.3
2026-06-14 04:35:00,505.7,62.9,110.0,18.8
2026-06-14 04:40:00,724.6,102.2,115.6,26.9
2026-06-14 04:45:00,627.6,49.3,135.7,21.5
2026-06-14 04:50:00,575.6,76.3,134.5,31.6
2026-06-14 04:55:00,535.2,71.7,81.3,19.7
2026-06-14 05:00:00,608.9,93.3,132.8,13.2
2026-06-14 05:05:00,647.1,91.3,101.3,23.1
2026-06-14 05:10:00,711.3,60.1,135.0,5.0
2026-06-14 05:15:00,551.2,53.9,57.6,22.4
2026-06-14 05:20:00,677.0,107.0,114.1,15.0
2026-06-14 05:25:00,585.9,101.0,125.5,30.8
2026-06-14 05:30:00,618.5,139.5,108.7,26.4
2026-06-14 05:35:00,605.7,36.9,122.1,29.4
2026-06-14 05:40:00,525.0,74.0,146.6,31.7
2026-06-14 05:45:00,587.2,44.5,112.4,30.6
2026-06-14 05:50:00,598.0,111.1,142.2,30.1
2026-06-14 05:55:00,529.9,47.0,137.5,31.2
2026-06-14 06:00:00,655.9,51.0,101.6,32.5
2026-06-14 06:05:00,674.9,94.2,55.6,15.0
2026-06-14 06:10:00,559.4,65.8,120.6,31.0
2026-06-14 06:15:00,736.1,71.7,151.0,26.5
2026-06-14 06:20:00,592.4,78.4,148.2,28.1
2026-06-14 06:25:00,646.0,96.9,127.7,37.9
2026-06-14 06:30:00,523.4,90.3,105.7,28.5
2026-06-14 06:35:00,614.4,63.9,137.7,23.3
2026-06-14 06:40:00,640.0,76.3,86.5,11.0
2026-06-14 06:45:00,589.4,92.8,130.0,22.8
2026-06-14 06:50:00,647.5,90.4,144.8,29.1
2026-06-14 06:55:00,621.5,104.3,118.0,17.6
2026-06-14 07:00:00,573.7,68.5,93.2,34.3
2026-06-14 07:05:00,701.8,33.2,118.4,38.5
2026-06-14 07:10:00,655.8,108.5,128.5,26.4
2026-06-14 07:15:00,582.0,73.5,94.9,23.5
2026-06-14 07:20:00,508.2,84.7,109.5,22.5
2026-06-14 07:25:00,654.7,79.0,141.0,39.2
2026-06-14 07:30:00,613.1,45.7,144.0,34.6
2026-06-14 07:35:00,615.5,82.4,123.1,13.0
2026-06-14 07:40:00,614.2,78.0,99.5,24.8
2026-06-14 07:45:00,595.8,96.8,65.9,39.4
2026-06-14 07:50:00,635.2,46.4,127.0,31.9
2026-06-14 07:55:00,703.4,46.4,82.0,17.3
2026-06-14 08:00:00,639.3,79.5,123.7,23.1
2026-06-14 08:05:00,579.9,75.4,104.2,22.6
2026-06-14 08:10:00,649.1,46.5,136.2,16.3
2026-06-14 08:15:00,610.4,73.9,91.9,42.6
2026-06-14 08:20:00,646.0,31.9,83.6,34.8
2026-06-14 08:25:00,706.9,44.7,129.0,28.4
2026-06-14 08:30:00,686.0,79.7,118.9,28.0
2026-06-14 08:35:00,670.5,64.6,137.6,35.8
2026-06-14 08:40:00,647.3,51.1,152.3,21.8
2026-06-14 08:45:00,641.4,88.8,108.0,31.7
2026-06-14 08:50:00,576.0,50.6,138.6,42.4
2026-06-14 08:55:00,703.9,98.1,79.0,28.1
2026-06-14 09:00:00,670.2,60.3,88.6,31.5
2026-06-14 09:05:00,639.4,86.2,119.8,24.2
2026-06-14 09:10:00,569.3,86.0,110.5,21.1
2026-06-14 09:15:00,570.8,80.1,64.6,16.9
2026-06-14 09:20:00,544.8,65.8,164.0,26.4
2026-06-14 09:25:00,632.4,94.5,65.9,13.4
2026-06-14 09:30:00,592.0,68.0,108.2,19.3
2026-06-14 09:35:00,545.9,97.7,143.1,21.0
2026-06-14 09:40:00,563.4,72.5,114.3,29.8
2026-06-14 09:45:00,425.8,97.1,134.7,18.9
2026-06-14 09:50:00,678.4,62.2,100.3,24.9
2026-06-14 09:55:00,655.7,77.8,123.0,14.3
2026-06-14 10:00:00,578.7,68.9,154.3,25.8
2026-06-14 10:05:00,593.8,55.2,107.9,32.6
2026-06-14 10:10:00,603.2,56.3,131.6,22.4
2026-06-14 10:15:00,501.9,107.0,113.2,14.4
2026-06-14 10:20:00,461.4,50.5,123.1,26.9
2026-06-14 10:25:00,537.0,94.9,131.5,40.0
2026-06-14 10:30:00,622.5,33.7,89.1,22.6
2026-06-14 10:35:00,543.7,79.7,92.9,26.6
2026-06-14 10:40:00,682.2,88.9,104.1,17.3
2026-06-14 10:45:00,627.9,73.9,136.8,21.4
2026-06-14 10:50:00,671.1,79.9,143.5,20.5
2026-06-14 10:55:00,582.5,14.4,162.8,29.4
2026-06-14 11:00:00,561.9,55.1,109.9,19.1
2026-06-14 11:05:00,643.0,68.0,106.1,21.8
2026-06-14 11:10:00,746.4,54.0,123.0,26.9
2026-06-14 11:15:00,608.6,81.3,92.3,8.8
2026-06-14 11:20:00,645.5,31.4,143.9,30.9
2026-06-14 11:25:00,571.3,79.1,96.0,14.6
2026-06-14 11:30:00,576.7,122.0,91.6,15.4
2026-06-14 11:35:00,494.0,82.9,85.4,15.8
2026-06-14 11:40:00,727.3,45.1,103.2,36.3
2026-06-14 11:45:00,547.3,94.5,111.9,35.5
2026-06-14 11:50:00,647.8,51.5,100.7,18.7
2026-06-14 11:55:00,650.6,49.4,93.6,38.1
2026-06-14 12:00:00,560.8,75.9,157.1,37.8
2026-06-14 12:05:00,618.3,92.1,112.0,26.0
2026-06-14 12:10:00,503.2,80.3,128.2,41.8
2026-06-14 12:15:00,490.3,78.9,131.5,35.4
2026-06-14 12:20:00,572.1,88.8,105.7,24.0
2026-06-14 12:25:00,584.7,70.4,87.5,29.7
2026-06-14 12:30:00,625.7,118.9,105.7,19.8
2026-06-14 12:35:00,647.1,69.9,129.3,22.4
2026-06-14 12:40:00,460.4,62.0,94.7,23.9
2026-06-14 12:45:00,690.1,71.7,133.0,17.9
2026-06-14 12:50:00,658.8,106.5,52.1,26.6
2026-06-14 12:55:00,674.5,42.1,118.9,9.3
2026-06-14 13:00:00,571.3,117.2,135.3,26.2
2026-06-14 13:05:00,655.0,123.7,146.8,22.0
2026-06-14 13:10:00,731.1,98.3,82.5,31.0
2026-06-14 13:15:00,506.6,81.2,128.0,21.5
2026-06-14 13:20:00,529.6,94.9,161.5,27.3
2026-06-14 13:25:00,568.2,104.9,177.0,22.6
2026-06-14 13:30:00,604.1,96.5,120.1,16.5
2026-06-14 13:35:00,666.8,65.9,96.2,26.3
2026-06-14 13:40:00,597.3,88.5,157.8,25.3
2026-06-14 13:45:00,529.5,92.6,136.8,32.7
2026-06-14 13:50:00,594.6,102.3,169.5,36.7
2026-06-14 13:55:00,493.1,92.6,165.6,43.0
2026-06-14 14:00:00,563.5,64.1,78.7,27.8
2026-06-14 14:05:00,534.4,71.4,132.0,28.2
2026-06-14 14:10:00,697.9,120.1,127.3,27.0
2026-06-14 14:15:00,536.6,79.1,143.3,18.3
2026-06-14 14:20:00,694.9,101.1,120.7,22.1
2026-06-14 14:25:00,647.4,125.2,170.1,28.7
2026-06-14 14:30:00,555.2,73.8,115.2,34.7
2026-06-14 14:35:00,650.2,78.4,115.0,34.5
2026-06-14 14:40:00,533.2,85.6,146.9,23.2
2026-06-14 14:45:00,618.3,61.2,117.1,18.7
2026-06-14 14:50:00,487.4,88.5,120.2,36.6
2026-06-14 14:55:00,646.7,36.2,93.7,20.1
2026-06-14 15:00:00,553.2,93.3,99.9,15.1
2026-06-14 15:05:00,523.0,82.5,87.8,26.8
2026-06-14 15:10:00,490.3,98.8,107.5,22.6
2026-06-14 15:15:00,634.5,43.1,97.5,24.2
2026-06-14 15:20:00,511.3,55.1,92.3,23.2
2026-06-14 15:25:00,677.4,38.8,111.3,24.4
2026-06-14 15:30:00,566.0,45.1,144.2,24.5
2026-06-14 15:35:00,665.9,102.8,91.4,29.5
2026-06-14 15:40:00,593.3,91.3,129.0,26.0
2026-06-14 15:45:00,534.0,82.3,142.4,24.7
2026-06-14 15:50:00,644.4,105.3,84.8,28.5
2026-06-14 15:55:00,645.8,57.0,91.5,31.4
2026-06-14 16:00:00,552.1,61.0,165.5,14.7
2026-06-14 16:05:00,598.8,91.7,126.4,19.4
2026-06-14 16:10:00,547.3,71.0,134.1,12.3
2026-06-14 16:15:00,545.7,106.2,107.5,24.6
2026-06-14 16:20:00,812.7,150.5,108.2,20.7
2026-06-14 16:25:00,652.8,102.2,68.8,17.3
2026-06-14 16:30:00,698.1,86.9,107.9,25.0
2026-06-14 16:35:00,682.6,84.9,143.6,16.9
2026-06-14 16:40:00,581.5,109.6,109.3,29.0
2026-06-14 16:45:00,597.9,75.1,170.2,24.3
2026-06-14 16:50:00,447.9,97.0,110.2,22.7
2026-06-14 16:55:00,612.8,57.8,77.4,26.1
2026-06-14 17:00:00,633.7,62.0,138.9,29.1
2026-06-14 17:05:00,508.9,99.9,149.1,24.3
2026-06-14 17:10:00,613.9,119.1,100.0,22.4
2026-06-14 17:15:00,350.0,87.0,147.4,23.4
2026-06-14 17:20:00,677.4,85.8,107.6,31.1
2026-06-14 17:25:00,626.2,64.5,155.2,12.5
2026-06-14 17:30:00,512.0,99.5,146.0,24.6
2026-06-14 17:35:00,648.2,90.3,122.5,35.5
2026-06-14 17:40:00,648.7,92.8,144.6,31.8
2026-06-14 17:45:00,625.9,78.3,144.9,27.2
2026-06-14 17:50:00,584.0,64.2,187.7,29.5
2026-06-14 17:55:00,659.5,64.7,119.6,43.1
2026-06-14 18:00:00,627.0,103.9,78.2,26.4
2026-06-14 18:05:00,627.4,76.0,102.0,21.4
2026-06-14 18:10:00,578.7,75.3,137.9,35.1
2026-06-14 18:15:00,627.2,61.0,106.7,26.4
2026-06-14 18:20:00,559.8,75.6,103.9,10.6
2026-06-14 18:25:00,549.7,87.9,119.2,26.7
2026-06-14 18:30:00,494.4,69.6,169.3,29.4
2026-06-14 18:35:00,700.2,55.9,95.1,17.5
2026-06-14 18:40:00,603.6,108.8,73.7,41.2
2026-06-14 18:45:00,675.8,60.3,165.9,20.0
2026-06-14 18:50:00,632.1,80.5,135.6,20.9
2026-06-14 18:55:00,693.9,54.0,75.8,32.6
2026-06-14 19:00:00,524.4,57.8,109.5,30.0
2026-06-14 19:05:00,761.4,128.2,134.4,26.5
2026-06-14 19:10:00,566.6,79.7,115.5,28.6
2026-06-14 19:15:00,664.6,85.2,106.2,22.1
2026-06-14 19:20:00,682.1,88.6,123.4,21.1
2026-06-14 19:25:00,728.4,78.2,174.6,16.2
2026-06-14 19:30:00,537.7,111.5,114.4,40.5
2026-06-14 19:35:00,628.0,83.7,105.1,14.2
2026-06-14 19:40:00,556.9,59.7,117.1,24.6
2026-06-14 19:45:00,585.4,69.0,104.1,14.5
2026-06-14 19:50:00,646.1,75.8,75.4,23.7
2026-06-14 19:55:00,601.9,70.5,118.1,28.6
2026-06-14 20:00:00,442.0,71.5,116.9,25.3
2026-06-14 20:05:00,603.0,59.1,101.8,40.1
2026-06-14 20:10:00,524.6,62.6,98.9,28.4
2026-06-14 20:15:00,565.1,53.6,108.8,25.2
2026-06-14 20:20:00,690.2,65.7,158.4,30.3
2026-06-14 20:25:00,463.6,93.4,179.7,21.1
2026-06-14 20:30:00,636.7,110.1,141.4,23.7
2026-06-14 20:35:00,571.7,79.9,113.8,14.8
2026-06-14 20:40:00,640.7,54.4,93.9,32.6
2026-06-14 20:45:00,598.0,77.7,113.7,28.3
2026-06-14 20:50:00,660.9,103.7,166.3,31.4
2026-06-14 20:55:00,685.4,81.9,136.4,36.4
2026-06-14 21:00:00,583.0,55.6,139.4,25.3
2026-06-14 21:05:00,612.4,93.8,107.3,22.4
2026-06-14 21:10:00,518.7,66.7,129.0,27.6
2026-06-14 21:15:00,567.4,62.5,139.2,24.3
2026-06-14 21:20:00,556.9,87.7,113.8,19.4
2026-06-14 21:25:00,489.7,73.7,82.4,22.6
2026-06-14 21:30:00,589.3,115.4,115.1,28.5
2026-06-14 21:35:00,647.9,88.3,76.6,18.5
2026-06-14 21:40:00,564.1,68.6,138.3,11.0
2026-06-14 21:45:00,742.0,88.0,108.7,13.2
2026-06-14 21:50:00,642.3,72.5,137.1,28.5
2026-06-14 21:55:00,721.9,115.8,120.4,24.1
2026-06-14 22:00:00,667.8,82.0,159.7,26.2
2026-06-14 22:05:00,649.7,143.2,136.1,23.8
2026-06-14 22:10:00,601.6,62.0,155.8,28.3
2026-06-14 22:15:00,599.3,37.3,137.6,32.3
2026-06-14 22:20:00,602.2,51.3,98.1,30.8
2026-06-14 22:25:00,628.2,32.6,89.7,13.6
2026-06-14 22:30:00,601.4,127.6,145.8,17.9
2026-06-14 22:35:00,577.5,69.8,127.4,28.3
2026-06-14 22:40:00,610.6,56.6,92.7,19.4
2026-06-14 22:45:00,602.4,68.4,116.1,33.4
2026-06-14 22:50:00,575.3,47.1,113.6,35.5
2026-06-14 22:55:00,626.5,55.3,151.7,35.4
2026-06-14 23:00:00,570.4,120.4,115.9,24.0
2026-06-14 23:05:00,699.6,84.0,130.8,28.7
2026-06-14 23:10:00,430.1,97.3,113.7,24.3
2026-06-14 23:15:00,556.8,67.7,103.3,37.1
2026-06-14 23:20:00,605.6,95.0,149.5,25.1
2026-06-14 23:25:00,522.9,58.2,106.9,38.4
2026-06-14 23:30:00,544.1,105.2,140.6,6.6
2026-06-14 23:35:00,606.8,98.4,156.6,19.9
2026-06-14 23:40:00,670.9,109.8,133.6,22.3
2026-06-14 23:45:00,483.2,82.1,106.1,43.2
2026-06-14 23:50:00,601.8,71.1,87.2,13.9
2026-06-14 23:55:00,611.8,72.7,186.8,26.8
2026-06-15 00:00:00,646.6,140.7,145.1,28.6
2026-06-15 00:05:00,435.1,105.9,136.3,33.9
2026-06-15 00:10:00,658.5,88.3,173.4,20.0
2026-06-15 00:15:00,515.9,90.1,155.4,12.0
2026-06-15 00:20:00,676.8,54.5,143.2,33.2
2026-06-15 00:25:00,658.0,128.6,123.6,34.2
2026-06-15 00:30:00,606.9,82.3,119.6,23.6
2026-06-15 00:35:00,649.4,90.8,159.0,24.9
2026-06-15 00:40:00,720.9,38.6,91.3,9.8
2026-06-15 00:45:00,584.2,88.8,147.1,39.9
2026-06-15 00:50:00,597.6,72.4,74.8,34.0
2026-06-15 00:55:00,614.2,82.1,89.8,17.3
2026-06-15 01:00:00,569.8,73.8,120.5,33.1
2026-06-15 01:05:00,547.7,67.8,160.6,7.2
2026-06-15 01:10:00,603.2,85.6,122.5,22.9
2026-06-15 01:15:00,575.8,53.5,115.8,23.1
2026-06-15 01:20:00,617.0,70.8,103.8,15.7
2026-06-15 01:25:00,596.1,39.7,150.6,24.2
2026-06-15 01:30:00,708.8,73.8,130.8,25.5
2026-06-15 01:35:00,657.5,97.9,120.2,31.4
2026-06-15 01:40:00,646.5,61.6,162.4,39.8
2026-06-15 01:45:00,648.5,70.5,85.1,29.0
2026-06-15 01:50:00,469.6,93.5,159.9,43.4
2026-06-15 01:55:00,546.2,93.1,85.8,26.5
2026-06-15 02:00:00,726.2,29.9,103.8,18.6
2026-06-15 02:05:00,589.2,51.5,140.7,19.3
2026-06-15 02:10:00,543.5,105.7,138.1,24.4
2026-06-15 02:15:00,633.3,71.9,134.8,19.2
2026-06-15 02:20:00,515.3,60.2,114.6,32.0
2026-06-15 02:25:00,579.6,111.5,148.5,23.8
2026-06-15 02:30:00,555.0,80.1,138.7,27.6
2026-06-15 02:35:00,595.6,96.0,154.6,17.3
2026-06-15 02:40:00,592.1,97.2,118.3,30.9
2026-06-15 02:45:00,655.4,96.7,136.5,20.1
2026-06-15 02:50:00,548.3,125.8,157.5,34.3
2026-06-15 02:55:00,690.1,113.8,168.3,20.1
2026-06-15 03:00:00,725.2,115.3,107.6,19.7
2026-06-15 03:05:00,615.3,94.6,92.8,17.7
2026-06-15 03:10:00,578.6,78.6,96.8,14.5
2026-06-15 03:15:00,650.7,71.3,90.6,35.7
2026-06-15 03:20:00,629.6,64.5,199.6,35.6
2026-06-15 03:25:00,557.4,63.0,176.1,31.6
2026-06-15 03:30:00,509.2,78.2,125.4,22.4
2026-06-15 03:35:00,575.2,88.9,99.3,12.4
2026-06-15 03:40:00,628.9,75.9,118.5,32.0
2026-06-15 03:45:00,562.7,106.5,126.9,17.4
2026-06-15 03:50:00,583.5,85.4,79.6,18.8
2026-06-15 03:55:00,603.6,97.7,124.1,25.1
2026-06-15 04:00:00,506.6,102.8,134.4,31.3
2026-06-15 04:05:00,575.7,61.6,102.4,30.4
2026-06-15 04:10:00,563.2,112.8,116.4,31.6
2026-06-15 04:15:00,568.8,121.9,141.0,13.6
2026-06-15 04:20:00,683.1,111.1,124.7,23.8
2026-06-15 04:25:00,611.6,42.9,104.0,28.6
2026-06-15 04:30:00,485.9,75.1,123.9,12.2
2026-06-15 04:35:00,601.7,60.4,159.5,24.5
2026-06-15 04:40:00,629.2,72.3,160.0,25.0
2026-06-15 04:45:00,599.9,49.4,95.7,15.3
2026-06-15 04:50:00,611.7,109.9,157.5,27.2
2026-06-15 04:55:00,463.7,68.5,116.3,30.8
2026-06-15 05:00:00,479.6,30.6,131.6,22.4
2026-06-15 05:05:00,613.8,101.7,142.0,37.0
2026-06-15 05:10:00,496.8,96.5,83.6,31.6
2026-06-15 05:15:00,606.5,34.0,128.9,20.9
2026-06-15 05:20:00,603.3,57.2,153.1,29.4
2026-06-15 05:25:00,565.7,68.0,125.3,10.4
2026-06-15 05:30:00,743.6,58.1,129.2,38.2
2026-06-15 05:35:00,499.1,97.1,144.0,29.0
2026-06-15 05:40:00,602.6,93.7,114.1,27.8
2026-06-15 05:45:00,659.6,39.1,122.4,18.9
2026-06-15 05:50:00,591.8,88.2,130.0,15.4
2026-06-15 05:55:00,600.0,86.1,132.8,32.4
2026-06-15 06:00:00,639.3,85.3,107.7,28.7
2026-06-15 06:05:00,713.6,94.4,148.0,27.7
2026-06-15 06:10:00,591.0,51.2,103.8,30.4
2026-06-15 06:15:00,439.6,92.1,103.9,20.8
2026-06-15 06:20:00,593.8,71.0,121.2,23.9
2026-06-15 06:25:00,543.1,57.4,142.4,25.7
2026-06-15 06:30:00,575.4,70.2,93.6,17.9
2026-06-15 06:35:00,580.5,85.4,114.0,28.8
2026-06-15 06:40:00,610.8,92.8,97.2,23.1
2026-06-15 06:45:00,601.1,61.8,110.9,23.5
2026-06-15 06:50:00,515.5,76.9,101.7,26.5
2026-06-15 06:55:00,542.2,51.8,121.8,25.8
2026-06-15 07:00:00,568.0,91.5,77.6,25.3
2026-06-15 07:05:00,625.3,104.7,136.0,10.1
2026-06-15 07:10:00,602.9,76.1,142.2,23.1
2026-06-15 07:15:00,537.7,36.9,89.3,25.0
2026-06-15 07:20:00,596.1,49.9,121.7,16.8
2026-06-15 07:25:00,582.2,100.3,148.2,19.5
2026-06-15 07:30:00,541.0,76.7,85.5,39.4
2026-06-15 07:35:00,561.2,101.6,166.4,29.7
2026-06-15 07:40:00,560.1,87.8,128.3,24.1
2026-06-15 07:45:00,597.0,93.8,103.0,18.1
2026-06-15 07:50:00,740.3,41.5,105.7,24.4
2026-06-15 07:55:00,478.4,121.7,124.8,41.8
2026-06-15 08:00:00,541.2,84.7,117.0,22.3
2026-06-15 08:05:00,633.2,69.5,135.8,23.8
2026-06-15 08:10:00,569.6,49.5,107.0,11.3
2026-06-15 08:15:00,664.0,100.3,106.2,16.9
2026-06-15 08:20:00,596.9,60.2,126.5,23.3
2026-06-15 08:25:00,472.5,72.8,103.1,26.9
2026-06-15 08:30:00,606.5,122.3,112.8,42.2
2026-06-15 08:35:00,632.4,69.3,142.9,21.4
2026-06-15 08:40:00,560.4,92.8,77.9,24.0
2026-06-15 08:45:00,575.3,81.5,125.4,27.9
2026-06-15 08:50:00,549.3,73.3,136.2,23.4
2026-06-15 08:55:00,602.7,53.3,150.0,28.8
2026-06-15 09:00:00,664.1,85.8,122.5,34.1
2026-06-15 09:05:00,658.3,83.1,117.4,39.1
2026-06-15 09:10:00,639.3,120.1,89.9,6.1
2026-06-15 09:15:00,667.9,68.0,108.8,15.0
2026-06-15 09:20:00,542.4,47.7,144.9,22.2
2026-06-15 09:25:00,663.1,90.0,94.5,27.3
2026-06-15 09:30:00,583.5,61.2,68.5,20.6
2026-06-15 09:35:00,574.9,54.7,151.0,22.2
2026-06-15 09:40:00,760.9,78.0,113.4,28.2
2026-06-15 09:45:00,595.1,67.7,143.6,10.2
2026-06-15 09:50:00,596.3,56.1,94.2,16.0
2026-06-15 09:55:00,541.3,89.9,119.3,32.4
2026-06-15 10:00:00,645.7,103.8,106.7,19.4
2026-06-15 10:05:00,591.4,64.4,129.8,38.5
2026-06-15 10:10:00,660.3,112.5,123.5,27.0
2026-06-15 10:15:00,609.3,83.6,137.8,38.3
2026-06-15 10:20:00,498.3,95.9,114.4,35.6
2026-06-15 10:25:00,595.8,57.3,146.3,22.5
2026-06-15 10:30:00,556.3,57.7,102.2,13.0
2026-06-15 10:35:00,535.0,109.8,142.7,28.6
2026-06-15 10:40:00,518.5,84.9,151.1,22.8
2026-06-15 10:45:00,611.6,90.8,126.8,23.7
2026-06-15 10:50:00,625.7,104.3,98.3,22.4
2026-06-15 10:55:00,530.2,88.7,72.0,14.7
2026-06-15 11:00:00,634.6,90.5,113.9,28.9
2026-06-15 11:05:00,484.2,59.6,92.6,19.1
2026-06-15 11:10:00,577.2,121.9,106.7,18.2
2026-06-15 11:15:00,499.2,142.4,175.2,23.0
2026-06-15 11:20:00,664.2,76.3,114.5,33.6
2026-06-15 11:25:00,666.8,67.1,84.3,24.1
2026-06-15 11:30:00,645.8,90.3,104.9,16.8
2026-06-15 11:35:00,647.2,87.8,144.3,25.9
2026-06-15 11:40:00,588.1,69.7,126.2,35.2
2026-06-15 11:45:00,643.1,84.1,137.4,31.6
2026-06-15 11:50:00,602.3,100.1,166.7,10.7
2026-06-15 11:55:00,496.9,63.7,118.3,26.7
2026-06-15 12:00:00,527.0,80.4,157.6,35.0
2026-06-15 12:05:00,531.4,80.0,137.0,26.1
2026-06-15 12:10:00,598.5,94.4,105.2,12.5
2026-06-15 12:15:00,564.0,55.8,155.8,12.2
2026-06-15 12:20:00,640.5,66.3,125.5,17.8
2026-06-15 12:25:00,550.8,103.6,153.5,13.9
2026-06-15 12:30:00,526.1,89.6,115.5,15.3
2026-06-15 12:35:00,562.6,81.5,74.1,13.7
2026-06-15 12:40:00,612.7,77.2,65.2,23.2
2026-06-15 12:45:00,696.6,96.9,133.3,20.8
2026-06-15 12:50:00,670.4,106.2,106.8,23.8
2026-06-15 12:55:00,595.4,87.0,74.4,29.5
2026-06-15 13:00:00,755.9,14.9,132.8,14.8
2026-06-15 13:05:00,595.1,36.3,140.2,38.0
2026-06-15 13:10:00,505.1,67.2,122.3,32.1
2026-06-15 13:15:00,596.8,77.8,116.4,10.0
2026-06-15 13:20:00,600.5,99.7,139.3,27.6
2026-06-15 13:25:00,602.9,83.3,115.7,20.6
2026-06-15 13:30:00,822.4,50.2,111.3,26.3
2026-06-15 13:35:00,586.6,76.6,91.1,28.0
2026-06-15 13:40:00,681.9,88.8,86.3,20.7
2026-06-15 13:45:00,530.7,76.1,120.7,22.7
2026-06-15 13:50:00,552.7,79.3,100.1,19.9
2026-06-15 13:55:00,600.5,123.3,162.3,27.1
2026-06-15 14:00:00,694.6,87.4,122.0,23.5
2026-06-15 14:05:00,694.6,43.0,93.0,27.6
2026-06-15 14:10:00,559.8,65.1,126.4,22.6
2026-06-15 14:15:00,703.9,55.5,116.9,11.4
2026-06-15 14:20:00,697.7,70.7,130.7,23.9
2026-06-15 14:25:00,539.0,71.1,131.0,29.6
2026-06-15 14:30:00,615.6,75.7,101.4,32.8
2026-06-15 14:35:00,535.1,36.2,126.6,10.7
2026-06-15 14:40:00,536.9,69.3,170.4,24.9
2026-06-15 14:45:00,575.6,78.3,101.5,33.9
2026-06-15 14:50:00,622.5,79.2,109.6,20.5
2026-06-15 14:55:00,600.7,105.3,87.9,34.8
2026-06-15 15:00:00,683.4,76.8,151.6,7.6
2026-06-15 15:05:00,640.6,85.8,118.3,17.3
2026-06-15 15:10:00,513.0,91.7,81.7,15.1
2026-06-15 15:15:00,638.6,88.2,89.6,25.4
2026-06-15 15:20:00,594.9,81.2,97.8,21.9
2026-06-15 15:25:00,722.7,53.7,151.4,34.2
2026-06-15 15:30:00,536.5,110.5,123.5,32.5
2026-06-15 15:35:00,657.6,52.0,115.1,21.2
2026-06-15 15:40:00,700.1,94.2,101.5,30.6
2026-06-15 15:45:00,480.4,84.2,120.3,18.0
2026-06-15 15:50:00,631.4,76.9,104.4,31.7
2026-06-15 15:55:00,545.5,90.0,153.5,10.0
2026-06-15 16:00:00,517.6,74.2,123.9,46.1
2026-06-15 16:05:00,511.6,98.6,94.3,29.4
2026-06-15 16:10:00,638.9,78.6,102.2,38.8
2026-06-15 16:15:00,638.4,82.5,161.9,31.1
2026-06-15 16:20:00,495.0,59.9,114.9,18.6
2026-06-15 16:25:00,738.1,64.4,158.6,5.0
2026-06-15 16:30:00,575.6,75.1,125.5,19.0
2026-06-15 16:35:00,637.6,107.2,130.9,30.3
2026-06-15 16:40:00,463.2,96.4,106.6,12.0
2026-06-15 16:45:00,709.3,65.5,140.3,40.6
2026-06-15 16:50:00,596.5,80.9,90.1,23.5
2026-06-15 16:55:00,560.9,50.5,101.3,43.3
2026-06-15 17:00:00,673.0,67.2,128.8,20.1
2026-06-15 17:05:00,629.5,51.6,112.7,29.7
2026-06-15 17:10:00,502.1,72.7,120.9,29.4
2026-06-15 17:15:00,606.2,88.5,133.3,12.1
2026-06-15 17:20:00,716.6,67.0,119.1,28.2
2026-06-15 17:25:00,677.1,91.0,122.2,29.5
2026-06-15 17:30:00,660.5,85.7,166.2,30.9
2026-06-15 17:35:00,663.2,89.4,70.1,35.2
2026-06-15 17:40:00,624.4,73.1,107.9,12.4
2026-06-15 17:45:00,574.9,67.5,115.3,29.3
2026-06-15 17:50:00,711.9,59.1,143.6,15.2
2026-06-15 17:55:00,678.1,82.0,139.0,16.8
2026-06-15 18:00:00,540.2,54.2,57.4,16.2
2026-06-15 18:05:00,620.1,43.9,148.0,26.8
2026-06-15 18:10:00,606.8,89.3,122.6,30.4
2026-06-15 18:15:00,648.5,73.6,138.2,22.6
2026-06-15 18:20:00,591.5,64.4,106.5,24.7
2026-06-15 18:25:00,680.2,61.2,135.3,12.4
2026-06-15 18:30:00,588.6,91.4,130.2,27.6
2026-06-15 18:35:00,538.3,62.3,117.2,21.0
2026-06-15 18:40:00,608.2,61.2,160.7,16.4
2026-06-15 18:45:00,717.6,95.7,177.7,5.0
2026-06-15 18:50:00,505.6,89.6,118.9,16.7
2026-06-15 18:55:00,613.6,79.5,79.4,22.9
2026-06-15 19:00:00,510.2,120.2,133.1,29.4
2026-06-15 19:05:00,559.6,80.1,101.3,16.7
2026-06-15 19:10:00,570.1,85.1,128.3,22.2
2026-06-15 19:15:00,604.2,74.6,131.2,37.0
2026-06-15 19:20:00,563.9,86.3,124.2,34.2
2026-06-15 19:25:00,659.0,89.5,94.3,20.7
2026-06-15 19:30:00,574.9,116.4,84.0,21.1
2026-06-15 19:35:00,630.8,58.0,92.5,39.8
2026-06-15 19:40:00,553.5,69.3,117.6,26.3
2026-06-15 19:45:00,636.1,60.5,156.0,22.3
2026-06-15 19:50:00,587.4,110.5,112.5,24.2
2026-06-15 19:55:00,514.3,66.3,147.6,17.7
2026-06-15 20:00:00,623.3,79.2,71.6,13.6
2026-06-15 20:05:00,654.4,85.6,131.9,22.4
2026-06-15 20:10:00,691.3,98.2,160.8,34.7
2026-06-15 20:15:00,566.2,82.3,97.8,23.3
2026-06-15 20:20:00,476.5,120.0,115.7,23.0
2026-06-15 20:25:00,651.1,56.8,123.6,29.9
2026-06-15 20:30:00,646.7,78.3,138.0,26.0
2026-06-15 20:35:00,564.4,47.4,91.9,12.8
2026-06-15 20:40:00,430.3,95.9,89.3,27.6
2026-06-15 20:45:00,655.7,63.3,137.2,10.2
2026-06-15 20:50:00,575.4,84.2,133.2,34.8
2026-06-15 20:55:00,539.9,111.7,95.9,29.1
2026-06-15 21:00:00,607.9,66.6,135.7,28.7
2026-06-15 21:05:00,666.3,88.2,116.7,41.8
2026-06-15 21:10:00,648.1,99.6,97.6,16.2
2026-06-15 21:15:00,727.0,53.7,99.4,30.6
2026-06-15 21:20:00,511.5,90.7,112.5,26.5
2026-06-15 21:25:00,568.0,71.2,191.1,29.5
2026-06-15 21:30:00,524.4,81.7,125.4,21.6
2026-06-15 21:35:00,605.3,73.6,99.6,29.2
2026-06-15 21:40:00,548.0,116.6,100.2,24.3
2026-06-15 21:45:00,649.9,87.1,135.7,33.0
2026-06-15 21:50:00,686.8,108.8,118.2,27.2
2026-06-15 21:55:00,511.8,51.6,119.0,32.6
2026-06-15 22:00:00,645.7,107.6,108.9,19.6
2026-06-15 22:05:00,763.6,88.2,90.0,21.1
2026-06-15 22:10:00,647.2,79.8,122.3,16.0
2026-06-15 22:15:00,634.5,80.0,171.9,35.2
2026-06-15 22:20:00,588.9,89.0,117.1,39.4
2026-06-15 22:25:00,613.5,84.2,117.7,18.8
2026-06-15 22:30:00,675.4,95.2,135.2,27.1
2026-06-15 22:35:00,549.2,73.5,119.8,35.9
2026-06-15 22:40:00,386.1,89.5,98.1,26.1
2026-06-15 22:45:00,653.1,93.4,108.2,26.2
2026-06-15 22:50:00,569.4,36.2,106.5,18.4
2026-06-15 22:55:00,616.8,67.8,140.8,25.8
2026-06-15 23:00:00,638.3,74.4,104.6,17.1
2026-06-15 23:05:00,672.4,46.0,91.0,37.0
2026-06-15 23:10:00,599.1,74.1,148.6,6.8
2026-06-15 23:15:00,596.3,109.3,141.6,15.3
2026-06-15 23:20:00,710.2,41.4,127.5,26.8
2026-06-15 23:25:00,482.7,52.1,102.6,14.3
2026-06-15 23:30:00,588.5,74.4,57.7,9.6
2026-06-15 23:35:00,556.5,93.7,175.7,45.8
2026-06-15 23:40:00,732.4,76.7,178.0,29.8
2026-06-15 23:45:00,500.1,85.8,123.7,23.1
2026-06-15 23:50:00,661.5,112.2,124.1,29.1
2026-06-15 23:55:00,599.3,84.6,100.4,28.4
2026-06-16 00:00:00,647.6,76.3,62.5,19.5
2026-06-16 00:05:00,562.7,34.7,113.8,22.6
2026-06-16 00:10:00,518.1,40.2,68.2,22.8
2026-06-16 00:15:00,607.4,83.3,139.7,21.9
2026-06-16 00:20:00,629.9,88.1,128.6,21.4
2026-06-16 00:25:00,619.5,77.1,99.2,31.4
2026-06-16 00:30:00,546.5,90.7,140.2,23.4
2026-06-16 00:35:00,638.5,60.4,149.1,32.5
2026-06-16 00:40:00,574.8,93.9,120.4,18.8
2026-06-16 00:45:00,574.4,83.5,114.2,28.6
2026-06-16 00:50:00,461.1,84.2,118.2,9.2
2026-06-16 00:55:00,572.2,75.2,164.7,29.0
2026-06-16 01:00:00,556.8,81.6,121.9,31.9
2026-06-16 01:05:00,671.3,69.9,134.5,15.8
2026-06-16 01:10:00,568.7,114.5,168.6,27.0
2026-06-16 01:15:00,587.0,103.7,95.7,31.1
2026-06-16 01:20:00,654.5,71.0,46.7,22.7
2026-06-16 01:25:00,594.7,83.6,122.4,32.0
2026-06-16 01:30:00,482.4,83.2,137.3,19.4
2026-06-16 01:35:00,553.4,83.9,98.7,27.3
2026-06-16 01:40:00,606.2,91.2,132.8,25.5
2026-06-16 01:45:00,625.1,73.1,152.7,26.0
2026-06-16 01:50:00,572.4,78.4,76.1,33.8
2026-06-16 01:55:00,629.7,88.7,94.6,25.7
2026-06-16 02:00:00,650.6,60.9,129.4,21.4
2026-06-16 02:05:00,557.3,97.6,95.7,39.1
2026-06-16 02:10:00,546.3,76.7,108.2,38.6
2026-06-16 02:15:00,450.3,57.4,128.6,40.8
2026-06-16 02:20:00,688.7,90.0,90.3,34.5
2026-06-16 02:25:00,570.6,72.6,72.9,30.8
2026-06-16 02:30:00,622.8,81.5,107.5,35.8
2026-06-16 02:35:00,598.0,102.4,126.5,20.3
2026-06-16 02:40:00,585.5,96.2,138.9,18.6
2026-06-16 02:45:00,511.1,68.5,88.0,13.3
2026-06-16 02:50:00,657.9,48.7,97.6,19.4
2026-06-16 02:55:00,668.7,94.0,138.8,23.3
2026-06-16 03:00:00,592.6,82.4,90.0,12.8
2026-06-16 03:05:00,537.3,32.9,95.8,25.2
2026-06-16 03:10:00,661.0,77.9,155.9,17.2
2026-06-16 03:15:00,533.0,89.3,109.1,8.1
2026-06-16 03:20:00,526.6,88.1,91.2,5.0
2026-06-16 03:25:00,727.3,78.7,123.6,15.5
2026-06-16 03:30:00,684.2,73.9,135.1,20.3
2026-06-16 03:35:00,568.6,133.5,131.6,34.6
2026-06-16 03:40:00,631.3,102.3,117.3,16.0
2026-06-16 03:45:00,453.5,53.9,100.0,42.9
2026-06-16 03:50:00,592.5,83.6,160.8,30.5
2026-06-16 03:55:00,463.1,54.8,145.8,24.5
2026-06-16 04:00:00,591.3,126.1,103.9,18.5
2026-06-16 04:05:00,609.6,118.8,119.6,21.9
2026-06-16 04:10:00,539.0,77.5,99.4,17.3
2026-06-16 04:15:00,631.9,81.7,124.6,22.5
2026-06-16 04:20:00,670.6,97.4,123.5,20.6
2026-06-16 04:25:00,585.1,80.5,128.4,30.3
2026-06-16 04:30:00,585.2,69.9,155.9,14.2
2026-06-16 04:35:00,669.6,84.2,138.1,27.2
2026-06-16 04:40:00,654.1,106.6,100.4,23.8
2026-06-16 04:45:00,706.2,41.9,92.7,21.9
2026-06-16 04:50:00,594.4,63.4,126.9,6.5
2026-06-16 04:55:00,527.4,62.1,137.7,20.8
2026-06-16 05:00:00,648.0,110.8,174.9,24.5
2026-06-16 05:05:00,652.6,107.3,86.5,28.2
2026-06-16 05:10:00,663.3,79.2,141.8,28.8
2026-06-16 05:15:00,572.0,76.2,107.5,31.9
2026-06-16 05:20:00,606.5,102.9,163.9,24.2
2026-06-16 05:25:00,625.8,88.0,110.8,24.5
2026-06-16 05:30:00,670.3,70.1,149.4,23.2
2026-06-16 05:35:00,672.9,82.2,182.8,29.4
2026-06-16 05:40:00,557.9,119.2,132.2,24.7
2026-06-16 05:45:00,562.9,72.3,101.2,31.2
2026-06-16 05:50:00,597.6,55.1,105.0,32.5
2026-06-16 05:55:00,632.4,83.0,96.2,31.7
2026-06-16 06:00:00,652.7,98.9,103.5,21.6
2026-06-16 06:05:00,668.6,68.4,102.2,10.1
2026-06-16 06:10:00,547.4,40.3,180.4,26.2
2026-06-16 06:15:00,511.7,87.8,100.6,26.7
2026-06-16 06:20:00,571.6,66.5,123.7,9.2
2026-06-16 06:25:00,754.3,76.2,130.9,36.6
2026-06-16 06:30:00,694.5,81.1,130.0,28.7
2026-06-16 06:35:00,670.1,104.4,165.5,36.6
2026-06-16 06:40:00,567.9,52.5,83.7,26.2
2026-06-16 06:45:00,649.1,62.4,87.9,27.0
2026-06-16 06:50:00,470.1,79.4,96.9,28.0
2026-06-16 06:55:00,571.7,77.6,155.9,21.3
2026-06-16 07:00:00,549.1,73.8,133.5,15.6
2026-06-16 07:05:00,729.1,76.5,169.2,14.8
2026-06-16 07:10:00,627.5,81.4,72.2,43.2
2026-06-16 07:15:00,632.8,101.6,135.2,23.4
2026-06-16 07:20:00,527.8,84.2,131.6,15.5
2026-06-16 07:25:00,566.2,115.7,79.2,39.3
2026-06-16 07:30:00,531.2,62.0,131.2,35.4
2026-06-16 07:35:00,622.2,107.3,132.3,34.0
2026-06-16 07:40:00,561.0,98.9,103.9,8.4
2026-06-16 07:45:00,768.2,42.3,133.2,35.5
2026-06-16 07:50:00,523.2,29.5,92.7,13.2
2026-06-16 07:55:00,623.0,64.0,138.3,23.8
2026-06-16 08:00:00,489.2,83.5,149.7,23.5
2026-06-16 08:05:00,653.0,98.9,99.1,29.3
2026-06-16 08:10:00,660.7,55.1,143.2,26.3
2026-06-16 08:15:00,761.5,60.5,83.5,20.7
2026-06-16 08:20:00,504.0,103.4,123.0,38.7
2026-06-16 08:25:00,623.0,61.2,121.1,38.7
2026-06-16 08:30:00,647.8,54.4,111.1,27.8
2026-06-16 08:35:00,540.4,93.1,110.6,24.0
2026-06-16 08:40:00,600.1,67.6,161.2,37.1
2026-06-16 08:45:00,592.4,97.3,55.6,33.5
2026-06-16 08:50:00,775.1,94.5,158.9,14.8
2026-06-16 08:55:00,707.6,51.4,87.3,42.8
2026-06-16 09:00:00,547.7,59.2,162.7,17.3
2026-06-16 09:05:00,595.7,78.6,145.3,21.4
2026-06-16 09:10:00,571.1,138.0,130.0,13.1
2026-06-16 09:15:00,637.1,70.6,150.4,20.8
2026-06-16 09:20:00,659.1,77.1,108.1,34.4
2026-06-16 09:25:00,518.6,83.2,133.6,25.2
2026-06-16 09:30:00,652.7,128.0,116.8,26.7
2026-06-16 09:35:00,503.9,119.3,128.0,18.5
2026-06-16 09:40:00,627.6,49.6,141.4,30.6
2026-06-16 09:45:00,639.1,91.6,135.0,9.6
2026-06-16 09:50:00,512.4,96.9,110.3,22.3
2026-06-16 09:55:00,549.1,101.1,122.5,23.8
2026-06-16 10:00:00,599.0,36.6,116.9,22.4
2026-06-16 10:05:00,714.1,75.0,103.9,27.0
2026-06-16 10:10:00,641.3,77.9,146.1,12.9
2026-06-16 10:15:00,636.0,101.0,152.8,32.2
2026-06-16 10:20:00,621.9,70.6,179.2,16.4
2026-06-16 10:25:00,617.2,78.5,101.8,40.3
2026-06-16 10:30:00,560.6,48.5,147.1,28.0
2026-06-16 10:35:00,526.2,91.3,129.5,29.9
2026-06-16 10:40:00,544.0,64.4,113.3,19.6
2026-06-16 10:45:00,592.0,73.7,141.9,21.1
2026-06-16 10:50:00,680.2,68.5,121.6,35.6
2026-06-16 10:55:00,615.9,78.0,117.9,13.6
2026-06-16 11:00:00,673.3,110.6,118.7,24.9
2026-06-16 11:05:00,535.1,80.7,102.4,25.1
2026-06-16 11:10:00,638.2,29.4,151.7,28.6
2026-06-16 11:15:00,669.1,51.8,124.0,26.9
2026-06-16 11:20:00,645.3,59.4,139.7,28.7
2026-06-16 11:25:00,596.3,18.2,160.2,20.5
2026-06-16 11:30:00,598.9,91.5,97.7,45.4
2026-06-16 11:35:00,768.1,94.5,182.6,25.1
2026-06-16 11:40:00,669.0,102.0,122.5,33.3
2026-06-16 11:45:00,595.1,73.7,131.1,33.4
2026-06-16 11:50:00,662.5,96.0,139.8,5.0
2026-06-16 11:55:00,626.5,104.8,97.6,12.5
2026-06-16 12:00:00,633.7,27.6,99.9,18.4
2026-06-16 12:05:00,514.6,120.0,113.6,20.9
2026-06-16 12:10:00,564.0,55.0,123.1,27.2
2026-06-16 12:15:00,548.3,73.1,99.8,27.4
2026-06-16 12:20:00,516.5,93.9,85.6,18.7
2026-06-16 12:25:00,565.3,35.3,148.9,8.7
2026-06-16 12:30:00,666.2,86.5,92.6,38.0
2026-06-16 12:35:00,630.2,107.9,142.9,32.1
2026-06-16 12:40:00,612.6,68.6,90.2,30.3
2026-06-16 12:45:00,582.8,87.2,103.0,28.9
2026-06-16 12:50:00,579.0,116.7,115.6,30.0
2026-06-16 12:55:00,652.4,36.5,177.1,13.0
2026-06-16 13:00:00,510.0,50.6,124.8,12.5
2026-06-16 13:05:00,684.8,70.0,126.7,30.0
2026-06-16 13:10:00,491.3,63.9,116.5,7.7
2026-06-16 13:15:00,674.5,71.0,97.8,28.4
2026-06-16 13:20:00,625.9,62.3,137.0,31.2
2026-06-16 13:25:00,605.9,95.7,120.7,39.0
2026-06-16 13:30:00,564.7,54.2,155.2,22.5
2026-06-16 13:35:00,675.0,35.8,91.3,16.3
2026-06-16 13:40:00,592.7,42.3,153.6,33.4
2026-06-16 13:45:00,607.5,105.7,125.8,23.1
2026-06-16 13:50:00,583.1,59.9,100.3,11.4
2026-06-16 13:55:00,543.1,87.4,127.7,5.0
2026-06-16 14:00:00,611.4,59.9,99.6,29.6
2026-06-16 14:05:00,606.0,30.1,149.9,31.3
2026-06-16 14:10:00,617.8,68.6,117.1,24.9
2026-06-16 14:15:00,701.0,72.6,100.0,24.6
2026-06-16 14:20:00,681.0,82.9,106.1,25.1
2026-06-16 14:25:00,664.0,82.4,100.3,23.5
2026-06-16 14:30:00,620.9,48.0,158.4,12.2
2026-06-16 14:35:00,598.6,107.7,91.8,22.1
2026-06-16 14:40:00,581.7,115.6,118.3,24.0
2026-06-16 14:45:00,559.4,89.5,126.4,33.0
2026-06-16 14:50:00,599.5,97.8,109.0,18.8
2026-06-16 14:55:00,490.9,64.7,86.3,21.5
2026-06-16 15:00:00,543.1,40.2,172.3,28.8
2026-06-16 15:05:00,604.1,73.7,111.9,19.6
2026-06-16 15:10:00,640.6,69.0,87.2,19.5
2026-06-16 15:15:00,610.9,121.4,100.6,13.0
2026-06-16 15:20:00,514.9,139.6,123.0,35.7
2026-06-16 15:25:00,584.3,62.4,115.6,28.9
2026-06-16 15:30:00,782.0,70.3,84.9,31.6
2026-06-16 15:35:00,648.0,88.8,127.6,20.7
2026-06-16 15:40:00,510.0,95.4,90.7,39.7
2026-06-16 15:45:00,652.3,66.0,139.4,27.5
2026-06-16 15:50:00,585.0,124.0,129.7,30.2
2026-06-16 15:55:00,516.1,105.4,112.5,27.5
2026-06-16 16:00:00,526.0,86.0,201.5,26.4
2026-06-16 16:05:00,623.2,127.9,105.9,26.2
2026-06-16 16:10:00,560.4,92.4,117.0,18.8
2026-06-16 16:15:00,672.0,66.2,159.1,27.9
2026-06-16 16:20:00,683.0,112.7,139.9,27.6
2026-06-16 16:25:00,565.0,67.0,97.6,22.2
2026-06-16 16:30:00,679.2,81.6,129.7,22.4
2026-06-16 16:35:00,589.1,88.8,145.1,25.7
2026-06-16 16:40:00,543.9,54.5,54.0,17.2
2026-06-16 16:45:00,468.5,102.9,110.2,26.3
2026-06-16 16:50:00,522.1,69.7,165.6,33.0
2026-06-16 16:55:00,607.9,60.5,102.9,14.8
2026-06-16 17:00:00,580.2,49.8,157.1,34.2
2026-06-16 17:05:00,590.8,48.5,101.2,19.0
2026-06-16 17:10:00,572.9,91.1,125.4,24.6
2026-06-16 17:15:00,567.5,71.5,122.0,32.1
2026-06-16 17:20:00,515.9,103.8,101.8,22.8
2026-06-16 17:25:00,624.6,71.2,76.2,29.4
2026-06-16 17:30:00,612.9,64.7,140.7,17.7
2026-06-16 17:35:00,731.1,79.8,105.3,28.9
2026-06-16 17:40:00,525.1,71.6,170.8,30.9
2026-06-16 17:45:00,548.5,77.8,112.7,20.5
2026-06-16 17:50:00,634.7,72.3,116.5,26.1
2026-06-16 17:55:00,492.4,75.4,131.8,27.1
2026-06-16 18:00:00,584.6,77.7,101.1,23.0
2026-06-16 18:05:00,586.5,66.6,119.2,20.3
2026-06-16 18:10:00,591.6,89.0,78.9,22.5
2026-06-16 18:15:00,603.3,74.9,142.3,24.1
2026-06-16 18:20:00,678.0,61.7,81.2,25.2
2026-06-16 18:25:00,611.5,82.6,141.8,27.4
2026-06-16 18:30:00,580.6,83.5,111.8,26.1
2026-06-16 18:35:00,572.4,55.7,103.4,22.2
2026-06-16 18:40:00,604.2,133.0,108.7,21.8
2026-06-16 18:45:00,642.5,99.2,131.4,29.8
2026-06-16 18:50:00,503.7,64.8,130.5,26.9
2026-06-16 18:55:00,577.7,54.3,109.4,26.5
2026-06-16 19:00:00,559.2,61.4,99.2,23.0
2026-06-16 19:05:00,585.4,67.9,90.1,16.6
2026-06-16 19:10:00,626.3,69.6,61.4,23.6
2026-06-16 19:15:00,680.9,97.8,151.0,25.9
2026-06-16 19:20:00,650.3,102.3,127.6,19.2
2026-06-16 19:25:00,550.6,77.7,151.3,48.4
2026-06-16 19:30:00,583.7,96.8,144.9,32.8
2026-06-16 19:35:00,630.0,68.2,145.7,24.7
2026-06-16 19:40:00,606.0,91.0,108.0,29.2
2026-06-16 19:45:00,706.6,75.9,123.9,25.8
2026-06-16 19:50:00,661.4,45.0,95.3,23.7
2026-06-16 19:55:00,601.0,76.5,134.3,38.7
2026-06-16 20:00:00,608.0,72.4,124.3,26.9
2026-06-16 20:05:00,614.5,95.4,132.2,17.0
2026-06-16 20:10:00,706.9,63.0,117.4,27.0
2026-06-16 20:15:00,617.6,77.2,148.6,25.8
2026-06-16 20:20:00,690.7,104.6,107.2,24.4
2026-06-16 20:25:00,685.9,134.9,96.3,28.0
2026-06-16 20:30:00,609.9,100.8,157.9,23.0
2026-06-16 20:35:00,581.9,93.2,133.7,10.0
2026-06-16 20:40:00,586.0,61.4,111.4,29.4
2026-06-16 20:45:00,532.6,55.5,79.3,21.1
2026-06-16 20:50:00,683.5,101.5,109.3,23.7
2026-06-16 20:55:00,603.2,122.2,65.5,23.6
2026-06-16 21:00:00,664.5,108.4,96.7,29.7
2026-06-16 21:05:00,585.3,55.2,108.5,30.1
2026-06-16 21:10:00,581.4,92.5,136.2,20.0
2026-06-16 21:15:00,688.4,94.0,119.5,29.9
2026-06-16 21:20:00,489.8,103.1,98.3,19.1
2026-06-16 21:25:00,562.0,75.4,149.8,37.4
2026-06-16 21:30:00,584.2,73.2,92.9,16.0
2026-06-16 21:35:00,685.5,83.3,70.0,29.7
2026-06-16 21:40:00,608.2,62.9,141.9,26.4
2026-06-16 21:45:00,744.4,77.4,108.6,31.1
2026-06-16 21:50:00,669.4,104.9,138.3,22.0
2026-06-16 21:55:00,549.6,87.0,100.7,37.4
2026-06-16 22:00:00,720.3,112.3,101.1,22.3
2026-06-16 22:05:00,614.0,106.3,89.6,33.4
2026-06-16 22:10:00,565.2,55.7,124.7,7.5
2026-06-16 22:15:00,575.4,64.9,137.1,23.7
2026-06-16 22:20:00,640.0,41.9,144.2,35.2
2026-06-16 22:25:00,593.2,56.2,156.9,26.9
2026-06-16 22:30:00,617.9,57.9,133.0,46.8
2026-06-16 22:35:00,763.2,82.5,94.7,41.3
2026-06-16 22:40:00,518.8,70.6,152.0,14.0
2026-06-16 22:45:00,656.3,100.1,123.8,50.0
2026-06-16 22:50:00,668.6,97.5,142.1,31.9
2026-06-16 22:55:00,665.8,110.4,109.8,29.1
2026-06-16 23:00:00,520.2,102.1,123.5,12.9
2026-06-16 23:05:00,690.6,75.3,123.4,33.2
2026-06-16 23:10:00,498.8,68.7,92.6,34.1
2026-06-16 23:15:00,632.9,69.5,75.2,21.7
2026-06-16 23:20:00,523.9,79.2,109.5,37.2
2026-06-16 23:25:00,617.8,97.2,156.5,14.5
2026-06-16 23:30:00,509.6,71.1,113.0,25.3
2026-06-16 23:35:00,607.7,77.7,119.9,36.7
2026-06-16 23:40:00,622.2,59.5,118.4,19.7
2026-06-16 23:45:00,496.0,72.3,144.8,22.2
2026-06-16 23:50:00,576.1,69.3,90.4,20.4
2026-06-16 23:55:00,627.5,30.4,140.3,22.2
2026-06-17 00:00:00,640.0,86.4,115.4,24.2
2026-06-17 00:05:00,606.7,56.0,119.4,22.2
2026-06-17 00:10:00,585.6,97.2,130.9,45.5
2026-06-17 00:15:00,707.1,69.4,118.3,20.4
2026-06-17 00:20:00,658.3,84.7,127.2,23.2
2026-06-17 00:25:00,557.6,44.7,104.5,17.9
2026-06-17 00:30:00,554.5,102.3,149.6,14.5
2026-06-17 00:35:00,668.2,47.6,122.8,28.8
2026-06-17 00:40:00,486.1,127.5,145.0,37.4
2026-06-17 00:45:00,623.1,71.0,133.6,40.9
2026-06-17 00:50:00,638.1,97.9,143.0,30.9
2026-06-17 00:55:00,597.8,109.7,143.0,25.1
2026-06-17 01:00:00,587.6,46.6,126.5,36.2
2026-06-17 01:05:00,624.2,72.8,143.1,24.3
2026-06-17 01:10:00,514.2,75.1,130.7,35.6
2026-06-17 01:15:00,675.9,84.2,170.4,20.0
2026-06-17 01:20:00,642.4,103.1,123.8,38.3
2026-06-17 01:25:00,519.2,48.6,129.9,24.0
2026-06-17 01:30:00,743.8,59.7,139.1,35.8
2026-06-17 01:35:00,643.6,105.1,107.9,39.2
2026-06-17 01:40:00,527.2,105.6,142.0,26.8
2026-06-17 01:45:00,644.2,82.2,110.1,25.4
2026-06-17 01:50:00,697.8,79.7,109.1,36.0
2026-06-17 01:55:00,476.7,93.2,108.5,31.1
2026-06-17 02:00:00,652.5,69.1,63.7,35.6
2026-06-17 02:05:00,637.2,124.7,130.6,31.7
2026-06-17 02:10:00,653.1,89.0,121.1,28.0
2026-06-17 02:15:00,516.2,46.2,122.3,31.7
2026-06-17 02:20:00,535.2,67.6,132.8,26.6
2026-06-17 02:25:00,631.5,69.8,119.7,16.5
2026-06-17 02:30:00,709.8,49.1,137.8,28.6
2026-06-17 02:35:00,739.0,53.4,104.8,21.3
2026-06-17 02:40:00,575.0,71.5,91.4,18.6
2026-06-17 02:45:00,463.8,62.2,114.5,22.8
2026-06-17 02:50:00,551.2,85.3,124.6,15.7
2026-06-17 02:55:00,528.3,87.6,128.0,5.0
2026-06-17 03:00:00,662.6,79.1,127.4,30.7
2026-06-17 03:05:00,634.5,72.2,179.3,20.4
2026-06-17 03:10:00,654.2,116.1,66.9,27.3
2026-06-17 03:15:00,558.4,104.7,127.8,23.7
2026-06-17 03:20:00,617.9,79.2,110.3,33.1
2026-06-17 03:25:00,718.7,92.0,136.7,21.3
2026-06-17 03:30:00,599.6,93.6,131.5,14.9
2026-06-17 03:35:00,674.9,88.5,114.1,31.8
2026-06-17 03:40:00,594.2,86.3,92.9,6.0
2026-06-17 03:45:00,534.1,46.0,107.7,26.8
2026-06-17 03:50:00,644.9,79.0,112.6,26.7
2026-06-17 03:55:00,568.8,95.2,90.9,30.2
2026-06-17 04:00:00,537.7,78.9,144.6,44.3
2026-06-17 04:05:00,774.0,52.5,153.8,22.0
2026-06-17 04:10:00,688.2,73.7,101.8,28.8
2026-06-17 04:15:00,593.2,81.1,75.0,30.2
2026-06-17 04:20:00,620.7,54.4,105.8,25.7
2026-06-17 04:25:00,638.9,66.8,82.4,18.4
2026-06-17 04:30:00,642.0,93.2,135.2,12.6
2026-06-17 04:35:00,564.3,102.0,102.1,19.5
2026-06-17 04:40:00,601.9,94.7,80.2,13.9
2026-06-17 04:45:00,658.4,99.7,89.5,14.9
2026-06-17 04:50:00,788.3,78.8,85.1,25.4
2026-06-17 04:55:00,499.2,89.6,138.4,14.5
2026-06-17 05:00:00,568.6,106.0,100.2,29.9
2026-06-17 05:05:00,717.4,85.0,115.8,16.0
2026-06-17 05:10:00,565.5,94.7,121.8,31.6
2026-06-17 05:15:00,584.2,33.8,91.8,17.3
2026-06-17 05:20:00,582.3,93.2,81.4,30.5
2026-06-17 05:25:00,619.7,65.8,113.8,26.6
2026-06-17 05:30:00,694.4,63.7,150.2,29.6
2026-06-17 05:35:00,597.7,113.3,106.3,21.7
2026-06-17 05:40:00,588.4,98.8,168.0,21.1
2026-06-17 05:45:00,568.3,85.7,110.7,39.0
2026-06-17 05:50:00,686.4,77.3,93.5,17.0
2026-06-17 05:55:00,590.4,76.6,105.2,18.6
2026-06-17 06:00:00,622.0,105.0,66.2,9.3
2026-06-17 06:05:00,590.6,72.1,131.2,19.2
2026-06-17 06:10:00,616.5,109.3,112.2,13.2
2026-06-17 06:15:00,552.7,66.9,100.4,38.3
2026-06-17 06:20:00,604.1,44.2,159.1,30.5
2026-06-17 06:25:00,710.5,68.5,105.6,20.0
2026-06-17 06:30:00,411.8,89.0,139.7,31.4
2026-06-17 06:35:00,604.1,93.2,116.3,5.0
2026-06-17 06:40:00,558.1,45.2,141.9,16.2
2026-06-17 06:45:00,580.6,49.7,127.8,30.8
2026-06-17 06:50:00,581.3,80.6,132.9,15.7
2026-06-17 06:55:00,536.9,86.4,107.9,19.8
2026-06-17 07:00:00,507.9,70.0,125.4,32.5
2026-06-17 07:05:00,639.1,90.7,110.3,28.1
2026-06-17 07:10:00,583.2,97.9,89.1,15.1
2026-06-17 07:15:00,536.1,67.2,94.2,22.1
2026-06-17 07:20:00,621.2,121.3,106.6,20.0
2026-06-17 07:25:00,713.5,75.4,125.0,19.5
2026-06-17 07:30:00,682.0,71.2,134.0,20.2
2026-06-17 07:35:00,623.2,108.8,144.7,34.8
2026-06-17 07:40:00,621.3,81.6,159.6,18.6
2026-06-17 07:45:00,494.2,119.5,103.4,34.4
2026-06-17 07:50:00,630.7,88.7,154.6,31.9
2026-06-17 07:55:00,567.3,74.1,90.7,32.7
2026-06-17 08:00:00,663.2,73.0,121.3,29.2
2026-06-17 08:05:00,633.0,70.6,90.3,29.3
2026-06-17 08:10:00,546.5,72.7,102.1,26.7
2026-06-17 08:15:00,757.8,44.0,84.4,20.8
2026-06-17 08:20:00,601.1,99.3,120.4,37.6
2026-06-17 08:25:00,604.2,131.0,98.3,21.7
2026-06-17 08:30:00,594.7,83.7,104.7,24.1
2026-06-17 08:35:00,599.8,36.1,104.2,30.4
2026-06-17 08:40:00,705.3,103.6,106.2,28.7
2026-06-17 08:45:00,687.7,77.2,136.7,14.8
2026-06-17 08:50:00,563.4,94.8,149.4,23.6
2026-06-17 08:55:00,799.3,71.2,89.1,23.4
2026-06-17 09:00:00,601.8,47.3,119.9,35.4
2026-06-17 09:05:00,544.0,58.1,127.4,28.8
2026-06-17 09:10:00,618.5,44.5,120.3,39.1
2026-06-17 09:15:00,581.6,88.8,173.0,24.3
2026-06-17 09:20:00,618.4,91.9,114.4,24.6
2026-06-17 09:25:00,593.1,69.9,87.7,24.3
2026-06-17 09:30:00,564.4,57.0,105.1,28.6
2026-06-17 09:35:00,661.2,83.9,124.4,46.9
2026-06-17 09:40:00,551.5,34.0,130.3,25.8
2026-06-17 09:45:00,697.5,75.0,109.2,17.9
2026-06-17 09:50:00,695.0,118.3,124.0,27.6
2026-06-17 09:55:00,535.0,77.4,156.3,19.6
2026-06-17 10:00:00,584.3,140.6,168.0,20.6
2026-06-17 10:05:00,621.8,44.5,152.8,26.5
2026-06-17 10:10:00,535.2,71.5,146.7,39.6
2026-06-17 10:15:00,572.8,59.8,138.2,22.7
2026-06-17 10:20:00,579.1,69.8,116.0,27.4
2026-06-17 10:25:00,497.6,77.5,117.5,24.8
2026-06-17 10:30:00,663.0,73.6,142.9,30.4
2026-06-17 10:35:00,561.3,53.9,142.4,6.7
2026-06-17 10:40:00,497.8,69.6,132.9,22.7
2026-06-17 10:45:00,560.6,61.6,146.4,24.0
2026-06-17 10:50:00,632.0,94.4,73.7,27.0
2026-06-17 10:55:00,550.4,94.0,128.9,31.2
2026-06-17 11:00:00,499.3,126.5,88.1,36.0
2026-06-17 11:05:00,515.0,82.4,113.6,25.8
2026-06-17 11:10:00,471.0,79.9,119.2,37.3
2026-06-17 11:15:00,669.9,56.6,111.3,31.5
2026-06-17 11:20:00,596.3,91.2,99.8,34.1
2026-06-17 11:25:00,646.1,80.0,141.0,28.4
2026-06-17 11:30:00,647.8,75.9,134.2,27.7
2026-06-17 11:35:00,666.8,53.8,150.7,36.1
2026-06-17 11:40:00,569.1,112.0,112.1,28.5
2026-06-17 11:45:00,585.3,59.2,117.0,29.2
2026-06-17 11:50:00,435.6,89.6,185.5,17.7
2026-06-17 11:55:00,580.4,97.5,111.4,25.1
2026-06-17 12:00:00,574.0,46.4,81.2,22.4
2026-06-17 12:05:00,572.0,92.2,141.7,32.6
2026-06-17 12:10:00,568.7,79.3,144.2,29.3
2026-06-17 12:15:00,709.7,39.6,148.7,30.1
2026-06-17 12:20:00,611.9,68.7,146.9,23.2
2026-06-17 12:25:00,574.4,119.9,97.6,21.7
2026-06-17 12:30:00,562.4,100.4,137.1,27.4
2026-06-17 12:35:00,564.8,73.9,132.5,34.7
2026-06-17 12:40:00,631.4,76.9,137.4,17.7
2026-06-17 12:45:00,558.3,82.6,117.0,21.2
2026-06-17 12:50:00,616.0,50.7,146.2,40.8
2026-06-17 12:55:00,676.1,61.0,132.7,16.7
2026-06-17 13:00:00,682.5,65.8,129.1,34.2
2026-06-17 13:05:00,611.6,95.0,108.0,11.6
2026-06-17 13:10:00,516.4,69.8,140.7,20.2
2026-06-17 13:15:00,559.0,94.2,116.8,31.5
2026-06-17 13:20:00,559.3,68.2,126.8,21.0
2026-06-17 13:25:00,586.9,113.2,118.0,22.1
2026-06-17 13:30:00,651.5,78.5,139.2,11.4
2026-06-17 13:35:00,510.2,68.8,124.1,17.6
2026-06-17 13:40:00,554.6,54.7,96.8,12.6
2026-06-17 13:45:00,626.4,68.0,144.2,14.7
2026-06-17 13:50:00,497.7,95.9,140.9,30.8
2026-06-17 13:55:00,788.7,80.7,131.6,14.6
2026-06-17 14:00:00,548.6,65.2,126.1,27.3
2026-06-17 14:05:00,704.1,24.9,100.0,24.1
2026-06-17 14:10:00,562.0,73.6,121.0,16.3
2026-06-17 14:15:00,657.0,86.4,103.2,15.6
2026-06-17 14:20:00,652.4,71.2,132.5,29.7
2026-06-17 14:25:00,669.0,69.6,137.7,30.3
2026-06-17 14:30:00,703.0,96.6,148.1,34.5
2026-06-17 14:35:00,668.2,80.3,123.8,23.6
2026-06-17 14:40:00,642.9,25.0,132.6,21.2
2026-06-17 14:45:00,746.3,89.8,111.4,10.4
2026-06-17 14:50:00,593.0,88.7,91.2,24.9
2026-06-17 14:55:00,605.9,61.7,104.5,13.8
2026-06-17 15:00:00,570.3,63.1,135.6,20.4
2026-06-17 15:05:00,653.6,90.4,113.2,22.3
2026-06-17 15:10:00,611.8,83.0,81.0,16.8
2026-06-17 15:15:00,577.6,64.5,118.3,36.0
2026-06-17 15:20:00,429.0,80.7,111.9,44.9
2026-06-17 15:25:00,676.2,90.9,115.8,36.7
2026-06-17 15:30:00,481.5,69.1,130.8,36.4
2026-06-17 15:35:00,586.0,79.5,171.8,28.8
2026-06-17 15:40:00,673.3,62.4,91.7,32.7
2026-06-17 15:45:00,627.2,48.3,157.2,31.4
2026-06-17 15:50:00,680.1,94.1,122.4,21.7
2026-06-17 15:55:00,598.9,105.7,147.9,34.8
2026-06-17 16:00:00,633.0,44.8,130.3,20.5
2026-06-17 16:05:00,598.0,75.1,121.0,34.4
2026-06-17 16:10:00,522.9,85.4,130.9,31.9
2026-06-17 16:15:00,589.5,59.6,83.9,23.6
2026-06-17 16:20:00,574.3,76.0,107.6,15.8
2026-06-17 16:25:00,575.2,86.5,125.8,31.4
2026-06-17 16:30:00,592.7,49.3,87.0,17.6
2026-06-17 16:35:00,591.3,106.3,121.5,28.5
2026-06-17 16:40:00,538.9,71.7,98.1,27.8
2026-06-17 16:45:00,552.5,68.8,131.3,26.1
2026-06-17 16:50:00,721.1,41.0,131.9,27.1
2026-06-17 16:55:00,582.3,77.1,153.2,22.9
2026-06-17 17:00:00,647.2,51.0,129.3,18.0
2026-06-17 17:05:00,652.7,48.7,92.7,29.4
2026-06-17 17:10:00,522.1,69.0,106.1,41.0
2026-06-17 17:15:00,597.4,98.0,87.9,33.1
2026-06-17 17:20:00,599.0,35.0,129.5,30.5
2026-06-17 17:25:00,487.6,81.2,108.2,21.3
2026-06-17 17:30:00,529.9,63.4,120.5,47.4
2026-06-17 17:35:00,485.0,94.4,116.1,29.4
2026-06-17 17:40:00,602.6,90.2,87.8,27.6
2026-06-17 17:45:00,617.8,38.4,127.7,31.4
2026-06-17 17:50:00,621.1,77.0,141.3,17.0
2026-06-17 17:55:00,608.4,112.3,102.0,26.9
2026-06-17 18:00:00,582.3,58.0,112.2,31.8
2026-06-17 18:05:00,521.7,80.0,137.8,25.7
2026-06-17 18:10:00,693.3,83.6,101.7,12.7
2026-06-17 18:15:00,361.0,70.3,117.3,31.1
2026-06-17 18:20:00,524.3,105.9,130.9,23.0
2026-06-17 18:25:00,528.5,94.3,143.9,34.9
2026-06-17 18:30:00,714.9,110.0,124.0,24.7
2026-06-17 18:35:00,624.4,70.3,101.0,18.4
2026-06-17 18:40:00,551.2,55.2,126.9,26.6
2026-06-17 18:45:00,654.2,83.7,108.7,26.0
2026-06-17 18:50:00,499.0,78.3,117.5,32.7
2026-06-17 18:55:00,542.5,65.9,92.6,28.7
2026-06-17 19:00:00,631.7,120.5,98.1,19.2
2026-06-17 19:05:00,641.1,84.6,134.4,29.6
2026-06-17 19:10:00,638.9,51.4,126.0,32.3
2026-06-17 19:15:00,583.6,18.8,110.7,18.7
2026-06-17 19:20:00,700.8,51.9,98.9,26.6
2026-06-17 19:25:00,588.3,67.2,150.7,16.5
2026-06-17 19:30:00,636.4,78.8,132.6,36.6
2026-06-17 19:35:00,532.7,112.0,173.5,33.1
2026-06-17 19:40:00,518.7,77.6,99.6,21.5
2026-06-17 19:45:00,604.8,78.6,85.7,21.0
2026-06-17 19:50:00,682.1,72.4,129.2,24.7
2026-06-17 19:55:00,582.4,93.0,116.7,24.6
2026-06-17 20:00:00,610.3,54.4,115.1,23.4
2026-06-17 20:05:00,607.9,89.2,92.8,24.7
2026-06-17 20:10:00,537.4,100.5,120.7,16.5
2026-06-17 20:15:00,594.2,112.1,105.0,16.3
2026-06-17 20:20:00,729.5,56.1,95.8,16.6
2026-06-17 20:25:00,497.9,94.4,105.1,26.7
2026-06-17 20:30:00,591.0,74.0,82.2,33.6
2026-06-17 20:35:00,598.8,58.4,143.7,42.5
2026-06-17 20:40:00,647.8,83.3,117.7,37.8
2026-06-17 20:45:00,472.1,84.4,116.8,18.6
2026-06-17 20:50:00,576.8,65.7,152.0,34.6
2026-06-17 20:55:00,552.2,122.1,105.7,26.2
2026-06-17 21:00:00,629.9,30.7,92.7,29.6
2026-06-17 21:05:00,605.5,67.8,133.8,37.9
2026-06-17 21:10:00,648.9,84.1,92.2,35.3
2026-06-17 21:15:00,691.1,23.2,66.7,20.2
2026-06-17 21:20:00,633.5,75.4,134.9,22.6
2026-06-17 21:25:00,635.2,93.5,125.3,24.3
2026-06-17 21:30:00,656.0,84.8,110.2,26.4
2026-06-17 21:35:00,579.6,24.0,88.6,28.4
2026-06-17 21:40:00,613.0,86.4,133.1,37.2
2026-06-17 21:45:00,584.1,64.9,107.9,24.1
2026-06-17 21:50:00,544.0,98.0,138.9,22.0
2026-06-17 21:55:00,631.9,81.3,133.7,26.4
2026-06-17 22:00:00,573.9,81.9,99.6,20.6
2026-06-17 22:05:00,577.4,89.4,87.4,37.3
2026-06-17 22:10:00,541.9,70.3,130.4,16.1
2026-06-17 22:15:00,604.3,76.1,128.9,8.3
2026-06-17 22:20:00,554.3,46.3,128.1,18.2
2026-06-17 22:25:00,461.9,136.7,119.5,8.4
2026-06-17 22:30:00,613.0,104.1,144.1,27.7
2026-06-17 22:35:00,567.7,111.0,199.5,14.9
2026-06-17 22:40:00,596.1,93.3,162.2,41.7
2026-06-17 22:45:00,648.1,89.9,126.5,26.7
2026-06-17 22:50:00,735.5,40.0,139.3,22.5
2026-06-17 22:55:00,622.0,110.4,114.1,15.3
2026-06-17 23:00:00,743.3,93.1,65.8,26.5
2026-06-17 23:05:00,621.9,67.1,158.4,39.2
2026-06-17 23:10:00,615.9,63.3,102.7,9.8
2026-06-17 23:15:00,590.6,94.8,87.0,31.5
2026-06-17 23:20:00,583.1,92.4,146.7,18.3
2026-06-17 23:25:00,616.8,78.6,179.8,34.1
2026-06-17 23:30:00,526.8,79.6,132.3,18.8
2026-06-17 23:35:00,559.5,85.4,114.3,37.2
2026-06-17 23:40:00,670.2,77.9,146.4,29.8
2026-06-17 23:45:00,523.2,89.3,128.7,16.8
2026-06-17 23:50:00,600.8,110.9,87.5,17.4
2026-06-17 23:55:00,706.8,104.7,94.5,23.2
2026-06-18 00:00:00,541.0,81.8,107.8,16.6
2026-06-18 00:05:00,572.7,106.6,129.5,12.2
2026-06-18 00:10:00,664.3,67.6,140.0,34.9
2026-06-18 00:15:00,507.6,50.7,110.5,9.5
2026-06-18 00:20:00,562.5,98.7,146.0,37.9
2026-06-18 00:25:00,596.3,104.2,155.9,21.6
2026-06-18 00:30:00,728.9,90.3,116.1,28.6
2026-06-18 00:35:00,606.9,79.9,84.7,43.5
2026-06-18 00:40:00,584.7,118.9,138.1,30.5
2026-06-18 00:45:00,561.3,65.3,165.1,19.8
2026-06-18 00:50:00,637.8,70.2,108.7,39.3
2026-06-18 00:55:00,519.1,110.0,162.0,10.2
2026-06-18 01:00:00,649.4,63.2,105.2,26.8
2026-06-18 01:05:00,581.0,81.1,116.3,35.3
2026-06-18 01:10:00,607.0,93.7,151.1,21.3
2026-06-18 01:15:00,538.1,63.7,113.5,16.7
2026-06-18 01:20:00,636.1,69.3,85.7,15.0
2026-06-18 01:25:00,538.9,54.1,137.3,24.2
2026-06-18 01:30:00,535.8,87.8,88.4,9.1
2026-06-18 01:35:00,610.7,36.4,143.3,9.7
2026-06-18 01:40:00,583.8,47.4,139.5,19.8
2026-06-18 01:45:00,677.3,90.6,157.0,21.4
2026-06-18 01:50:00,563.1,97.0,97.8,27.6
2026-06-18 01:55:00,648.3,75.5,98.2,22.4
2026-06-18 02:00:00,655.8,104.7,119.8,19.5
2026-06-18 02:05:00,582.4,96.9,109.5,35.1
2026-06-18 02:10:00,662.2,67.0,79.5,27.8
2026-06-18 02:15:00,629.7,111.7,112.8,39.9
2026-06-18 02:20:00,617.9,90.1,121.2,24.9
2026-06-18 02:25:00,583.6,100.2,132.7,11.8
2026-06-18 02:30:00,591.7,117.2,125.1,19.4
2026-06-18 02:35:00,517.9,53.8,114.8,15.5
2026-06-18 02:40:00,601.4,97.2,159.3,26.1
2026-06-18 02:45:00,446.1,60.7,111.4,26.3
2026-06-18 02:50:00,549.9,83.7,104.3,15.2
2026-06-18 02:55:00,587.3,68.9,114.9,23.2
2026-06-18 03:00:00,777.8,93.7,134.3,28.5
2026-06-18 03:05:00,527.3,102.3,108.2,17.1
2026-06-18 03:10:00,545.0,57.5,133.3,50.8
2026-06-18 03:15:00,597.2,88.8,133.6,21.0
2026-06-18 03:20:00,644.5,34.7,103.8,23.5
2026-06-18 03:25:00,564.4,84.3,108.1,19.6
2026-06-18 03:30:00,654.8,47.8,167.0,13.9
2026-06-18 03:35:00,554.6,92.0,123.1,18.8
2026-06-18 03:40:00,577.7,103.6,55.1,20.6
2026-06-18 03:45:00,569.1,73.6,101.6,28.1
2026-06-18 03:50:00,456.6,78.4,135.1,25.7
2026-06-18 03:55:00,682.2,122.6,118.8,15.3
2026-06-18 04:00:00,562.3,112.2,120.0,28.6
2026-06-18 04:05:00,646.5,114.4,137.8,25.6
2026-06-18 04:10:00,565.5,64.1,100.0,34.8
2026-06-18 04:15:00,644.0,38.3,123.8,41.2
2026-06-18 04:20:00,571.7,103.8,115.4,30.2
2026-06-18 04:25:00,583.6,80.1,125.7,30.5
2026-06-18 04:30:00,571.5,79.3,110.9,18.8
2026-06-18 04:35:00,641.1,86.4,111.9,23.9
2026-06-18 04:40:00,613.6,79.0,131.5,5.1
2026-06-18 04:45:00,627.0,89.5,96.8,21.2
2026-06-18 04:50:00,634.1,105.2,105.3,29.0
2026-06-18 04:55:00,715.9,86.4,159.8,37.8
2026-06-18 05:00:00,681.3,65.2,133.0,23.0
2026-06-18 05:05:00,634.9,98.1,141.9,22.7
2026-06-18 05:10:00,700.3,97.5,121.2,21.6
2026-06-18 05:15:00,583.9,88.6,123.7,17.7
2026-06-18 05:20:00,570.5,109.3,99.5,17.3
2026-06-18 05:25:00,686.1,40.0,126.7,18.0
2026-06-18 05:30:00,606.2,74.9,126.7,35.1
2026-06-18 05:35:00,568.5,77.9,141.1,23.4
2026-06-18 05:40:00,631.0,74.2,113.3,15.9
2026-06-18 05:45:00,592.1,86.9,119.6,16.8
2026-06-18 05:50:00,628.8,61.8,186.6,9.5
2026-06-18 05:55:00,726.8,62.9,121.0,22.1
2026-06-18 06:00:00,596.3,103.2,99.3,19.8
2026-06-18 06:05:00,593.2,92.0,133.3,26.3
2026-06-18 06:10:00,686.4,81.7,123.9,31.0
2026-06-18 06:15:00,652.6,98.0,98.1,18.6
2026-06-18 06:20:00,621.6,63.2,130.5,23.2
2026-06-18 06:25:00,623.0,69.6,145.4,33.4
2026-06-18 06:30:00,628.2,76.4,103.3,19.4
2026-06-18 06:35:00,570.7,70.7,151.6,15.0
2026-06-18 06:40:00,620.6,108.0,103.9,28.4
2026-06-18 06:45:00,574.0,58.2,99.5,34.1
2026-06-18 06:50:00,590.3,57.6,123.3,33.7
2026-06-18 06:55:00,614.5,10.0,138.3,19.4
2026-06-18 07:00:00,550.5,89.2,141.1,16.3
2026-06-18 07:05:00,574.6,84.5,127.9,23.0
2026-06-18 07:10:00,667.3,121.1,91.7,25.2
2026-06-18 07:15:00,566.3,34.4,97.9,24.8
2026-06-18 07:20:00,568.6,91.7,111.6,20.4
2026-06-18 07:25:00,648.3,75.2,133.6,34.4
2026-06-18 07:30:00,632.4,94.8,110.2,35.7
2026-06-18 07:35:00,528.5,82.8,144.6,14.1
2026-06-18 07:40:00,543.9,84.1,167.4,17.3
2026-06-18 07:45:00,522.5,43.8,96.6,23.1
2026-06-18 07:50:00,593.5,83.7,121.3,24.1
2026-06-18 07:55:00,687.0,84.9,134.6,28.9
2026-06-18 08:00:00,571.4,95.4,140.8,21.9
2026-06-18 08:05:00,671.9,76.4,125.5,23.3
2026-06-18 08:10:00,666.6,100.8,117.2,6.2
2026-06-18 08:15:00,593.3,52.6,80.9,34.7
2026-06-18 08:20:00,493.4,93.6,109.9,10.7
2026-06-18 08:25:00,667.6,72.6,135.2,10.7
2026-06-18 08:30:00,641.4,82.1,153.8,12.2
2026-06-18 08:35:00,647.7,84.8,92.0,18.0
2026-06-18 08:40:00,676.3,83.2,151.5,33.1
2026-06-18 08:45:00,529.1,77.6,145.1,33.1
2026-06-18 08:50:00,607.4,48.4,124.8,20.6
2026-06-18 08:55:00,534.6,80.4,100.3,12.9
2026-06-18 09:00:00,584.3,107.4,155.0,27.7
2026-06-18 09:05:00,700.3,68.1,117.8,22.3
2026-06-18 09:10:00,541.2,93.5,131.9,31.7
2026-06-18 09:15:00,677.3,103.2,99.8,15.0
2026-06-18 09:20:00,531.6,29.9,84.1,22.5
2026-06-18 09:25:00,595.8,95.9,136.8,30.7
2026-06-18 09:30:00,533.6,84.3,129.8,32.5
2026-06-18 09:35:00,541.1,72.1,131.5,36.2
2026-06-18 09:40:00,468.6,121.7,93.2,36.3
2026-06-18 09:45:00,455.7,93.4,139.6,23.7
2026-06-18 09:50:00,533.8,65.4,138.1,32.6
2026-06-18 09:55:00,492.4,87.4,182.2,33.0
2026-06-18 10:00:00,505.6,63.9,113.5,15.1
2026-06-18 10:05:00,621.7,55.2,77.3,29.8
2026-06-18 10:10:00,468.1,73.5,109.0,23.2
2026-06-18 10:15:00,549.3,118.3,110.2,30.1
2026-06-18 10:20:00,580.0,46.6,122.8,28.9
2026-06-18 10:25:00,590.2,54.2,136.7,33.5
2026-06-18 10:30:00,559.2,99.1,106.3,30.1
2026-06-18 10:35:00,602.7,38.7,146.4,22.7
2026-06-18 10:40:00,519.8,88.2,120.1,26.6
2026-06-18 10:45:00,571.3,71.0,66.8,18.4
2026-06-18 10:50:00,526.3,102.4,118.9,35.3
2026-06-18 10:55:00,573.7,90.9,104.4,32.2
2026-06-18 11:00:00,666.8,84.2,123.3,14.8
2026-06-18 11:05:00,719.5,42.8,146.2,27.7
2026-06-18 11:10:00,649.1,111.2,90.7,37.1
2026-06-18 11:15:00,598.3,72.8,115.9,31.0
2026-06-18 11:20:00,592.3,73.8,160.9,28.6
2026-06-18 11:25:00,580.3,89.3,110.3,30.2
2026-06-18 11:30:00,631.6,88.6,104.0,26.1
2026-06-18 11:35:00,533.1,39.5,166.7,19.2
2026-06-18 11:40:00,569.4,80.5,132.5,21.8
2026-06-18 11:45:00,540.2,58.6,155.6,19.5
2026-06-18 11:50:00,599.8,72.0,103.0,28.2
2026-06-18 11:55:00,595.0,115.4,109.4,35.2
2026-06-18 12:00:00,442.5,110.0,95.1,33.9
2026-06-18 12:05:00,578.0,90.2,132.8,15.9
2026-06-18 12:10:00,586.2,56.5,102.8,18.1
2026-06-18 12:15:00,696.6,81.8,97.6,20.4
2026-06-18 12:20:00,602.4,61.7,123.4,26.6
2026-06-18 12:25:00,671.5,87.8,128.6,17.9
2026-06-18 12:30:00,640.3,45.1,118.3,32.0
2026-06-18 12:35:00,640.2,56.6,122.9,14.8
2026-06-18 12:40:00,648.3,91.8,158.9,31.3
2026-06-18 12:45:00,530.4,96.3,146.0,29.5
2026-06-18 12:50:00,553.8,103.9,118.8,14.8
2026-06-18 12:55:00,767.6,110.3,135.9,24.2
2026-06-18 13:00:00,691.4,101.2,141.6,21.0
2026-06-18 13:05:00,536.1,100.6,128.2,16.4
2026-06-18 13:10:00,779.0,88.6,101.0,30.3
2026-06-18 13:15:00,575.6,69.0,74.0,27.2
2026-06-18 13:20:00,677.2,58.5,165.6,19.0
2026-06-18 13:25:00,621.9,112.1,121.0,38.8
2026-06-18 13:30:00,494.8,89.8,131.9,22.8
2026-06-18 13:35:00,587.4,75.3,98.0,18.0
2026-06-18 13:40:00,499.8,78.7,114.3,26.3
2026-06-18 13:45:00,566.1,54.8,100.1,37.7
2026-06-18 13:50:00,634.5,64.0,94.9,16.1
2026-06-18 13:55:00,693.9,79.6,128.3,26.0
2026-06-18 14:00:00,640.2,85.7,128.4,23.4
2026-06-18 14:05:00,642.0,82.1,123.1,27.5
2026-06-18 14:10:00,470.2,91.6,122.5,17.7
2026-06-18 14:15:00,676.8,81.2,133.3,28.4
2026-06-18 14:20:00,513.4,92.4,52.0,27.7
2026-06-18 14:25:00,594.9,47.5,139.8,31.6
2026-06-18 14:30:00,492.2,114.7,176.6,28.5
2026-06-18 14:35:00,687.8,80.8,83.1,32.3
2026-06-18 14:40:00,621.4,59.1,72.3,28.3
2026-06-18 14:45:00,558.4,61.5,77.7,32.6
2026-06-18 14:50:00,515.0,47.1,144.8,31.0
2026-06-18 14:55:00,599.1,131.4,90.5,28.8
2026-06-18 15:00:00,714.1,48.7,124.9,29.7
2026-06-18 15:05:00,642.6,56.0,132.4,27.8
2026-06-18 15:10:00,485.2,80.6,115.6,19.6
2026-06-18 15:15:00,653.8,51.5,108.0,25.9
2026-06-18 15:20:00,588.0,85.3,111.9,20.6
2026-06-18 15:25:00,613.0,112.0,87.4,29.2
2026-06-18 15:30:00,577.9,96.6,140.3,6.6
2026-06-18 15:35:00,683.2,78.1,147.4,22.5
2026-06-18 15:40:00,562.9,85.6,125.1,15.2
2026-06-18 15:45:00,579.0,77.1,98.5,24.8
2026-06-18 15:50:00,603.6,80.3,118.5,17.8
2026-06-18 15:55:00,608.2,102.8,115.0,38.7
2026-06-18 16:00:00,658.4,89.8,105.1,15.8
2026-06-18 16:05:00,633.6,86.2,120.6,21.7
2026-06-18 16:10:00,486.1,95.8,112.9,37.2
2026-06-18 16:15:00,538.1,58.9,148.4,34.2
2026-06-18 16:20:00,673.6,80.5,97.2,34.0
2026-06-18 16:25:00,644.9,47.9,114.5,12.0
2026-06-18 16:30:00,613.2,105.6,98.3,23.3
2026-06-18 16:35:00,674.0,66.9,118.7,17.1
2026-06-18 16:40:00,520.2,51.1,126.4,28.5
2026-06-18 16:45:00,628.8,82.7,113.3,30.6
2026-06-18 16:50:00,513.5,115.6,141.9,34.9
2026-06-18 16:55:00,515.8,70.3,161.6,25.4
2026-06-18 17:00:00,553.1,50.3,40.0,20.0
2026-06-18 17:05:00,598.8,80.3,142.2,19.5
2026-06-18 17:10:00,609.5,69.2,118.8,25.1
2026-06-18 17:15:00,522.3,109.1,119.7,28.5
2026-06-18 17:20:00,581.3,99.6,113.3,30.7
2026-06-18 17:25:00,567.9,79.6,135.2,27.1
2026-06-18 17:30:00,492.9,81.3,121.6,15.6
2026-06-18 17:35:00,511.5,93.4,140.1,26.2
2026-06-18 17:40:00,807.4,65.1,120.4,27.8
2026-06-18 17:45:00,537.9,77.5,133.5,5.9
2026-06-18 17:50:00,708.3,72.5,139.5,26.6
2026-06-18 17:55:00,757.8,68.5,116.8,24.9
2026-06-18 18:00:00,502.8,55.1,139.1,31.0
2026-06-18 18:05:00,643.4,91.8,132.3,18.9
2026-06-18 18:10:00,636.4,68.8,124.6,24.3
2026-06-18 18:15:00,637.5,31.1,102.6,22.6
2026-06-18 18:20:00,696.9,100.9,98.9,26.2
2026-06-18 18:25:00,619.7,98.4,129.6,17.9
2026-06-18 18:30:00,604.4,78.6,136.0,31.7
2026-06-18 18:35:00,522.5,91.7,111.8,13.4
2026-06-18 18:40:00,506.7,79.1,138.0,28.5
2026-06-18 18:45:00,659.1,100.9,102.5,45.7
2026-06-18 18:50:00,668.5,80.4,117.0,23.4
2026-06-18 18:55:00,547.0,101.9,105.5,34.4
2026-06-18 19:00:00,639.0,118.9,103.7,21.5
2026-06-18 19:05:00,659.4,81.7,99.8,37.3
2026-06-18 19:10:00,605.8,64.7,205.7,23.5
2026-06-18 19:15:00,507.2,81.0,148.1,25.8
2026-06-18 19:20:00,719.2,59.2,132.1,25.9
2026-06-18 19:25:00,688.4,80.0,110.1,15.2
2026-06-18 19:30:00,574.7,108.1,91.9,29.5
2026-06-18 19:35:00,612.5,78.7,81.9,24.5
2026-06-18 19:40:00,667.3,130.4,116.0,23.7
2026-06-18 19:45:00,605.0,73.8,143.0,9.0
2026-06-18 19:50:00,646.9,97.2,93.7,38.3
2026-06-18 19:55:00,678.0,57.2,134.2,43.2
2026-06-18 20:00:00,544.1,72.4,124.8,5.0
2026-06-18 20:05:00,511.8,85.1,123.6,26.0
2026-06-18 20:10:00,454.8,51.4,186.3,26.2
2026-06-18 20:15:00,559.6,55.8,126.9,39.3
2026-06-18 20:20:00,647.3,66.6,125.4,19.3
2026-06-18 20:25:00,518.9,55.2,105.4,36.5
2026-06-18 20:30:00,599.8,68.1,103.5,18.3
2026-06-18 20:35:00,510.2,111.3,92.5,24.5
2026-06-18 20:40:00,578.3,64.5,87.1,33.4
2026-06-18 20:45:00,633.8,115.4,113.9,29.1
2026-06-18 20:50:00,573.1,102.4,133.0,25.4
2026-06-18 20:55:00,624.0,93.8,73.3,27.4
2026-06-18 21:00:00,559.9,52.0,116.6,33.9
2026-06-18 21:05:00,590.4,67.2,100.2,24.2
2026-06-18 21:10:00,697.3,109.9,139.4,27.8
2026-06-18 21:15:00,623.6,75.2,110.2,35.2
2026-06-18 21:20:00,686.3,103.4,140.9,25.7
2026-06-18 21:25:00,567.7,61.8,105.3,21.4
2026-06-18 21:30:00,490.7,88.3,131.8,30.7
2026-06-18 21:35:00,618.9,67.3,120.0,34.7
2026-06-18 21:40:00,572.3,112.2,131.9,34.6
2026-06-18 21:45:00,591.1,80.9,145.2,30.6
2026-06-18 21:50:00,551.6,57.6,166.5,37.6
2026-06-18 21:55:00,481.4,95.1,123.0,26.4
2026-06-18 22:00:00,676.6,39.9,119.3,21.3
2026-06-18 22:05:00,665.0,88.0,155.6,13.9
2026-06-18 22:10:00,566.0,51.4,103.0,17.1
2026-06-18 22:15:00,531.8,64.2,131.9,28.7
2026-06-18 22:20:00,645.1,12.9,105.3,28.7
2026-06-18 22:25:00,707.6,83.2,116.5,36.6
2026-06-18 22:30:00,664.3,90.7,101.9,30.3
2026-06-18 22:35:00,568.5,66.8,136.7,28.4
2026-06-18 22:40:00,556.3,67.7,114.3,20.5
2026-06-18 22:45:00,639.4,71.2,89.5,34.5
2026-06-18 22:50:00,723.3,104.1,88.6,44.4
2026-06-18 22:55:00,589.9,37.0,123.3,22.5
2026-06-18 23:00:00,656.0,67.2,146.9,19.1
2026-06-18 23:05:00,576.2,92.8,73.7,19.6
2026-06-18 23:10:00,711.7,91.3,113.2,38.2
2026-06-18 23:15:00,694.6,63.9,104.8,31.1
2026-06-18 23:20:00,701.1,80.9,142.3,25.7
2026-06-18 23:25:00,587.9,71.1,95.9,29.5
2026-06-18 23:30:00,590.7,112.6,119.4,12.2
2026-06-18 23:35:00,610.9,73.0,88.3,38.7
2026-06-18 23:40:00,425.1,75.6,149.9,30.6
2026-06-18 23:45:00,632.7,93.8,96.7,31.8
2026-06-18 23:50:00,738.9,88.6,149.0,21.4
2026-06-18 23:55:00,463.0,92.9,121.4,15.4
2026-06-19 00:00:00,525.1,72.5,97.6,26.6
2026-06-19 00:05:00,599.2,74.2,135.2,29.2
2026-06-19 00:10:00,631.1,87.2,138.9,26.4
2026-06-19 00:15:00,498.4,61.6,162.7,32.3
2026-06-19 00:20:00,646.6,40.8,134.0,18.0
2026-06-19 00:25:00,626.5,101.1,136.5,18.0
2026-06-19 00:30:00,612.8,75.8,141.1,18.7
2026-06-19 00:35:00,673.3,83.5,40.0,16.2
2026-06-19 00:40:00,600.9,75.8,129.6,21.7
2026-06-19 00:45:00,613.4,86.7,145.2,22.3
2026-06-19 00:50:00,504.8,112.0,125.8,26.3
2026-06-19 00:55:00,626.9,101.2,107.3,32.2
2026-06-19 01:00:00,560.9,50.6,102.4,28.0
2026-06-19 01:05:00,514.4,96.0,118.9,13.6
2026-06-19 01:10:00,570.6,72.9,116.7,31.4
2026-06-19 01:15:00,645.4,55.6,125.2,16.1
2026-06-19 01:20:00,654.2,74.3,120.1,8.2
2026-06-19 01:25:00,636.5,46.6,135.8,31.6
2026-06-19 01:30:00,597.3,91.5,87.3,33.1
2026-06-19 01:35:00,643.7,77.1,140.0,35.9
2026-06-19 01:40:00,583.6,38.3,151.7,27.2
2026-06-19 01:45:00,693.7,55.4,78.1,36.8
2026-06-19 01:50:00,586.7,87.4,109.1,12.1
2026-06-19 01:55:00,625.7,47.4,141.1,22.1
2026-06-19 02:00:00,607.7,91.3,130.5,32.3
2026-06-19 02:05:00,650.9,78.4,91.2,25.0
2026-06-19 02:10:00,682.4,93.5,134.8,29.0
2026-06-19 02:15:00,653.3,97.0,73.1,28.8
2026-06-19 02:20:00,587.7,101.8,132.6,32.1
2026-06-19 02:25:00,524.7,39.1,153.7,40.5
2026-06-19 02:30:00,593.9,48.6,119.3,29.0
2026-06-19 02:35:00,575.7,79.8,140.1,29.9
2026-06-19 02:40:00,572.5,66.0,128.3,17.7
2026-06-19 02:45:00,580.3,104.4,101.2,21.5
2026-06-19 02:50:00,543.8,87.0,105.9,26.3
2026-06-19 02:55:00,591.0,74.7,112.2,23.8
2026-06-19 03:00:00,628.6,111.2,113.8,15.7
2026-06-19 03:05:00,582.3,75.8,149.1,33.0
2026-06-19 03:10:00,555.4,96.8,157.2,20.9
2026-06-19 03:15:00,572.4,101.7,141.7,24.8
2026-06-19 03:20:00,621.6,90.2,156.9,15.0
2026-06-19 03:25:00,623.2,89.9,126.9,30.3
2026-06-19 03:30:00,568.7,77.1,53.2,23.2
2026-06-19 03:35:00,638.7,79.9,120.1,29.8
2026-06-19 03:40:00,694.5,67.3,100.6,5.0
2026-06-19 03:45:00,475.5,45.8,136.8,18.9
2026-06-19 03:50:00,483.2,59.8,116.5,32.0
2026-06-19 03:55:00,611.7,82.3,127.8,24.5
2026-06-19 04:00:00,688.9,105.2,121.3,42.1
2026-06-19 04:05:00,638.1,66.0,106.2,27.5
2026-06-19 04:10:00,599.4,138.5,99.0,32.1
2026-06-19 04:15:00,672.4,101.0,107.8,30.5
2026-06-19 04:20:00,616.5,85.0,131.0,19.5
2026-06-19 04:25:00,571.0,57.7,154.4,22.8
2026-06-19 04:30:00,679.0,79.2,131.0,30.4
2026-06-19 04:35:00,704.0,88.4,183.7,28.5
2026-06-19 04:40:00,623.6,92.4,135.9,11.1
2026-06-19 04:45:00,602.0,74.6,125.5,33.0
2026-06-19 04:50:00,572.5,82.3,148.5,26.2
2026-06-19 04:55:00,683.9,74.4,84.3,9.7
2026-06-19 05:00:00,615.5,73.8,103.9,20.0
2026-06-19 05:05:00,445.7,137.6,135.4,30.4
2026-06-19 05:10:00,607.6,60.8,101.9,20.0
2026-06-19 05:15:00,665.1,69.2,155.8,20.6
2026-06-19 05:20:00,659.6,80.0,107.7,30.9
2026-06-19 05:25:00,613.0,24.3,140.5,19.5
2026-06-19 05:30:00,687.6,99.2,122.7,30.4
2026-06-19 05:35:00,669.6,93.4,168.7,15.3
2026-06-19 05:40:00,594.6,40.1,138.5,31.4
2026-06-19 05:45:00,678.9,70.7,134.7,34.1
2026-06-19 05:50:00,561.9,98.4,111.1,26.4
2026-06-19 05:55:00,735.5,64.8,105.8,25.0
2026-06-19 06:00:00,602.0,99.1,121.8,16.6
2026-06-19 06:05:00,634.1,108.5,134.0,32.6
2026-06-19 06:10:00,604.7,53.2,128.5,26.0
2026-06-19 06:15:00,559.8,91.8,83.7,34.1
2026-06-19 06:20:00,701.9,57.2,111.6,29.5
2026-06-19 06:25:00,690.0,83.0,128.1,36.3
2026-06-19 06:30:00,576.3,86.2,96.0,32.0
2026-06-19 06:35:00,612.8,85.8,130.2,32.7
2026-06-19 06:40:00,545.2,66.8,109.0,27.3
2026-06-19 06:45:00,646.0,84.0,134.8,22.5
2026-06-19 06:50:00,599.8,60.5,114.5,24.7
2026-06-19 06:55:00,590.1,49.5,121.2,21.8
2026-06-19 07:00:00,594.6,121.1,124.4,29.3
2026-06-19 07:05:00,631.7,58.7,133.2,12.8
2026-06-19 07:10:00,512.0,78.4,141.3,27.8
2026-06-19 07:15:00,595.6,106.8,90.4,26.6
2026-06-19 07:20:00,804.0,68.7,119.5,26.2
2026-06-19 07:25:00,503.1,109.1,123.5,18.7
2026-06-19 07:30:00,532.9,44.2,198.0,14.7
2026-06-19 07:35:00,643.0,75.9,142.5,18.9
2026-06-19 07:40:00,482.0,89.2,123.1,24.5
2026-06-19 07:45:00,592.8,39.1,89.2,24.3
2026-06-19 07:50:00,708.7,69.2,115.4,23.6
2026-06-19 07:55:00,563.0,75.3,177.8,24.9
2026-06-19 08:00:00,633.6,78.9,82.6,17.8
2026-06-19 08:05:00,533.0,68.9,114.8,26.6
2026-06-19 08:10:00,706.9,60.7,153.0,9.8
2026-06-19 08:15:00,541.1,63.9,175.5,34.3
2026-06-19 08:20:00,516.9,51.7,115.2,22.3
2026-06-19 08:25:00,636.9,70.4,135.6,36.9
2026-06-19 08:30:00,467.1,87.1,144.6,23.7
2026-06-19 08:35:00,467.8,67.8,137.5,28.3
2026-06-19 08:40:00,576.0,71.9,127.8,38.6
2026-06-19 08:45:00,604.1,51.7,155.0,27.5
2026-06-19 08:50:00,516.4,123.1,150.2,19.4
2026-06-19 08:55:00,609.7,91.3,132.5,32.7
2026-06-19 09:00:00,630.1,75.0,163.6,27.5
2026-06-19 09:05:00,531.7,66.4,124.7,15.9
2026-06-19 09:10:00,572.5,52.3,125.8,13.8
2026-06-19 09:15:00,563.1,117.5,115.0,19.0
2026-06-19 09:20:00,594.9,85.6,61.0,37.2
2026-06-19 09:25:00,636.7,70.3,126.5,26.2
2026-06-19 09:30:00,590.0,95.2,125.0,24.5
2026-06-19 09:35:00,598.7,99.7,91.0,34.8
2026-06-19 09:40:00,629.9,67.5,103.3,39.6
2026-06-19 09:45:00,610.3,59.7,145.7,25.4
2026-06-19 09:50:00,583.9,94.1,87.0,30.4
2026-06-19 09:55:00,543.2,95.5,119.6,30.6
2026-06-19 10:00:00,609.3,89.8,141.8,34.1
2026-06-19 10:05:00,616.8,88.3,92.7,24.3
2026-06-19 10:10:00,763.4,140.1,122.4,34.8
2026-06-19 10:15:00,544.5,91.9,129.9,12.1
2026-06-19 10:20:00,559.2,86.0,142.0,28.0
2026-06-19 10:25:00,612.0,95.1,127.6,17.7
2026-06-19 10:30:00,636.8,124.4,131.8,20.7
2026-06-19 10:35:00,593.2,105.7,108.1,37.0
2026-06-19 10:40:00,664.2,78.0,130.7,22.1
2026-06-19 10:45:00,615.6,86.7,139.9,25.1
2026-06-19 10:50:00,547.4,109.8,85.4,23.1
2026-06-19 10:55:00,571.5,79.9,131.6,26.0
2026-06-19 11:00:00,579.1,48.7,189.0,33.4
2026-06-19 11:05:00,657.4,51.4,106.6,24.1
2026-06-19 11:10:00,676.2,81.2,124.2,33.0
2026-06-19 11:15:00,566.0,99.2,101.1,29.6
2026-06-19 11:20:00,563.4,72.0,151.0,15.2
2026-06-19 11:25:00,576.1,65.0,132.6,28.5
2026-06-19 11:30:00,634.9,60.7,118.2,34.9
2026-06-19 11:35:00,574.7,79.3,140.2,25.4
2026-06-19 11:40:00,640.1,101.5,143.7,27.1
2026-06-19 11:45:00,627.8,71.8,90.9,29.2
2026-06-19 11:50:00,577.5,68.9,131.5,33.9
2026-06-19 11:55:00,581.4,115.2,129.0,36.7
2026-06-19 12:00:00,666.3,137.3,120.3,32.6
2026-06-19 12:05:00,587.4,82.7,120.2,26.3
2026-06-19 12:10:00,669.9,104.6,140.3,31.1
2026-06-19 12:15:00,642.5,74.6,84.6,32.5
2026-06-19 12:20:00,559.9,108.8,107.7,17.0
2026-06-19 12:25:00,622.4,55.5,123.0,6.2
2026-06-19 12:30:00,544.3,67.0,106.9,11.2
2026-06-19 12:35:00,585.4,98.7,118.0,23.3
2026-06-19 12:40:00,598.1,35.6,111.7,27.0
2026-06-19 12:45:00,571.9,56.8,146.4,16.8
2026-06-19 12:50:00,512.2,70.4,120.2,27.9
2026-06-19 12:55:00,634.2,110.1,163.4,26.0
2026-06-19 13:00:00,547.9,79.9,120.2,20.7
2026-06-19 13:05:00,531.0,104.2,147.5,30.7
2026-06-19 13:10:00,550.8,55.7,134.2,13.8
2026-06-19 13:15:00,559.5,83.7,156.1,26.2
2026-06-19 13:20:00,683.5,102.0,112.2,37.5
2026-06-19 13:25:00,546.8,64.7,125.6,23.4
2026-06-19 13:30:00,655.8,109.4,87.5,31.2
2026-06-19 13:35:00,450.8,51.5,84.4,30.9
2026-06-19 13:40:00,487.0,87.6,141.6,22.1
2026-06-19 13:45:00,554.7,144.8,101.8,14.0
2026-06-19 13:50:00,523.2,72.9,145.2,20.2
2026-06-19 13:55:00,511.1,87.9,119.1,27.5
2026-06-19 14:00:00,600.6,81.8,142.7,33.4
2026-06-19 14:05:00,598.8,58.0,140.3,12.1
2026-06-19 14:10:00,708.2,94.2,59.2,18.7
2026-06-19 14:15:00,563.3,39.5,112.8,25.2
2026-06-19 14:20:00,530.3,72.5,93.9,18.3
2026-06-19 14:25:00,640.4,107.2,41.9,36.5
2026-06-19 14:30:00,528.3,95.8,103.2,23.9
2026-06-19 14:35:00,608.6,85.6,79.0,27.2
2026-06-19 14:40:00,532.0,77.0,119.1,18.3
2026-06-19 14:45:00,569.1,76.2,101.1,30.8
2026-06-19 14:50:00,594.5,65.5,132.7,17.7
2026-06-19 14:55:00,589.2,99.8,122.2,28.6
2026-06-19 15:00:00,603.7,102.3,142.8,37.8
2026-06-19 15:05:00,651.9,82.5,141.5,31.6
2026-06-19 15:10:00,676.6,112.8,141.0,26.5
2026-06-19 15:15:00,614.9,88.6,127.7,18.7
2026-06-19 15:20:00,555.8,45.2,111.4,19.3
2026-06-19 15:25:00,609.3,11.8,107.7,28.5
2026-06-19 15:30:00,537.3,82.4,102.8,26.1
2026-06-19 15:35:00,594.3,63.2,115.0,32.3
2026-06-19 15:40:00,519.7,85.4,142.0,24.7
2026-06-19 15:45:00,586.6,98.5,144.2,29.3
2026-06-19 15:50:00,579.7,79.0,81.8,25.8
2026-06-19 15:55:00,439.0,83.6,124.8,30.2
2026-06-19 16:00:00,679.7,57.7,121.7,22.6
2026-06-19 16:05:00,611.3,85.5,93.7,13.3
2026-06-19 16:10:00,639.3,71.8,139.0,33.0
2026-06-19 16:15:00,639.7,110.6,168.2,23.9
2026-06-19 16:20:00,576.0,72.3,109.1,35.9
2026-06-19 16:25:00,567.2,74.3,119.1,25.8
2026-06-19 16:30:00,528.8,46.4,133.2,25.2
2026-06-19 16:35:00,659.8,44.6,182.0,35.7
2026-06-19 16:40:00,472.7,85.2,142.4,19.8
2026-06-19 16:45:00,672.4,100.6,103.6,21.5
2026-06-19 16:50:00,640.5,79.3,100.9,28.5
2026-06-19 16:55:00,476.0,79.9,120.0,18.2
2026-06-19 17:00:00,672.1,75.9,118.1,39.3
2026-06-19 17:05:00,673.9,90.2,139.2,22.5
2026-06-19 17:10:00,694.5,63.9,120.0,23.5
2026-06-19 17:15:00,584.6,45.1,125.4,35.9
2026-06-19 17:20:00,591.7,60.7,101.1,25.5
2026-06-19 17:25:00,661.3,64.3,116.4,18.4
2026-06-19 17:30:00,656.9,78.7,132.3,32.8
2026-06-19 17:35:00,639.2,62.4,174.5,31.9
2026-06-19 17:40:00,692.7,66.0,119.1,16.1
2026-06-19 17:45:00,746.4,61.6,126.9,19.4
2026-06-19 17:50:00,696.6,60.7,107.6,17.1
2026-06-19 17:55:00,631.6,66.6,100.5,5.0
2026-06-19 18:00:00,536.9,72.2,132.8,41.9
2026-06-19 18:05:00,474.1,67.9,131.9,13.7
2026-06-19 18:10:00,516.2,116.8,87.3,18.4
2026-06-19 18:15:00,631.6,97.9,85.9,29.0
2026-06-19 18:20:00,664.3,102.8,143.9,27.7
2026-06-19 18:25:00,565.4,155.2,100.8,30.3
2026-06-19 18:30:00,541.9,54.0,123.6,27.3
2026-06-19 18:35:00,646.3,45.0,127.3,37.2
2026-06-19 18:40:00,605.3,56.2,124.2,20.4
2026-06-19 18:45:00,593.2,94.7,113.8,39.1
2026-06-19 18:50:00,613.8,86.1,136.1,21.8
2026-06-19 18:55:00,579.2,73.4,149.8,14.9
2026-06-19 19:00:00,588.2,79.3,120.0,21.9
2026-06-19 19:05:00,520.2,90.0,85.2,29.1
2026-06-19 19:10:00,584.3,110.5,91.7,35.1
2026-06-19 19:15:00,560.9,59.2,155.4,30.5
2026-06-19 19:20:00,669.8,63.3,100.4,15.5
2026-06-19 19:25:00,541.3,121.2,143.8,18.1
2026-06-19 19:30:00,611.6,66.5,86.4,20.5
2026-06-19 19:35:00,589.6,83.7,88.6,27.1
2026-06-19 19:40:00,556.9,76.0,130.9,33.2
2026-06-19 19:45:00,544.6,103.1,102.0,26.2
2026-06-19 19:50:00,674.9,70.1,153.0,11.9
2026-06-19 19:55:00,542.5,95.8,119.4,35.8
2026-06-19 20:00:00,655.1,67.4,97.5,19.9
2026-06-19 20:05:00,590.5,68.8,88.6,35.2
2026-06-19 20:10:00,660.7,76.2,166.6,22.3
2026-06-19 20:15:00,634.0,84.7,115.2,23.4
2026-06-19 20:20:00,718.1,34.3,117.7,27.8
2026-06-19 20:25:00,580.6,116.2,114.5,32.2
2026-06-19 20:30:00,556.2,78.0,125.3,42.4
2026-06-19 20:35:00,608.8,101.6,125.7,21.8
2026-06-19 20:40:00,730.8,108.9,120.8,23.7
2026-06-19 20:45:00,790.7,79.6,76.6,17.8
2026-06-19 20:50:00,723.1,74.3,138.4,18.3
2026-06-19 20:55:00,695.1,77.8,113.6,23.4
2026-06-19 21:00:00,549.5,72.5,146.4,33.0
2026-06-19 21:05:00,517.5,106.5,161.0,20.5
2026-06-19 21:10:00,604.7,100.2,119.6,32.9
2026-06-19 21:15:00,576.1,95.8,124.4,22.0
2026-06-19 21:20:00,583.5,76.8,111.9,33.9
2026-06-19 21:25:00,572.9,67.4,87.1,5.3
2026-06-19 21:30:00,521.5,63.3,156.0,19.9
2026-06-19 21:35:00,528.2,109.7,110.2,33.1
2026-06-19 21:40:00,591.4,124.3,125.4,28.7
2026-06-19 21:45:00,653.2,92.9,76.9,24.0
2026-06-19 21:50:00,595.9,106.2,92.5,27.5
2026-06-19 21:55:00,574.3,91.5,63.8,28.7
2026-06-19 22:00:00,603.6,67.5,123.6,24.7
2026-06-19 22:05:00,479.4,63.2,97.4,22.6
2026-06-19 22:10:00,618.5,76.6,108.2,32.4
2026-06-19 22:15:00,567.6,77.1,123.5,32.0
2026-06-19 22:20:00,537.9,89.0,81.6,33.4
2026-06-19 22:25:00,550.7,74.7,106.2,41.9
2026-06-19 22:30:00,614.6,47.8,125.8,27.5
2026-06-19 22:35:00,591.4,118.2,123.2,42.0
2026-06-19 22:40:00,548.5,59.6,65.4,37.9
2026-06-19 22:45:00,554.5,93.8,130.7,38.2
2026-06-19 22:50:00,622.6,61.0,91.6,28.9
2026-06-19 22:55:00,704.9,41.9,124.7,33.0
2026-06-19 23:00:00,499.9,38.7,125.1,38.6
2026-06-19 23:05:00,581.8,98.7,154.3,16.5
2026-06-19 23:10:00,518.3,73.1,119.9,24.8
2026-06-19 23:15:00,673.2,47.6,108.5,27.3
2026-06-19 23:20:00,477.3,63.7,94.4,34.7
2026-06-19 23:25:00,681.8,124.6,128.9,30.9
2026-06-19 23:30:00,643.1,97.8,83.3,32.5
2026-06-19 23:35:00,732.3,87.7,100.9,29.1
2026-06-19 23:40:00,632.8,121.7,45.4,27.3
2026-06-19 23:45:00,534.7,118.4,82.5,12.3
2026-06-19 23:50:00,468.2,83.0,143.3,21.6
2026-06-19 23:55:00,586.1,61.3,98.2,32.1
2026-06-20 00:00:00,597.1,127.4,111.6,25.3
2026-06-20 00:05:00,564.4,100.5,96.5,13.2
2026-06-20 00:10:00,664.9,71.8,145.7,21.1
2026-06-20 00:15:00,589.0,51.7,110.3,41.2
2026-06-20 00:20:00,567.6,54.1,120.7,13.3
2026-06-20 00:25:00,564.7,56.3,100.1,6.9
2026-06-20 00:30:00,633.2,75.1,169.8,34.1
2026-06-20 00:35:00,680.9,106.6,85.9,24.0
2026-06-20 00:40:00,519.1,111.5,106.4,29.6
2026-06-20 00:45:00,615.7,81.3,155.2,32.1
2026-06-20 00:50:00,627.6,74.8,115.8,14.6
2026-06-20 00:55:00,643.9,63.2,131.0,32.2
2026-06-20 01:00:00,623.8,53.3,135.6,8.3
2026-06-20 01:05:00,585.2,51.0,133.3,27.7
2026-06-20 01:10:00,587.4,109.9,147.4,31.5
2026-06-20 01:15:00,645.8,76.2,139.5,26.2
2026-06-20 01:20:00,603.4,80.7,71.4,14.6
2026-06-20 01:25:00,611.1,84.5,138.2,25.0
2026-06-20 01:30:00,580.7,46.1,110.5,38.0
2026-06-20 01:35:00,542.9,83.1,132.4,29.4
2026-06-20 01:40:00,585.2,81.2,90.6,20.2
2026-06-20 01:45:00,687.7,103.0,139.1,24.8
2026-06-20 01:50:00,541.7,48.2,109.1,32.7
2026-06-20 01:55:00,669.5,115.5,108.2,37.6
2026-06-20 02:00:00,584.9,69.2,141.3,10.9
2026-06-20 02:05:00,638.8,78.5,106.0,34.2
2026-06-20 02:10:00,588.6,64.6,120.1,33.1
2026-06-20 02:15:00,612.6,94.4,123.4,17.5
2026-06-20 02:20:00,759.5,52.0,126.3,29.0
2026-06-20 02:25:00,585.1,80.8,111.9,23.0
2026-06-20 02:30:00,537.6,99.9,111.7,17.9
2026-06-20 02:35:00,683.5,81.6,107.5,23.9
2026-06-20 02:40:00,543.9,82.5,141.9,13.8
2026-06-20 02:45:00,549.5,97.9,123.7,25.6
2026-06-20 02:50:00,595.6,81.3,144.1,21.3
2026-06-20 02:55:00,691.1,98.1,138.8,22.9
2026-06-20 03:00:00,624.8,58.0,136.7,22.5
2026-06-20 03:05:00,710.1,60.9,107.6,23.6
2026-06-20 03:10:00,637.8,88.8,122.0,19.1
2026-06-20 03:15:00,706.6,84.8,71.7,5.0
2026-06-20 03:20:00,626.0,102.1,82.2,40.7
2026-06-20 03:25:00,479.6,33.5,41.9,38.8
2026-06-20 03:30:00,602.3,60.4,111.8,30.8
2026-06-20 03:35:00,511.1,90.0,152.1,21.9
2026-06-20 03:40:00,686.9,103.8,136.0,31.3
2026-06-20 03:45:00,621.4,85.8,102.4,11.0
2026-06-20 03:50:00,558.2,76.3,154.0,32.4
2026-06-20 03:55:00,513.6,66.4,114.1,20.8
2026-06-20 04:00:00,527.8,116.6,156.9,14.4
2026-06-20 04:05:00,616.4,52.7,79.3,34.3
2026-06-20 04:10:00,595.1,96.3,120.9,29.1
2026-06-20 04:15:00,695.9,72.9,94.6,21.1
2026-06-20 04:20:00,598.9,62.3,116.9,24.6
2026-06-20 04:25:00,573.7,63.6,74.6,17.6
2026-06-20 04:30:00,583.5,51.9,102.7,29.2
2026-06-20 04:35:00,587.6,74.3,143.1,28.8
2026-06-20 04:40:00,555.5,49.4,133.6,28.0
2026-06-20 04:45:00,641.0,65.5,133.1,7.8
2026-06-20 04:50:00,549.8,98.2,117.1,26.9
2026-06-20 04:55:00,615.8,117.6,105.1,16.0
2026-06-20 05:00:00,641.6,76.5,113.6,32.2
2026-06-20 05:05:00,711.4,108.3,130.7,24.5
2026-06-20 05:10:00,531.4,99.1,134.1,42.5
2026-06-20 05:15:00,637.3,68.7,80.5,20.5
2026-06-20 05:20:00,584.6,45.4,122.8,13.8
2026-06-20 05:25:00,496.2,66.7,129.3,18.2
2026-06-20 05:30:00,606.6,64.7,103.0,25.1
2026-06-20 05:35:00,651.6,46.2,133.7,16.3
2026-06-20 05:40:00,712.8,98.9,92.3,5.9
2026-06-20 05:45:00,670.1,49.9,128.0,30.1
2026-06-20 05:50:00,633.7,70.7,52.5,41.6
2026-06-20 05:55:00,673.1,76.2,106.6,36.1
2026-06-20 06:00:00,688.0,93.5,102.6,22.1
2026-06-20 06:05:00,632.7,103.7,153.3,20.4
2026-06-20 06:10:00,608.9,104.1,111.6,24.6
2026-06-20 06:15:00,548.1,93.1,94.4,34.1
2026-06-20 06:20:00,486.4,58.3,145.1,20.4
2026-06-20 06:25:00,576.6,80.3,121.3,23.4
2026-06-20 06:30:00,732.8,101.8,127.1,42.9
2026-06-20 06:35:00,562.9,69.0,103.7,26.1
2026-06-20 06:40:00,617.2,68.3,155.2,36.4
2026-06-20 06:45:00,732.3,106.9,111.5,27.6
2026-06-20 06:50:00,552.1,71.5,112.3,24.6
2026-06-20 06:55:00,648.0,83.9,129.9,24.8
2026-06-20 07:00:00,617.8,65.8,132.3,13.3
2026-06-20 07:05:00,644.2,90.0,179.1,28.5
2026-06-20 07:10:00,623.8,117.5,147.6,29.1
2026-06-20 07:15:00,592.9,99.1,126.0,16.4
2026-06-20 07:20:00,705.5,63.3,93.8,34.2
2026-06-20 07:25:00,641.9,71.4,93.4,25.9
2026-06-20 07:30:00,633.3,46.4,121.3,22.9
2026-06-20 07:35:00,702.3,78.5,165.6,37.1
2026-06-20 07:40:00,642.3,96.7,154.1,13.3
2026-06-20 07:45:00,564.1,69.2,132.5,28.6
2026-06-20 07:50:00,580.0,65.5,83.1,30.2
2026-06-20 07:55:00,519.9,42.8,94.2,27.2
2026-06-20 08:00:00,569.9,66.4,110.6,20.6
2026-06-20 08:05:00,613.5,78.5,118.3,42.5
2026-06-20 08:10:00,584.9,78.2,109.7,30.8
2026-06-20 08:15:00,564.7,116.3,149.5,17.6
2026-06-20 08:20:00,606.2,87.3,154.6,19.9
2026-06-20 08:25:00,731.1,78.3,110.0,10.4
2026-06-20 08:30:00,577.5,87.3,108.7,23.7
2026-06-20 08:35:00,630.1,66.1,110.5,41.5
2026-06-20 08:40:00,616.0,99.1,108.5,13.7
2026-06-20 08:45:00,614.0,71.9,129.7,27.5
2026-06-20 08:50:00,674.3,58.2,112.5,22.2
2026-06-20 08:55:00,652.6,106.5,146.7,27.6
2026-06-20 09:00:00,579.1,57.0,114.4,28.0
2026-06-20 09:05:00,591.5,113.1,100.6,26.4
2026-06-20 09:10:00,606.7,93.8,120.2,13.6
2026-06-20 09:15:00,489.9,93.7,115.6,18.3
2026-06-20 09:20:00,532.5,57.5,120.8,21.7
2026-06-20 09:25:00,642.6,98.3,113.8,25.9
2026-06-20 09:30:00,642.2,128.6,69.8,35.8
2026-06-20 09:35:00,648.7,61.0,103.8,42.3
2026-06-20 09:40:00,613.0,73.0,141.8,24.1
2026-06-20 09:45:00,549.8,55.1,106.8,21.5
2026-06-20 09:50:00,658.2,75.0,73.9,26.2
2026-06-20 09:55:00,512.9,72.1,122.4,27.2
2026-06-20 10:00:00,639.7,113.7,142.5,39.8
2026-06-20 10:05:00,575.4,52.6,161.1,13.4
2026-06-20 10:10:00,666.6,80.8,137.8,30.7
2026-06-20 10:15:00,570.9,91.5,145.9,34.2
2026-06-20 10:20:00,560.3,67.6,140.3,17.7
2026-06-20 10:25:00,563.0,85.0,123.8,35.4
2026-06-20 10:30:00,613.7,79.4,91.5,17.0
2026-06-20 10:35:00,531.8,69.6,117.4,13.1
2026-06-20 10:40:00,535.1,127.0,137.2,23.2
2026-06-20 10:45:00,644.7,84.0,121.4,31.1
2026-06-20 10:50:00,529.1,100.5,149.2,9.8
2026-06-20 10:55:00,673.0,61.6,125.9,11.1
2026-06-20 11:00:00,583.0,101.1,111.4,33.6
2026-06-20 11:05:00,530.9,85.7,130.6,23.8
2026-06-20 11:10:00,683.4,88.0,100.8,28.0
2026-06-20 11:15:00,550.1,75.2,121.7,29.7
2026-06-20 11:20:00,553.5,65.2,113.1,13.2
2026-06-20 11:25:00,679.9,39.7,93.8,20.3
2026-06-20 11:30:00,693.8,78.4,138.4,24.7
2026-06-20 11:35:00,570.1,114.6,96.5,17.9
2026-06-20 11:40:00,633.0,101.8,126.7,21.8
2026-06-20 11:45:00,508.3,111.2,110.7,32.4
2026-06-20 11:50:00,615.9,71.5,127.9,8.5
2026-06-20 11:55:00,694.0,77.4,121.0,26.3
2026-06-20 12:00:00,605.6,34.6,105.1,16.6
2026-06-20 12:05:00,599.3,82.6,119.0,22.7
2026-06-20 12:10:00,519.8,107.3,121.8,23.0
2026-06-20 12:15:00,750.3,78.5,151.6,25.9
2026-06-20 12:20:00,601.5,129.0,166.2,24.4
2026-06-20 12:25:00,678.9,96.2,95.4,27.4
2026-06-20 12:30:00,520.2,107.3,103.3,29.9
2026-06-20 12:35:00,666.7,97.4,62.0,12.4
2026-06-20 12:40:00,586.4,97.5,90.8,22.2
2026-06-20 12:45:00,435.1,83.2,96.6,18.7
2026-06-20 12:50:00,617.8,103.2,66.9,11.1
2026-06-20 12:55:00,649.7,80.7,79.8,17.1
2026-06-20 13:00:00,573.2,103.1,112.8,33.2
2026-06-20 13:05:00,630.5,104.3,107.0,23.0
2026-06-20 13:10:00,550.6,73.7,108.8,29.1
2026-06-20 13:15:00,562.7,68.6,98.2,28.5
2026-06-20 13:20:00,585.6,60.5,190.0,17.8
2026-06-20 13:25:00,491.2,82.6,129.3,29.3
2026-06-20 13:30:00,510.8,81.0,118.8,16.2
2026-06-20 13:35:00,622.1,79.3,152.0,30.8
2026-06-20 13:40:00,589.9,59.8,115.5,20.2
2026-06-20 13:45:00,579.2,57.5,85.3,14.3
2026-06-20 13:50:00,675.5,67.6,101.1,26.1
2026-06-20 13:55:00,480.6,89.3,160.0,19.4
2026-06-20 14:00:00,471.9,98.1,111.3,30.0
2026-06-20 14:05:00,509.7,161.7,76.1,30.7
2026-06-20 14:10:00,647.9,105.0,139.2,5.0
2026-06-20 14:15:00,713.9,110.2,128.3,52.5
2026-06-20 14:20:00,723.0,65.9,105.1,14.7
2026-06-20 14:25:00,557.7,54.4,124.5,30.7
2026-06-20 14:30:00,509.1,72.7,153.0,21.4
2026-06-20 14:35:00,560.0,106.9,138.0,27.6
2026-06-20 14:40:00,568.7,58.4,114.4,20.0
2026-06-20 14:45:00,650.6,83.7,149.4,36.8
2026-06-20 14:50:00,632.5,71.1,157.8,13.5
2026-06-20 14:55:00,612.9,117.5,95.5,33.3
2026-06-20 15:00:00,624.1,88.8,174.8,9.7
2026-06-20 15:05:00,529.3,102.7,122.7,25.8
2026-06-20 15:10:00,548.8,73.9,136.8,13.9
2026-06-20 15:15:00,622.6,26.9,122.7,30.7
2026-06-20 15:20:00,503.0,64.2,134.7,27.7
2026-06-20 15:25:00,540.1,69.7,133.5,29.2
2026-06-20 15:30:00,758.7,56.2,107.2,22.8
2026-06-20 15:35:00,638.8,67.6,126.0,22.9
2026-06-20 15:40:00,496.8,61.0,148.2,23.9
2026-06-20 15:45:00,628.8,91.2,106.8,15.6
2026-06-20 15:50:00,643.8,81.6,145.2,45.6
2026-06-20 15:55:00,531.8,89.7,83.8,18.6
2026-06-20 16:00:00,581.2,46.7,137.0,21.8
2026-06-20 16:05:00,517.7,58.1,189.5,27.6
2026-06-20 16:10:00,617.0,88.7,131.0,21.4
2026-06-20 16:15:00,573.9,82.3,86.5,27.3
2026-06-20 16:20:00,633.9,88.1,142.2,10.2
2026-06-20 16:25:00,489.6,75.5,159.3,24.7
2026-06-20 16:30:00,692.5,62.6,133.5,17.5
2026-06-20 16:35:00,706.7,89.4,110.3,28.2
2026-06-20 16:40:00,541.8,67.0,97.0,37.2
2026-06-20 16:45:00,526.0,87.4,122.1,40.1
2026-06-20 16:50:00,647.4,96.5,134.5,21.4
2026-06-20 16:55:00,559.3,84.5,74.6,5.0
2026-06-20 17:00:00,518.9,115.8,153.9,27.6
2026-06-20 17:05:00,674.6,104.9,46.2,22.0
2026-06-20 17:10:00,590.1,56.2,144.8,17.5
2026-06-20 17:15:00,639.9,81.6,139.6,27.1
2026-06-20 17:20:00,531.9,93.8,147.0,26.7
2026-06-20 17:25:00,690.0,96.5,86.5,30.7
2026-06-20 17:30:00,627.8,62.8,145.9,20.9
2026-06-20 17:35:00,624.8,21.7,179.9,20.2
2026-06-20 17:40:00,552.7,95.2,116.5,20.0
2026-06-20 17:45:00,515.4,74.3,126.7,19.6
2026-06-20 17:50:00,640.5,44.5,84.7,30.4
2026-06-20 17:55:00,590.3,87.5,100.6,18.6
2026-06-20 18:00:00,566.3,94.9,112.9,13.5
2026-06-20 18:05:00,615.5,65.1,86.9,28.9
2026-06-20 18:10:00,551.7,57.5,93.2,28.6
2026-06-20 18:15:00,611.2,72.0,109.5,40.3
2026-06-20 18:20:00,635.7,76.3,134.1,44.9
2026-06-20 18:25:00,645.8,77.5,84.3,37.2
2026-06-20 18:30:00,555.3,80.0,118.8,30.4
2026-06-20 18:35:00,507.4,99.0,80.5,24.8
2026-06-20 18:40:00,612.7,78.1,118.7,18.9
2026-06-20 18:45:00,588.8,48.8,155.2,42.8
2026-06-20 18:50:00,637.5,80.7,126.7,28.1
2026-06-20 18:55:00,543.4,97.1,150.5,36.6
2026-06-20 19:00:00,574.6,51.8,120.7,24.6
2026-06-20 19:05:00,521.7,66.9,129.1,29.1
2026-06-20 19:10:00,626.0,60.8,98.9,26.5
2026-06-20 19:15:00,695.7,83.0,137.5,19.6
2026-06-20 19:20:00,743.1,74.1,104.4,29.4
2026-06-20 19:25:00,661.0,72.6,89.5,43.1
2026-06-20 19:30:00,642.1,79.5,118.9,20.8
2026-06-20 19:35:00,584.9,67.9,82.4,23.3
2026-06-20 19:40:00,673.8,89.1,135.9,10.3
2026-06-20 19:45:00,646.6,67.0,168.3,29.9
2026-06-20 19:50:00,556.1,59.4,112.9,29.8
2026-06-20 19:55:00,674.5,75.4,114.1,29.5
2026-06-20 20:00:00,515.9,91.3,132.6,22.8
2026-06-20 20:05:00,454.6,78.6,134.9,21.8
2026-06-20 20:10:00,710.7,55.8,123.2,26.5
2026-06-20 20:15:00,534.7,87.3,79.5,29.2
2026-06-20 20:20:00,578.5,79.1,150.2,24.9
2026-06-20 20:25:00,630.4,82.8,146.9,21.2
2026-06-20 20:30:00,588.7,93.5,89.5,12.3
2026-06-20 20:35:00,547.0,116.5,50.0,32.8
2026-06-20 20:40:00,746.3,86.4,188.1,26.1
2026-06-20 20:45:00,603.9,65.1,101.8,13.7
2026-06-20 20:50:00,601.2,65.1,84.7,30.0
2026-06-20 20:55:00,485.2,85.0,47.4,30.3
2026-06-20 21:00:00,524.2,76.9,107.3,21.1
2026-06-20 21:05:00,527.8,83.7,133.8,16.7
2026-06-20 21:10:00,652.1,78.7,167.9,33.4
2026-06-20 21:15:00,698.4,84.0,110.5,21.1
2026-06-20 21:20:00,678.7,83.6,74.5,6.2
2026-06-20 21:25:00,583.8,55.5,130.8,24.4
2026-06-20 21:30:00,680.4,53.5,127.3,26.1
2026-06-20 21:35:00,586.3,89.3,102.5,25.9
2026-06-20 21:40:00,592.6,95.2,112.0,19.3
2026-06-20 21:45:00,579.9,49.2,123.9,25.5
2026-06-20 21:50:00,638.5,91.6,140.2,30.6
2026-06-20 21:55:00,600.7,89.9,133.9,7.9
2026-06-20 22:00:00,540.6,88.9,126.6,29.4
2026-06-20 22:05:00,645.4,73.8,121.2,31.8
2026-06-20 22:10:00,673.4,103.1,168.6,22.3
2026-06-20 22:15:00,523.6,88.1,133.6,14.3
2026-06-20 22:20:00,630.3,48.9,147.7,32.2
2026-06-20 22:25:00,605.5,103.0,141.9,35.3
2026-06-20 22:30:00,533.2,77.5,128.8,16.0
2026-06-20 22:35:00,648.4,52.6,157.3,23.6
2026-06-20 22:40:00,612.6,44.4,101.0,17.1
2026-06-20 22:45:00,527.4,40.5,140.7,20.0
2026-06-20 22:50:00,543.6,92.0,87.1,24.6
2026-06-20 22:55:00,539.5,68.4,121.6,32.4
2026-06-20 23:00:00,510.0,94.2,71.7,29.9
2026-06-20 23:05:00,629.1,127.1,88.5,26.1
2026-06-20 23:10:00,536.4,78.2,109.4,42.7
2026-06-20 23:15:00,619.6,53.5,165.5,14.6
2026-06-20 23:20:00,593.5,72.3,115.9,20.5
2026-06-20 23:25:00,594.5,97.0,138.4,25.8
2026-06-20 23:30:00,720.4,90.8,157.7,22.5
2026-06-20 23:35:00,650.8,64.8,114.4,23.3
2026-06-20 23:40:00,686.8,62.0,163.1,31.9
2026-06-20 23:45:00,558.9,113.5,119.0,17.9
2026-06-20 23:50:00,572.6,96.1,94.3,39.2
2026-06-20 23:55:00,545.9,86.5,147.5,17.7
2026-06-21 00:00:00,649.5,82.2,135.7,19.1
2026-06-21 00:05:00,526.5,97.5,112.5,34.1
2026-06-21 00:10:00,679.0,101.9,96.1,34.7
2026-06-21 00:15:00,610.3,88.6,145.2,22.4
2026-06-21 00:20:00,725.8,51.8,92.3,35.0
2026-06-21 00:25:00,668.4,94.1,65.8,17.7
2026-06-21 00:30:00,589.9,93.9,149.1,9.7
2026-06-21 00:35:00,565.2,76.0,142.1,32.9
2026-06-21 00:40:00,447.3,113.6,137.0,12.9
2026-06-21 00:45:00,707.7,90.1,113.0,24.9
2026-06-21 00:50:00,581.4,73.6,137.1,40.2
2026-06-21 00:55:00,552.9,80.5,101.2,17.4
2026-06-21 01:00:00,548.7,91.7,124.5,14.6
2026-06-21 01:05:00,504.2,93.4,164.5,17.4
2026-06-21 01:10:00,444.3,81.0,119.2,15.2
2026-06-21 01:15:00,596.1,74.7,131.9,16.1
2026-06-21 01:20:00,623.0,97.7,86.6,12.7
2026-06-21 01:25:00,716.1,112.0,108.1,32.8
2026-06-21 01:30:00,616.0,79.3,114.4,11.5
2026-06-21 01:35:00,629.4,111.6,147.6,30.2
2026-06-21 01:40:00,579.8,65.2,171.6,11.8
2026-06-21 01:45:00,627.5,87.1,128.6,26.2
2026-06-21 01:50:00,607.4,67.1,76.8,32.1
2026-06-21 01:55:00,556.7,52.3,90.5,24.7
2026-06-21 02:00:00,557.8,86.4,149.0,15.3
2026-06-21 02:05:00,570.2,90.4,102.5,24.6
2026-06-21 02:10:00,698.7,97.2,139.5,20.7
2026-06-21 02:15:00,629.0,86.2,129.0,23.5
2026-06-21 02:20:00,428.1,75.6,121.1,14.7
2026-06-21 02:25:00,709.2,87.1,127.0,27.9
2026-06-21 02:30:00,505.1,98.5,124.6,22.8
2026-06-21 02:35:00,608.2,97.4,86.9,31.1
2026-06-21 02:40:00,652.2,58.3,112.9,33.3
2026-06-21 02:45:00,624.2,72.2,173.4,27.8
2026-06-21 02:50:00,664.8,37.3,92.5,22.4
2026-06-21 02:55:00,599.2,90.6,91.7,18.8
2026-06-21 03:00:00,671.1,50.2,108.7,18.0
2026-06-21 03:05:00,631.4,78.3,167.4,27.7
2026-06-21 03:10:00,542.3,82.7,97.3,29.1
2026-06-21 03:15:00,616.3,40.0,107.9,23.9
2026-06-21 03:20:00,570.0,79.7,94.6,24.9
2026-06-21 03:25:00,565.0,56.4,106.9,13.9
2026-06-21 03:30:00,635.0,99.9,113.0,26.1
2026-06-21 03:35:00,604.6,45.9,132.3,21.3
2026-06-21 03:40:00,612.8,94.7,79.3,34.3
2026-06-21 03:45:00,541.4,107.3,126.2,27.6
2026-06-21 03:50:00,601.1,62.4,95.4,22.6
2026-06-21 03:55:00,574.4,72.5,131.2,28.1
2026-06-21 04:00:00,591.2,77.5,82.7,40.0
2026-06-21 04:05:00,557.2,81.7,113.1,32.0
2026-06-21 04:10:00,566.8,36.0,97.0,20.4
2026-06-21 04:15:00,607.7,73.8,122.6,29.1
2026-06-21 04:20:00,721.7,98.8,159.3,48.2
2026-06-21 04:25:00,637.4,134.9,134.8,32.0
2026-06-21 04:30:00,594.3,48.0,135.6,24.0
2026-06-21 04:35:00,616.8,76.5,118.2,34.9
2026-06-21 04:40:00,730.0,84.8,115.1,10.6
2026-06-21 04:45:00,625.3,40.3,116.5,16.6
2026-06-21 04:50:00,494.2,114.5,113.7,9.9
2026-06-21 04:55:00,543.7,75.4,104.4,12.3
2026-06-21 05:00:00,681.8,61.2,101.7,25.1
2026-06-21 05:05:00,621.1,104.5,101.2,14.0
2026-06-21 05:10:00,559.7,34.4,112.8,17.0
2026-06-21 05:15:00,561.1,83.7,96.2,11.3
2026-06-21 05:20:00,576.0,72.1,125.1,28.7
2026-06-21 05:25:00,534.5,63.1,82.1,15.2
2026-06-21 05:30:00,648.2,92.1,128.9,32.0
2026-06-21 05:35:00,573.2,89.0,119.4,23.9
2026-06-21 05:40:00,609.1,81.6,161.4,36.2
2026-06-21 05:45:00,587.0,104.6,152.5,22.1
2026-06-21 05:50:00,635.7,79.2,93.5,31.9
2026-06-21 05:55:00,728.1,42.5,119.5,26.6
2026-06-21 06:00:00,636.2,59.3,128.2,29.9
2026-06-21 06:05:00,621.0,121.3,104.8,32.6
2026-06-21 06:10:00,572.9,103.2,97.3,26.5
2026-06-21 06:15:00,547.1,84.7,125.9,28.0
2026-06-21 06:20:00,595.5,60.7,136.5,29.5
2026-06-21 06:25:00,525.8,81.6,120.8,12.1
2026-06-21 06:30:00,569.8,68.6,115.7,28.0
2026-06-21 06:35:00,584.5,76.9,115.4,31.7
2026-06-21 06:40:00,613.1,88.2,91.7,24.3
2026-06-21 06:45:00,615.7,77.2,137.5,14.2
2026-06-21 06:50:00,602.8,58.9,125.1,29.0
2026-06-21 06:55:00,678.8,45.0,123.1,13.8
2026-06-21 07:00:00,607.7,98.2,132.0,11.5
2026-06-21 07:05:00,687.8,70.0,185.8,34.3
2026-06-21 07:10:00,551.9,86.7,167.1,29.2
2026-06-21 07:15:00,602.3,91.7,131.3,18.6
2026-06-21 07:20:00,600.9,74.0,104.6,28.4
2026-06-21 07:25:00,656.5,83.7,141.6,23.4
2026-06-21 07:30:00,476.1,88.0,114.4,31.4
2026-06-21 07:35:00,613.1,84.2,123.3,49.4
2026-06-21 07:40:00,583.1,101.7,141.2,17.9
2026-06-21 07:45:00,645.4,113.4,132.8,22.2
2026-06-21 07:50:00,635.1,68.4,124.8,15.6
2026-06-21 07:55:00,512.1,82.8,134.6,33.4
2026-06-21 08:00:00,594.1,79.8,147.4,23.2
2026-06-21 08:05:00,738.7,48.6,87.0,23.2
2026-06-21 08:10:00,697.0,75.8,133.7,21.6
2026-06-21 08:15:00,634.6,49.5,97.5,20.3
2026-06-21 08:20:00,656.5,96.8,131.0,20.8
2026-06-21 08:25:00,586.1,101.2,90.5,21.9
2026-06-21 08:30:00,659.0,99.3,120.8,31.3
2026-06-21 08:35:00,595.4,89.2,123.2,32.4
2026-06-21 08:40:00,603.5,55.6,117.7,26.3
2026-06-21 08:45:00,510.2,30.2,136.6,36.5
2026-06-21 08:50:00,675.5,63.5,112.1,30.0
2026-06-21 08:55:00,680.1,47.5,114.0,20.0
2026-06-21 09:00:00,625.4,80.5,117.9,32.0
2026-06-21 09:05:00,536.1,99.6,103.4,32.5
2026-06-21 09:10:00,622.5,83.7,108.7,26.4
2026-06-21 09:15:00,492.7,65.2,138.1,22.7
2026-06-21 09:20:00,590.5,113.4,139.2,14.2
2026-06-21 09:25:00,639.4,113.4,100.4,21.2
2026-06-21 09:30:00,494.1,86.6,136.9,10.2
2026-06-21 09:35:00,663.6,77.2,83.3,22.2
2026-06-21 09:40:00,646.9,92.2,112.0,25.4
2026-06-21 09:45:00,544.6,97.0,91.6,33.7
2026-06-21 09:50:00,601.8,74.8,121.9,20.8
2026-06-21 09:55:00,698.6,109.3,120.2,27.0
2026-06-21 10:00:00,568.0,110.0,155.0,34.1
2026-06-21 10:05:00,645.8,45.3,152.9,15.9
2026-06-21 10:10:00,683.0,50.4,108.8,29.5
2026-06-21 10:15:00,651.1,75.3,121.2,11.7
2026-06-21 10:20:00,631.9,58.8,97.9,17.4
2026-06-21 10:25:00,500.5,73.1,103.6,18.1
2026-06-21 10:30:00,515.8,94.7,81.5,19.5
2026-06-21 10:35:00,406.7,76.2,134.1,19.3
2026-06-21 10:40:00,535.0,69.4,101.7,27.7
2026-06-21 10:45:00,559.0,61.4,101.3,23.3
2026-06-21 10:50:00,505.5,53.7,108.2,16.7
2026-06-21 10:55:00,532.8,65.0,107.9,12.8
2026-06-21 11:00:00,630.2,53.5,97.6,30.4
2026-06-21 11:05:00,570.7,61.4,140.0,32.7
2026-06-21 11:10:00,550.8,90.3,121.1,24.9
2026-06-21 11:15:00,588.0,54.2,103.0,5.0
2026-06-21 11:20:00,564.1,63.2,118.3,20.9
2026-06-21 11:25:00,586.2,68.8,115.2,19.6
2026-06-21 11:30:00,513.8,85.3,115.5,20.9
2026-06-21 11:35:00,526.4,84.3,134.6,35.5
2026-06-21 11:40:00,620.8,142.8,129.4,30.4
2026-06-21 11:45:00,707.5,59.2,167.9,31.3
2026-06-21 11:50:00,658.1,80.5,95.6,33.5
2026-06-21 11:55:00,542.6,100.0,162.1,21.8
2026-06-21 12:00:00,645.2,102.0,128.6,22.3
2026-06-21 12:05:00,679.2,72.1,117.8,25.7
2026-06-21 12:10:00,514.9,56.4,97.3,20.4
2026-06-21 12:15:00,670.7,82.3,105.4,20.3
2026-06-21 12:20:00,507.1,88.4,123.2,31.7
2026-06-21 12:25:00,577.6,147.5,93.1,29.7
2026-06-21 12:30:00,668.6,42.3,117.6,8.4
2026-06-21 12:35:00,608.3,81.2,166.9,23.5
2026-06-21 12:40:00,632.1,64.9,126.7,34.4
2026-06-21 12:45:00,651.2,107.3,131.3,31.3
2026-06-21 12:50:00,707.1,62.4,94.3,25.9
2026-06-21 12:55:00,624.4,49.7,132.2,37.2
2026-06-21 13:00:00,607.5,41.9,81.0,21.7
2026-06-21 13:05:00,523.6,74.5,62.9,23.1
2026-06-21 13:10:00,643.5,69.0,131.4,8.5
2026-06-21 13:15:00,526.6,84.6,123.3,24.9
2026-06-21 13:20:00,712.1,80.7,154.6,40.0
2026-06-21 13:25:00,499.9,91.8,75.4,24.9
2026-06-21 13:30:00,475.8,91.2,140.5,26.7
2026-06-21 13:35:00,553.5,66.4,114.3,23.6
2026-06-21 13:40:00,595.8,78.5,137.6,28.6
2026-06-21 13:45:00,688.5,90.3,84.5,19.7
2026-06-21 13:50:00,600.1,61.6,131.7,39.2
2026-06-21 13:55:00,576.0,31.5,81.1,33.7
2026-06-21 14:00:00,648.4,74.8,154.5,30.7
2026-06-21 14:05:00,488.2,83.8,105.6,34.4
2026-06-21 14:10:00,550.7,103.0,114.8,24.8
2026-06-21 14:15:00,536.2,100.7,128.9,19.7
2026-06-21 14:20:00,518.4,68.3,97.3,28.0
2026-06-21 14:25:00,594.3,34.6,138.4,34.6
2026-06-21 14:30:00,730.2,109.1,148.9,22.7
2026-06-21 14:35:00,601.4,88.5,80.7,22.6
2026-06-21 14:40:00,524.2,93.5,108.4,25.9
2026-06-21 14:45:00,570.8,102.0,105.2,9.2
2026-06-21 14:50:00,678.0,51.5,94.1,16.7
2026-06-21 14:55:00,535.6,74.3,118.5,20.4
2026-06-21 15:00:00,598.2,108.0,129.8,34.4
2026-06-21 15:05:00,548.5,91.1,98.9,28.3
2026-06-21 15:10:00,642.8,84.1,160.5,16.6
2026-06-21 15:15:00,619.5,64.7,119.8,27.7
2026-06-21 15:20:00,647.1,73.3,123.5,25.8
2026-06-21 15:25:00,639.7,74.1,124.9,20.9
2026-06-21 15:30:00,566.9,41.5,84.7,20.1
2026-06-21 15:35:00,627.9,48.6,80.6,43.9
2026-06-21 15:40:00,645.6,77.1,150.2,10.8
2026-06-21 15:45:00,665.1,62.0,152.7,20.6
2026-06-21 15:50:00,630.7,124.2,144.1,31.5
2026-06-21 15:55:00,696.4,129.1,108.7,18.1
2026-06-21 16:00:00,514.6,63.2,101.1,20.6
2026-06-21 16:05:00,623.8,75.0,106.1,15.5
2026-06-21 16:10:00,593.1,104.7,68.0,27.0
2026-06-21 16:15:00,579.1,84.2,112.4,27.9
2026-06-21 16:20:00,511.7,70.3,117.4,16.3
2026-06-21 16:25:00,674.3,76.3,116.1,36.5
2026-06-21 16:30:00,623.4,79.1,102.4,17.3
2026-06-21 16:35:00,582.9,56.8,125.4,28.6
2026-06-21 16:40:00,610.2,109.5,145.6,14.7
2026-06-21 16:45:00,546.9,78.9,94.7,29.4
2026-06-21 16:50:00,538.3,106.7,106.6,29.1
2026-06-21 16:55:00,613.9,108.8,40.0,19.2
2026-06-21 17:00:00,601.5,87.3,151.2,28.0
2026-06-21 17:05:00,569.3,99.8,106.1,27.8
2026-06-21 17:10:00,642.2,60.3,122.5,23.2
2026-06-21 17:15:00,635.9,73.7,107.0,31.6
2026-06-21 17:20:00,585.0,58.9,122.1,17.9
2026-06-21 17:25:00,637.0,69.1,133.4,34.9
2026-06-21 17:30:00,522.9,85.4,103.3,29.4
2026-06-21 17:35:00,464.5,91.7,131.3,14.8
2026-06-21 17:40:00,563.3,121.5,75.6,29.5
2026-06-21 17:45:00,604.8,75.6,137.9,23.3
2026-06-21 17:50:00,570.4,69.7,98.2,20.3
2026-06-21 17:55:00,615.4,84.0,134.2,31.2
2026-06-21 18:00:00,604.2,102.9,132.0,33.4
2026-06-21 18:05:00,622.8,64.0,187.1,6.4
2026-06-21 18:10:00,583.9,89.2,142.2,24.6
2026-06-21 18:15:00,692.9,111.2,150.3,23.9
2026-06-21 18:20:00,640.5,103.3,126.9,20.8
2026-06-21 18:25:00,571.1,66.2,124.0,26.6
2026-06-21 18:30:00,586.6,68.3,72.3,33.3
2026-06-21 18:35:00,642.1,76.8,154.7,14.6
2026-06-21 18:40:00,662.7,87.1,168.8,19.0
2026-06-21 18:45:00,577.9,109.0,119.7,19.2
2026-06-21 18:50:00,618.0,88.4,102.5,29.6
2026-06-21 18:55:00,623.0,86.7,105.1,20.5
2026-06-21 19:00:00,662.7,51.4,115.2,31.1
2026-06-21 19:05:00,507.1,116.3,100.1,32.3
2026-06-21 19:10:00,667.8,104.2,126.3,23.3
2026-06-21 19:15:00,538.5,108.8,143.7,26.5
2026-06-21 19:20:00,623.2,109.2,116.6,23.9
2026-06-21 19:25:00,524.8,88.6,131.5,41.3
2026-06-21 19:30:00,633.3,81.4,144.2,17.3
2026-06-21 19:35:00,628.8,55.0,110.6,13.0
2026-06-21 19:40:00,609.5,63.6,160.7,5.0
2026-06-21 19:45:00,586.8,57.8,168.3,26.7
2026-06-21 19:50:00,631.8,102.3,153.2,26.9
2026-06-21 19:55:00,584.8,113.0,126.3,15.9
2026-06-21 20:00:00,602.5,106.0,94.6,18.9
2026-06-21 20:05:00,654.5,78.9,134.2,32.9
2026-06-21 20:10:00,568.4,75.8,129.7,31.6
2026-06-21 20:15:00,655.8,50.8,165.9,23.1
2026-06-21 20:20:00,620.0,111.2,111.2,21.4
2026-06-21 20:25:00,582.8,49.8,101.6,21.0
2026-06-21 20:30:00,609.9,83.4,165.5,27.9
2026-06-21 20:35:00,564.3,122.0,114.2,28.0
2026-06-21 20:40:00,682.0,86.2,120.5,31.4
2026-06-21 20:45:00,544.4,100.4,104.0,30.4
2026-06-21 20:50:00,605.1,86.5,124.9,18.7
2026-06-21 20:55:00,627.6,52.8,120.0,25.9
2026-06-21 21:00:00,495.7,102.4,119.8,28.8
2026-06-21 21:05:00,598.4,88.7,123.6,20.7
2026-06-21 21:10:00,587.9,62.8,120.9,24.9
2026-06-21 21:15:00,539.6,86.2,88.8,19.7
2026-06-21 21:20:00,454.5,76.4,148.8,18.1
2026-06-21 21:25:00,409.8,109.3,141.4,15.0
2026-06-21 21:30:00,478.2,77.5,134.3,15.8
2026-06-21 21:35:00,670.4,82.2,102.1,21.8
2026-06-21 21:40:00,565.5,100.6,148.0,20.0
2026-06-21 21:45:00,513.7,108.2,118.3,32.1
2026-06-21 21:50:00,666.1,70.7,109.9,19.1
2026-06-21 21:55:00,694.0,107.2,115.4,23.7
2026-06-21 22:00:00,709.7,84.6,116.4,26.6
2026-06-21 22:05:00,729.1,43.2,90.7,18.2
2026-06-21 22:10:00,679.9,85.2,139.4,21.9
2026-06-21 22:15:00,682.2,78.5,124.1,5.0
2026-06-21 22:20:00,555.5,85.2,141.8,33.6
2026-06-21 22:25:00,453.4,76.6,105.7,27.4
2026-06-21 22:30:00,489.6,56.0,130.1,47.4
2026-06-21 22:35:00,706.1,90.7,117.7,24.0
2026-06-21 22:40:00,646.8,50.0,109.4,30.2
2026-06-21 22:45:00,554.6,38.8,128.8,32.7
2026-06-21 22:50:00,505.2,66.4,137.1,26.5
2026-06-21 22:55:00,531.2,78.9,104.9,13.1
2026-06-21 23:00:00,623.1,64.7,159.5,42.1
2026-06-21 23:05:00,609.5,75.7,113.8,23.3
2026-06-21 23:10:00,586.3,92.3,174.7,22.2
2026-06-21 23:15:00,578.7,94.8,101.3,26.2
2026-06-21 23:20:00,583.0,153.7,111.5,38.4
2026-06-21 23:25:00,588.3,61.9,67.9,31.8
2026-06-21 23:30:00,574.5,69.2,119.9,32.2
2026-06-21 23:35:00,675.2,97.8,150.2,23.3
2026-06-21 23:40:00,626.2,78.9,94.8,37.1
2026-06-21 23:45:00,594.0,49.2,136.1,23.2
2026-06-21 23:50:00,590.5,67.4,103.6,14.0
2026-06-21 23:55:00,658.6,91.1,127.8,24.5
2026-06-22 00:00:00,567.7,72.6,141.7,24.9
2026-06-22 00:05:00,567.2,61.8,175.7,17.1
2026-06-22 00:10:00,535.4,88.3,150.5,20.2
2026-06-22 00:15:00,544.8,69.5,112.5,19.4
2026-06-22 00:20:00,520.2,99.4,81.5,35.1
2026-06-22 00:25:00,590.0,98.4,132.5,21.6
2026-06-22 00:30:00,577.6,73.2,156.0,30.1
2026-06-22 00:35:00,603.6,86.4,121.3,31.0
2026-06-22 00:40:00,576.9,68.5,109.3,32.3
2026-06-22 00:45:00,690.7,107.7,140.1,30.3
2026-06-22 00:50:00,600.1,66.7,116.0,27.5
2026-06-22 00:55:00,573.0,85.7,113.1,5.8
2026-06-22 01:00:00,676.8,85.9,127.9,10.7
2026-06-22 01:05:00,545.2,110.8,138.8,18.1
2026-06-22 01:10:00,610.1,95.7,93.2,20.3
2026-06-22 01:15:00,594.9,81.8,76.3,19.7
2026-06-22 01:20:00,534.7,102.8,90.3,26.3
2026-06-22 01:25:00,746.0,88.3,99.7,26.1
2026-06-22 01:30:00,560.0,120.2,168.8,13.1
2026-06-22 01:35:00,686.4,83.0,108.5,31.8
2026-06-22 01:40:00,566.5,89.4,133.0,27.5
2026-06-22 01:45:00,562.9,95.9,105.8,22.7
2026-06-22 01:50:00,555.0,65.8,103.0,25.1
2026-06-22 01:55:00,526.6,80.4,147.2,34.4
2026-06-22 02:00:00,519.5,107.6,75.0,25.8
2026-06-22 02:05:00,663.0,64.6,152.7,29.6
2026-06-22 02:10:00,598.3,101.2,119.9,14.2
2026-06-22 02:15:00,652.6,78.4,122.7,24.1
2026-06-22 02:20:00,507.9,43.5,147.1,21.4
2026-06-22 02:25:00,654.1,108.1,155.5,20.5
2026-06-22 02:30:00,591.8,50.7,97.8,23.6
2026-06-22 02:35:00,619.5,104.3,81.9,27.2
2026-06-22 02:40:00,604.7,143.6,78.6,26.7
2026-06-22 02:45:00,557.8,101.1,120.5,27.6
2026-06-22 02:50:00,509.9,77.6,96.9,5.7
2026-06-22 02:55:00,539.7,107.4,87.9,27.7
2026-06-22 03:00:00,653.9,95.0,133.0,29.6
2026-06-22 03:05:00,615.5,67.4,134.7,15.7
2026-06-22 03:10:00,475.9,76.4,113.5,29.9
2026-06-22 03:15:00,536.3,89.7,113.4,33.4
2026-06-22 03:20:00,517.9,85.1,126.2,26.3
2026-06-22 03:25:00,629.6,116.2,89.3,23.2
2026-06-22 03:30:00,518.8,98.0,134.0,25.0
2026-06-22 03:35:00,593.9,76.4,139.1,17.1
2026-06-22 03:40:00,548.4,56.3,153.0,21.7
2026-06-22 03:45:00,666.6,92.8,74.4,27.5
2026-06-22 03:50:00,559.0,99.1,132.8,36.4
2026-06-22 03:55:00,535.5,80.1,134.6,31.5
2026-06-22 04:00:00,511.8,87.5,160.1,10.0
2026-06-22 04:05:00,576.9,77.9,115.1,17.1
2026-06-22 04:10:00,657.3,65.2,115.2,20.5
2026-06-22 04:15:00,593.0,66.3,114.3,28.7
2026-06-22 04:20:00,530.7,106.4,110.0,25.4
2026-06-22 04:25:00,590.6,80.8,97.6,47.8
2026-06-22 04:30:00,480.8,66.3,94.5,30.2
2026-06-22 04:35:00,565.6,73.7,102.8,28.7
2026-06-22 04:40:00,615.5,86.4,131.3,29.6
2026-06-22 04:45:00,544.4,89.2,97.6,26.5
2026-06-22 04:50:00,601.9,70.9,135.8,34.4
2026-06-22 04:55:00,581.7,84.0,119.2,23.2
2026-06-22 05:00:00,597.0,58.0,133.6,16.1
2026-06-22 05:05:00,608.4,69.7,137.5,28.6
2026-06-22 05:10:00,601.6,90.9,113.1,33.5
2026-06-22 05:15:00,652.3,75.5,149.4,26.4
2026-06-22 05:20:00,655.9,91.1,148.8,22.3
2026-06-22 05:25:00,557.0,68.9,90.6,45.7
2026-06-22 05:30:00,635.8,98.7,102.6,15.2
2026-06-22 05:35:00,523.6,22.2,111.8,25.0
2026-06-22 05:40:00,712.4,76.5,145.6,30.6
2026-06-22 05:45:00,590.3,79.6,152.5,24.1
2026-06-22 05:50:00,687.7,70.9,127.5,25.7
2026-06-22 05:55:00,534.3,73.0,155.6,22.7
2026-06-22 06:00:00,593.4,55.2,111.3,29.8
2026-06-22 06:05:00,545.3,75.3,157.6,26.7
2026-06-22 06:10:00,658.5,71.2,143.7,27.8
2026-06-22 06:15:00,591.2,32.9,124.4,19.7
2026-06-22 06:20:00,534.6,67.8,136.4,28.9
2026-06-22 06:25:00,564.6,65.0,149.9,11.7
2026-06-22 06:30:00,580.3,100.7,109.0,29.9
2026-06-22 06:35:00,642.6,61.5,104.3,46.0
2026-06-22 06:40:00,579.8,97.9,133.7,28.8
2026-06-22 06:45:00,659.0,92.2,115.2,24.8
2026-06-22 06:50:00,510.9,104.4,120.1,29.9
2026-06-22 06:55:00,607.8,93.9,158.8,25.6
2026-06-22 07:00:00,534.2,63.8,99.9,38.4
2026-06-22 07:05:00,595.7,44.0,141.9,34.8
2026-06-22 07:10:00,639.0,99.3,126.9,23.5
2026-06-22 07:15:00,679.2,67.3,92.3,17.5
2026-06-22 07:20:00,641.9,71.4,88.1,26.8
2026-06-22 07:25:00,457.8,85.5,61.7,26.7
2026-06-22 07:30:00,637.2,146.3,108.9,28.3
2026-06-22 07:35:00,521.7,86.7,93.2,33.7
2026-06-22 07:40:00,514.6,96.1,121.0,39.6
2026-06-22 07:45:00,647.5,59.1,124.6,22.1
2026-06-22 07:50:00,615.4,101.4,77.2,14.0
2026-06-22 07:55:00,614.5,75.3,67.9,16.8
2026-06-22 08:00:00,687.0,85.1,133.8,19.6
2026-06-22 08:05:00,576.5,84.3,109.8,33.5
2026-06-22 08:10:00,640.4,59.2,98.6,10.5
2026-06-22 08:15:00,535.0,57.3,113.1,26.2
2026-06-22 08:20:00,607.1,21.9,131.0,15.3
2026-06-22 08:25:00,550.8,99.6,144.2,23.5
2026-06-22 08:30:00,516.4,118.8,119.6,21.2
2026-06-22 08:35:00,523.8,74.1,126.1,11.0
2026-06-22 08:40:00,706.1,103.0,143.0,29.8
2026-06-22 08:45:00,599.6,125.4,142.5,17.4
2026-06-22 08:50:00,627.9,102.2,148.4,27.1
2026-06-22 08:55:00,544.8,48.5,87.8,40.0
2026-06-22 09:00:00,615.0,38.5,49.9,17.3
2026-06-22 09:05:00,550.8,67.0,100.3,29.6
2026-06-22 09:10:00,596.1,56.0,143.4,19.1
2026-06-22 09:15:00,715.1,32.4,118.5,12.5
2026-06-22 09:20:00,702.8,77.1,151.5,37.9
2026-06-22 09:25:00,542.7,60.4,88.7,26.4
2026-06-22 09:30:00,602.4,56.8,100.7,28.0
2026-06-22 09:35:00,585.6,78.3,130.6,13.7
2026-06-22 09:40:00,571.6,56.5,125.1,19.4
2026-06-22 09:45:00,511.7,83.9,125.5,21.2
2026-06-22 09:50:00,533.8,83.5,116.0,24.5
2026-06-22 09:55:00,566.9,110.9,117.1,31.9
2026-06-22 10:00:00,436.0,67.2,161.6,28.9
2026-06-22 10:05:00,551.3,51.5,117.3,21.3
2026-06-22 10:10:00,599.3,69.0,147.1,18.7
2026-06-22 10:15:00,472.6,128.1,119.1,21.9
2026-06-22 10:20:00,481.9,98.4,147.4,23.6
2026-06-22 10:25:00,677.4,122.3,117.4,21.2
2026-06-22 10:30:00,655.6,83.9,114.8,23.2
2026-06-22 10:35:00,581.0,92.4,117.3,34.2
2026-06-22 10:40:00,631.6,62.0,140.4,20.7
2026-06-22 10:45:00,645.7,96.3,82.8,18.0
2026-06-22 10:50:00,640.4,55.5,109.6,27.9
2026-06-22 10:55:00,675.2,84.6,136.6,18.9
2026-06-22 11:00:00,612.0,96.0,116.9,23.2
2026-06-22 11:05:00,809.0,58.5,100.4,14.7
2026-06-22 11:10:00,532.1,101.3,117.2,25.7
2026-06-22 11:15:00,607.6,61.4,138.4,22.9
2026-06-22 11:20:00,524.7,21.5,149.4,17.8
2026-06-22 11:25:00,632.5,88.7,92.8,20.5
2026-06-22 11:30:00,684.5,91.9,162.3,22.5
2026-06-22 11:35:00,632.3,77.0,102.4,39.9
2026-06-22 11:40:00,669.8,91.6,117.1,21.2
2026-06-22 11:45:00,453.3,140.4,94.3,39.8
2026-06-22 11:50:00,577.8,105.0,125.9,27.4
2026-06-22 11:55:00,540.5,65.0,107.5,15.7
2026-06-22 12:00:00,574.4,99.1,105.9,26.7
2026-06-22 12:05:00,519.9,93.5,130.2,27.3
2026-06-22 12:10:00,575.1,71.4,116.5,34.0
2026-06-22 12:15:00,483.8,78.3,103.5,22.6
2026-06-22 12:20:00,695.6,47.0,107.8,33.6
2026-06-22 12:25:00,654.4,64.1,135.0,32.6
2026-06-22 12:30:00,617.6,49.6,87.8,15.9
2026-06-22 12:35:00,681.4,48.6,127.8,16.2
2026-06-22 12:40:00,574.7,76.2,92.5,11.3
2026-06-22 12:45:00,633.3,81.1,133.7,32.4
2026-06-22 12:50:00,580.7,39.2,154.0,14.6
2026-06-22 12:55:00,635.0,69.5,98.9,34.3
2026-06-22 13:00:00,531.2,56.1,98.1,36.0
2026-06-22 13:05:00,497.6,120.9,169.0,42.3
2026-06-22 13:10:00,579.7,32.3,139.8,30.0
2026-06-22 13:15:00,675.4,71.5,112.5,31.1
2026-06-22 13:20:00,656.3,39.7,118.0,24.7
2026-06-22 13:25:00,751.3,104.2,90.6,13.1
2026-06-22 13:30:00,574.6,33.6,67.6,15.7
2026-06-22 13:35:00,502.4,102.1,119.0,20.7
2026-06-22 13:40:00,690.1,125.9,107.9,29.6
2026-06-22 13:45:00,602.2,98.1,136.2,21.4
2026-06-22 13:50:00,696.2,86.8,120.3,20.6
2026-06-22 13:55:00,526.0,62.1,111.3,38.9
2026-06-22 14:00:00,665.0,73.5,110.2,19.2
2026-06-22 14:05:00,597.9,55.3,77.9,15.6
2026-06-22 14:10:00,573.7,68.2,91.7,32.8
2026-06-22 14:15:00,578.8,95.8,92.6,33.0
2026-06-22 14:20:00,584.3,68.5,138.6,33.2
2026-06-22 14:25:00,685.4,93.6,134.6,20.3
2026-06-22 14:30:00,508.4,97.9,125.6,20.5
2026-06-22 14:35:00,542.8,88.4,163.2,37.0
2026-06-22 14:40:00,720.5,115.2,126.2,22.4
2026-06-22 14:45:00,466.5,51.5,121.7,26.6
2026-06-22 14:50:00,605.5,110.8,107.3,37.2
2026-06-22 14:55:00,632.9,94.8,113.4,19.5
2026-06-22 15:00:00,566.4,79.1,98.4,19.8
2026-06-22 15:05:00,700.5,90.6,149.9,22.7
2026-06-22 15:10:00,668.8,58.5,132.0,27.6
2026-06-22 15:15:00,639.8,111.6,115.7,15.8
2026-06-22 15:20:00,633.1,70.1,114.8,15.4
2026-06-22 15:25:00,621.5,34.0,151.8,21.3
2026-06-22 15:30:00,525.0,62.1,137.5,30.5
2026-06-22 15:35:00,590.3,63.3,100.5,28.5
2026-06-22 15:40:00,483.0,100.4,83.7,22.2
2026-06-22 15:45:00,636.1,59.9,114.3,29.4
2026-06-22 15:50:00,565.0,144.3,126.6,15.6
2026-06-22 15:55:00,501.4,88.4,77.1,25.5
2026-06-22 16:00:00,668.2,31.7,76.3,24.9
2026-06-22 16:05:00,634.4,79.0,109.9,35.6
2026-06-22 16:10:00,562.1,73.0,138.9,28.0
2026-06-22 16:15:00,649.8,111.1,125.4,9.0
2026-06-22 16:20:00,640.6,74.1,122.5,14.9
2026-06-22 16:25:00,559.6,81.2,111.6,28.1
2026-06-22 16:30:00,589.7,68.8,143.2,9.5
2026-06-22 16:35:00,643.0,58.8,137.6,24.5
2026-06-22 16:40:00,605.6,81.3,166.5,20.7
2026-06-22 16:45:00,462.5,69.5,116.5,24.6
2026-06-22 16:50:00,665.6,83.9,149.7,19.7
2026-06-22 16:55:00,573.0,45.2,110.5,32.2
2026-06-22 17:00:00,575.7,85.8,111.5,21.9
2026-06-22 17:05:00,539.4,92.4,128.2,28.7
2026-06-22 17:10:00,465.3,112.3,114.9,28.5
2026-06-22 17:15:00,594.1,70.5,108.4,15.2
2026-06-22 17:20:00,654.2,72.0,133.7,27.3
2026-06-22 17:25:00,615.5,75.0,106.0,20.4
2026-06-22 17:30:00,598.3,94.1,171.8,28.1
2026-06-22 17:35:00,484.8,71.0,130.7,16.3
2026-06-22 17:40:00,554.4,78.6,133.6,22.5
2026-06-22 17:45:00,575.1,43.3,129.6,28.1
2026-06-22 17:50:00,571.6,104.5,167.0,27.6
2026-06-22 17:55:00,588.0,87.3,155.8,17.7
2026-06-22 18:00:00,403.2,93.2,146.6,27.3
2026-06-22 18:05:00,505.7,47.7,157.4,28.3
2026-06-22 18:10:00,697.7,92.2,119.6,13.7
2026-06-22 18:15:00,607.5,93.9,147.5,11.5
2026-06-22 18:20:00,556.3,99.9,127.9,29.8
2026-06-22 18:25:00,655.0,98.0,150.2,15.6
2026-06-22 18:30:00,484.6,79.6,123.2,25.8
2026-06-22 18:35:00,601.7,80.9,125.4,23.7
2026-06-22 18:40:00,615.7,48.4,94.3,20.8
2026-06-22 18:45:00,551.7,93.1,85.5,37.5
2026-06-22 18:50:00,562.1,30.9,145.2,16.7
2026-06-22 18:55:00,627.2,94.3,125.2,18.4
2026-06-22 19:00:00,641.5,50.5,131.0,30.2
2026-06-22 19:05:00,644.5,53.7,127.6,27.5
2026-06-22 19:10:00,542.6,58.6,100.5,26.1
2026-06-22 19:15:00,525.0,90.9,91.4,27.2
2026-06-22 19:20:00,507.7,74.3,147.1,20.4
2026-06-22 19:25:00,599.1,110.0,132.3,16.5
2026-06-22 19:30:00,586.9,65.5,152.1,37.5
2026-06-22 19:35:00,612.9,55.4,93.5,15.9
2026-06-22 19:40:00,566.4,61.7,121.9,9.1
2026-06-22 19:45:00,746.3,99.7,139.8,19.2
2026-06-22 19:50:00,692.4,113.7,165.0,31.5
2026-06-22 19:55:00,709.3,94.4,131.4,8.9
2026-06-22 20:00:00,556.1,92.4,129.8,18.2
2026-06-22 20:05:00,528.1,68.4,102.9,32.3
2026-06-22 20:10:00,696.0,69.5,115.6,14.9
2026-06-22 20:15:00,604.2,70.2,87.2,26.4
2026-06-22 20:20:00,566.8,110.9,104.1,25.0
2026-06-22 20:25:00,637.5,49.7,145.8,25.5
2026-06-22 20:30:00,626.1,67.7,101.0,29.9
2026-06-22 20:35:00,654.1,94.9,121.0,14.9
2026-06-22 20:40:00,655.7,71.6,107.6,32.3
2026-06-22 20:45:00,648.0,115.0,127.4,15.4
2026-06-22 20:50:00,610.1,79.4,105.0,21.1
2026-06-22 20:55:00,572.5,88.0,129.1,22.2
2026-06-22 21:00:00,586.5,91.3,130.0,28.4
2026-06-22 21:05:00,551.3,121.7,103.8,12.4
2026-06-22 21:10:00,495.0,63.3,90.0,37.9
2026-06-22 21:15:00,598.1,63.9,94.7,22.7
2026-06-22 21:20:00,738.9,86.4,137.3,31.3
2026-06-22 21:25:00,574.5,85.2,79.0,15.2
2026-06-22 21:30:00,516.7,97.7,99.3,20.7
2026-06-22 21:35:00,623.1,41.8,120.3,6.9
2026-06-22 21:40:00,509.7,74.8,151.2,31.7
2026-06-22 21:45:00,530.9,70.1,138.4,16.8
2026-06-22 21:50:00,635.5,89.6,108.5,15.7
2026-06-22 21:55:00,603.0,44.1,105.5,29.3
2026-06-22 22:00:00,643.2,86.3,116.6,5.0
2026-06-22 22:05:00,686.4,62.9,156.0,23.2
2026-06-22 22:10:00,655.2,71.1,90.1,39.3
2026-06-22 22:15:00,502.3,110.6,90.3,16.9
2026-06-22 22:20:00,439.7,96.4,118.0,17.9
2026-06-22 22:25:00,670.2,83.8,130.7,32.4
2026-06-22 22:30:00,624.0,83.6,97.0,15.5
2026-06-22 22:35:00,601.9,102.5,139.8,36.4
2026-06-22 22:40:00,538.3,40.1,140.0,33.7
2026-06-22 22:45:00,621.4,104.5,118.8,29.2
2026-06-22 22:50:00,579.8,92.9,108.8,17.3
2026-06-22 22:55:00,579.6,78.4,124.2,24.2
2026-06-22 23:00:00,640.7,45.7,66.8,22.8
2026-06-22 23:05:00,693.1,74.6,72.9,25.7
2026-06-22 23:10:00,498.2,55.3,130.3,27.5
2026-06-22 23:15:00,707.2,78.4,82.8,20.8
2026-06-22 23:20:00,662.1,78.3,101.2,20.7
2026-06-22 23:25:00,583.4,80.5,125.2,30.8
2026-06-22 23:30:00,618.4,104.3,142.2,43.6
2026-06-22 23:35:00,562.2,136.6,129.6,15.2
2026-06-22 23:40:00,624.8,78.2,117.8,31.0
2026-06-22 23:45:00,624.3,84.5,119.5,29.2
2026-06-22 23:50:00,720.0,83.1,109.6,28.8
2026-06-22 23:55:00,529.1,59.5,120.2,26.9
2026-06-23 00:00:00,603.0,91.1,117.1,20.6
2026-06-23 00:05:00,600.0,105.0,141.9,26.2
2026-06-23 00:10:00,650.1,120.4,119.5,22.6
2026-06-23 00:15:00,568.6,98.0,110.5,29.4
2026-06-23 00:20:00,627.9,53.9,141.4,28.7
2026-06-23 00:25:00,634.9,61.2,124.0,5.7
2026-06-23 00:30:00,639.7,66.9,129.6,26.5
2026-06-23 00:35:00,575.7,99.8,83.7,26.9
2026-06-23 00:40:00,657.9,77.9,95.7,33.4
2026-06-23 00:45:00,561.0,57.2,122.1,25.1
2026-06-23 00:50:00,571.9,73.5,142.3,21.7
2026-06-23 00:55:00,486.4,114.4,137.5,32.5
2026-06-23 01:00:00,544.5,108.2,102.1,19.0
2026-06-23 01:05:00,627.3,48.5,128.9,12.8
2026-06-23 01:10:00,652.5,89.7,147.9,30.0
2026-06-23 01:15:00,619.0,93.3,109.6,35.4
2026-06-23 01:20:00,731.1,82.2,106.3,22.1
2026-06-23 01:25:00,593.4,92.5,137.3,19.0
2026-06-23 01:30:00,693.4,101.9,152.8,34.7
2026-06-23 01:35:00,702.5,88.9,123.9,29.1
2026-06-23 01:40:00,580.6,83.2,87.6,22.8
2026-06-23 01:45:00,580.2,57.9,132.7,27.0
2026-06-23 01:50:00,649.7,112.0,132.5,17.1
2026-06-23 01:55:00,558.5,58.1,131.3,27.6
2026-06-23 02:00:00,679.7,97.0,105.7,9.2
2026-06-23 02:05:00,509.0,68.1,174.9,18.1
2026-06-23 02:10:00,495.8,58.3,160.4,23.7
2026-06-23 02:15:00,631.1,101.4,116.7,26.3
2026-06-23 02:20:00,660.1,121.8,93.4,21.8
2026-06-23 02:25:00,713.2,55.8,105.8,32.8
2026-06-23 02:30:00,630.7,78.1,137.0,26.4
2026-06-23 02:35:00,601.2,83.1,132.0,21.2
2026-06-23 02:40:00,684.8,56.9,135.1,23.3
2026-06-23 02:45:00,533.5,80.9,128.8,30.1
2026-06-23 02:50:00,558.7,72.3,142.1,28.1
2026-06-23 02:55:00,624.1,99.3,102.5,22.5
2026-06-23 03:00:00,607.9,126.0,100.1,36.7
2026-06-23 03:05:00,661.3,101.5,125.6,17.5
2026-06-23 03:10:00,542.4,91.1,93.5,37.1
2026-06-23 03:15:00,532.1,79.8,81.4,13.5
2026-06-23 03:20:00,535.9,44.4,124.7,15.1
2026-06-23 03:25:00,488.2,67.4,103.5,16.0
2026-06-23 03:30:00,605.1,100.5,122.8,34.6
2026-06-23 03:35:00,545.7,116.2,126.1,20.3
2026-06-23 03:40:00,595.1,57.2,100.6,22.6
2026-06-23 03:45:00,661.5,94.0,120.7,13.9
2026-06-23 03:50:00,695.6,57.0,106.0,20.9
2026-06-23 03:55:00,676.5,76.2,82.5,23.1
2026-06-23 04:00:00,586.3,79.2,131.7,29.7
2026-06-23 04:05:00,599.6,63.2,150.6,27.8
2026-06-23 04:10:00,645.7,95.9,126.0,19.7
2026-06-23 04:15:00,692.0,99.2,154.8,14.2
2026-06-23 04:20:00,726.2,90.6,135.5,23.0
2026-06-23 04:25:00,596.0,68.3,103.7,39.4
2026-06-23 04:30:00,588.4,77.9,121.2,27.5
2026-06-23 04:35:00,679.3,107.1,167.2,16.1
2026-06-23 04:40:00,624.2,33.6,103.5,12.6
2026-06-23 04:45:00,576.6,107.8,122.1,17.1
2026-06-23 04:50:00,614.7,38.3,145.0,22.5
2026-06-23 04:55:00,541.2,66.1,141.4,34.7
2026-06-23 05:00:00,552.6,75.7,104.4,5.0
2026-06-23 05:05:00,590.8,85.6,168.8,27.3
2026-06-23 05:10:00,464.7,86.6,121.0,17.2
2026-06-23 05:15:00,517.1,108.2,116.7,30.6
2026-06-23 05:20:00,567.9,78.5,103.5,26.9
2026-06-23 05:25:00,603.0,90.0,153.5,42.0
2026-06-23 05:30:00,591.8,77.3,90.3,26.0
2026-06-23 05:35:00,640.9,92.7,111.8,37.7
2026-06-23 05:40:00,580.4,80.3,150.5,18.2
2026-06-23 05:45:00,508.6,74.3,135.9,22.6
2026-06-23 05:50:00,524.0,47.6,162.2,9.3
2026-06-23 05:55:00,664.5,68.7,149.2,26.3
2026-06-23 06:00:00,689.4,69.0,96.5,22.9
2026-06-23 06:05:00,565.1,87.6,132.6,28.3
2026-06-23 06:10:00,597.7,85.9,90.5,23.7
2026-06-23 06:15:00,528.4,71.0,135.8,36.3
2026-06-23 06:20:00,531.4,79.1,93.9,23.0
2026-06-23 06:25:00,667.2,74.1,120.4,29.3
2026-06-23 06:30:00,627.5,78.2,88.9,38.0
2026-06-23 06:35:00,540.5,83.8,108.1,39.1
2026-06-23 06:40:00,601.0,77.2,108.2,28.2
2026-06-23 06:45:00,628.7,86.9,116.9,26.1
2026-06-23 06:50:00,641.0,106.9,142.2,28.3
2026-06-23 06:55:00,692.0,51.9,102.3,38.0
2026-06-23 07:00:00,650.0,84.9,92.0,25.8
2026-06-23 07:05:00,539.2,108.7,123.5,26.2
2026-06-23 07:10:00,623.8,64.8,139.3,18.3
2026-06-23 07:15:00,527.0,93.6,114.9,18.8
2026-06-23 07:20:00,522.4,64.9,135.1,29.6
2026-06-23 07:25:00,523.1,70.5,117.3,17.8
2026-06-23 07:30:00,665.8,59.6,115.4,27.6
2026-06-23 07:35:00,450.3,53.5,138.6,22.7
2026-06-23 07:40:00,683.9,108.7,149.3,19.9
2026-06-23 07:45:00,628.1,60.5,135.1,18.3
2026-06-23 07:50:00,641.5,100.9,123.1,44.3
2026-06-23 07:55:00,710.1,76.5,86.9,29.3
2026-06-23 08:00:00,528.1,62.4,120.2,14.0
2026-06-23 08:05:00,700.3,100.5,96.0,45.0
2026-06-23 08:10:00,600.2,85.0,128.3,26.2
2026-06-23 08:15:00,615.5,52.1,108.7,19.2
2026-06-23 08:20:00,496.0,95.6,158.9,23.4
2026-06-23 08:25:00,668.0,120.1,150.6,37.9
2026-06-23 08:30:00,571.0,89.3,135.1,19.3
2026-06-23 08:35:00,598.8,108.9,84.6,21.7
2026-06-23 08:40:00,568.7,112.7,99.3,29.5
2026-06-23 08:45:00,570.4,58.4,147.2,23.2
2026-06-23 08:50:00,537.1,105.1,116.3,36.0
2026-06-23 08:55:00,549.7,58.9,133.2,18.9
2026-06-23 09:00:00,714.9,69.4,88.3,19.5
2026-06-23 09:05:00,639.7,63.4,81.0,22.0
2026-06-23 09:10:00,563.7,79.0,112.8,22.9
2026-06-23 09:15:00,506.2,72.2,135.1,27.8
2026-06-23 09:20:00,614.0,46.1,83.8,23.4
2026-06-23 09:25:00,681.9,52.7,137.4,19.3
2026-06-23 09:30:00,643.9,54.2,133.1,29.0
2026-06-23 09:35:00,694.9,73.9,147.6,18.7
2026-06-23 09:40:00,575.2,41.6,104.2,31.7
2026-06-23 09:45:00,557.0,73.7,154.3,9.6
2026-06-23 09:50:00,496.9,69.3,99.1,27.0
2026-06-23 09:55:00,609.1,49.6,71.8,24.5
2026-06-23 10:00:00,592.4,99.2,121.9,28.1
2026-06-23 10:05:00,576.3,88.6,140.7,29.1
2026-06-23 10:10:00,697.6,89.6,103.6,25.3
2026-06-23 10:15:00,550.7,104.2,126.4,41.7
2026-06-23 10:20:00,645.6,91.6,146.3,30.2
2026-06-23 10:25:00,470.6,70.4,155.5,39.7
2026-06-23 10:30:00,610.8,94.4,139.8,27.3
2026-06-23 10:35:00,536.3,48.0,114.3,20.2
2026-06-23 10:40:00,640.2,57.9,115.0,8.4
2026-06-23 10:45:00,520.2,42.7,110.8,28.0
2026-06-23 10:50:00,649.8,24.3,121.4,30.1
2026-06-23 10:55:00,486.9,66.0,139.1,15.0
2026-06-23 11:00:00,616.8,65.5,96.7,25.3
2026-06-23 11:05:00,594.8,104.3,105.4,13.8
2026-06-23 11:10:00,554.1,77.3,137.9,31.7
2026-06-23 11:15:00,654.9,110.3,116.2,30.4
2026-06-23 11:20:00,672.5,76.5,124.4,10.3
2026-06-23 11:25:00,621.1,92.5,136.0,13.3
2026-06-23 11:30:00,411.0,92.4,116.3,8.6
2026-06-23 11:35:00,631.1,72.1,99.0,28.0
2026-06-23 11:40:00,563.7,123.4,160.7,28.0
2026-06-23 11:45:00,639.4,89.2,129.9,32.0
2026-06-23 11:50:00,475.1,104.3,143.8,16.2
2026-06-23 11:55:00,646.1,100.7,114.5,21.4
2026-06-23 12:00:00,635.3,95.3,127.7,18.8
2026-06-23 12:05:00,582.4,60.0,150.3,17.6
2026-06-23 12:10:00,635.1,75.5,128.2,17.5
2026-06-23 12:15:00,647.4,100.1,121.2,14.7
2026-06-23 12:20:00,574.2,58.8,94.4,28.1
2026-06-23 12:25:00,561.3,33.0,69.6,36.7
2026-06-23 12:30:00,592.4,70.1,165.7,32.1
2026-06-23 12:35:00,592.5,67.9,120.5,21.7
2026-06-23 12:40:00,649.4,90.7,181.1,24.1
2026-06-23 12:45:00,602.3,109.3,134.7,28.2
2026-06-23 12:50:00,690.7,79.3,104.7,26.2
2026-06-23 12:55:00,636.6,47.6,115.9,17.8
2026-06-23 13:00:00,626.9,86.9,159.5,28.6
2026-06-23 13:05:00,612.4,84.7,155.6,29.1
2026-06-23 13:10:00,773.3,72.2,143.4,17.5
2026-06-23 13:15:00,661.6,66.6,82.1,26.0
2026-06-23 13:20:00,400.7,116.8,81.7,23.2
2026-06-23 13:25:00,576.3,91.9,152.3,28.8
2026-06-23 13:30:00,542.4,112.7,135.2,19.7
2026-06-23 13:35:00,672.7,43.4,159.1,40.4
2026-06-23 13:40:00,641.7,42.7,118.2,13.8
2026-06-23 13:45:00,622.2,34.6,96.4,39.5
2026-06-23 13:50:00,534.9,66.8,128.1,18.3
2026-06-23 13:55:00,556.4,91.5,131.6,29.4
2026-06-23 14:00:00,583.4,78.2,100.8,16.3
2026-06-23 14:05:00,616.1,70.5,88.8,19.0
2026-06-23 14:10:00,526.0,47.6,136.6,17.8
2026-06-23 14:15:00,651.6,79.9,98.6,20.8
2026-06-23 14:20:00,593.9,53.3,170.3,17.4
2026-06-23 14:25:00,579.9,92.1,161.0,42.3
2026-06-23 14:30:00,603.8,68.3,139.4,33.2
2026-06-23 14:35:00,573.4,61.4,162.1,22.7
2026-06-23 14:40:00,671.2,65.7,134.6,32.9
2026-06-23 14:45:00,585.2,67.4,114.5,43.1
2026-06-23 14:50:00,722.2,96.6,160.4,33.4
2026-06-23 14:55:00,663.3,49.1,133.5,37.1
2026-06-23 15:00:00,562.3,72.5,109.9,35.0
2026-06-23 15:05:00,602.0,68.4,94.8,36.6
2026-06-23 15:10:00,659.6,96.1,103.0,32.9
2026-06-23 15:15:00,567.7,62.8,148.8,16.7
2026-06-23 15:20:00,654.2,121.4,118.3,37.3
2026-06-23 15:25:00,558.9,45.4,164.5,25.5
2026-06-23 15:30:00,493.9,101.1,136.2,27.6
2026-06-23 15:35:00,555.9,75.5,140.1,8.5
2026-06-23 15:40:00,672.2,89.6,104.0,18.8
2026-06-23 15:45:00,691.6,58.3,108.7,35.0
2026-06-23 15:50:00,573.2,101.1,85.8,33.0
2026-06-23 15:55:00,590.8,115.3,101.1,31.4
2026-06-23 16:00:00,657.3,82.7,105.7,13.5
2026-06-23 16:05:00,565.5,82.5,115.2,26.9
2026-06-23 16:10:00,549.0,48.9,169.6,24.6
2026-06-23 16:15:00,521.2,91.6,106.4,30.8
2026-06-23 16:20:00,544.5,46.2,153.1,23.9
2026-06-23 16:25:00,588.1,81.5,92.6,18.9
2026-06-23 16:30:00,552.5,56.4,106.4,20.0
2026-06-23 16:35:00,632.5,109.0,125.4,5.0
2026-06-23 16:40:00,651.1,101.6,144.9,22.8
2026-06-23 16:45:00,723.0,123.1,120.4,23.7
2026-06-23 16:50:00,611.2,67.7,115.4,13.9
2026-06-23 16:55:00,612.0,48.5,139.1,21.0
2026-06-23 17:00:00,606.2,88.8,124.9,46.2
2026-06-23 17:05:00,583.5,140.7,83.8,18.4
2026-06-23 17:10:00,646.9,71.0,159.1,33.1
2026-06-23 17:15:00,576.7,100.5,128.9,25.3
2026-06-23 17:20:00,534.9,88.6,125.1,26.7
2026-06-23 17:25:00,578.9,60.6,125.1,32.2
2026-06-23 17:30:00,584.3,90.1,84.8,6.2
2026-06-23 17:35:00,474.2,90.1,82.9,29.6
2026-06-23 17:40:00,688.8,102.2,165.6,16.8
2026-06-23 17:45:00,615.8,71.8,111.9,30.5
2026-06-23 17:50:00,636.6,74.1,118.4,28.0
2026-06-23 17:55:00,669.9,65.6,112.4,11.5
2026-06-23 18:00:00,699.4,70.8,125.9,37.3
2026-06-23 18:05:00,583.8,75.8,104.1,30.9
2026-06-23 18:10:00,667.9,43.6,110.3,26.1
2026-06-23 18:15:00,699.9,93.6,115.6,43.1
2026-06-23 18:20:00,587.5,101.2,131.2,18.7
2026-06-23 18:25:00,482.2,146.7,135.6,23.3
2026-06-23 18:30:00,613.6,77.9,119.6,33.5
2026-06-23 18:35:00,504.3,81.5,74.8,32.2
2026-06-23 18:40:00,650.2,63.1,144.3,29.0
2026-06-23 18:45:00,587.0,32.5,136.3,18.1
2026-06-23 18:50:00,573.7,59.9,85.7,27.9
2026-06-23 18:55:00,477.6,52.2,117.8,48.6
2026-06-23 19:00:00,604.1,69.4,112.5,34.4
2026-06-23 19:05:00,489.9,65.4,148.3,30.8
2026-06-23 19:10:00,607.6,106.2,136.3,52.1
2026-06-23 19:15:00,592.2,95.9,90.5,34.1
2026-06-23 19:20:00,596.9,72.9,171.2,29.9
2026-06-23 19:25:00,690.3,61.8,119.9,22.8
2026-06-23 19:30:00,613.4,84.0,138.3,21.3
2026-06-23 19:35:00,596.6,55.0,116.2,15.5
2026-06-23 19:40:00,718.8,86.0,98.9,24.4
2026-06-23 19:45:00,520.8,69.7,107.5,20.5
2026-06-23 19:50:00,609.2,58.9,74.3,23.8
2026-06-23 19:55:00,535.0,66.1,71.6,27.0
2026-06-23 20:00:00,627.0,49.6,113.4,20.6
2026-06-23 20:05:00,665.3,102.1,103.4,32.6
2026-06-23 20:10:00,514.6,83.2,112.8,23.5
2026-06-23 20:15:00,699.8,80.9,97.0,21.2
2026-06-23 20:20:00,583.5,55.1,177.1,31.0
2026-06-23 20:25:00,659.7,70.0,128.6,25.9
2026-06-23 20:30:00,514.1,53.3,121.3,16.2
2026-06-23 20:35:00,538.0,77.9,153.3,13.1
2026-06-23 20:40:00,783.2,67.7,174.5,21.8
2026-06-23 20:45:00,464.0,81.8,87.8,37.8
2026-06-23 20:50:00,619.6,110.5,129.0,29.1
2026-06-23 20:55:00,523.9,60.6,110.0,29.9
2026-06-23 21:00:00,552.3,74.9,134.6,23.4
2026-06-23 21:05:00,584.1,62.5,124.6,27.9
2026-06-23 21:10:00,612.6,92.5,98.9,31.6
2026-06-23 21:15:00,674.4,81.7,145.0,23.7
2026-06-23 21:20:00,601.6,55.0,118.4,13.9
2026-06-23 21:25:00,685.7,82.6,128.9,18.6
2026-06-23 21:30:00,606.7,72.1,141.3,18.6
2026-06-23 21:35:00,653.4,92.9,141.1,45.0
2026-06-23 21:40:00,667.0,76.7,106.7,27.5
2026-06-23 21:45:00,501.1,67.7,112.7,23.1
2026-06-23 21:50:00,658.1,128.0,111.9,14.2
2026-06-23 21:55:00,688.0,84.5,91.9,31.5
2026-06-23 22:00:00,672.1,48.6,117.0,28.7
2026-06-23 22:05:00,551.6,78.6,131.7,26.1
2026-06-23 22:10:00,682.6,50.8,95.3,28.7
2026-06-23 22:15:00,635.4,85.8,122.4,15.9
2026-06-23 22:20:00,653.7,59.7,143.9,25.0
2026-06-23 22:25:00,579.8,79.6,147.4,25.9
2026-06-23 22:30:00,604.9,63.3,76.8,31.2
2026-06-23 22:35:00,711.2,87.4,55.2,32.9
2026-06-23 22:40:00,549.7,35.1,116.8,5.0
2026-06-23 22:45:00,574.5,70.9,109.4,23.2
2026-06-23 22:50:00,573.2,18.9,88.8,32.2
2026-06-23 22:55:00,617.6,120.5,113.2,38.5
2026-06-23 23:00:00,601.4,77.1,103.8,16.7
2026-06-23 23:05:00,635.1,61.7,99.1,24.5
2026-06-23 23:10:00,544.9,40.6,100.0,30.3
2026-06-23 23:15:00,610.3,86.7,120.4,29.9
2026-06-23 23:20:00,641.0,88.3,64.0,15.1
2026-06-23 23:25:00,538.4,69.8,115.9,16.2
2026-06-23 23:30:00,548.7,90.3,191.5,8.0
2026-06-23 23:35:00,682.8,61.4,140.6,21.4
2026-06-23 23:40:00,553.0,64.6,109.2,18.3
2026-06-23 23:45:00,443.9,95.7,147.0,7.9
2026-06-23 23:50:00,617.5,49.3,155.8,28.5
2026-06-23 23:55:00,634.3,79.1,127.3,22.8
2026-06-24 00:00:00,581.2,77.6,90.5,29.7
2026-06-24 00:05:00,649.3,70.0,99.8,28.0
2026-06-24 00:10:00,732.2,122.7,97.6,31.6
2026-06-24 00:15:00,686.6,108.5,80.0,22.5
2026-06-24 00:20:00,591.4,98.8,145.6,24.9
2026-06-24 00:25:00,582.4,84.4,172.5,23.5
2026-06-24 00:30:00,514.6,106.9,121.1,32.6
2026-06-24 00:35:00,618.2,56.2,102.6,30.7
2026-06-24 00:40:00,601.6,72.6,137.2,28.9
2026-06-24 00:45:00,581.7,69.5,149.1,14.2
2026-06-24 00:50:00,488.7,93.5,102.6,41.0
2026-06-24 00:55:00,588.8,103.8,126.6,21.2
2026-06-24 01:00:00,636.4,97.3,77.0,22.6
2026-06-24 01:05:00,448.8,85.7,123.2,38.4
2026-06-24 01:10:00,595.3,91.3,95.0,25.8
2026-06-24 01:15:00,593.2,79.3,127.5,22.0
2026-06-24 01:20:00,597.6,104.1,106.3,30.8
2026-06-24 01:25:00,617.2,54.0,120.3,16.9
2026-06-24 01:30:00,653.4,77.0,173.9,11.4
2026-06-24 01:35:00,496.4,39.2,122.5,19.1
2026-06-24 01:40:00,546.7,96.6,132.0,39.1
2026-06-24 01:45:00,593.6,79.2,115.8,18.0
2026-06-24 01:50:00,655.4,104.7,76.0,22.1
2026-06-24 01:55:00,555.4,51.9,104.1,26.4
2026-06-24 02:00:00,528.2,94.0,106.4,29.6
2026-06-24 02:05:00,445.4,86.4,134.5,27.9
2026-06-24 02:10:00,540.8,57.1,129.6,17.7
2026-06-24 02:15:00,664.6,96.8,128.0,37.5
2026-06-24 02:20:00,597.1,60.0,142.4,24.1
2026-06-24 02:25:00,462.6,114.7,91.1,34.4
2026-06-24 02:30:00,579.4,97.1,171.2,15.8
2026-06-24 02:35:00,642.0,60.8,78.0,28.6
2026-06-24 02:40:00,601.5,125.6,86.9,29.8
2026-06-24 02:45:00,557.8,100.7,129.3,18.8
2026-06-24 02:50:00,638.1,129.3,92.8,30.8
2026-06-24 02:55:00,455.5,115.7,121.2,13.7
2026-06-24 03:00:00,576.0,75.4,101.9,16.8
2026-06-24 03:05:00,579.0,104.7,132.7,30.6
2026-06-24 03:10:00,570.2,66.6,119.1,13.2
2026-06-24 03:15:00,562.9,123.3,105.6,30.7
2026-06-24 03:20:00,656.9,62.1,119.4,16.4
2026-06-24 03:25:00,522.2,76.3,170.6,31.1
2026-06-24 03:30:00,512.7,71.6,117.9,10.9
2026-06-24 03:35:00,665.9,71.8,85.2,22.5
2026-06-24 03:40:00,548.6,71.6,74.6,29.2
2026-06-24 03:45:00,554.0,76.8,103.1,40.0
2026-06-24 03:50:00,515.1,85.4,126.1,18.7
2026-06-24 03:55:00,606.5,75.8,156.4,10.5
2026-06-24 04:00:00,659.1,103.0,142.2,15.8
2026-06-24 04:05:00,615.5,57.5,100.5,29.9
2026-06-24 04:10:00,599.0,72.0,86.6,40.6
2026-06-24 04:15:00,643.9,62.9,114.8,19.6
2026-06-24 04:20:00,660.5,66.8,117.2,32.7
2026-06-24 04:25:00,569.8,96.8,109.9,25.7
2026-06-24 04:30:00,696.4,64.7,136.0,28.6
2026-06-24 04:35:00,569.1,57.9,96.4,23.2
2026-06-24 04:40:00,607.5,84.8,115.4,16.4
2026-06-24 04:45:00,597.1,88.7,127.2,35.3
2026-06-24 04:50:00,541.0,76.3,80.8,21.4
2026-06-24 04:55:00,616.4,101.2,128.0,18.8
2026-06-24 05:00:00,623.5,93.9,144.1,26.6
2026-06-24 05:05:00,480.6,86.4,139.2,24.0
2026-06-24 05:10:00,497.4,85.9,119.3,41.4
2026-06-24 05:15:00,703.3,89.6,92.4,25.8
2026-06-24 05:20:00,541.5,50.7,98.2,25.1
2026-06-24 05:25:00,604.3,82.5,114.7,33.2
2026-06-24 05:30:00,550.1,75.9,123.8,25.3
2026-06-24 05:35:00,539.0,45.8,95.2,30.2
2026-06-24 05:40:00,692.2,56.6,128.6,27.8
2026-06-24 05:45:00,678.2,122.4,104.2,32.9
2026-06-24 05:50:00,569.7,103.6,111.6,33.5
2026-06-24 05:55:00,582.7,54.8,136.4,18.0
2026-06-24 06:00:00,630.2,84.6,58.3,16.3
2026-06-24 06:05:00,506.4,84.6,118.9,15.7
2026-06-24 06:10:00,648.1,66.9,114.2,28.1
2026-06-24 06:15:00,527.8,79.6,93.5,36.7
2026-06-24 06:20:00,588.0,73.9,166.8,10.9
2026-06-24 06:25:00,538.4,73.4,93.5,39.9
2026-06-24 06:30:00,539.6,72.4,139.6,32.1
2026-06-24 06:35:00,625.4,68.8,137.2,15.5
2026-06-24 06:40:00,612.7,87.5,129.4,22.1
2026-06-24 06:45:00,591.5,83.7,92.2,17.6
2026-06-24 06:50:00,550.5,45.7,138.3,34.9
2026-06-24 06:55:00,758.3,117.5,102.1,31.0
2026-06-24 07:00:00,558.1,88.0,64.1,22.3
2026-06-24 07:05:00,549.1,74.1,117.6,24.8
2026-06-24 07:10:00,567.6,81.8,123.3,31.4
2026-06-24 07:15:00,560.6,76.0,138.8,22.9
2026-06-24 07:20:00,573.8,133.5,101.6,18.4
2026-06-24 07:25:00,540.0,123.8,165.7,24.1
2026-06-24 07:30:00,659.3,116.6,119.2,27.5
2026-06-24 07:35:00,566.8,97.5,143.5,16.6
2026-06-24 07:40:00,613.0,67.8,137.5,22.6
2026-06-24 07:45:00,639.3,52.3,132.1,24.6
2026-06-24 07:50:00,597.9,99.4,149.8,25.2
2026-06-24 07:55:00,676.3,57.4,113.9,35.1
2026-06-24 08:00:00,586.7,91.4,134.3,29.5
2026-06-24 08:05:00,614.6,88.3,118.0,28.9
2026-06-24 08:10:00,713.1,80.0,117.8,16.1
2026-06-24 08:15:00,499.4,103.2,103.8,21.1
2026-06-24 08:20:00,747.2,58.4,118.2,27.2
2026-06-24 08:25:00,581.8,87.6,154.0,24.4
2026-06-24 08:30:00,568.2,76.4,136.8,31.9
2026-06-24 08:35:00,658.5,102.3,130.7,30.3
2026-06-24 08:40:00,589.1,84.9,104.9,8.5
2026-06-24 08:45:00,652.4,83.5,104.4,26.9
2026-06-24 08:50:00,532.2,82.5,101.2,28.9
2026-06-24 08:55:00,723.2,60.9,152.5,8.5
2026-06-24 09:00:00,617.1,73.1,141.5,27.8
2026-06-24 09:05:00,609.5,72.7,81.6,47.0
2026-06-24 09:10:00,506.0,53.0,144.1,20.9
2026-06-24 09:15:00,632.9,66.3,150.3,21.2
2026-06-24 09:20:00,605.0,94.5,125.8,26.8
2026-06-24 09:25:00,575.9,66.6,160.1,33.3
2026-06-24 09:30:00,665.2,81.2,93.8,32.3
2026-06-24 09:35:00,614.6,113.4,125.6,18.5
2026-06-24 09:40:00,599.4,56.8,154.8,27.6
2026-06-24 09:45:00,546.3,71.0,136.4,22.0
2026-06-24 09:50:00,588.0,59.7,167.2,20.3
2026-06-24 09:55:00,572.6,50.2,104.0,31.9
2026-06-24 10:00:00,662.9,34.6,96.1,44.4
2026-06-24 10:05:00,690.4,77.6,103.8,23.3
2026-06-24 10:10:00,505.0,84.1,113.2,20.2
2026-06-24 10:15:00,637.8,86.3,175.0,16.3
2026-06-24 10:20:00,630.7,99.5,103.9,34.0
2026-06-24 10:25:00,553.0,75.5,113.7,42.4
2026-06-24 10:30:00,533.3,101.9,90.5,13.0
2026-06-24 10:35:00,720.3,101.8,104.6,22.3
2026-06-24 10:40:00,629.4,64.2,123.9,7.4
2026-06-24 10:45:00,555.4,39.2,64.5,30.1
2026-06-24 10:50:00,529.8,74.4,115.1,19.7
2026-06-24 10:55:00,433.7,135.3,97.6,17.2
2026-06-24 11:00:00,574.1,89.1,125.6,20.0
2026-06-24 11:05:00,711.4,99.5,148.5,14.2
2026-06-24 11:10:00,702.1,83.4,109.1,34.7
2026-06-24 11:15:00,443.1,50.7,123.5,31.4
2026-06-24 11:20:00,568.4,61.2,107.7,35.8
2026-06-24 11:25:00,647.3,75.8,144.0,20.8
2026-06-24 11:30:00,677.8,119.2,113.7,28.0
2026-06-24 11:35:00,657.0,61.2,146.1,28.5
2026-06-24 11:40:00,579.4,111.3,125.5,29.0
2026-06-24 11:45:00,620.5,107.7,159.6,21.2
2026-06-24 11:50:00,500.8,47.9,132.7,29.7
2026-06-24 11:55:00,569.0,97.2,122.1,32.0
2026-06-24 12:00:00,729.2,71.6,143.7,26.9
2026-06-24 12:05:00,682.4,108.5,163.0,26.9
2026-06-24 12:10:00,561.6,94.8,159.5,39.4
2026-06-24 12:15:00,651.5,94.8,178.8,31.2
2026-06-24 12:20:00,590.4,64.1,117.6,18.6
2026-06-24 12:25:00,580.5,84.0,127.0,22.4
2026-06-24 12:30:00,635.3,55.7,112.4,38.2
2026-06-24 12:35:00,626.8,100.9,97.6,46.3
2026-06-24 12:40:00,550.2,82.7,134.7,20.4
2026-06-24 12:45:00,668.1,79.1,58.3,29.4
2026-06-24 12:50:00,584.9,53.7,129.9,28.2
2026-06-24 12:55:00,531.7,58.3,154.4,28.8
2026-06-24 13:00:00,550.1,73.6,140.7,18.5
2026-06-24 13:05:00,468.9,67.1,139.2,29.6
2026-06-24 13:10:00,548.3,84.1,74.2,18.6
2026-06-24 13:15:00,533.9,65.5,161.5,10.9
2026-06-24 13:20:00,580.4,82.1,110.5,31.7
2026-06-24 13:25:00,638.0,59.1,134.0,39.7
2026-06-24 13:30:00,718.6,42.8,109.1,21.8
2026-06-24 13:35:00,670.6,60.3,115.6,25.1
2026-06-24 13:40:00,611.0,87.5,139.9,17.7
2026-06-24 13:45:00,569.8,91.7,150.8,26.5
2026-06-24 13:50:00,671.3,86.9,114.1,24.0
2026-06-24 13:55:00,535.8,108.7,124.3,18.2
2026-06-24 14:00:00,533.7,71.8,91.7,20.2
2026-06-24 14:05:00,616.8,73.9,146.6,9.1
2026-06-24 14:10:00,502.8,109.9,66.8,11.3
2026-06-24 14:15:00,681.7,80.3,84.5,9.2
2026-06-24 14:20:00,746.7,71.7,61.6,19.4
2026-06-24 14:25:00,586.4,63.1,112.3,22.5
2026-06-24 14:30:00,519.2,50.3,116.9,27.8
2026-06-24 14:35:00,642.1,94.1,129.4,32.8
2026-06-24 14:40:00,550.8,91.7,146.7,13.4
2026-06-24 14:45:00,581.1,77.6,111.5,33.0
2026-06-24 14:50:00,650.7,86.6,131.8,22.4
2026-06-24 14:55:00,615.1,72.4,83.8,30.2
2026-06-24 15:00:00,723.7,15.8,134.7,30.2
2026-06-24 15:05:00,617.9,57.2,110.5,26.9
2026-06-24 15:10:00,654.5,121.0,111.5,28.2
2026-06-24 15:15:00,544.4,100.4,118.9,30.6
2026-06-24 15:20:00,629.9,117.6,101.4,45.2
2026-06-24 15:25:00,694.8,87.7,115.2,47.5
2026-06-24 15:30:00,735.9,108.0,152.2,22.3
2026-06-24 15:35:00,702.8,50.9,149.3,36.4
2026-06-24 15:40:00,616.7,30.7,125.0,25.5
2026-06-24 15:45:00,634.1,99.3,113.6,30.0
2026-06-24 15:50:00,649.8,86.9,102.2,19.4
2026-06-24 15:55:00,391.1,76.6,95.1,34.5
2026-06-24 16:00:00,579.3,68.9,149.3,29.8
2026-06-24 16:05:00,670.6,115.6,119.8,34.8
2026-06-24 16:10:00,581.7,63.4,72.5,19.6
2026-06-24 16:15:00,549.3,108.7,87.1,5.0
2026-06-24 16:20:00,625.6,84.0,94.4,41.2
2026-06-24 16:25:00,510.1,53.6,46.0,19.7
2026-06-24 16:30:00,680.1,74.2,101.5,24.2
2026-06-24 16:35:00,603.3,74.3,63.6,40.1
2026-06-24 16:40:00,568.7,78.3,126.7,16.9
2026-06-24 16:45:00,555.8,79.4,119.7,29.6
2026-06-24 16:50:00,654.2,38.3,144.7,41.7
2026-06-24 16:55:00,699.9,80.2,129.1,27.5
2026-06-24 17:00:00,574.0,76.0,185.6,42.0
2026-06-24 17:05:00,585.1,107.7,111.2,25.8
2026-06-24 17:10:00,659.9,122.6,105.4,33.5
2026-06-24 17:15:00,619.3,76.0,147.1,24.0
2026-06-24 17:20:00,606.8,90.4,126.3,18.9
2026-06-24 17:25:00,677.6,112.2,120.8,26.7
2026-06-24 17:30:00,673.5,80.5,145.0,7.0
2026-06-24 17:35:00,559.9,92.6,146.8,17.4
2026-06-24 17:40:00,629.6,70.4,74.6,23.6
2026-06-24 17:45:00,730.8,40.0,116.4,28.0
2026-06-24 17:50:00,750.6,94.2,131.2,39.1
2026-06-24 17:55:00,519.5,52.8,54.9,22.8
2026-06-24 18:00:00,688.5,63.2,100.0,19.1
2026-06-24 18:05:00,611.9,103.3,132.7,27.3
2026-06-24 18:10:00,685.7,61.0,144.6,19.8
2026-06-24 18:15:00,751.2,90.0,111.0,11.9
2026-06-24 18:20:00,615.2,119.3,92.7,19.6
2026-06-24 18:25:00,539.7,51.1,122.5,16.2
2026-06-24 18:30:00,533.9,90.0,116.6,31.1
2026-06-24 18:35:00,643.9,52.6,104.6,19.2
2026-06-24 18:40:00,505.6,95.6,83.8,31.1
2026-06-24 18:45:00,642.5,131.6,108.0,19.5
2026-06-24 18:50:00,611.8,96.2,80.5,27.6
2026-06-24 18:55:00,639.2,90.5,101.3,29.6
2026-06-24 19:00:00,504.6,90.7,118.1,19.6
2026-06-24 19:05:00,696.9,110.1,103.4,17.0
2026-06-24 19:10:00,535.2,93.0,167.5,31.1
2026-06-24 19:15:00,530.0,55.3,116.2,18.1
2026-06-24 19:20:00,593.1,56.8,142.6,13.5
2026-06-24 19:25:00,541.6,39.8,122.8,18.2
2026-06-24 19:30:00,521.9,83.3,90.1,19.6
2026-06-24 19:35:00,555.3,80.9,104.0,33.6
2026-06-24 19:40:00,477.0,95.4,115.7,9.6
2026-06-24 19:45:00,633.4,93.6,103.7,36.7
2026-06-24 19:50:00,613.1,97.2,119.4,18.6
2026-06-24 19:55:00,760.7,76.2,103.6,27.0
2026-06-24 20:00:00,695.0,104.1,122.3,31.5
2026-06-24 20:05:00,540.3,39.1,144.0,23.1
2026-06-24 20:10:00,535.5,81.4,140.5,17.2
2026-06-24 20:15:00,622.9,82.5,128.4,39.1
2026-06-24 20:20:00,699.6,74.4,123.8,22.8
2026-06-24 20:25:00,556.6,62.1,92.7,21.8
2026-06-24 20:30:00,604.8,105.2,147.6,41.1
2026-06-24 20:35:00,703.1,34.9,75.0,21.4
2026-06-24 20:40:00,540.0,105.1,111.4,8.2
2026-06-24 20:45:00,494.7,60.7,97.4,37.8
2026-06-24 20:50:00,662.5,38.0,135.1,16.3
2026-06-24 20:55:00,639.2,81.7,163.0,40.7
2026-06-24 21:00:00,455.4,81.1,111.2,26.6
2026-06-24 21:05:00,656.9,105.6,160.8,24.5
2026-06-24 21:10:00,575.6,84.8,107.4,14.5
2026-06-24 21:15:00,704.0,96.2,104.6,29.5
2026-06-24 21:20:00,663.6,109.3,103.1,16.8
2026-06-24 21:25:00,573.2,88.8,150.6,29.4
2026-06-24 21:30:00,560.5,50.1,149.4,25.9
2026-06-24 21:35:00,550.4,90.2,111.8,35.6
2026-06-24 21:40:00,428.2,105.8,135.4,18.1
2026-06-24 21:45:00,747.7,66.9,106.2,14.7
2026-06-24 21:50:00,726.1,79.2,147.1,20.1
2026-06-24 21:55:00,663.4,52.2,107.8,27.8
2026-06-24 22:00:00,659.0,97.9,143.1,36.6
2026-06-24 22:05:00,611.1,49.2,139.6,21.2
2026-06-24 22:10:00,655.7,80.0,131.6,23.3
2026-06-24 22:15:00,669.2,104.6,65.4,26.2
2026-06-24 22:20:00,524.1,89.4,139.2,18.0
2026-06-24 22:25:00,755.4,79.2,150.2,14.5
2026-06-24 22:30:00,649.7,99.4,125.9,24.4
2026-06-24 22:35:00,611.4,86.3,142.9,31.8
2026-06-24 22:40:00,562.2,108.8,118.6,22.5
2026-06-24 22:45:00,550.4,68.7,100.4,32.0
2026-06-24 22:50:00,609.4,109.2,117.6,12.3
2026-06-24 22:55:00,525.0,82.6,158.9,24.3
2026-06-24 23:00:00,787.6,89.5,129.7,7.6
2026-06-24 23:05:00,579.1,85.8,101.9,27.7
2026-06-24 23:10:00,633.4,115.6,142.7,17.4
2026-06-24 23:15:00,612.3,69.7,139.9,31.3
2026-06-24 23:20:00,679.5,87.2,152.6,5.0
2026-06-24 23:25:00,624.4,57.4,92.5,33.4
2026-06-24 23:30:00,531.5,74.9,102.7,13.2
2026-06-24 23:35:00,610.9,88.3,156.2,20.4
2026-06-24 23:40:00,688.4,51.1,114.1,17.4
2026-06-24 23:45:00,535.5,105.3,53.4,30.8
2026-06-24 23:50:00,594.6,103.1,81.2,26.8
2026-06-24 23:55:00,577.3,74.4,141.8,31.6
2026-06-25 00:00:00,618.8,70.1,107.6,28.1
2026-06-25 00:05:00,579.8,93.0,103.5,21.1
2026-06-25 00:10:00,504.1,84.9,161.3,17.1
2026-06-25 00:15:00,618.0,43.7,125.8,29.6
2026-06-25 00:20:00,642.9,54.0,146.7,29.2
2026-06-25 00:25:00,680.8,74.9,125.4,19.4
2026-06-25 00:30:00,557.0,111.8,110.0,17.2
2026-06-25 00:35:00,663.6,97.2,79.1,27.5
2026-06-25 00:40:00,645.4,136.8,108.3,35.4
2026-06-25 00:45:00,563.9,73.1,111.0,25.1
2026-06-25 00:50:00,511.2,37.1,91.2,23.1
2026-06-25 00:55:00,527.1,125.0,138.3,22.8
2026-06-25 01:00:00,675.7,70.8,101.2,13.4
2026-06-25 01:05:00,580.7,54.4,122.9,34.4
2026-06-25 01:10:00,670.8,102.8,107.3,23.2
2026-06-25 01:15:00,640.9,104.6,98.1,18.0
2026-06-25 01:20:00,599.2,110.2,83.5,11.5
2026-06-25 01:25:00,539.5,87.4,104.4,31.1
2026-06-25 01:30:00,610.5,44.2,114.2,31.6
2026-06-25 01:35:00,593.0,77.4,123.0,26.3
2026-06-25 01:40:00,625.2,104.1,108.9,29.9
2026-06-25 01:45:00,548.5,86.7,121.3,23.9
2026-06-25 01:50:00,706.1,77.9,126.1,15.4
2026-06-25 01:55:00,547.9,108.2,139.1,35.2
2026-06-25 02:00:00,614.5,106.3,148.7,31.9
2026-06-25 02:05:00,548.6,68.4,146.3,17.9
2026-06-25 02:10:00,641.8,102.1,95.2,32.3
2026-06-25 02:15:00,509.4,78.5,122.4,34.0
2026-06-25 02:20:00,648.5,82.7,158.3,25.8
2026-06-25 02:25:00,647.7,91.8,107.6,21.2
2026-06-25 02:30:00,589.4,74.9,153.2,28.4
2026-06-25 02:35:00,595.8,65.4,128.1,25.7
2026-06-25 02:40:00,570.7,68.3,84.0,20.1
2026-06-25 02:45:00,503.8,92.9,169.3,34.8
2026-06-25 02:50:00,591.8,61.1,140.8,31.6
2026-06-25 02:55:00,610.8,52.8,130.1,27.3
2026-06-25 03:00:00,552.6,74.6,129.8,22.8
2026-06-25 03:05:00,449.5,68.2,127.3,35.4
2026-06-25 03:10:00,442.1,114.5,107.5,19.9
2026-06-25 03:15:00,590.3,100.8,137.9,29.2
2026-06-25 03:20:00,573.3,52.2,110.9,20.3
2026-06-25 03:25:00,670.0,84.7,93.0,36.8
2026-06-25 03:30:00,610.8,88.1,100.7,21.3
2026-06-25 03:35:00,591.0,71.1,77.4,22.5
2026-06-25 03:40:00,520.1,109.1,114.0,23.3
2026-06-25 03:45:00,703.2,57.6,92.9,18.1
2026-06-25 03:50:00,599.2,72.0,104.5,39.9
2026-06-25 03:55:00,537.0,84.8,83.6,30.2
2026-06-25 04:00:00,538.5,62.0,80.7,25.9
2026-06-25 04:05:00,695.8,69.2,168.9,20.7
2026-06-25 04:10:00,570.1,41.7,122.4,29.5
2026-06-25 04:15:00,471.6,107.8,112.0,16.3
2026-06-25 04:20:00,690.5,99.6,104.3,14.6
2026-06-25 04:25:00,601.0,43.9,128.6,18.8
2026-06-25 04:30:00,584.6,106.9,120.8,31.4
2026-06-25 04:35:00,561.8,101.0,112.6,31.9
2026-06-25 04:40:00,521.9,73.6,129.7,25.8
2026-06-25 04:45:00,656.3,85.1,134.4,23.3
2026-06-25 04:50:00,660.7,60.4,65.1,24.7
2026-06-25 04:55:00,588.1,74.2,120.7,30.4
2026-06-25 05:00:00,526.8,55.9,129.7,8.5
2026-06-25 05:05:00,614.9,82.5,113.9,28.3
2026-06-25 05:10:00,705.9,56.8,82.6,31.1
2026-06-25 05:15:00,525.5,88.1,111.1,31.1
2026-06-25 05:20:00,603.4,80.8,117.2,27.5
2026-06-25 05:25:00,601.6,85.2,125.6,29.5
2026-06-25 05:30:00,586.3,66.8,142.2,37.7
2026-06-25 05:35:00,606.4,95.8,144.3,19.8
2026-06-25 05:40:00,531.2,98.4,113.8,24.6
2026-06-25 05:45:00,604.1,102.4,128.9,23.5
2026-06-25 05:50:00,521.1,87.6,117.2,34.4
2026-06-25 05:55:00,641.9,72.7,142.5,22.4
2026-06-25 06:00:00,672.4,94.0,139.3,18.0
2026-06-25 06:05:00,602.5,81.7,136.8,19.4
2026-06-25 06:10:00,528.9,75.4,115.5,12.8
2026-06-25 06:15:00,574.8,78.6,150.5,23.3
2026-06-25 06:20:00,615.4,110.7,134.4,24.2
2026-06-25 06:25:00,637.4,87.0,110.3,14.6
2026-06-25 06:30:00,689.8,63.6,122.9,20.2
2026-06-25 06:35:00,571.6,71.7,103.0,22.1
2026-06-25 06:40:00,524.6,80.7,131.6,31.9
2026-06-25 06:45:00,478.0,81.1,128.2,18.2
2026-06-25 06:50:00,681.4,107.4,117.7,15.8
2026-06-25 06:55:00,591.3,81.6,94.1,22.5
2026-06-25 07:00:00,643.7,98.7,134.6,31.0
2026-06-25 07:05:00,616.3,66.4,126.9,23.4
2026-06-25 07:10:00,495.0,80.0,87.2,28.7
2026-06-25 07:15:00,598.8,90.2,136.4,19.1
2026-06-25 07:20:00,631.7,48.4,113.4,27.7
2026-06-25 07:25:00,662.0,86.9,93.9,29.3
2026-06-25 07:30:00,524.3,60.7,133.3,17.7
2026-06-25 07:35:00,499.7,35.9,98.4,18.9
2026-06-25 07:40:00,721.5,77.0,79.4,8.8
2026-06-25 07:45:00,549.7,100.1,124.3,29.0
2026-06-25 07:50:00,677.3,26.5,100.3,18.8
2026-06-25 07:55:00,631.9,71.3,125.8,23.0
2026-06-25 08:00:00,427.8,95.8,156.5,23.6
2026-06-25 08:05:00,597.4,34.8,148.4,28.9
2026-06-25 08:10:00,651.8,94.2,112.2,20.4
2026-06-25 08:15:00,591.3,42.8,116.9,23.7
2026-06-25 08:20:00,639.8,109.0,72.8,34.7
2026-06-25 08:25:00,617.8,67.6,95.0,37.6
2026-06-25 08:30:00,499.8,40.0,146.3,29.4
2026-06-25 08:35:00,692.0,106.5,147.4,34.9
2026-06-25 08:40:00,563.6,82.0,167.7,27.7
2026-06-25 08:45:00,580.6,91.0,99.8,23.4
2026-06-25 08:50:00,560.2,59.6,117.3,30.6
2026-06-25 08:55:00,713.3,99.7,90.5,20.6
2026-06-25 09:00:00,657.6,82.3,120.6,17.3
2026-06-25 09:05:00,624.1,100.0,150.9,18.1
2026-06-25 09:10:00,639.2,74.1,135.0,16.6
2026-06-25 09:15:00,544.6,60.8,107.4,26.9
2026-06-25 09:20:00,557.5,100.9,119.9,25.7
2026-06-25 09:25:00,562.1,109.2,85.1,6.2
2026-06-25 09:30:00,527.4,60.9,99.3,22.9
2026-06-25 09:35:00,596.2,78.8,130.3,31.9
2026-06-25 09:40:00,640.6,94.0,153.9,37.4
2026-06-25 09:45:00,660.1,81.9,120.6,33.0
2026-06-25 09:50:00,602.1,97.4,163.9,13.8
2026-06-25 09:55:00,607.2,49.2,155.5,26.8
2026-06-25 10:00:00,523.3,113.9,142.7,23.8
2026-06-25 10:05:00,613.8,113.7,121.8,35.6
2026-06-25 10:10:00,619.9,76.9,118.5,14.5
2026-06-25 10:15:00,541.0,94.3,91.6,28.1
2026-06-25 10:20:00,734.7,53.2,112.9,35.3
2026-06-25 10:25:00,469.4,112.0,71.2,9.8
2026-06-25 10:30:00,587.8,72.6,98.2,22.1
2026-06-25 10:35:00,631.4,80.8,128.0,16.2
2026-06-25 10:40:00,609.1,67.6,121.2,30.3
2026-06-25 10:45:00,642.6,61.6,161.3,27.3
2026-06-25 10:50:00,550.1,116.8,84.3,31.8
2026-06-25 10:55:00,534.5,109.8,168.9,18.6
2026-06-25 11:00:00,542.8,63.7,126.6,23.2
2026-06-25 11:05:00,560.8,87.2,136.4,22.9
2026-06-25 11:10:00,561.1,104.0,159.1,27.6
2026-06-25 11:15:00,542.9,69.6,136.6,27.2
2026-06-25 11:20:00,643.4,63.9,49.4,15.0
2026-06-25 11:25:00,554.1,68.5,171.5,26.3
2026-06-25 11:30:00,505.7,97.6,107.6,10.1
2026-06-25 11:35:00,537.4,93.2,106.5,29.4
2026-06-25 11:40:00,633.3,86.9,142.6,12.3
2026-06-25 11:45:00,684.8,56.7,96.9,30.1
2026-06-25 11:50:00,758.5,82.9,131.2,19.1
2026-06-25 11:55:00,635.7,111.6,67.7,29.3
2026-06-25 12:00:00,659.7,116.7,118.0,32.5
2026-06-25 12:05:00,507.7,68.1,129.7,17.2
2026-06-25 12:10:00,665.3,36.9,99.2,34.9
2026-06-25 12:15:00,712.8,43.6,96.5,16.6
2026-06-25 12:20:00,621.8,70.8,144.3,26.0
2026-06-25 12:25:00,648.5,69.1,119.6,18.5
2026-06-25 12:30:00,645.5,76.3,102.2,11.4
2026-06-25 12:35:00,686.5,74.5,133.5,27.1
2026-06-25 12:40:00,603.0,81.3,97.8,32.7
2026-06-25 12:45:00,541.7,98.0,73.8,21.7
2026-06-25 12:50:00,588.6,52.8,78.7,31.0
2026-06-25 12:55:00,644.8,78.4,118.4,16.5
2026-06-25 13:00:00,535.5,79.2,112.3,29.6
2026-06-25 13:05:00,461.9,97.5,111.9,5.0
2026-06-25 13:10:00,594.8,48.4,128.5,34.9
2026-06-25 13:15:00,645.6,83.0,68.7,20.4
2026-06-25 13:20:00,587.4,73.7,133.4,15.5
2026-06-25 13:25:00,561.1,62.8,101.3,20.4
2026-06-25 13:30:00,483.0,78.1,121.2,40.1
2026-06-25 13:35:00,492.5,61.4,138.4,28.6
2026-06-25 13:40:00,559.0,66.9,155.5,23.3
2026-06-25 13:45:00,594.3,86.6,96.0,46.0
2026-06-25 13:50:00,675.4,73.1,143.6,30.4
2026-06-25 13:55:00,549.8,107.1,134.2,27.7
2026-06-25 14:00:00,575.6,46.4,115.1,33.9
2026-06-25 14:05:00,601.1,66.0,133.4,34.9
2026-06-25 14:10:00,524.2,77.5,107.4,20.0
2026-06-25 14:15:00,537.0,79.1,92.7,16.4
2026-06-25 14:20:00,557.3,119.5,147.0,17.1
2026-06-25 14:25:00,583.9,100.1,114.1,25.5
2026-06-25 14:30:00,610.5,109.3,164.1,24.4
2026-06-25 14:35:00,581.0,77.3,158.0,20.0
2026-06-25 14:40:00,695.1,80.1,88.7,17.5
2026-06-25 14:45:00,528.3,56.5,161.2,34.9
2026-06-25 14:50:00,533.2,114.5,116.3,20.3
2026-06-25 14:55:00,588.8,69.4,131.7,16.0
2026-06-25 15:00:00,584.0,95.6,128.9,22.2
2026-06-25 15:05:00,772.3,85.2,95.4,17.8
2026-06-25 15:10:00,590.0,63.3,110.3,18.6
2026-06-25 15:15:00,610.0,51.0,150.1,24.9
2026-06-25 15:20:00,646.7,77.4,127.4,29.5
2026-06-25 15:25:00,543.4,47.2,88.0,48.9
2026-06-25 15:30:00,683.1,19.5,144.1,39.1
2026-06-25 15:35:00,653.9,82.7,90.0,14.7
2026-06-25 15:40:00,596.3,81.3,143.7,23.5
2026-06-25 15:45:00,440.3,59.4,158.5,28.8
2026-06-25 15:50:00,684.5,51.7,94.3,28.2
2026-06-25 15:55:00,611.1,142.1,148.1,20.1
2026-06-25 16:00:00,736.3,115.2,144.2,31.7
2026-06-25 16:05:00,640.5,83.8,164.5,17.5
2026-06-25 16:10:00,622.4,71.9,90.0,20.3
2026-06-25 16:15:00,644.4,85.3,87.2,22.3
2026-06-25 16:20:00,591.9,88.4,104.6,19.8
2026-06-25 16:25:00,497.0,91.2,91.4,36.6
2026-06-25 16:30:00,686.3,87.3,187.2,28.7
2026-06-25 16:35:00,608.0,105.4,121.5,29.1
2026-06-25 16:40:00,625.7,71.2,122.1,20.4
2026-06-25 16:45:00,541.0,74.6,160.9,45.8
2026-06-25 16:50:00,540.2,100.3,105.7,14.7
2026-06-25 16:55:00,499.7,87.5,131.8,32.0
2026-06-25 17:00:00,645.9,107.3,81.0,40.6
2026-06-25 17:05:00,730.8,62.3,112.1,28.4
2026-06-25 17:10:00,434.6,93.2,163.4,26.6
2026-06-25 17:15:00,718.6,67.2,152.7,22.4
2026-06-25 17:20:00,580.6,77.2,131.9,30.1
2026-06-25 17:25:00,534.9,84.2,116.2,24.7
2026-06-25 17:30:00,575.4,84.5,121.7,38.2
2026-06-25 17:35:00,598.2,92.4,131.3,20.5
2026-06-25 17:40:00,589.3,92.1,72.8,19.2
2026-06-25 17:45:00,532.7,66.3,161.9,17.4
2026-06-25 17:50:00,666.6,65.9,81.1,37.6
2026-06-25 17:55:00,635.1,105.8,90.7,29.1
2026-06-25 18:00:00,596.3,127.3,69.9,36.3
2026-06-25 18:05:00,626.2,99.1,137.6,22.5
2026-06-25 18:10:00,646.8,67.4,168.9,13.7
2026-06-25 18:15:00,623.7,83.1,87.6,33.5
2026-06-25 18:20:00,652.9,89.5,105.2,32.2
2026-06-25 18:25:00,620.7,72.8,106.3,19.5
2026-06-25 18:30:00,554.6,85.1,100.6,17.2
2026-06-25 18:35:00,519.3,72.9,116.2,19.5
2026-06-25 18:40:00,670.8,71.1,115.8,23.2
2026-06-25 18:45:00,619.6,105.2,142.0,25.9
2026-06-25 18:50:00,620.5,58.0,119.5,28.9
2026-06-25 18:55:00,584.3,110.9,83.8,21.8
2026-06-25 19:00:00,575.3,42.9,152.8,41.5
2026-06-25 19:05:00,620.9,104.0,155.4,41.3
2026-06-25 19:10:00,667.1,128.5,106.6,27.4
2026-06-25 19:15:00,651.6,75.0,142.3,27.7
2026-06-25 19:20:00,563.3,46.9,149.2,20.2
2026-06-25 19:25:00,562.4,119.0,118.7,34.5
2026-06-25 19:30:00,498.9,67.4,108.8,26.7
2026-06-25 19:35:00,705.0,72.1,158.1,13.9
2026-06-25 19:40:00,634.8,72.0,118.5,20.2
2026-06-25 19:45:00,593.0,92.1,149.5,25.6
2026-06-25 19:50:00,683.3,108.1,181.5,33.9
2026-06-25 19:55:00,563.1,83.2,141.8,5.9
2026-06-25 20:00:00,545.9,89.2,84.1,28.0
2026-06-25 20:05:00,492.7,87.2,98.5,24.9
2026-06-25 20:10:00,598.7,75.6,97.5,20.9
2026-06-25 20:15:00,760.5,72.1,131.7,21.6
2026-06-25 20:20:00,468.7,106.9,69.7,33.1
2026-06-25 20:25:00,551.0,82.8,120.2,25.0
2026-06-25 20:30:00,709.4,55.5,102.0,5.4
2026-06-25 20:35:00,534.0,87.9,64.0,24.5
2026-06-25 20:40:00,623.0,52.6,118.7,29.4
2026-06-25 20:45:00,684.9,44.9,83.9,19.7
2026-06-25 20:50:00,546.5,83.3,98.0,11.0
2026-06-25 20:55:00,530.6,79.6,139.5,34.5
2026-06-25 21:00:00,572.5,85.6,114.7,21.3
2026-06-25 21:05:00,531.8,62.6,148.3,26.8
2026-06-25 21:10:00,684.2,83.8,140.9,9.5
2026-06-25 21:15:00,639.6,115.8,148.4,34.5
2026-06-25 21:20:00,537.4,86.4,151.5,14.9
2026-06-25 21:25:00,621.4,135.6,110.6,35.7
2026-06-25 21:30:00,637.6,79.4,113.6,19.9
2026-06-25 21:35:00,668.3,87.1,94.2,28.2
2026-06-25 21:40:00,499.9,82.0,129.0,31.8
2026-06-25 21:45:00,707.1,21.7,122.1,15.0
2026-06-25 21:50:00,560.9,79.0,92.6,29.6
2026-06-25 21:55:00,537.5,67.0,122.8,30.4
2026-06-25 22:00:00,647.6,96.9,143.2,10.3
2026-06-25 22:05:00,622.0,66.3,111.2,21.2
2026-06-25 22:10:00,569.0,64.5,123.0,13.6
2026-06-25 22:15:00,705.2,68.5,128.7,8.1
2026-06-25 22:20:00,539.4,61.5,133.8,23.2
2026-06-25 22:25:00,502.3,65.1,134.1,22.6
2026-06-25 22:30:00,578.0,79.4,110.5,19.4
2026-06-25 22:35:00,636.0,109.6,64.2,18.0
2026-06-25 22:40:00,550.3,76.5,104.2,11.9
2026-06-25 22:45:00,527.3,116.9,108.3,25.0
2026-06-25 22:50:00,522.3,111.8,153.9,29.8
2026-06-25 22:55:00,574.6,69.4,91.3,27.9
2026-06-25 23:00:00,535.8,88.5,156.9,11.7
2026-06-25 23:05:00,568.5,71.5,133.7,31.0
2026-06-25 23:10:00,637.2,75.3,139.9,33.3
2026-06-25 23:15:00,544.1,84.6,102.2,44.0
2026-06-25 23:20:00,587.7,69.0,94.0,19.1
2026-06-25 23:25:00,642.7,93.5,161.6,30.1
2026-06-25 23:30:00,701.9,76.7,95.8,37.8
2026-06-25 23:35:00,694.9,85.3,96.4,29.8
2026-06-25 23:40:00,613.7,72.3,86.3,49.4
2026-06-25 23:45:00,634.7,118.1,85.4,22.9
2026-06-25 23:50:00,616.9,87.4,123.4,21.3
2026-06-25 23:55:00,592.1,47.5,153.6,10.4
2026-06-26 00:00:00,507.3,35.1,124.2,24.6
2026-06-26 00:05:00,632.0,67.1,133.2,25.4
2026-06-26 00:10:00,577.8,97.5,141.4,27.4
2026-06-26 00:15:00,579.4,93.7,59.7,29.3
2026-06-26 00:20:00,594.7,71.6,125.2,23.6
2026-06-26 00:25:00,551.6,58.8,130.7,27.5
2026-06-26 00:30:00,543.9,113.9,87.0,22.9
2026-06-26 00:35:00,572.1,79.2,137.2,29.7
2026-06-26 00:40:00,678.9,43.7,107.4,14.2
2026-06-26 00:45:00,683.0,52.6,115.8,19.4
2026-06-26 00:50:00,591.9,45.3,167.1,27.6
2026-06-26 00:55:00,564.6,49.2,145.5,30.8
2026-06-26 01:00:00,522.1,70.6,135.2,23.9
2026-06-26 01:05:00,684.9,57.1,130.7,22.2
2026-06-26 01:10:00,703.7,69.2,98.1,23.2
2026-06-26 01:15:00,658.2,83.7,106.1,18.0
2026-06-26 01:20:00,581.5,58.1,122.8,23.1
2026-06-26 01:25:00,693.6,103.5,94.6,33.4
2026-06-26 01:30:00,658.0,43.2,99.4,24.1
2026-06-26 01:35:00,510.6,68.2,104.2,22.8
2026-06-26 01:40:00,625.8,87.5,172.8,23.5
2026-06-26 01:45:00,594.5,104.6,149.5,39.5
2026-06-26 01:50:00,567.8,43.6,121.9,31.9
2026-06-26 01:55:00,490.9,74.7,91.5,31.9
2026-06-26 02:00:00,607.5,93.3,121.9,29.3
2026-06-26 02:05:00,528.7,70.6,117.3,29.5
2026-06-26 02:10:00,542.6,74.3,163.2,31.9
2026-06-26 02:15:00,655.1,77.3,158.7,39.0
2026-06-26 02:20:00,589.4,57.9,97.0,26.6
2026-06-26 02:25:00,625.8,87.1,137.5,26.7
2026-06-26 02:30:00,547.6,112.2,105.6,36.1
2026-06-26 02:35:00,547.8,78.9,95.9,26.2
2026-06-26 02:40:00,622.8,118.4,150.8,33.3
2026-06-26 02:45:00,611.3,43.4,127.6,22.2
2026-06-26 02:50:00,625.5,80.8,188.2,14.0
2026-06-26 02:55:00,603.3,75.8,113.4,14.7
2026-06-26 03:00:00,495.5,47.2,96.7,38.8
2026-06-26 03:05:00,589.3,92.1,101.7,47.7
2026-06-26 03:10:00,567.5,52.7,121.5,25.4
2026-06-26 03:15:00,626.1,73.7,91.2,20.7
2026-06-26 03:20:00,389.0,78.9,109.5,27.8
2026-06-26 03:25:00,585.5,98.7,90.7,19.7
2026-06-26 03:30:00,615.3,88.1,102.3,41.0
2026-06-26 03:35:00,643.9,87.6,102.7,18.9
2026-06-26 03:40:00,618.6,75.7,132.0,14.5
2026-06-26 03:45:00,600.9,66.9,112.1,26.1
2026-06-26 03:50:00,662.5,84.7,113.9,30.5
2026-06-26 03:55:00,537.7,76.6,105.6,24.7
2026-06-26 04:00:00,550.4,69.0,81.7,36.3
2026-06-26 04:05:00,505.0,64.9,101.7,25.7
2026-06-26 04:10:00,650.9,83.9,157.6,22.0
2026-06-26 04:15:00,636.5,102.6,85.3,46.3
2026-06-26 04:20:00,595.3,98.8,110.8,28.3
2026-06-26 04:25:00,576.5,97.0,96.4,19.7
2026-06-26 04:30:00,607.1,95.7,130.5,16.6
2026-06-26 04:35:00,605.8,84.6,103.5,15.9
2026-06-26 04:40:00,521.2,91.9,124.2,5.0
2026-06-26 04:45:00,519.6,66.1,147.5,35.1
2026-06-26 04:50:00,615.3,99.0,117.9,24.0
2026-06-26 04:55:00,708.3,121.7,102.9,31.0
2026-06-26 05:00:00,611.2,63.7,153.5,26.7
2026-06-26 05:05:00,673.1,70.8,111.0,5.8
2026-06-26 05:10:00,577.0,84.4,134.5,23.1
2026-06-26 05:15:00,686.4,61.0,107.0,23.8
2026-06-26 05:20:00,545.2,69.7,136.3,36.4
2026-06-26 05:25:00,585.0,61.6,137.8,32.6
2026-06-26 05:30:00,554.4,63.8,161.3,23.6
2026-06-26 05:35:00,582.8,94.5,110.8,24.7
2026-06-26 05:40:00,592.6,66.8,146.9,19.0
2026-06-26 05:45:00,443.2,98.5,137.7,17.8
2026-06-26 05:50:00,546.1,97.0,115.2,19.0
2026-06-26 05:55:00,633.7,113.1,95.3,23.4
2026-06-26 06:00:00,596.3,82.8,79.9,25.9
2026-06-26 06:05:00,587.6,46.2,114.4,22.8
2026-06-26 06:10:00,515.4,113.7,106.8,27.7
2026-06-26 06:15:00,684.2,71.8,122.2,21.5
2026-06-26 06:20:00,660.6,103.8,102.6,30.5
2026-06-26 06:25:00,621.8,84.0,136.8,40.7
2026-06-26 06:30:00,568.8,39.6,113.8,35.0
2026-06-26 06:35:00,587.6,67.2,123.5,16.8
2026-06-26 06:40:00,664.8,80.7,81.7,20.4
2026-06-26 06:45:00,555.6,84.3,119.6,35.1
2026-06-26 06:50:00,631.0,70.7,142.7,11.9
2026-06-26 06:55:00,604.3,84.3,113.5,22.6
2026-06-26 07:00:00,545.4,108.8,77.5,25.4
2026-06-26 07:05:00,634.5,117.7,110.1,22.8
2026-06-26 07:10:00,617.5,82.8,144.4,23.2
2026-06-26 07:15:00,633.5,98.6,84.5,27.6
2026-06-26 07:20:00,642.9,79.2,52.1,25.5
2026-06-26 07:25:00,568.1,102.8,118.3,18.5
2026-06-26 07:30:00,567.4,46.8,84.9,39.0
2026-06-26 07:35:00,746.3,91.3,76.8,24.9
2026-06-26 07:40:00,552.1,75.5,117.3,27.9
2026-06-26 07:45:00,559.6,89.3,158.3,22.5
2026-06-26 07:50:00,606.9,73.5,105.2,25.3
2026-06-26 07:55:00,624.4,85.4,79.0,18.9
2026-06-26 08:00:00,685.6,72.0,60.6,15.0
2026-06-26 08:05:00,654.5,28.6,124.7,30.4
2026-06-26 08:10:00,628.8,102.9,125.3,17.7
2026-06-26 08:15:00,570.6,45.3,116.1,22.7
2026-06-26 08:20:00,632.1,77.6,143.6,39.3
2026-06-26 08:25:00,558.4,79.9,140.6,35.3
2026-06-26 08:30:00,614.1,86.5,91.4,18.8
2026-06-26 08:35:00,686.9,98.9,147.5,28.4
2026-06-26 08:40:00,555.1,83.7,122.0,13.6
2026-06-26 08:45:00,668.4,109.5,110.4,35.3
2026-06-26 08:50:00,670.3,83.5,89.7,25.7
2026-06-26 08:55:00,486.2,35.9,97.1,34.3
2026-06-26 09:00:00,577.1,92.9,92.1,27.2
2026-06-26 09:05:00,528.8,75.2,154.2,21.7
2026-06-26 09:10:00,608.9,109.3,108.9,22.8
2026-06-26 09:15:00,539.4,65.1,121.2,21.9
2026-06-26 09:20:00,670.8,97.4,66.5,28.6
2026-06-26 09:25:00,634.1,45.5,89.5,18.9
2026-06-26 09:30:00,574.5,93.3,101.1,25.1
2026-06-26 09:35:00,652.0,89.2,169.0,25.9
2026-06-26 09:40:00,667.4,54.4,112.3,12.3
2026-06-26 09:45:00,683.6,67.4,111.6,16.1
2026-06-26 09:50:00,663.2,106.7,85.4,11.6
2026-06-26 09:55:00,474.7,99.4,103.9,22.7
2026-06-26 10:00:00,520.8,101.7,104.0,24.3
2026-06-26 10:05:00,643.3,76.8,147.3,30.8
2026-06-26 10:10:00,706.9,80.6,61.4,18.0
2026-06-26 10:15:00,675.5,43.3,76.4,14.3
2026-06-26 10:20:00,556.9,58.1,124.5,20.7
2026-06-26 10:25:00,671.1,86.9,138.6,28.1
2026-06-26 10:30:00,711.6,52.6,95.5,38.7
2026-06-26 10:35:00,719.4,22.7,148.5,25.8
2026-06-26 10:40:00,617.2,69.8,116.1,16.7
2026-06-26 10:45:00,593.6,72.6,91.1,28.2
2026-06-26 10:50:00,612.9,53.7,87.4,25.8
2026-06-26 10:55:00,661.4,90.9,125.9,25.3
2026-06-26 11:00:00,623.1,80.2,132.8,14.3
2026-06-26 11:05:00,637.3,74.7,57.7,28.2
2026-06-26 11:10:00,548.0,77.8,104.0,21.2
2026-06-26 11:15:00,603.8,84.4,79.2,21.2
2026-06-26 11:20:00,595.1,55.7,119.1,32.2
2026-06-26 11:25:00,578.5,64.6,115.4,29.6
2026-06-26 11:30:00,568.9,91.5,110.1,15.9
2026-06-26 11:35:00,690.5,88.9,176.2,37.0
2026-06-26 11:40:00,651.8,71.0,156.6,33.4
2026-06-26 11:45:00,648.0,77.2,128.8,18.3
2026-06-26 11:50:00,614.2,68.5,95.2,7.5
2026-06-26 11:55:00,546.5,57.7,97.7,27.8
2026-06-26 12:00:00,539.1,84.5,150.4,27.1
2026-06-26 12:05:00,668.9,74.3,86.4,17.5
2026-06-26 12:10:00,714.8,96.5,125.9,39.6
2026-06-26 12:15:00,722.3,132.5,168.7,24.1
2026-06-26 12:20:00,504.1,91.2,77.4,24.7
2026-06-26 12:25:00,590.0,81.9,149.4,27.7
2026-06-26 12:30:00,604.1,69.3,135.5,34.8
2026-06-26 12:35:00,518.4,68.4,128.2,27.3
2026-06-26 12:40:00,551.0,51.0,126.2,25.6
2026-06-26 12:45:00,538.7,46.9,127.2,13.4
2026-06-26 12:50:00,689.2,46.8,131.5,24.8
2026-06-26 12:55:00,554.1,91.0,105.0,35.7
2026-06-26 13:00:00,603.6,37.6,131.0,19.7
2026-06-26 13:05:00,616.7,80.1,107.7,26.0
2026-06-26 13:10:00,612.9,94.5,99.2,5.0
2026-06-26 13:15:00,649.5,59.2,109.8,36.4
2026-06-26 13:20:00,762.6,72.2,113.3,24.2
2026-06-26 13:25:00,615.1,75.6,163.5,23.7
2026-06-26 13:30:00,468.6,96.7,147.9,29.2
2026-06-26 13:35:00,566.3,69.6,123.9,27.4
2026-06-26 13:40:00,605.4,90.8,85.2,28.3
2026-06-26 13:45:00,713.4,85.5,98.9,15.7
2026-06-26 13:50:00,633.6,82.7,161.4,35.6
2026-06-26 13:55:00,768.8,46.9,88.0,34.3
2026-06-26 14:00:00,614.2,20.1,136.9,27.7
2026-06-26 14:05:00,626.4,76.2,104.2,37.5
2026-06-26 14:10:00,560.1,31.7,135.1,25.2
2026-06-26 14:15:00,551.6,62.7,124.0,21.3
2026-06-26 14:20:00,659.6,73.9,124.5,27.2
2026-06-26 14:25:00,574.1,115.8,92.8,34.6
2026-06-26 14:30:00,603.3,78.4,129.3,21.7
2026-06-26 14:35:00,630.9,68.3,119.0,21.1
2026-06-26 14:40:00,538.1,63.6,115.1,16.5
2026-06-26 14:45:00,668.3,76.8,99.9,24.9
2026-06-26 14:50:00,629.6,138.5,108.9,26.7
2026-06-26 14:55:00,642.8,95.5,94.4,16.7
2026-06-26 15:00:00,546.3,49.8,111.6,9.1
2026-06-26 15:05:00,549.1,85.7,131.4,22.1
2026-06-26 15:10:00,533.3,65.3,83.7,27.1
2026-06-26 15:15:00,504.6,93.1,119.3,38.7
2026-06-26 15:20:00,549.8,68.3,105.1,31.3
2026-06-26 15:25:00,670.3,96.8,151.6,44.1
2026-06-26 15:30:00,610.2,97.8,110.4,21.1
2026-06-26 15:35:00,712.6,120.0,117.9,28.8
2026-06-26 15:40:00,568.4,75.9,129.5,24.1
2026-06-26 15:45:00,592.6,36.0,162.6,45.0
2026-06-26 15:50:00,586.5,51.2,129.4,29.8
2026-06-26 15:55:00,592.0,72.7,179.8,6.2
2026-06-26 16:00:00,586.1,83.5,148.8,20.1
2026-06-26 16:05:00,591.5,74.8,117.2,13.0
2026-06-26 16:10:00,680.2,87.4,51.5,35.5
2026-06-26 16:15:00,627.7,53.6,101.4,18.5
2026-06-26 16:20:00,614.6,82.3,136.2,28.4
2026-06-26 16:25:00,493.1,91.2,88.4,23.8
2026-06-26 16:30:00,555.6,48.7,71.5,21.8
2026-06-26 16:35:00,566.5,119.1,126.5,17.3
2026-06-26 16:40:00,854.5,108.7,80.1,21.1
2026-06-26 16:45:00,642.8,94.3,122.1,25.4
2026-06-26 16:50:00,586.5,134.3,115.0,22.4
2026-06-26 16:55:00,666.7,81.2,82.5,29.1
2026-06-26 17:00:00,615.6,88.4,167.3,11.1
2026-06-26 17:05:00,640.2,40.4,103.1,13.4
2026-06-26 17:10:00,702.5,109.4,144.5,31.1
2026-06-26 17:15:00,603.4,84.9,152.3,16.8
2026-06-26 17:20:00,601.6,70.9,101.0,12.5
2026-06-26 17:25:00,610.2,85.8,172.0,27.3
2026-06-26 17:30:00,644.9,104.9,98.6,23.6
2026-06-26 17:35:00,526.1,99.9,117.2,31.8
2026-06-26 17:40:00,511.0,72.3,127.4,5.0
2026-06-26 17:45:00,646.6,94.8,84.7,11.1
2026-06-26 17:50:00,473.9,64.4,115.6,29.1
2026-06-26 17:55:00,621.4,86.2,136.2,29.3
2026-06-26 18:00:00,604.9,73.6,128.5,31.2
2026-06-26 18:05:00,651.5,60.3,152.9,29.9
2026-06-26 18:10:00,527.1,92.8,90.3,25.5
2026-06-26 18:15:00,626.2,89.8,113.9,20.2
2026-06-26 18:20:00,648.8,91.5,107.0,10.0
2026-06-26 18:25:00,748.8,48.7,97.3,40.5
2026-06-26 18:30:00,689.8,61.2,112.5,17.2
2026-06-26 18:35:00,522.5,42.5,125.5,34.4
2026-06-26 18:40:00,595.9,65.2,102.3,20.1
2026-06-26 18:45:00,589.9,89.3,101.8,23.1
2026-06-26 18:50:00,589.7,98.1,128.2,18.4
2026-06-26 18:55:00,658.0,46.7,150.5,25.5
2026-06-26 19:00:00,720.1,76.5,147.7,28.9
2026-06-26 19:05:00,502.9,59.5,131.9,11.2
2026-06-26 19:10:00,518.9,91.7,91.3,29.0
2026-06-26 19:15:00,557.7,101.0,95.5,38.2
2026-06-26 19:20:00,482.7,54.6,104.6,29.1
2026-06-26 19:25:00,547.7,68.1,107.7,31.4
2026-06-26 19:30:00,705.9,31.0,126.2,23.6
2026-06-26 19:35:00,618.6,93.4,104.0,20.8
2026-06-26 19:40:00,761.7,67.6,130.2,27.0
2026-06-26 19:45:00,589.5,98.0,94.3,16.3
2026-06-26 19:50:00,667.3,90.8,148.2,22.8
2026-06-26 19:55:00,620.0,107.4,116.7,11.6
2026-06-26 20:00:00,611.6,124.4,132.5,15.8
2026-06-26 20:05:00,529.6,86.2,121.5,34.4
2026-06-26 20:10:00,636.1,99.9,89.1,5.2
2026-06-26 20:15:00,606.4,104.9,137.7,31.0
2026-06-26 20:20:00,597.6,86.9,99.1,41.1
2026-06-26 20:25:00,625.3,72.2,107.8,27.0
2026-06-26 20:30:00,700.7,15.5,74.3,17.3
2026-06-26 20:35:00,640.5,74.8,100.4,29.9
2026-06-26 20:40:00,376.4,112.3,100.8,13.5
2026-06-26 20:45:00,697.8,80.1,104.0,18.6
2026-06-26 20:50:00,588.7,83.7,127.6,14.3
2026-06-26 20:55:00,639.4,74.5,127.6,14.4
2026-06-26 21:00:00,536.2,69.0,176.5,32.0
2026-06-26 21:05:00,597.9,87.8,142.3,23.5
2026-06-26 21:10:00,612.0,72.8,166.4,29.9
2026-06-26 21:15:00,543.0,76.5,90.5,26.8
2026-06-26 21:20:00,624.7,87.1,118.7,12.7
2026-06-26 21:25:00,587.7,86.4,157.1,22.7
2026-06-26 21:30:00,666.3,79.3,126.0,17.4
2026-06-26 21:35:00,606.9,76.1,124.5,21.2
2026-06-26 21:40:00,569.3,73.0,135.6,24.3
2026-06-26 21:45:00,666.9,68.3,84.6,22.6
2026-06-26 21:50:00,569.9,69.9,154.3,26.7
2026-06-26 21:55:00,541.2,91.9,95.5,26.0
2026-06-26 22:00:00,638.9,70.6,103.9,17.0
2026-06-26 22:05:00,598.9,77.7,98.4,25.8
2026-06-26 22:10:00,583.3,95.6,122.2,38.9
2026-06-26 22:15:00,594.5,115.0,129.5,20.6
2026-06-26 22:20:00,621.1,56.9,108.7,13.3
2026-06-26 22:25:00,523.2,140.5,88.3,23.0
2026-06-26 22:30:00,575.9,81.3,88.8,31.4
2026-06-26 22:35:00,780.0,65.7,103.4,30.2
2026-06-26 22:40:00,654.0,30.7,139.1,28.0
2026-06-26 22:45:00,668.2,111.3,66.4,37.7
2026-06-26 22:50:00,559.2,90.8,160.0,36.6
2026-06-26 22:55:00,614.4,53.0,101.7,34.1
2026-06-26 23:00:00,532.4,70.1,130.6,22.8
2026-06-26 23:05:00,545.4,50.8,126.5,47.5
2026-06-26 23:10:00,559.7,57.2,105.9,19.7
2026-06-26 23:15:00,534.8,76.1,133.6,32.1
2026-06-26 23:20:00,580.9,84.3,66.5,19.8
2026-06-26 23:25:00,635.1,96.4,120.8,31.1
2026-06-26 23:30:00,566.0,73.3,70.9,29.7
2026-06-26 23:35:00,559.7,71.5,123.2,22.4
2026-06-26 23:40:00,606.0,59.7,140.2,8.4
2026-06-26 23:45:00,585.9,86.8,98.5,42.4
2026-06-26 23:50:00,637.2,32.3,191.4,37.9
2026-06-26 23:55:00,574.5,88.8,143.3,36.9
2026-06-27 00:00:00,627.5,121.6,140.7,13.4
2026-06-27 00:05:00,515.7,97.3,116.2,32.9
2026-06-27 00:10:00,682.7,110.9,109.1,23.8
2026-06-27 00:15:00,646.6,67.5,150.9,21.7
2026-06-27 00:20:00,539.3,96.0,173.8,18.4
2026-06-27 00:25:00,628.1,67.1,97.8,36.6
2026-06-27 00:30:00,646.9,104.4,108.2,27.6
2026-06-27 00:35:00,661.8,97.7,130.8,25.1
2026-06-27 00:40:00,605.7,109.4,155.7,28.0
2026-06-27 00:45:00,669.2,55.8,95.1,26.6
2026-06-27 00:50:00,564.5,84.4,89.8,33.1
2026-06-27 00:55:00,592.4,72.8,83.6,8.4
2026-06-27 01:00:00,543.4,116.1,141.6,21.8
2026-06-27 01:05:00,595.0,64.3,141.4,13.9
2026-06-27 01:10:00,505.2,81.2,82.1,27.0
2026-06-27 01:15:00,613.0,87.1,163.1,12.4
2026-06-27 01:20:00,615.1,50.4,81.8,15.2
2026-06-27 01:25:00,583.0,66.4,99.4,27.5
2026-06-27 01:30:00,638.6,77.4,83.1,22.7
2026-06-27 01:35:00,737.4,92.1,138.3,27.8
2026-06-27 01:40:00,556.9,79.6,155.3,15.4
2026-06-27 01:45:00,530.5,69.2,144.5,23.1
2026-06-27 01:50:00,558.7,50.9,117.6,24.6
2026-06-27 01:55:00,578.3,60.9,121.7,14.0
2026-06-27 02:00:00,708.7,62.3,117.9,19.4
2026-06-27 02:05:00,705.9,76.4,123.7,26.4
2026-06-27 02:10:00,620.5,84.8,133.1,22.1
2026-06-27 02:15:00,545.1,99.6,114.0,18.2
2026-06-27 02:20:00,644.7,97.5,103.5,26.9
2026-06-27 02:25:00,469.1,82.8,138.3,20.9
2026-06-27 02:30:00,555.5,78.4,76.6,27.3
2026-06-27 02:35:00,526.8,69.8,139.3,29.4
2026-06-27 02:40:00,668.1,110.3,164.5,29.8
2026-06-27 02:45:00,522.2,77.1,107.5,26.0
2026-06-27 02:50:00,536.5,71.3,115.3,23.5
2026-06-27 02:55:00,563.6,74.6,117.2,24.7
2026-06-27 03:00:00,543.2,108.2,119.6,35.6
2026-06-27 03:05:00,571.4,66.6,122.7,19.4
2026-06-27 03:10:00,661.0,88.1,118.4,35.9
2026-06-27 03:15:00,668.9,93.9,106.7,21.0
2026-06-27 03:20:00,537.9,84.8,128.7,28.8
2026-06-27 03:25:00,557.8,68.0,141.2,26.6
2026-06-27 03:30:00,657.8,108.3,108.7,30.4
2026-06-27 03:35:00,596.6,78.1,95.4,5.0
2026-06-27 03:40:00,573.2,84.9,149.5,29.5
2026-06-27 03:45:00,487.7,78.3,122.7,23.6
2026-06-27 03:50:00,574.3,87.3,80.2,30.0
2026-06-27 03:55:00,617.2,61.1,145.1,27.3
2026-06-27 04:00:00,612.8,103.9,93.2,32.4
2026-06-27 04:05:00,610.1,50.0,111.0,17.1
2026-06-27 04:10:00,515.6,95.5,113.7,10.4
2026-06-27 04:15:00,564.6,68.4,105.4,12.1
2026-06-27 04:20:00,673.2,109.4,138.9,21.0
2026-06-27 04:25:00,583.2,101.7,157.6,18.5
2026-06-27 04:30:00,526.3,30.6,143.4,29.1
2026-06-27 04:35:00,659.3,78.6,134.3,34.8
2026-06-27 04:40:00,655.4,71.7,110.1,30.8
2026-06-27 04:45:00,516.2,71.8,178.3,20.2
2026-06-27 04:50:00,670.5,66.9,131.4,24.2
2026-06-27 04:55:00,624.2,42.9,148.7,29.7
2026-06-27 05:00:00,669.9,118.9,105.3,35.9
2026-06-27 05:05:00,716.0,121.5,164.0,33.5
2026-06-27 05:10:00,676.1,63.5,69.6,33.5
2026-06-27 05:15:00,723.7,83.2,72.2,28.2
2026-06-27 05:20:00,533.8,64.5,140.4,34.0
2026-06-27 05:25:00,469.3,93.8,83.0,31.4
2026-06-27 05:30:00,682.7,73.1,105.1,12.6
2026-06-27 05:35:00,583.6,79.6,118.0,27.5
2026-06-27 05:40:00,696.8,55.6,120.8,18.2
2026-06-27 05:45:00,646.4,73.5,167.9,18.2
2026-06-27 05:50:00,597.9,105.0,121.2,26.2
2026-06-27 05:55:00,590.7,83.7,85.3,25.0
2026-06-27 06:00:00,622.7,74.0,124.2,23.2
2026-06-27 06:05:00,664.0,105.6,104.3,14.8
2026-06-27 06:10:00,583.9,61.1,112.9,23.7
2026-06-27 06:15:00,624.7,47.0,125.3,15.5
2026-06-27 06:20:00,576.9,79.4,140.5,27.5
2026-06-27 06:25:00,578.2,99.1,133.2,24.7
2026-06-27 06:30:00,627.4,103.2,123.4,30.0
2026-06-27 06:35:00,599.3,38.8,147.2,17.1
2026-06-27 06:40:00,661.2,71.3,129.7,34.5
2026-06-27 06:45:00,717.5,94.9,133.4,26.6
2026-06-27 06:50:00,625.8,45.1,72.0,52.1
2026-06-27 06:55:00,644.9,34.0,160.8,18.1
2026-06-27 07:00:00,623.7,93.5,100.3,38.1
2026-06-27 07:05:00,600.9,92.0,101.5,18.9
2026-06-27 07:10:00,578.0,90.0,130.7,33.3
2026-06-27 07:15:00,665.6,110.2,99.2,29.0
2026-06-27 07:20:00,696.2,113.3,99.7,13.0
2026-06-27 07:25:00,662.1,114.0,163.8,22.7
2026-06-27 07:30:00,584.1,99.6,159.9,32.6
2026-06-27 07:35:00,607.6,47.1,115.2,23.3
2026-06-27 07:40:00,681.4,60.4,108.9,32.9
2026-06-27 07:45:00,614.0,68.0,105.8,29.5
2026-06-27 07:50:00,445.3,65.1,44.3,33.8
2026-06-27 07:55:00,662.1,87.2,144.8,29.2
2026-06-27 08:00:00,597.2,108.2,126.1,17.5
2026-06-27 08:05:00,595.6,83.9,105.2,25.6
2026-06-27 08:10:00,674.1,111.9,178.6,26.5
2026-06-27 08:15:00,623.5,43.5,71.7,25.1
2026-06-27 08:20:00,644.1,123.1,158.9,19.1
2026-06-27 08:25:00,633.2,94.6,92.4,23.1
2026-06-27 08:30:00,546.1,109.7,166.5,29.7
2026-06-27 08:35:00,626.1,55.0,156.6,25.4
2026-06-27 08:40:00,635.9,81.0,90.1,6.1
2026-06-27 08:45:00,804.6,110.9,135.0,35.4
2026-06-27 08:50:00,598.5,108.6,132.5,21.4
2026-06-27 08:55:00,628.6,63.6,105.4,11.9
2026-06-27 09:00:00,628.0,71.3,143.6,25.0
2026-06-27 09:05:00,550.5,76.8,147.1,20.1
2026-06-27 09:10:00,679.3,80.5,135.1,17.9
2026-06-27 09:15:00,545.1,119.7,104.7,26.4
2026-06-27 09:20:00,547.3,75.4,162.5,36.1
2026-06-27 09:25:00,598.8,16.1,102.9,28.7
2026-06-27 09:30:00,663.4,67.4,113.6,14.1
2026-06-27 09:35:00,543.3,69.7,119.5,22.9
2026-06-27 09:40:00,670.1,82.3,130.4,21.6
2026-06-27 09:45:00,678.6,36.9,111.4,29.2
2026-06-27 09:50:00,698.5,58.8,113.3,9.6
2026-06-27 09:55:00,612.5,74.7,82.0,29.7
2026-06-27 10:00:00,630.1,66.6,68.6,17.6
2026-06-27 10:05:00,562.7,80.0,139.9,20.4
2026-06-27 10:10:00,600.4,117.3,142.7,32.3
2026-06-27 10:15:00,546.4,59.1,185.2,27.7
2026-06-27 10:20:00,577.9,38.4,124.8,29.3
2026-06-27 10:25:00,605.0,135.1,93.7,32.8
2026-06-27 10:30:00,670.5,65.3,86.8,22.8
2026-06-27 10:35:00,676.8,82.8,101.1,17.0
2026-06-27 10:40:00,601.5,83.5,130.1,27.1
2026-06-27 10:45:00,529.1,46.1,98.2,31.6
2026-06-27 10:50:00,605.7,76.1,141.0,25.5
2026-06-27 10:55:00,543.5,64.9,134.5,35.6
2026-06-27 11:00:00,574.9,87.9,129.7,22.4
2026-06-27 11:05:00,608.8,86.7,81.6,23.3
2026-06-27 11:10:00,534.2,111.1,150.8,15.9
2026-06-27 11:15:00,447.4,108.7,180.4,17.4
2026-06-27 11:20:00,692.9,76.6,93.2,26.7
2026-06-27 11:25:00,668.5,74.3,107.8,14.8
2026-06-27 11:30:00,641.7,61.1,91.9,24.5
2026-06-27 11:35:00,574.5,83.4,126.1,24.7
2026-06-27 11:40:00,618.6,80.5,133.4,29.7
2026-06-27 11:45:00,690.5,81.4,118.2,32.7
2026-06-27 11:50:00,708.7,60.1,149.5,29.0
2026-06-27 11:55:00,708.7,77.2,155.7,42.3
2026-06-27 12:00:00,598.4,90.4,85.8,25.9
2026-06-27 12:05:00,510.2,95.1,124.7,38.9
2026-06-27 12:10:00,568.3,98.1,130.3,5.7
2026-06-27 12:15:00,616.8,90.6,127.4,27.8
2026-06-27 12:20:00,656.7,121.8,111.6,21.9
2026-06-27 12:25:00,577.4,87.5,127.7,27.8
2026-06-27 12:30:00,629.2,92.1,82.3,27.6
2026-06-27 12:35:00,577.5,54.4,157.1,31.7
2026-06-27 12:40:00,656.5,110.6,113.0,30.9
2026-06-27 12:45:00,525.5,107.2,105.7,26.4
2026-06-27 12:50:00,499.3,89.2,78.7,15.6
2026-06-27 12:55:00,638.2,63.7,163.5,29.8
2026-06-27 13:00:00,674.3,67.8,169.8,15.3
2026-06-27 13:05:00,636.3,94.8,123.6,18.0
2026-06-27 13:10:00,589.0,88.8,86.7,28.8
2026-06-27 13:15:00,569.2,77.7,112.6,26.5
2026-06-27 13:20:00,610.0,73.1,116.3,17.2
2026-06-27 13:25:00,569.5,98.7,101.0,14.6
2026-06-27 13:30:00,395.3,89.1,128.9,26.0
2026-06-27 13:35:00,615.0,61.3,138.8,23.3
2026-06-27 13:40:00,614.3,74.6,120.0,20.6
2026-06-27 13:45:00,574.5,100.6,80.2,30.2
2026-06-27 13:50:00,589.5,87.8,108.5,24.8
2026-06-27 13:55:00,609.4,70.3,111.0,33.2
2026-06-27 14:00:00,565.3,107.4,110.6,29.7
2026-06-27 14:05:00,622.9,60.1,155.8,12.7
2026-06-27 14:10:00,476.1,74.6,115.3,10.4
2026-06-27 14:15:00,568.5,68.9,132.9,31.6
2026-06-27 14:20:00,590.8,80.0,160.6,34.0
2026-06-27 14:25:00,580.7,76.5,119.3,29.8
2026-06-27 14:30:00,586.2,122.2,120.0,18.3
2026-06-27 14:35:00,508.8,86.9,123.0,36.5
2026-06-27 14:40:00,520.4,78.5,159.1,29.3
2026-06-27 14:45:00,651.0,77.7,189.8,33.2
2026-06-27 14:50:00,586.2,81.0,122.5,30.6
2026-06-27 14:55:00,551.1,88.1,152.7,21.7
2026-06-27 15:00:00,716.5,94.6,152.0,25.5
2026-06-27 15:05:00,604.9,93.7,152.8,23.4
2026-06-27 15:10:00,554.1,104.2,139.8,40.9
2026-06-27 15:15:00,542.2,102.5,121.4,27.9
2026-06-27 15:20:00,716.3,90.1,160.2,29.5
2026-06-27 15:25:00,690.4,44.7,77.0,25.2
2026-06-27 15:30:00,622.3,98.7,105.1,14.9
2026-06-27 15:35:00,610.7,115.7,150.2,17.7
2026-06-27 15:40:00,669.5,89.2,92.2,24.6
2026-06-27 15:45:00,585.8,82.4,170.7,10.6
2026-06-27 15:50:00,681.6,91.0,90.6,20.2
2026-06-27 15:55:00,564.3,78.4,145.6,26.9
2026-06-27 16:00:00,558.8,88.3,88.2,23.3
2026-06-27 16:05:00,542.2,90.2,142.0,28.1
2026-06-27 16:10:00,688.6,113.8,96.4,30.9
2026-06-27 16:15:00,534.0,65.7,139.6,15.5
2026-06-27 16:20:00,534.8,62.7,121.2,25.8
2026-06-27 16:25:00,675.2,68.5,132.0,21.8
2026-06-27 16:30:00,675.8,86.9,135.5,18.3
2026-06-27 16:35:00,490.6,105.4,142.9,19.9
2026-06-27 16:40:00,537.3,70.0,121.9,29.0
2026-06-27 16:45:00,659.9,27.9,122.1,13.2
2026-06-27 16:50:00,532.4,99.1,116.3,18.3
2026-06-27 16:55:00,662.3,98.0,112.1,21.9
2026-06-27 17:00:00,630.1,81.2,150.9,29.5
2026-06-27 17:05:00,564.9,36.7,125.3,20.6
2026-06-27 17:10:00,689.5,115.8,113.6,18.7
2026-06-27 17:15:00,532.0,71.7,144.2,21.8
2026-06-27 17:20:00,691.7,100.2,138.3,36.3
2026-06-27 17:25:00,590.5,93.0,152.3,40.4
2026-06-27 17:30:00,538.4,61.1,101.1,26.6
2026-06-27 17:35:00,729.2,89.5,89.4,5.0
2026-06-27 17:40:00,550.2,114.3,123.5,31.9
2026-06-27 17:45:00,608.5,28.1,75.6,16.4
2026-06-27 17:50:00,532.8,103.4,115.3,28.4
2026-06-27 17:55:00,578.9,60.2,105.3,13.7
2026-06-27 18:00:00,491.3,73.3,103.3,15.9
2026-06-27 18:05:00,561.5,56.6,72.1,24.5
2026-06-27 18:10:00,575.3,125.5,128.8,28.2
2026-06-27 18:15:00,684.5,82.3,124.3,5.1
2026-06-27 18:20:00,473.1,27.1,117.1,17.4
2026-06-27 18:25:00,649.5,60.0,144.1,31.9
2026-06-27 18:30:00,528.5,74.4,123.8,18.6
2026-06-27 18:35:00,646.2,62.9,124.2,16.2
2026-06-27 18:40:00,651.0,78.5,138.1,21.7
2026-06-27 18:45:00,553.9,53.1,125.2,37.9
2026-06-27 18:50:00,613.1,114.9,114.6,31.8
2026-06-27 18:55:00,632.3,75.1,110.8,27.8
2026-06-27 19:00:00,499.6,69.7,91.9,23.8
2026-06-27 19:05:00,591.0,115.7,118.5,30.6
2026-06-27 19:10:00,611.3,109.3,147.2,31.0
2026-06-27 19:15:00,689.7,77.3,130.3,19.9
2026-06-27 19:20:00,705.4,43.4,108.4,18.6
2026-06-27 19:25:00,505.8,73.0,140.3,23.1
2026-06-27 19:30:00,528.2,129.6,130.4,32.5
2026-06-27 19:35:00,632.7,53.4,106.9,32.0
2026-06-27 19:40:00,622.0,68.0,153.7,22.1
2026-06-27 19:45:00,589.6,78.7,88.2,19.1
2026-06-27 19:50:00,727.0,73.8,119.5,31.7
2026-06-27 19:55:00,663.6,90.0,99.3,22.6
2026-06-27 20:00:00,581.9,102.4,146.1,33.3
2026-06-27 20:05:00,568.8,65.3,90.5,25.3
2026-06-27 20:10:00,541.9,65.7,97.0,29.5
2026-06-27 20:15:00,600.2,71.9,175.0,19.9
2026-06-27 20:20:00,623.4,59.1,121.9,36.9
2026-06-27 20:25:00,599.0,65.4,138.5,16.1
2026-06-27 20:30:00,429.8,57.9,120.4,30.4
2026-06-27 20:35:00,611.1,64.7,111.8,17.6
2026-06-27 20:40:00,587.4,85.4,137.3,35.9
2026-06-27 20:45:00,746.6,72.3,119.5,15.0
2026-06-27 20:50:00,757.9,78.7,103.7,39.6
2026-06-27 20:55:00,650.9,86.5,141.4,39.3
2026-06-27 21:00:00,618.8,76.1,147.8,32.1
2026-06-27 21:05:00,596.7,70.9,138.3,31.3
2026-06-27 21:10:00,575.3,57.5,139.1,30.6
2026-06-27 21:15:00,612.8,105.3,127.2,20.2
2026-06-27 21:20:00,619.0,79.0,139.3,21.2
2026-06-27 21:25:00,438.9,56.4,99.2,28.8
2026-06-27 21:30:00,644.1,47.7,130.5,35.8
2026-06-27 21:35:00,432.3,107.2,122.3,30.8
2026-06-27 21:40:00,649.3,78.0,103.5,11.5
2026-06-27 21:45:00,509.9,71.6,165.5,31.0
2026-06-27 21:50:00,543.2,66.0,127.6,21.0
2026-06-27 21:55:00,558.3,95.5,98.7,30.7
2026-06-27 22:00:00,539.5,65.5,117.3,20.3
2026-06-27 22:05:00,452.4,100.1,127.3,32.5
2026-06-27 22:10:00,648.6,71.0,148.6,30.7
2026-06-27 22:15:00,703.1,53.4,135.7,24.4
2026-06-27 22:20:00,529.0,89.5,128.4,16.3
2026-06-27 22:25:00,689.3,92.3,131.8,35.0
2026-06-27 22:30:00,664.7,62.3,117.8,26.7
2026-06-27 22:35:00,497.2,99.4,119.6,24.1
2026-06-27 22:40:00,639.3,74.0,151.8,26.6
2026-06-27 22:45:00,551.6,56.6,174.1,15.3
2026-06-27 22:50:00,619.3,97.8,167.0,30.5
2026-06-27 22:55:00,716.6,110.1,92.9,22.7
2026-06-27 23:00:00,730.9,63.6,102.2,25.2
2026-06-27 23:05:00,667.3,94.8,110.8,26.8
2026-06-27 23:10:00,568.1,101.5,130.3,11.3
2026-06-27 23:15:00,524.7,71.3,88.1,9.0
2026-06-27 23:20:00,674.9,108.8,106.4,11.6
2026-06-27 23:25:00,618.7,39.5,131.0,18.8
2026-06-27 23:30:00,612.4,68.8,98.3,23.1
2026-06-27 23:35:00,630.2,101.0,131.3,11.7
2026-06-27 23:40:00,654.1,80.0,144.4,14.1
2026-06-27 23:45:00,649.7,72.3,147.9,25.8
2026-06-27 23:50:00,746.6,18.1,130.1,15.6
2026-06-27 23:55:00,609.8,102.6,141.7,19.6
2026-06-28 00:00:00,522.0,82.0,91.3,34.2
2026-06-28 00:05:00,709.0,48.5,135.2,27.6
2026-06-28 00:10:00,499.7,92.0,166.1,12.0
2026-06-28 00:15:00,644.2,100.6,81.7,25.8
2026-06-28 00:20:00,611.8,85.1,143.0,28.3
2026-06-28 00:25:00,602.4,32.8,131.3,32.3
2026-06-28 00:30:00,482.3,66.6,154.2,29.9
2026-06-28 00:35:00,564.1,110.1,92.1,29.0
2026-06-28 00:40:00,475.8,81.8,97.8,25.4
2026-06-28 00:45:00,656.0,42.9,155.6,28.7
2026-06-28 00:50:00,668.8,121.9,75.9,32.3
2026-06-28 00:55:00,635.6,66.1,76.3,23.9
2026-06-28 01:00:00,542.6,67.8,144.4,19.1
2026-06-28 01:05:00,635.9,71.9,61.8,23.9
2026-06-28 01:10:00,561.7,97.0,130.0,21.7
2026-06-28 01:15:00,612.4,88.4,72.9,24.0
2026-06-28 01:20:00,468.2,41.1,127.7,9.2
2026-06-28 01:25:00,731.3,28.4,116.2,33.4
2026-06-28 01:30:00,571.8,82.2,170.3,26.8
2026-06-28 01:35:00,622.5,95.6,89.0,34.0
2026-06-28 01:40:00,695.6,72.8,111.5,17.1
2026-06-28 01:45:00,445.8,105.3,127.9,28.9
2026-06-28 01:50:00,621.5,102.5,82.0,23.4
2026-06-28 01:55:00,594.2,71.2,96.8,25.9
2026-06-28 02:00:00,440.4,77.6,156.0,29.9
2026-06-28 02:05:00,565.4,61.4,118.5,31.6
2026-06-28 02:10:00,599.6,59.7,98.2,20.9
2026-06-28 02:15:00,474.1,68.9,127.3,20.9
2026-06-28 02:20:00,568.6,89.6,110.7,27.6
2026-06-28 02:25:00,550.5,91.6,112.5,5.0
2026-06-28 02:30:00,658.2,67.8,157.9,31.3
2026-06-28 02:35:00,761.4,121.2,127.7,27.5
2026-06-28 02:40:00,728.8,63.3,144.8,26.6
2026-06-28 02:45:00,598.3,81.1,127.8,26.5
2026-06-28 02:50:00,689.0,83.9,104.0,11.4
2026-06-28 02:55:00,629.7,45.7,121.1,23.1
2026-06-28 03:00:00,523.8,71.6,152.3,27.0
2026-06-28 03:05:00,625.6,73.5,97.1,26.7
2026-06-28 03:10:00,609.1,73.2,114.3,42.1
2026-06-28 03:15:00,585.9,115.6,123.2,21.2
2026-06-28 03:20:00,626.7,71.6,87.6,28.4
2026-06-28 03:25:00,537.2,89.7,139.2,13.3
2026-06-28 03:30:00,615.2,93.5,130.4,16.6
2026-06-28 03:35:00,587.8,51.1,81.3,36.5
2026-06-28 03:40:00,693.7,60.1,107.3,22.0
2026-06-28 03:45:00,679.4,89.8,84.4,25.8
2026-06-28 03:50:00,525.6,88.4,117.2,27.2
2026-06-28 03:55:00,554.6,78.7,112.8,36.5
2026-06-28 04:00:00,517.8,38.5,107.4,24.5
2026-06-28 04:05:00,608.1,114.2,106.2,20.0
2026-06-28 04:10:00,622.8,88.5,97.8,19.2
2026-06-28 04:15:00,578.1,106.7,116.6,26.4
2026-06-28 04:20:00,645.5,136.2,134.5,31.4
2026-06-28 04:25:00,537.6,82.2,132.0,19.9
2026-06-28 04:30:00,653.8,68.1,109.5,18.9
2026-06-28 04:35:00,597.9,80.7,74.9,30.9
2026-06-28 04:40:00,670.0,66.6,125.0,33.3
2026-06-28 04:45:00,610.4,68.0,118.5,37.1
2026-06-28 04:50:00,637.8,114.5,108.0,26.1
2026-06-28 04:55:00,555.2,86.4,138.2,28.5
2026-06-28 05:00:00,551.4,115.4,147.5,28.2
2026-06-28 05:05:00,698.8,100.5,157.9,7.9
2026-06-28 05:10:00,679.8,86.4,165.6,34.5
2026-06-28 05:15:00,586.5,58.2,116.3,31.6
2026-06-28 05:20:00,559.4,82.7,173.0,27.8
2026-06-28 05:25:00,604.1,88.2,109.2,27.3
2026-06-28 05:30:00,531.8,84.8,121.7,26.1
2026-06-28 05:35:00,507.7,47.4,163.0,42.0
2026-06-28 05:40:00,604.8,89.2,97.4,10.5
2026-06-28 05:45:00,652.6,84.1,133.8,21.3
2026-06-28 05:50:00,626.2,33.6,149.7,25.3
2026-06-28 05:55:00,701.9,57.7,110.8,34.6
2026-06-28 06:00:00,562.4,145.9,115.1,27.9
2026-06-28 06:05:00,519.5,56.1,154.5,19.6
2026-06-28 06:10:00,611.9,44.1,117.8,18.2
2026-06-28 06:15:00,618.7,100.6,111.5,26.5
2026-06-28 06:20:00,558.1,65.3,92.4,22.2
2026-06-28 06:25:00,555.6,56.4,105.4,41.7
2026-06-28 06:30:00,617.8,90.0,110.2,26.9
2026-06-28 06:35:00,592.3,46.4,100.3,19.4
2026-06-28 06:40:00,550.1,80.6,159.4,40.0
2026-06-28 06:45:00,720.3,81.7,104.6,17.4
2026-06-28 06:50:00,543.0,106.2,164.2,25.7
2026-06-28 06:55:00,524.0,87.5,167.6,19.9
2026-06-28 07:00:00,650.3,79.6,147.8,19.3
2026-06-28 07:05:00,705.1,92.3,111.9,27.7
2026-06-28 07:10:00,653.8,106.7,106.6,32.6
2026-06-28 07:15:00,514.7,84.3,135.7,30.3
2026-06-28 07:20:00,558.1,83.8,121.0,18.5
2026-06-28 07:25:00,687.0,79.6,125.0,34.8
2026-06-28 07:30:00,562.2,60.4,151.9,28.8
2026-06-28 07:35:00,669.0,81.0,88.8,5.7
2026-06-28 07:40:00,587.3,49.2,118.2,31.2
2026-06-28 07:45:00,554.4,68.8,118.7,34.3
2026-06-28 07:50:00,579.1,63.5,123.3,26.1
2026-06-28 07:55:00,499.7,65.9,142.7,29.6
2026-06-28 08:00:00,524.6,102.2,180.0,40.2
2026-06-28 08:05:00,521.0,107.2,115.0,5.0
2026-06-28 08:10:00,530.0,79.2,137.0,29.7
2026-06-28 08:15:00,763.4,71.6,96.2,17.7
2026-06-28 08:20:00,510.6,128.2,122.9,34.2
2026-06-28 08:25:00,527.8,60.4,155.6,22.6
2026-06-28 08:30:00,490.5,106.6,127.1,28.1
2026-06-28 08:35:00,545.3,116.1,165.1,12.1
2026-06-28 08:40:00,526.7,78.4,104.9,31.5
2026-06-28 08:45:00,570.3,62.9,125.6,15.3
2026-06-28 08:50:00,701.7,44.4,85.9,22.4
2026-06-28 08:55:00,642.9,63.9,147.3,34.8
2026-06-28 09:00:00,532.8,80.4,92.4,30.6
2026-06-28 09:05:00,574.6,106.3,122.9,22.7
2026-06-28 09:10:00,570.7,63.0,169.5,13.3
2026-06-28 09:15:00,651.7,90.9,134.7,23.6
2026-06-28 09:20:00,760.1,106.5,99.9,20.9
2026-06-28 09:25:00,538.6,98.6,65.7,20.8
2026-06-28 09:30:00,721.2,97.4,92.7,19.0
2026-06-28 09:35:00,775.6,63.8,131.8,21.9
2026-06-28 09:40:00,626.0,107.7,141.2,23.0
2026-06-28 09:45:00,625.8,74.2,118.5,40.4
2026-06-28 09:50:00,616.9,58.8,89.7,16.1
2026-06-28 09:55:00,647.9,69.6,112.2,34.2
2026-06-28 10:00:00,464.0,84.2,113.5,34.9
2026-06-28 10:05:00,622.7,97.9,149.1,6.8
2026-06-28 10:10:00,501.1,63.7,142.0,18.4
2026-06-28 10:15:00,532.1,112.1,127.5,24.1
2026-06-28 10:20:00,694.5,82.6,146.5,26.1
2026-06-28 10:25:00,647.0,90.1,129.4,12.9
2026-06-28 10:30:00,647.5,66.0,147.1,23.3
2026-06-28 10:35:00,509.2,132.0,133.0,28.4
2026-06-28 10:40:00,530.4,95.4,129.6,13.0
2026-06-28 10:45:00,386.2,101.9,119.1,24.5
2026-06-28 10:50:00,534.6,63.0,168.3,17.7
2026-06-28 10:55:00,504.3,83.9,131.3,23.3
2026-06-28 11:00:00,597.4,55.1,110.8,18.5
2026-06-28 11:05:00,573.1,21.4,87.9,21.9
2026-06-28 11:10:00,629.7,81.2,152.3,21.8
2026-06-28 11:15:00,650.3,98.9,116.6,38.4
2026-06-28 11:20:00,526.4,71.9,125.9,41.8
2026-06-28 11:25:00,615.8,86.2,158.0,41.6
2026-06-28 11:30:00,570.0,137.1,133.2,6.5
2026-06-28 11:35:00,544.8,96.1,133.0,30.0
2026-06-28 11:40:00,612.7,110.3,131.6,22.7
2026-06-28 11:45:00,694.4,38.0,124.2,16.5
2026-06-28 11:50:00,720.4,56.8,110.5,36.6
2026-06-28 11:55:00,773.4,83.4,132.0,23.9
2026-06-28 12:00:00,716.6,49.7,98.7,32.4
2026-06-28 12:05:00,606.6,79.2,111.2,33.1
2026-06-28 12:10:00,668.4,62.0,74.0,30.4
2026-06-28 12:15:00,602.7,134.3,98.2,22.3
2026-06-28 12:20:00,566.6,117.6,135.6,22.4
2026-06-28 12:25:00,580.5,103.2,134.6,25.8
2026-06-28 12:30:00,647.1,63.9,137.4,36.6
2026-06-28 12:35:00,597.7,79.9,44.1,33.3
2026-06-28 12:40:00,565.2,97.4,122.1,23.0
2026-06-28 12:45:00,634.9,55.1,146.5,24.3
2026-06-28 12:50:00,595.4,118.3,138.1,39.3
2026-06-28 12:55:00,553.6,101.1,118.0,15.1
2026-06-28 13:00:00,690.3,68.2,136.5,10.0
2026-06-28 13:05:00,561.3,87.7,94.8,18.1
2026-06-28 13:10:00,634.1,69.6,144.6,41.9
2026-06-28 13:15:00,589.8,65.5,113.8,15.4
2026-06-28 13:20:00,627.1,62.6,99.0,17.6
2026-06-28 13:25:00,593.2,63.5,119.0,27.5
2026-06-28 13:30:00,486.8,43.8,104.2,26.5
2026-06-28 13:35:00,637.2,67.7,90.4,34.3
2026-06-28 13:40:00,627.1,47.9,114.5,35.1
2026-06-28 13:45:00,638.4,87.9,127.0,21.6
2026-06-28 13:50:00,549.7,77.1,139.9,28.1
2026-06-28 13:55:00,553.2,98.4,131.6,26.7
2026-06-28 14:00:00,596.4,61.5,180.0,18.7
2026-06-28 14:05:00,621.6,78.2,126.7,29.3
2026-06-28 14:10:00,594.9,47.1,159.5,26.0
2026-06-28 14:15:00,617.4,63.9,126.0,27.7
2026-06-28 14:20:00,550.0,111.7,137.3,20.0
2026-06-28 14:25:00,453.1,67.9,120.9,35.0
2026-06-28 14:30:00,537.1,60.2,129.9,16.6
2026-06-28 14:35:00,506.0,112.9,134.4,18.4
2026-06-28 14:40:00,580.8,94.2,145.3,41.2
2026-06-28 14:45:00,578.5,119.4,78.9,21.7
2026-06-28 14:50:00,560.5,54.6,113.2,25.6
2026-06-28 14:55:00,725.9,45.6,95.4,23.6
2026-06-28 15:00:00,662.9,100.1,68.3,15.8
2026-06-28 15:05:00,635.5,45.1,134.0,14.3
2026-06-28 15:10:00,564.7,78.1,113.2,21.2
2026-06-28 15:15:00,541.0,75.9,105.2,22.1
2026-06-28 15:20:00,550.8,61.4,124.6,18.3
2026-06-28 15:25:00,706.6,54.5,137.8,28.5
2026-06-28 15:30:00,678.4,79.5,134.2,32.4
2026-06-28 15:35:00,565.1,102.3,105.5,27.5
2026-06-28 15:40:00,653.3,79.8,123.2,21.7
2026-06-28 15:45:00,680.8,49.1,142.0,33.1
2026-06-28 15:50:00,584.0,78.4,71.3,29.8
2026-06-28 15:55:00,540.4,43.7,96.6,37.3
2026-06-28 16:00:00,521.0,93.9,117.8,19.9
2026-06-28 16:05:00,653.4,89.6,82.4,18.4
2026-06-28 16:10:00,577.1,84.7,94.0,31.4
2026-06-28 16:15:00,526.9,105.4,152.5,24.9
2026-06-28 16:20:00,513.7,78.3,125.5,26.8
2026-06-28 16:25:00,588.5,52.4,119.2,43.5
2026-06-28 16:30:00,713.5,55.2,95.4,17.2
2026-06-28 16:35:00,631.3,97.3,109.6,28.3
2026-06-28 16:40:00,522.5,81.3,86.0,26.4
2026-06-28 16:45:00,604.2,82.8,112.7,34.8
2026-06-28 16:50:00,611.3,81.4,75.6,8.4
2026-06-28 16:55:00,604.8,65.8,152.7,21.5
2026-06-28 17:00:00,516.8,64.9,97.5,29.7
2026-06-28 17:05:00,544.5,76.0,94.4,25.3
2026-06-28 17:10:00,570.6,51.9,117.3,26.1
2026-06-28 17:15:00,644.7,92.7,130.2,19.5
2026-06-28 17:20:00,473.8,94.1,122.1,29.8
2026-06-28 17:25:00,569.1,58.9,137.6,34.5
2026-06-28 17:30:00,587.3,31.7,99.4,38.4
2026-06-28 17:35:00,609.5,71.5,123.1,26.0
2026-06-28 17:40:00,561.1,67.0,120.5,24.8
2026-06-28 17:45:00,566.0,119.9,130.6,27.2
2026-06-28 17:50:00,625.8,116.5,131.2,18.5
2026-06-28 17:55:00,624.3,64.9,140.9,22.6
2026-06-28 18:00:00,611.1,77.4,168.9,18.0
2026-06-28 18:05:00,552.9,98.8,116.7,28.2
2026-06-28 18:10:00,703.3,100.8,92.0,19.5
2026-06-28 18:15:00,715.2,140.3,106.9,25.7
2026-06-28 18:20:00,731.8,75.7,111.3,25.7
2026-06-28 18:25:00,627.8,110.3,136.7,23.6
2026-06-28 18:30:00,618.2,108.9,136.4,37.5
2026-06-28 18:35:00,558.1,52.0,126.4,32.0
2026-06-28 18:40:00,587.1,49.8,123.7,29.7
2026-06-28 18:45:00,626.8,85.3,112.2,32.2
2026-06-28 18:50:00,509.4,81.2,119.9,20.7
2026-06-28 18:55:00,591.5,92.1,88.8,19.0
2026-06-28 19:00:00,753.9,66.4,117.8,29.7
2026-06-28 19:05:00,540.6,78.6,125.0,17.9
2026-06-28 19:10:00,686.4,65.7,145.0,19.8
2026-06-28 19:15:00,592.9,94.1,82.0,23.8
2026-06-28 19:20:00,558.7,93.7,128.8,5.0
2026-06-28 19:25:00,574.9,36.0,164.6,19.0
2026-06-28 19:30:00,587.1,104.5,126.3,31.7
2026-06-28 19:35:00,577.8,99.1,115.7,26.0
2026-06-28 19:40:00,595.2,99.7,136.7,29.8
2026-06-28 19:45:00,677.7,76.9,120.8,30.7
2026-06-28 19:50:00,641.5,102.7,91.9,17.8
2026-06-28 19:55:00,651.6,111.6,118.2,8.7
2026-06-28 20:00:00,517.6,86.7,137.5,25.7
2026-06-28 20:05:00,545.5,85.8,66.4,22.9
2026-06-28 20:10:00,503.3,91.5,110.2,19.9
2026-06-28 20:15:00,620.5,109.1,88.1,20.3
2026-06-28 20:20:00,480.7,110.2,118.6,33.6
2026-06-28 20:25:00,485.6,94.8,134.5,18.2
2026-06-28 20:30:00,583.3,71.3,114.9,28.9
2026-06-28 20:35:00,479.6,69.2,107.3,30.8
2026-06-28 20:40:00,552.7,70.1,100.6,33.5
2026-06-28 20:45:00,562.2,58.8,100.9,14.5
2026-06-28 20:50:00,562.2,83.1,135.6,23.1
2026-06-28 20:55:00,539.3,87.2,133.8,44.9
2026-06-28 21:00:00,611.1,83.5,162.3,46.3
2026-06-28 21:05:00,688.4,46.5,132.0,40.9
2026-06-28 21:10:00,581.8,64.5,144.6,30.7
2026-06-28 21:15:00,719.2,72.5,93.1,27.4
2026-06-28 21:20:00,633.6,63.0,113.7,18.9
2026-06-28 21:25:00,615.4,42.3,90.3,11.5
2026-06-28 21:30:00,586.0,69.8,113.4,32.5
2026-06-28 21:35:00,653.4,92.3,105.7,21.6
2026-06-28 21:40:00,628.2,38.4,127.2,13.5
2026-06-28 21:45:00,700.7,68.6,118.5,28.8
2026-06-28 21:50:00,585.7,118.3,135.2,48.6
2026-06-28 21:55:00,524.6,95.7,149.5,28.8
2026-06-28 22:00:00,592.3,99.4,127.4,21.5
2026-06-28 22:05:00,511.8,72.2,118.2,30.3
2026-06-28 22:10:00,654.2,109.8,124.4,19.6
2026-06-28 22:15:00,532.6,73.7,166.0,21.5
2026-06-28 22:20:00,606.4,77.0,99.7,28.7
2026-06-28 22:25:00,675.0,93.6,120.8,12.3
2026-06-28 22:30:00,544.2,55.4,95.4,27.3
2026-06-28 22:35:00,462.4,44.8,111.8,23.7
2026-06-28 22:40:00,614.9,92.9,134.3,24.3
2026-06-28 22:45:00,598.9,71.1,129.1,20.5
2026-06-28 22:50:00,567.0,76.8,121.8,37.3
2026-06-28 22:55:00,591.6,89.5,82.6,16.6
2026-06-28 23:00:00,637.5,76.4,140.2,21.7
2026-06-28 23:05:00,733.5,89.5,152.8,27.9
2026-06-28 23:10:00,497.6,98.4,80.6,37.1
2026-06-28 23:15:00,534.2,79.1,135.0,15.0
2026-06-28 23:20:00,552.4,88.6,89.7,28.8
2026-06-28 23:25:00,631.8,44.0,144.8,23.0
2026-06-28 23:30:00,632.3,91.0,141.0,42.8
2026-06-28 23:35:00,599.9,92.5,154.0,30.3
2026-06-28 23:40:00,686.2,115.8,107.2,23.2
2026-06-28 23:45:00,540.0,73.8,104.8,14.6
2026-06-28 23:50:00,668.8,72.4,167.2,25.0
2026-06-28 23:55:00,604.8,93.5,115.7,24.1
2026-06-29 00:00:00,602.3,75.2,107.8,5.4
2026-06-29 00:05:00,599.8,102.3,100.5,24.2
2026-06-29 00:10:00,626.8,75.4,83.7,36.9
2026-06-29 00:15:00,573.8,94.8,110.8,29.5
2026-06-29 00:20:00,634.8,66.8,142.1,24.7
2026-06-29 00:25:00,653.2,67.1,84.1,24.3
2026-06-29 00:30:00,533.3,86.0,117.6,21.3
2026-06-29 00:35:00,599.7,123.4,120.9,19.6
2026-06-29 00:40:00,599.6,74.1,89.2,28.3
2026-06-29 00:45:00,516.5,75.3,85.4,21.3
2026-06-29 00:50:00,632.6,80.9,116.6,26.6
2026-06-29 00:55:00,582.8,70.5,145.9,30.7
2026-06-29 01:00:00,604.6,66.9,94.2,12.0
2026-06-29 01:05:00,565.4,115.5,107.5,13.4
2026-06-29 01:10:00,607.5,53.9,119.2,19.1
2026-06-29 01:15:00,656.9,64.5,159.2,21.5
2026-06-29 01:20:00,665.0,88.4,137.4,18.1
2026-06-29 01:25:00,507.3,100.9,158.5,18.6
2026-06-29 01:30:00,601.5,126.9,140.9,18.2
2026-06-29 01:35:00,594.5,76.4,145.4,19.1
2026-06-29 01:40:00,707.8,46.7,80.6,30.1
2026-06-29 01:45:00,532.0,70.7,55.8,20.6
2026-06-29 01:50:00,444.0,102.1,142.2,32.3
2026-06-29 01:55:00,570.9,63.9,129.3,34.0
2026-06-29 02:00:00,528.9,87.5,66.1,29.3
2026-06-29 02:05:00,477.9,110.0,99.7,13.6
2026-06-29 02:10:00,563.0,76.3,108.6,18.7
2026-06-29 02:15:00,606.6,112.4,139.1,30.4
2026-06-29 02:20:00,628.1,59.8,122.0,38.0
2026-06-29 02:25:00,539.0,64.6,141.1,10.2
2026-06-29 02:30:00,616.7,59.2,89.6,31.8
2026-06-29 02:35:00,705.2,48.2,77.8,17.7
2026-06-29 02:40:00,521.2,70.4,71.5,11.2
2026-06-29 02:45:00,544.0,67.2,132.3,30.7
2026-06-29 02:50:00,586.0,117.5,116.6,14.1
2026-06-29 02:55:00,638.2,81.6,122.9,13.8
2026-06-29 03:00:00,585.7,87.6,124.3,44.8
2026-06-29 03:05:00,510.6,84.7,68.5,11.5
2026-06-29 03:10:00,507.2,31.7,117.6,15.4
2026-06-29 03:15:00,536.7,78.2,145.5,24.4
2026-06-29 03:20:00,673.0,68.3,147.2,19.2
2026-06-29 03:25:00,675.4,41.4,102.4,27.4
2026-06-29 03:30:00,645.8,97.2,104.0,28.8
2026-06-29 03:35:00,597.4,46.0,130.6,16.9
2026-06-29 03:40:00,605.5,85.5,120.7,42.0
2026-06-29 03:45:00,517.8,71.8,88.5,12.5
2026-06-29 03:50:00,466.5,66.0,109.1,22.6
2026-06-29 03:55:00,597.5,91.0,137.7,23.8
2026-06-29 04:00:00,609.3,76.3,94.2,25.3
2026-06-29 04:05:00,508.4,75.3,168.1,30.7
2026-06-29 04:10:00,557.3,112.8,119.3,30.9
2026-06-29 04:15:00,579.3,103.5,109.3,24.4
2026-06-29 04:20:00,591.1,74.0,143.3,33.6
2026-06-29 04:25:00,567.5,62.2,128.6,13.7
2026-06-29 04:30:00,644.6,68.5,137.3,26.6
2026-06-29 04:35:00,646.3,92.8,79.6,32.3
2026-06-29 04:40:00,585.3,77.9,124.2,25.0
2026-06-29 04:45:00,635.3,73.4,137.6,22.7
2026-06-29 04:50:00,585.9,72.8,124.7,24.1
2026-06-29 04:55:00,713.4,103.3,140.7,26.6
2026-06-29 05:00:00,587.0,70.0,157.8,26.6
2026-06-29 05:05:00,547.5,68.0,139.1,31.1
2026-06-29 05:10:00,629.0,143.9,121.4,30.8
2026-06-29 05:15:00,490.4,89.5,161.6,23.1
2026-06-29 05:20:00,591.8,22.1,153.6,26.8
2026-06-29 05:25:00,690.0,40.9,145.4,21.9
2026-06-29 05:30:00,468.2,109.0,107.9,11.2
2026-06-29 05:35:00,607.0,103.4,98.9,35.6
2026-06-29 05:40:00,559.8,95.0,113.4,37.6
2026-06-29 05:45:00,538.9,78.6,130.0,26.7
2026-06-29 05:50:00,574.7,100.5,107.5,22.3
2026-06-29 05:55:00,501.2,71.6,123.8,20.6
2026-06-29 06:00:00,609.6,77.3,128.6,36.5
2026-06-29 06:05:00,597.5,53.3,150.3,19.1
2026-06-29 06:10:00,651.1,76.4,162.7,18.8
2026-06-29 06:15:00,533.3,10.1,120.9,7.3
2026-06-29 06:20:00,532.5,83.3,100.5,30.0
2026-06-29 06:25:00,581.7,70.1,140.2,37.2
2026-06-29 06:30:00,544.4,87.0,103.8,29.0
2026-06-29 06:35:00,583.5,54.1,92.9,20.7
2026-06-29 06:40:00,598.1,83.0,151.6,10.1
2026-06-29 06:45:00,533.5,135.8,106.1,28.8
2026-06-29 06:50:00,641.3,76.2,150.8,27.6
2026-06-29 06:55:00,698.6,70.5,89.7,19.9
2026-06-29 07:00:00,661.2,87.1,139.9,23.9
2026-06-29 07:05:00,484.6,19.9,167.8,30.2
2026-06-29 07:10:00,677.6,68.0,87.1,31.1
2026-06-29 07:15:00,560.2,78.6,134.5,29.9
2026-06-29 07:20:00,634.4,81.1,109.1,35.7
2026-06-29 07:25:00,676.3,107.5,96.8,27.0
2026-06-29 07:30:00,579.6,94.8,196.7,30.3
2026-06-29 07:35:00,668.3,56.5,92.9,22.0
2026-06-29 07:40:00,745.3,40.3,133.5,17.1
2026-06-29 07:45:00,613.2,99.8,98.0,29.1
2026-06-29 07:50:00,667.4,71.1,123.5,28.5
2026-06-29 07:55:00,553.2,85.1,122.5,20.9
2026-06-29 08:00:00,603.9,109.9,135.2,32.8
2026-06-29 08:05:00,553.5,87.1,118.8,23.1
2026-06-29 08:10:00,593.3,55.2,119.5,9.4
2026-06-29 08:15:00,642.0,80.7,128.7,26.1
2026-06-29 08:20:00,612.3,75.0,132.0,14.1
2026-06-29 08:25:00,651.8,59.3,143.6,5.0
2026-06-29 08:30:00,655.8,100.8,109.4,23.0
2026-06-29 08:35:00,653.4,91.5,87.4,30.1
2026-06-29 08:40:00,605.5,118.5,100.7,21.6
2026-06-29 08:45:00,622.2,68.6,132.2,26.0
2026-06-29 08:50:00,495.0,63.5,90.9,22.2
2026-06-29 08:55:00,691.5,83.5,89.8,22.4
2026-06-29 09:00:00,543.0,63.1,95.5,11.6
2026-06-29 09:05:00,540.8,103.7,103.3,6.0
2026-06-29 09:10:00,642.4,77.7,97.8,26.1
2026-06-29 09:15:00,581.3,65.2,121.4,20.3
2026-06-29 09:20:00,534.1,87.6,116.6,14.0
2026-06-29 09:25:00,625.6,83.2,134.1,22.8
2026-06-29 09:30:00,586.9,67.8,101.7,14.1
2026-06-29 09:35:00,688.5,85.9,138.0,24.1
2026-06-29 09:40:00,546.2,87.5,96.2,5.0
2026-06-29 09:45:00,628.1,77.1,170.6,34.7
2026-06-29 09:50:00,564.5,92.2,84.0,32.8
2026-06-29 09:55:00,640.0,50.9,120.9,17.3
2026-06-29 10:00:00,510.1,66.1,129.6,28.3
2026-06-29 10:05:00,614.6,112.3,139.0,19.9
2026-06-29 10:10:00,567.7,75.1,76.0,43.0
2026-06-29 10:15:00,546.0,94.5,90.1,12.8
2026-06-29 10:20:00,535.7,56.2,116.4,33.9
2026-06-29 10:25:00,576.9,60.3,105.1,32.3
2026-06-29 10:30:00,567.2,91.0,134.3,15.7
2026-06-29 10:35:00,479.9,99.2,108.6,33.8
2026-06-29 10:40:00,641.4,36.8,137.0,21.3
2026-06-29 10:45:00,454.3,70.5,77.9,18.6
2026-06-29 10:50:00,506.3,95.3,150.0,27.1
2026-06-29 10:55:00,573.4,56.5,159.7,23.1
2026-06-29 11:00:00,493.9,101.8,151.7,25.9
2026-06-29 11:05:00,563.4,92.4,133.3,19.4
2026-06-29 11:10:00,547.0,35.8,90.4,25.0
2026-06-29 11:15:00,656.8,84.7,115.0,33.2
2026-06-29 11:20:00,523.3,105.4,111.5,16.7
2026-06-29 11:25:00,670.6,77.5,119.9,27.7
2026-06-29 11:30:00,578.7,87.4,108.0,19.8
2026-06-29 11:35:00,481.8,55.9,126.8,19.6
2026-06-29 11:40:00,599.8,76.8,97.5,44.3
2026-06-29 11:45:00,693.3,91.6,86.8,37.3
2026-06-29 11:50:00,534.2,95.4,130.3,20.1
2026-06-29 11:55:00,666.6,77.1,133.6,20.5
2026-06-29 12:00:00,649.3,67.8,92.0,18.5
2026-06-29 12:05:00,531.5,69.6,125.3,31.5
2026-06-29 12:10:00,651.5,94.5,149.7,14.2
2026-06-29 12:15:00,580.0,85.6,119.8,28.1
2026-06-29 12:20:00,414.7,93.2,136.1,44.0
2026-06-29 12:25:00,695.2,15.2,77.2,26.5
2026-06-29 12:30:00,559.5,66.6,114.4,33.3
2026-06-29 12:35:00,580.2,107.4,114.4,32.3
2026-06-29 12:40:00,539.4,93.5,134.7,21.2
2026-06-29 12:45:00,631.6,89.9,123.4,13.9
2026-06-29 12:50:00,647.9,95.7,141.5,33.2
2026-06-29 12:55:00,606.5,89.9,91.8,33.1
2026-06-29 13:00:00,580.2,100.1,102.4,40.4
2026-06-29 13:05:00,596.4,107.3,140.6,25.1
2026-06-29 13:10:00,615.1,95.2,138.0,16.9
2026-06-29 13:15:00,629.3,60.4,104.7,25.9
2026-06-29 13:20:00,532.4,62.5,114.8,19.2
2026-06-29 13:25:00,518.9,62.0,107.2,31.8
2026-06-29 13:30:00,689.4,133.0,76.4,31.0
2026-06-29 13:35:00,581.8,92.7,124.5,30.2
2026-06-29 13:40:00,460.9,92.2,89.2,19.7
2026-06-29 13:45:00,704.1,72.7,115.6,23.6
2026-06-29 13:50:00,643.9,107.5,102.9,11.9
2026-06-29 13:55:00,592.5,85.4,112.4,17.3
2026-06-29 14:00:00,567.5,75.4,167.3,19.8
2026-06-29 14:05:00,667.7,67.7,74.8,15.9
2026-06-29 14:10:00,652.7,69.4,174.3,21.0
2026-06-29 14:15:00,658.5,61.5,119.0,26.5
2026-06-29 14:20:00,537.0,77.9,136.0,16.0
2026-06-29 14:25:00,570.3,73.0,82.3,16.8
2026-06-29 14:30:00,672.3,88.2,149.0,26.6
2026-06-29 14:35:00,696.4,66.5,118.3,23.8
2026-06-29 14:40:00,630.9,74.8,106.6,28.2
2026-06-29 14:45:00,505.9,69.5,104.3,32.4
2026-06-29 14:50:00,694.8,78.5,69.0,29.9
2026-06-29 14:55:00,573.0,114.1,94.9,32.2
2026-06-29 15:00:00,620.6,62.4,96.3,29.2
2026-06-29 15:05:00,607.1,22.1,94.5,5.0
2026-06-29 15:10:00,605.3,67.7,144.3,18.1
2026-06-29 15:15:00,476.9,112.4,128.5,13.5
2026-06-29 15:20:00,624.5,73.1,154.0,24.5
2026-06-29 15:25:00,586.1,118.2,79.4,21.9
2026-06-29 15:30:00,530.2,109.1,97.6,32.0
2026-06-29 15:35:00,601.2,63.3,127.5,11.3
2026-06-29 15:40:00,839.8,56.5,103.2,14.0
2026-06-29 15:45:00,492.3,71.9,103.9,20.6
2026-06-29 15:50:00,582.4,49.2,128.0,29.0
2026-06-29 15:55:00,566.7,51.8,100.9,21.9
2026-06-29 16:00:00,630.7,62.0,64.9,30.0
2026-06-29 16:05:00,532.8,78.9,103.0,23.5
2026-06-29 16:10:00,530.4,90.7,150.6,25.2
2026-06-29 16:15:00,545.4,88.0,119.1,26.6
2026-06-29 16:20:00,603.5,42.1,113.7,7.6
2026-06-29 16:25:00,560.3,87.2,133.9,29.0
2026-06-29 16:30:00,703.7,68.3,108.7,22.6
2026-06-29 16:35:00,566.5,110.0,57.8,29.6
2026-06-29 16:40:00,626.2,82.9,82.1,39.0
2026-06-29 16:45:00,715.3,51.5,102.1,35.3
2026-06-29 16:50:00,671.8,76.7,120.7,24.2
2026-06-29 16:55:00,644.4,73.1,148.9,30.0
2026-06-29 17:00:00,659.3,76.3,104.4,18.8
2026-06-29 17:05:00,577.2,86.4,147.8,14.1
2026-06-29 17:10:00,465.1,32.0,144.0,16.9
2026-06-29 17:15:00,554.9,124.1,104.3,31.0
2026-06-29 17:20:00,617.4,103.8,126.3,20.0
2026-06-29 17:25:00,553.7,61.1,131.2,24.9
2026-06-29 17:30:00,529.5,68.0,132.0,24.4
2026-06-29 17:35:00,593.7,99.9,115.6,44.7
2026-06-29 17:40:00,542.1,37.1,136.2,12.8
2026-06-29 17:45:00,604.1,85.9,155.6,23.5
2026-06-29 17:50:00,527.2,88.4,176.5,29.4
2026-06-29 17:55:00,670.2,84.5,128.0,27.3
2026-06-29 18:00:00,544.2,60.2,123.0,22.4
2026-06-29 18:05:00,617.2,97.5,110.9,20.4
2026-06-29 18:10:00,694.9,92.5,102.4,32.8
2026-06-29 18:15:00,635.6,45.3,79.9,15.7
2026-06-29 18:20:00,577.6,91.8,77.3,26.4
2026-06-29 18:25:00,695.0,48.4,137.0,18.5
2026-06-29 18:30:00,523.0,73.7,105.4,19.2
2026-06-29 18:35:00,682.7,40.7,104.7,20.9
2026-06-29 18:40:00,525.1,44.9,122.4,23.6
2026-06-29 18:45:00,614.8,100.9,144.0,21.4
2026-06-29 18:50:00,472.9,100.7,109.7,25.7
2026-06-29 18:55:00,551.3,83.4,63.1,30.2
2026-06-29 19:00:00,710.4,54.7,87.9,28.8
2026-06-29 19:05:00,496.0,84.0,168.5,25.6
2026-06-29 19:10:00,694.3,97.8,156.9,25.1
2026-06-29 19:15:00,594.3,76.4,171.5,26.1
2026-06-29 19:20:00,594.3,95.3,118.4,25.1
2026-06-29 19:25:00,746.8,77.5,95.5,26.9
2026-06-29 19:30:00,601.6,73.1,117.6,12.6
2026-06-29 19:35:00,633.5,82.7,105.4,14.1
2026-06-29 19:40:00,549.7,70.6,161.2,25.6
2026-06-29 19:45:00,551.3,114.4,113.5,28.0
2026-06-29 19:50:00,595.8,75.7,201.5,10.1
2026-06-29 19:55:00,503.5,88.6,136.5,27.9
2026-06-29 20:00:00,622.1,73.5,155.1,18.5
2026-06-29 20:05:00,638.6,100.8,79.6,28.6
2026-06-29 20:10:00,573.1,83.1,171.2,15.8
2026-06-29 20:15:00,573.6,109.7,119.5,40.7
2026-06-29 20:20:00,596.4,75.6,113.3,27.6
2026-06-29 20:25:00,626.8,78.3,95.4,33.4
2026-06-29 20:30:00,624.7,112.6,86.8,22.9
2026-06-29 20:35:00,669.8,95.8,129.2,31.1
2026-06-29 20:40:00,527.2,115.1,94.3,29.3
2026-06-29 20:45:00,572.0,119.2,151.8,20.3
2026-06-29 20:50:00,636.5,75.5,112.1,22.8
2026-06-29 20:55:00,623.6,130.7,115.8,36.9
2026-06-29 21:00:00,596.5,94.9,93.6,34.2
2026-06-29 21:05:00,529.1,44.6,137.0,13.7
2026-06-29 21:10:00,569.7,80.6,111.0,33.1
2026-06-29 21:15:00,632.9,34.8,102.6,22.6
2026-06-29 21:20:00,553.4,87.6,96.7,23.0
2026-06-29 21:25:00,670.6,94.2,144.6,22.2
2026-06-29 21:30:00,623.7,61.9,122.1,31.9
2026-06-29 21:35:00,603.9,102.5,110.7,34.7
2026-06-29 21:40:00,552.7,76.0,145.9,31.1
2026-06-29 21:45:00,613.5,70.9,125.7,24.3
2026-06-29 21:50:00,636.2,119.8,122.3,25.6
2026-06-29 21:55:00,533.6,81.3,104.8,22.5
2026-06-29 22:00:00,606.3,84.4,137.5,14.9
2026-06-29 22:05:00,689.6,87.5,138.7,26.7
2026-06-29 22:10:00,622.5,47.9,127.1,35.0
2026-06-29 22:15:00,527.8,45.9,122.4,32.9
2026-06-29 22:20:00,530.1,111.2,166.9,22.1
2026-06-29 22:25:00,600.3,77.5,98.9,23.4
2026-06-29 22:30:00,638.1,35.1,111.8,25.6
2026-06-29 22:35:00,657.6,51.3,98.5,24.6
2026-06-29 22:40:00,587.3,89.4,124.4,20.9
2026-06-29 22:45:00,438.1,85.4,95.3,28.3
2026-06-29 22:50:00,612.0,60.9,112.2,18.6
2026-06-29 22:55:00,547.8,105.7,141.0,27.8
2026-06-29 23:00:00,540.0,48.8,93.4,35.8
2026-06-29 23:05:00,578.6,114.5,140.9,20.2
2026-06-29 23:10:00,483.5,35.2,91.7,26.1
2026-06-29 23:15:00,615.7,91.6,124.5,27.1
2026-06-29 23:20:00,518.7,84.3,130.1,30.6
2026-06-29 23:25:00,589.3,95.7,146.3,19.6
2026-06-29 23:30:00,571.5,41.2,142.6,12.2
2026-06-29 23:35:00,650.9,68.7,98.5,40.8
2026-06-29 23:40:00,576.0,89.5,126.6,30.7
2026-06-29 23:45:00,612.5,46.9,100.1,18.2
2026-06-29 23:50:00,632.3,109.9,134.8,11.4
2026-06-29 23:55:00,566.7,40.9,146.0,20.7
2026-06-30 00:00:00,544.7,48.3,118.9,27.9
2026-06-30 00:05:00,651.4,53.0,120.7,17.1
2026-06-30 00:10:00,641.6,90.8,118.0,27.5
2026-06-30 00:15:00,633.2,85.5,106.7,25.5
2026-06-30 00:20:00,623.7,65.7,103.4,26.7
2026-06-30 00:25:00,624.9,70.6,144.3,39.5
2026-06-30 00:30:00,622.0,92.3,113.9,35.4
2026-06-30 00:35:00,622.3,78.6,123.4,17.5
2026-06-30 00:40:00,531.0,125.4,135.0,15.8
2026-06-30 00:45:00,555.4,67.6,125.5,17.7
2026-06-30 00:50:00,468.0,109.1,102.9,20.0
2026-06-30 00:55:00,636.7,52.1,118.5,32.0
2026-06-30 01:00:00,615.4,89.6,135.1,22.7
2026-06-30 01:05:00,551.0,86.3,128.7,22.4
2026-06-30 01:10:00,582.4,80.5,86.2,36.1
2026-06-30 01:15:00,653.1,69.1,83.8,26.7
2026-06-30 01:20:00,562.2,62.3,102.0,29.2
2026-06-30 01:25:00,650.6,71.0,112.2,13.8
2026-06-30 01:30:00,628.5,70.5,103.0,24.6
2026-06-30 01:35:00,634.2,67.9,76.4,21.1
2026-06-30 01:40:00,679.8,63.8,86.1,14.9
2026-06-30 01:45:00,727.4,60.6,110.6,22.6
2026-06-30 01:50:00,554.9,81.9,161.5,19.1
2026-06-30 01:55:00,531.2,97.5,176.9,30.1
2026-06-30 02:00:00,643.6,112.9,135.6,24.9
2026-06-30 02:05:00,590.8,77.3,115.8,24.5
2026-06-30 02:10:00,726.6,127.7,120.8,13.0
2026-06-30 02:15:00,574.3,61.6,122.2,31.7
2026-06-30 02:20:00,564.1,28.2,126.9,11.3
2026-06-30 02:25:00,546.7,85.3,116.6,20.1
2026-06-30 02:30:00,580.9,75.9,108.6,22.5
2026-06-30 02:35:00,714.3,83.2,162.7,28.8
2026-06-30 02:40:00,578.7,78.4,89.1,22.5
2026-06-30 02:45:00,553.8,87.8,143.0,17.6
2026-06-30 02:50:00,622.4,62.3,75.5,32.1
2026-06-30 02:55:00,527.5,87.1,130.9,11.3
2026-06-30 03:00:00,624.0,105.7,78.9,30.6
2026-06-30 03:05:00,590.1,103.7,166.8,28.9
2026-06-30 03:10:00,480.3,74.4,101.2,23.2
2026-06-30 03:15:00,607.2,74.7,123.7,25.4
2026-06-30 03:20:00,731.1,118.2,143.6,21.6
2026-06-30 03:25:00,485.2,113.0,92.8,17.0
2026-06-30 03:30:00,545.9,73.8,122.5,15.3
2026-06-30 03:35:00,592.6,86.1,112.8,16.5
2026-06-30 03:40:00,556.4,81.9,144.8,14.8
2026-06-30 03:45:00,510.4,64.7,145.7,32.5
2026-06-30 03:50:00,556.9,91.6,128.8,30.2
2026-06-30 03:55:00,649.6,81.0,86.5,22.9
2026-06-30 04:00:00,625.6,105.7,107.5,5.9
2026-06-30 04:05:00,580.3,79.9,117.8,20.0
2026-06-30 04:10:00,481.8,49.8,151.4,29.7
2026-06-30 04:15:00,628.4,71.3,85.3,24.9
2026-06-30 04:20:00,574.0,82.5,113.3,17.3
2026-06-30 04:25:00,651.4,70.5,152.5,21.7
2026-06-30 04:30:00,698.5,110.1,114.6,31.2
2026-06-30 04:35:00,568.3,99.6,119.8,40.5
2026-06-30 04:40:00,608.7,21.9,73.9,33.7
2026-06-30 04:45:00,533.0,111.7,108.5,22.5
2026-06-30 04:50:00,668.7,94.5,133.9,16.7
2026-06-30 04:55:00,484.9,79.6,100.0,19.9
2026-06-30 05:00:00,573.0,74.6,76.2,35.0
2026-06-30 05:05:00,615.1,26.9,96.0,23.9
2026-06-30 05:10:00,692.1,56.1,151.6,5.8
2026-06-30 05:15:00,574.7,94.2,129.2,9.3
2026-06-30 05:20:00,588.3,98.9,142.3,16.8
2026-06-30 05:25:00,610.9,67.9,135.0,5.0
2026-06-30 05:30:00,544.2,82.0,182.2,31.9
2026-06-30 05:35:00,523.4,85.7,145.5,43.1
2026-06-30 05:40:00,601.8,71.0,119.1,32.4
2026-06-30 05:45:00,473.2,112.3,113.6,33.1
2026-06-30 05:50:00,621.7,42.7,132.1,32.6
2026-06-30 05:55:00,784.6,62.0,150.3,15.1
2026-06-30 06:00:00,601.7,80.2,99.3,23.6
2026-06-30 06:05:00,593.1,103.5,131.3,25.2
2026-06-30 06:10:00,721.2,71.0,124.7,38.9
2026-06-30 06:15:00,681.6,49.0,127.9,19.5
2026-06-30 06:20:00,561.0,97.5,112.4,30.5
2026-06-30 06:25:00,597.8,92.8,134.3,19.0
2026-06-30 06:30:00,592.9,75.8,152.7,15.4
2026-06-30 06:35:00,666.6,71.7,129.1,16.0
2026-06-30 06:40:00,556.8,80.0,75.4,11.7
2026-06-30 06:45:00,599.4,109.7,96.5,24.1
2026-06-30 06:50:00,645.6,98.9,163.1,31.1
2026-06-30 06:55:00,638.8,53.5,90.1,45.4
2026-06-30 07:00:00,645.8,62.1,88.6,31.0
2026-06-30 07:05:00,597.2,97.4,105.3,18.2
2026-06-30 07:10:00,646.0,70.5,100.8,33.4
2026-06-30 07:15:00,518.9,49.7,120.3,31.6
2026-06-30 07:20:00,588.6,58.7,131.6,23.7
2026-06-30 07:25:00,597.7,62.6,130.3,16.7
2026-06-30 07:30:00,593.6,80.5,108.0,11.1
2026-06-30 07:35:00,575.0,65.5,106.7,18.4
2026-06-30 07:40:00,606.5,42.3,111.9,25.7
2026-06-30 07:45:00,560.6,76.1,151.1,36.1
2026-06-30 07:50:00,584.0,101.6,108.8,18.6
2026-06-30 07:55:00,691.8,72.0,129.2,26.1
2026-06-30 08:00:00,642.7,94.6,116.9,29.2
2026-06-30 08:05:00,589.6,94.6,106.4,19.5
2026-06-30 08:10:00,547.0,51.1,140.5,15.0
2026-06-30 08:15:00,563.9,98.8,105.0,24.8
2026-06-30 08:20:00,493.2,85.4,125.9,16.5
2026-06-30 08:25:00,563.5,88.7,136.1,12.6
2026-06-30 08:30:00,531.6,96.2,130.9,37.2
2026-06-30 08:35:00,533.7,86.2,128.2,20.2
2026-06-30 08:40:00,671.4,88.0,121.4,28.8
2026-06-30 08:45:00,558.7,104.9,122.9,27.2
2026-06-30 08:50:00,640.5,120.7,119.4,15.2
2026-06-30 08:55:00,633.8,58.3,107.3,27.0
2026-06-30 09:00:00,671.9,127.2,105.1,27.5
2026-06-30 09:05:00,569.4,88.9,119.7,26.1
2026-06-30 09:10:00,552.6,64.6,124.2,25.2
2026-06-30 09:15:00,658.4,85.1,126.5,29.2
2026-06-30 09:20:00,598.9,49.3,134.7,28.6
2026-06-30 09:25:00,534.2,112.0,91.5,29.9
2026-06-30 09:30:00,680.0,66.8,128.9,15.3
2026-06-30 09:35:00,584.9,61.8,127.9,11.1
2026-06-30 09:40:00,632.3,78.1,128.2,20.6
2026-06-30 09:45:00,496.8,107.0,130.6,24.1
2026-06-30 09:50:00,548.2,81.9,101.4,31.3
2026-06-30 09:55:00,724.3,61.3,125.3,40.7
2026-06-30 10:00:00,613.1,76.5,125.8,18.9
2026-06-30 10:05:00,584.0,28.4,77.7,34.4
2026-06-30 10:10:00,455.8,99.4,155.3,25.6
2026-06-30 10:15:00,551.9,49.1,97.8,20.0
2026-06-30 10:20:00,563.6,96.7,125.8,28.1
2026-06-30 10:25:00,632.4,88.2,67.2,27.9
2026-06-30 10:30:00,630.0,97.8,147.1,27.2
2026-06-30 10:35:00,557.5,97.5,105.0,36.0
2026-06-30 10:40:00,634.0,83.1,109.6,20.3
2026-06-30 10:45:00,565.5,115.9,95.3,27.9
2026-06-30 10:50:00,654.9,121.6,107.6,11.1
2026-06-30 10:55:00,550.9,36.3,123.1,12.7
2026-06-30 11:00:00,659.2,103.8,158.9,24.2
2026-06-30 11:05:00,549.3,85.2,141.9,18.6
2026-06-30 11:10:00,699.8,112.6,141.1,34.9
2026-06-30 11:15:00,667.2,81.6,90.1,31.5
2026-06-30 11:20:00,570.9,63.9,125.7,28.6
2026-06-30 11:25:00,620.5,60.4,109.3,24.0
2026-06-30 11:30:00,428.2,77.9,92.4,16.8
2026-06-30 11:35:00,637.4,39.7,104.0,5.0
2026-06-30 11:40:00,508.9,63.3,120.5,18.4
2026-06-30 11:45:00,491.9,55.2,110.6,27.8
2026-06-30 11:50:00,559.5,10.0,127.8,15.8
2026-06-30 11:55:00,609.4,74.8,88.8,36.4
2026-06-30 12:00:00,594.0,85.1,179.6,25.9
2026-06-30 12:05:00,634.0,98.7,125.5,30.4
2026-06-30 12:10:00,506.5,55.0,108.0,36.3
2026-06-30 12:15:00,527.8,103.6,111.9,17.1
2026-06-30 12:20:00,537.6,71.4,84.0,22.7
2026-06-30 12:25:00,669.9,60.0,81.6,30.0
2026-06-30 12:30:00,597.8,72.1,115.2,12.6
2026-06-30 12:35:00,560.3,51.6,125.3,27.9
2026-06-30 12:40:00,564.4,46.3,87.8,34.5
2026-06-30 12:45:00,503.0,56.6,97.5,29.6
2026-06-30 12:50:00,602.5,53.8,123.1,27.2
2026-06-30 12:55:00,518.4,90.2,93.5,13.5
2026-06-30 13:00:00,713.5,64.1,142.5,24.1
2026-06-30 13:05:00,696.2,108.9,127.5,14.4
2026-06-30 13:10:00,555.0,103.8,108.9,24.4
2026-06-30 13:15:00,622.8,85.5,123.7,25.2
2026-06-30 13:20:00,484.7,63.5,98.9,18.8
2026-06-30 13:25:00,654.4,65.6,99.1,35.4
2026-06-30 13:30:00,468.6,71.5,156.5,13.9
2026-06-30 13:35:00,620.8,91.4,161.7,44.4
2026-06-30 13:40:00,565.3,88.9,109.2,30.8
2026-06-30 13:45:00,595.7,71.0,120.3,31.6
2026-06-30 13:50:00,599.9,75.6,109.4,25.7
2026-06-30 13:55:00,676.0,61.1,148.2,12.1
2026-06-30 14:00:00,609.9,63.4,168.6,19.5
2026-06-30 14:05:00,689.5,98.5,105.2,22.1
2026-06-30 14:10:00,593.1,42.4,89.0,23.4
2026-06-30 14:15:00,646.8,44.7,142.7,19.1
2026-06-30 14:20:00,579.6,57.9,137.6,37.9
2026-06-30 14:25:00,620.4,65.7,152.1,17.1
2026-06-30 14:30:00,673.2,69.4,125.4,22.4
2026-06-30 14:35:00,479.3,79.9,68.4,16.8
2026-06-30 14:40:00,591.0,118.1,90.3,23.3
2026-06-30 14:45:00,629.2,109.7,165.6,9.2
2026-06-30 14:50:00,648.7,59.9,118.6,20.7
2026-06-30 14:55:00,718.4,77.1,98.2,33.2
2026-06-30 15:00:00,661.7,106.2,72.5,25.7
2026-06-30 15:05:00,481.4,72.5,132.0,12.8
2026-06-30 15:10:00,575.0,60.6,121.6,27.0
2026-06-30 15:15:00,574.7,78.2,89.2,28.8
2026-06-30 15:20:00,591.1,107.9,96.6,27.1
2026-06-30 15:25:00,519.8,79.9,100.1,27.6
2026-06-30 15:30:00,489.0,110.4,131.3,37.2
2026-06-30 15:35:00,616.6,71.3,162.4,34.3
2026-06-30 15:40:00,471.6,61.6,111.3,18.9
2026-06-30 15:45:00,543.7,121.0,160.9,20.3
2026-06-30 15:50:00,584.8,81.5,119.6,18.4
2026-06-30 15:55:00,579.1,59.0,99.5,26.1
2026-06-30 16:00:00,517.9,51.1,154.6,30.1
2026-06-30 16:05:00,549.4,66.3,131.9,13.5
2026-06-30 16:10:00,564.7,126.2,153.6,26.9
2026-06-30 16:15:00,551.1,87.9,129.4,18.9
2026-06-30 16:20:00,599.8,26.7,180.6,16.0
2026-06-30 16:25:00,543.6,64.3,126.9,25.8
2026-06-30 16:30:00,620.7,113.8,132.9,39.8
2026-06-30 16:35:00,594.5,75.8,102.0,24.9
2026-06-30 16:40:00,588.5,86.7,143.9,32.8
2026-06-30 16:45:00,562.5,85.5,116.6,26.4
2026-06-30 16:50:00,522.9,79.1,137.6,23.8
2026-06-30 16:55:00,647.1,65.0,156.1,28.9
2026-06-30 17:00:00,567.8,61.3,121.6,20.2
2026-06-30 17:05:00,615.3,78.8,137.4,12.9
2026-06-30 17:10:00,592.4,33.5,155.3,14.3
2026-06-30 17:15:00,563.4,102.9,95.3,23.7
2026-06-30 17:20:00,511.8,58.6,123.6,27.8
2026-06-30 17:25:00,405.1,103.8,79.4,26.6
2026-06-30 17:30:00,559.9,111.1,116.4,19.6
2026-06-30 17:35:00,547.6,87.7,143.5,24.7
2026-06-30 17:40:00,709.3,67.3,74.1,20.5
2026-06-30 17:45:00,457.9,77.8,98.7,14.7
2026-06-30 17:50:00,678.7,48.6,88.5,10.2
2026-06-30 17:55:00,660.0,63.4,141.2,22.0
2026-06-30 18:00:00,532.5,57.7,132.5,31.0
2026-06-30 18:05:00,624.7,93.7,149.1,24.1
2026-06-30 18:10:00,548.5,117.0,143.8,13.2
2026-06-30 18:15:00,564.7,62.9,106.6,33.5
2026-06-30 18:20:00,656.8,61.2,116.3,18.7
2026-06-30 18:25:00,636.7,103.3,110.6,6.0
2026-06-30 18:30:00,647.8,10.1,156.1,23.8
2026-06-30 18:35:00,692.3,63.9,133.5,33.5
2026-06-30 18:40:00,492.3,98.4,144.3,26.0
2026-06-30 18:45:00,627.0,61.9,138.3,16.0
2026-06-30 18:50:00,708.0,73.3,107.6,16.7
2026-06-30 18:55:00,551.7,68.7,97.3,33.6
2026-06-30 19:00:00,537.7,91.3,132.4,19.5
2026-06-30 19:05:00,613.7,99.6,156.9,14.2
2026-06-30 19:10:00,658.9,74.9,128.3,15.3
2026-06-30 19:15:00,515.1,78.1,90.3,21.8
2026-06-30 19:20:00,688.3,89.6,134.1,35.1
2026-06-30 19:25:00,687.8,54.3,107.0,30.0
2026-06-30 19:30:00,556.7,66.0,76.2,25.5
2026-06-30 19:35:00,553.6,103.1,160.3,44.2
2026-06-30 19:40:00,547.0,57.9,99.4,29.0
2026-06-30 19:45:00,590.8,77.2,152.3,46.7
2026-06-30 19:50:00,655.3,97.2,154.5,21.3
2026-06-30 19:55:00,666.1,43.4,130.2,24.7
2026-06-30 20:00:00,591.9,38.6,98.7,18.7
2026-06-30 20:05:00,740.1,80.3,149.5,25.6
2026-06-30 20:10:00,699.3,75.7,99.8,23.1
2026-06-30 20:15:00,555.3,36.1,118.9,49.6
2026-06-30 20:20:00,774.2,59.3,114.0,22.8
2026-06-30 20:25:00,532.4,56.9,110.4,33.7
2026-06-30 20:30:00,534.0,88.6,126.1,24.5
2026-06-30 20:35:00,761.7,94.4,78.0,29.9
2026-06-30 20:40:00,533.5,78.7,102.9,27.5
2026-06-30 20:45:00,483.5,34.3,97.4,28.4
2026-06-30 20:50:00,585.2,60.4,133.7,24.8
2026-06-30 20:55:00,638.7,77.3,137.7,11.2
2026-06-30 21:00:00,597.0,71.0,115.0,32.0
2026-06-30 21:05:00,508.8,64.3,135.4,9.8
2026-06-30 21:10:00,582.1,87.9,118.3,36.5
2026-06-30 21:15:00,601.5,101.3,112.7,29.1
2026-06-30 21:20:00,572.0,125.9,128.1,27.1
2026-06-30 21:25:00,724.1,94.4,125.3,25.2
2026-06-30 21:30:00,567.0,67.8,93.5,35.4
2026-06-30 21:35:00,579.8,83.6,143.4,35.6
2026-06-30 21:40:00,641.2,70.4,84.2,12.7
2026-06-30 21:45:00,659.5,64.5,87.3,6.1
2026-06-30 21:50:00,736.4,115.0,94.4,29.6
2026-06-30 21:55:00,538.5,110.7,119.5,24.9
2026-06-30 22:00:00,567.3,101.9,159.2,20.1
2026-06-30 22:05:00,653.2,121.1,152.2,25.9
2026-06-30 22:10:00,607.3,85.5,97.1,17.0
2026-06-30 22:15:00,501.7,105.0,117.3,28.9
2026-06-30 22:20:00,519.1,90.5,89.0,18.3
2026-06-30 22:25:00,680.3,95.8,102.6,23.6
2026-06-30 22:30:00,518.4,129.3,168.2,28.7
2026-06-30 22:35:00,644.1,86.3,114.9,20.0
2026-06-30 22:40:00,635.0,75.6,149.5,21.3
2026-06-30 22:45:00,672.8,56.6,140.3,23.9
2026-06-30 22:50:00,593.7,78.9,103.0,27.0
2026-06-30 22:55:00,583.6,91.4,98.6,35.8
2026-06-30 23:00:00,602.5,109.8,118.9,21.4
2026-06-30 23:05:00,554.6,32.3,116.6,30.8
2026-06-30 23:10:00,676.9,61.2,142.3,29.4
2026-06-30 23:15:00,651.6,88.3,113.1,27.1
2026-06-30 23:20:00,647.7,96.8,142.1,31.9
2026-06-30 23:25:00,650.4,57.3,103.3,37.3
2026-06-30 23:30:00,597.9,115.5,120.7,25.6
2026-06-30 23:35:00,627.2,95.6,95.2,30.4
2026-06-30 23:40:00,606.8,117.7,77.4,20.4
2026-06-30 23:45:00,711.5,80.6,97.2,22.1
2026-06-30 23:50:00,528.8,29.2,132.6,16.8
2026-06-30 23:55:00,570.1,84.1,154.1,22.5
