timestamp,kiln_speed_rpm,feed_rate_tph,kiln_torque_pct,burning_zone_temp_C,shell_temp_C
2026-06-01 00:00:00,3.7,229.4,69.9,1448.7,330.9
2026-06-01 00:05:00,3.44,200.8,68.1,1458.2,323.2
2026-06-01 00:10:00,3.76,223.7,71.8,1431.5,303.5
2026-06-01 00:15:00,4.11,212.2,54.1,1474.6,280.0
2026-06-01 00:20:00,3.41,213.0,72.0,1449.0,294.3
2026-06-01 00:25:00,3.41,186.4,63.9,1412.5,367.5
2026-06-01 00:30:00,4.13,183.6,56.0,1422.0,339.8
2026-06-01 00:35:00,3.81,207.4,58.6,1460.8,360.9
2026-06-01 00:40:00,3.31,213.0,62.8,1459.2,325.4
2026-06-01 00:45:00,3.72,196.5,52.6,1437.6,337.5
2026-06-01 00:50:00,3.31,196.9,76.8,1439.6,380.3
2026-06-01 00:55:00,3.31,216.7,77.9,1423.9,378.8
2026-06-01 01:00:00,3.6,216.8,69.6,1461.2,363.5
2026-06-01 01:05:00,2.73,208.3,63.0,1424.9,345.1
2026-06-01 01:10:00,2.81,219.4,64.8,1454.5,352.9
2026-06-01 01:15:00,3.28,195.9,69.0,1457.5,349.3
2026-06-01 01:20:00,3.09,205.7,78.4,1439.9,335.8
2026-06-01 01:25:00,3.63,229.8,63.4,1458.5,329.9
2026-06-01 01:30:00,3.14,210.8,56.2,1467.9,368.1
2026-06-01 01:35:00,2.94,211.5,77.6,1444.3,307.6
2026-06-01 01:40:00,4.09,237.7,54.9,1442.9,377.2
2026-06-01 01:45:00,3.41,193.2,54.4,1435.6,333.1
2026-06-01 01:50:00,3.53,219.6,64.5,1430.8,307.1
2026-06-01 01:55:00,2.93,230.0,55.5,1432.5,326.4
2026-06-01 02:00:00,3.28,206.1,73.3,1445.9,318.1
2026-06-01 02:05:00,3.54,220.3,73.4,1439.6,325.6
2026-06-01 02:10:00,3.04,198.2,58.6,1442.6,325.2
2026-06-01 02:15:00,3.65,201.8,74.0,1416.0,324.2
2026-06-01 02:20:00,3.26,214.6,77.3,1439.5,332.3
2026-06-01 02:25:00,3.38,219.6,65.5,1457.4,338.4
2026-06-01 02:30:00,3.26,223.5,63.4,1425.9,359.1
2026-06-01 02:35:00,4.24,228.8,85.9,1444.0,333.9
2026-06-01 02:40:00,3.49,209.2,70.6,1412.0,348.2
2026-06-01 02:45:00,3.08,224.3,69.2,1423.3,340.2
2026-06-01 02:50:00,3.83,205.9,75.3,1451.3,353.5
2026-06-01 02:55:00,3.01,220.8,69.0,1437.5,341.2
2026-06-01 03:00:00,3.58,212.5,61.3,1467.8,323.8
2026-06-01 03:05:00,2.72,215.3,66.4,1447.6,317.0
2026-06-01 03:10:00,2.97,215.1,74.1,1449.0,345.3
2026-06-01 03:15:00,3.58,190.7,46.2,1420.0,371.8
2026-06-01 03:20:00,3.8,196.5,60.7,1431.5,334.3
2026-06-01 03:25:00,3.57,211.2,76.2,1429.3,322.5
2026-06-01 03:30:00,3.45,189.8,57.9,1420.0,333.6
2026-06-01 03:35:00,3.38,220.0,78.9,1452.0,326.0
2026-06-01 03:40:00,2.91,220.5,77.9,1455.1,323.3
2026-06-01 03:45:00,3.21,213.9,65.1,1446.8,303.9
2026-06-01 03:50:00,3.32,196.5,58.4,1424.9,333.9
2026-06-01 03:55:00,3.92,226.6,65.2,1448.3,345.9
2026-06-01 04:00:00,3.64,234.4,90.0,1416.2,313.0
2026-06-01 04:05:00,2.79,211.8,80.3,1460.2,318.0
2026-06-01 04:10:00,3.63,216.1,66.9,1421.8,316.3
2026-06-01 04:15:00,3.35,212.4,60.5,1423.7,305.3
2026-06-01 04:20:00,3.23,216.4,66.9,1443.0,316.1
2026-06-01 04:25:00,3.74,208.6,66.7,1442.8,335.1
2026-06-01 04:30:00,3.91,209.6,55.0,1438.8,306.4
2026-06-01 04:35:00,3.87,220.9,67.3,1425.5,336.6
2026-06-01 04:40:00,3.16,238.1,79.8,1462.6,322.4
2026-06-01 04:45:00,3.38,193.2,48.1,1411.4,316.8
2026-06-01 04:50:00,3.63,208.8,71.4,1417.5,349.4
2026-06-01 04:55:00,3.89,195.8,73.9,1435.6,324.0
2026-06-01 05:00:00,3.31,229.1,63.4,1424.9,328.2
2026-06-01 05:05:00,3.43,202.9,77.5,1456.9,372.5
2026-06-01 05:10:00,3.06,192.7,56.9,1418.9,317.0
2026-06-01 05:15:00,3.02,217.7,69.7,1464.9,379.1
2026-06-01 05:20:00,3.83,230.9,65.7,1459.7,331.3
2026-06-01 05:25:00,4.04,218.0,63.7,1460.1,311.6
2026-06-01 05:30:00,3.47,212.5,60.4,1468.8,326.2
2026-06-01 05:35:00,3.9,214.9,71.3,1442.2,341.7
2026-06-01 05:40:00,3.64,227.0,74.3,1428.2,371.4
2026-06-01 05:45:00,3.24,199.5,62.9,1436.4,360.0
2026-06-01 05:50:00,3.64,208.7,53.9,1431.2,341.6
2026-06-01 05:55:00,4.12,204.6,67.4,1428.3,371.5
2026-06-01 06:00:00,3.49,196.0,66.3,1439.5,293.0
2026-06-01 06:05:00,4.13,206.1,62.7,1434.5,346.2
2026-06-01 06:10:00,2.5,223.3,81.9,1431.4,347.7
2026-06-01 06:15:00,3.83,216.8,53.5,1437.7,348.1
2026-06-01 06:20:00,3.53,217.7,48.4,1449.8,299.7
2026-06-01 06:25:00,3.38,211.8,59.4,1454.7,314.6
2026-06-01 06:30:00,3.54,216.3,71.6,1417.2,335.8
2026-06-01 06:35:00,2.7,200.4,55.1,1433.5,367.9
2026-06-01 06:40:00,3.41,206.3,56.6,1437.1,387.9
2026-06-01 06:45:00,3.64,212.3,73.0,1422.7,323.4
2026-06-01 06:50:00,4.09,213.3,69.2,1438.9,307.3
2026-06-01 06:55:00,3.29,213.8,68.6,1443.0,360.4
2026-06-01 07:00:00,3.18,208.3,71.0,1447.5,405.4
2026-06-01 07:05:00,3.3,205.5,60.9,1440.3,367.7
2026-06-01 07:10:00,3.87,247.9,67.7,1434.4,321.3
2026-06-01 07:15:00,3.63,220.9,73.1,1472.4,411.5
2026-06-01 07:20:00,3.29,215.0,55.0,1453.4,357.2
2026-06-01 07:25:00,3.71,207.2,47.4,1447.7,320.2
2026-06-01 07:30:00,3.54,204.6,60.7,1454.0,388.4
2026-06-01 07:35:00,3.89,208.4,72.2,1443.4,318.3
2026-06-01 07:40:00,3.22,213.5,67.6,1460.0,324.5
2026-06-01 07:45:00,3.37,187.4,68.5,1436.3,358.2
2026-06-01 07:50:00,3.34,191.2,46.0,1436.3,339.4
2026-06-01 07:55:00,2.91,202.4,66.4,1448.0,340.9
2026-06-01 08:00:00,3.62,212.5,70.6,1464.1,341.0
2026-06-01 08:05:00,3.6,207.1,53.8,1462.1,367.9
2026-06-01 08:10:00,3.5,227.7,74.6,1452.4,281.9
2026-06-01 08:15:00,3.41,192.2,61.4,1444.2,347.1
2026-06-01 08:20:00,2.93,201.0,88.2,1448.6,332.7
2026-06-01 08:25:00,3.33,228.2,50.3,1458.4,321.2
2026-06-01 08:30:00,3.36,211.6,76.2,1459.8,321.1
2026-06-01 08:35:00,3.18,220.6,63.4,1438.6,280.0
2026-06-01 08:40:00,3.44,234.6,55.8,1464.7,320.0
2026-06-01 08:45:00,3.66,201.7,59.5,1443.5,372.3
2026-06-01 08:50:00,4.25,208.8,67.0,1449.5,360.8
2026-06-01 08:55:00,3.57,206.7,72.8,1460.1,335.2
2026-06-01 09:00:00,3.6,186.5,75.3,1446.5,304.7
2026-06-01 09:05:00,3.47,206.3,75.8,1453.0,360.5
2026-06-01 09:10:00,2.73,220.6,58.9,1436.3,372.7
2026-06-01 09:15:00,3.49,216.5,75.0,1463.8,365.9
2026-06-01 09:20:00,3.52,217.4,69.2,1451.9,315.8
2026-06-01 09:25:00,4.49,205.5,59.1,1441.0,318.4
2026-06-01 09:30:00,3.42,202.1,62.1,1454.9,381.4
2026-06-01 09:35:00,3.62,225.2,61.6,1481.9,309.8
2026-06-01 09:40:00,3.49,204.0,64.4,1421.3,352.0
2026-06-01 09:45:00,3.03,213.5,59.7,1428.6,295.6
2026-06-01 09:50:00,3.96,212.0,57.1,1480.7,332.5
2026-06-01 09:55:00,3.8,227.5,71.5,1449.9,354.6
2026-06-01 10:00:00,3.82,221.7,71.8,1445.2,339.3
2026-06-01 10:05:00,3.14,194.5,61.2,1435.2,353.1
2026-06-01 10:10:00,4.06,195.7,73.8,1455.3,309.3
2026-06-01 10:15:00,2.94,216.9,64.0,1480.6,319.5
2026-06-01 10:20:00,3.73,209.2,62.5,1429.9,352.0
2026-06-01 10:25:00,4.38,204.5,69.5,1437.5,357.4
2026-06-01 10:30:00,3.1,222.2,65.8,1437.2,345.5
2026-06-01 10:35:00,3.27,212.2,66.0,1451.4,363.7
2026-06-01 10:40:00,3.54,210.6,44.9,1458.5,298.6
2026-06-01 10:45:00,3.3,219.4,66.5,1466.2,328.3
2026-06-01 10:50:00,2.88,205.5,49.7,1450.6,385.6
2026-06-01 10:55:00,3.53,228.8,58.1,1481.6,372.1
2026-06-01 11:00:00,3.08,200.5,52.9,1429.5,355.8
2026-06-01 11:05:00,3.69,217.9,57.8,1429.1,336.1
2026-06-01 11:10:00,3.13,227.2,63.2,1465.5,365.9
2026-06-01 11:15:00,4.12,193.5,58.6,1438.5,350.7
2026-06-01 11:20:00,3.19,205.9,69.7,1418.5,302.1
2026-06-01 11:25:00,3.37,223.7,68.8,1438.0,364.9
2026-06-01 11:30:00,3.83,223.9,51.9,1446.6,318.3
2026-06-01 11:35:00,3.01,207.9,65.4,1429.9,359.0
2026-06-01 11:40:00,3.59,201.2,66.2,1423.0,299.6
2026-06-01 11:45:00,4.02,221.5,64.1,1439.2,380.0
2026-06-01 11:50:00,2.86,224.2,66.6,1426.9,333.1
2026-06-01 11:55:00,3.57,196.0,64.4,1446.7,312.3
2026-06-01 12:00:00,3.6,195.6,68.9,1408.0,322.8
2026-06-01 12:05:00,3.81,212.7,52.8,1441.9,331.6
2026-06-01 12:10:00,3.01,217.6,64.2,1449.3,339.9
2026-06-01 12:15:00,2.97,206.4,76.5,1437.9,373.0
2026-06-01 12:20:00,3.71,218.2,77.6,1458.0,341.8
2026-06-01 12:25:00,3.62,201.5,70.5,1417.7,285.7
2026-06-01 12:30:00,3.6,184.6,65.5,1424.4,309.3
2026-06-01 12:35:00,3.64,204.9,77.5,1434.0,408.9
2026-06-01 12:40:00,3.23,210.8,80.5,1450.8,343.4
2026-06-01 12:45:00,3.59,206.7,63.5,1442.6,363.8
2026-06-01 12:50:00,3.62,196.1,55.2,1469.4,332.3
2026-06-01 12:55:00,3.21,188.2,59.6,1423.6,314.9
2026-06-01 13:00:00,4.25,203.8,88.8,1417.8,328.0
2026-06-01 13:05:00,3.69,220.8,54.1,1469.0,343.2
2026-06-01 13:10:00,3.02,225.1,63.5,1421.6,328.5
2026-06-01 13:15:00,3.76,224.3,55.8,1453.1,388.0
2026-06-01 13:20:00,3.11,200.2,64.5,1423.4,324.6
2026-06-01 13:25:00,3.81,196.2,53.3,1406.2,313.6
2026-06-01 13:30:00,3.96,216.0,65.0,1435.6,360.2
2026-06-01 13:35:00,3.17,217.6,50.5,1455.0,363.3
2026-06-01 13:40:00,3.89,214.8,70.7,1422.6,340.7
2026-06-01 13:45:00,3.67,185.8,71.2,1443.8,324.9
2026-06-01 13:50:00,3.83,199.6,60.4,1449.4,292.5
2026-06-01 13:55:00,4.26,209.6,63.9,1420.9,370.5
2026-06-01 14:00:00,3.4,215.8,64.6,1437.8,361.7
2026-06-01 14:05:00,3.2,219.2,67.8,1465.5,329.0
2026-06-01 14:10:00,3.14,211.7,65.0,1450.1,341.5
2026-06-01 14:15:00,3.17,214.0,71.7,1436.9,334.3
2026-06-01 14:20:00,3.47,211.0,75.0,1446.4,380.7
2026-06-01 14:25:00,3.64,218.2,59.7,1431.4,314.1
2026-06-01 14:30:00,3.61,213.8,63.1,1457.5,324.5
2026-06-01 14:35:00,3.83,210.8,72.3,1456.9,322.1
2026-06-01 14:40:00,3.51,206.8,53.1,1441.2,347.8
2026-06-01 14:45:00,4.08,211.0,49.4,1443.7,341.4
2026-06-01 14:50:00,3.39,215.8,67.7,1426.2,345.0
2026-06-01 14:55:00,4.5,213.2,69.5,1420.4,318.0
2026-06-01 15:00:00,3.75,214.6,59.9,1435.3,377.1
2026-06-01 15:05:00,3.16,226.1,62.8,1441.9,328.6
2026-06-01 15:10:00,3.07,213.2,59.4,1456.6,369.7
2026-06-01 15:15:00,3.69,202.2,56.9,1452.3,418.5
2026-06-01 15:20:00,3.41,220.6,72.1,1444.9,318.2
2026-06-01 15:25:00,3.79,193.6,53.1,1454.6,348.6
2026-06-01 15:30:00,3.69,197.0,60.9,1423.3,336.7
2026-06-01 15:35:00,3.47,214.0,58.4,1457.0,390.8
2026-06-01 15:40:00,3.16,216.2,54.3,1429.4,333.0
2026-06-01 15:45:00,2.89,195.1,69.7,1455.6,346.2
2026-06-01 15:50:00,3.32,205.4,60.2,1438.9,345.7
2026-06-01 15:55:00,3.84,202.7,65.4,1408.6,337.5
2026-06-01 16:00:00,3.59,204.2,52.1,1449.8,358.9
2026-06-01 16:05:00,3.0,221.3,60.8,1454.4,342.3
2026-06-01 16:10:00,3.57,218.5,72.3,1434.8,352.0
2026-06-01 16:15:00,3.65,209.8,85.7,1434.4,345.3
2026-06-01 16:20:00,3.15,203.4,48.2,1436.3,324.9
2026-06-01 16:25:00,3.56,193.8,61.0,1407.9,333.3
2026-06-01 16:30:00,3.52,227.0,70.9,1407.9,353.9
2026-06-01 16:35:00,3.04,217.1,61.1,1460.9,353.8
2026-06-01 16:40:00,3.64,201.5,70.5,1425.9,371.1
2026-06-01 16:45:00,3.72,218.6,59.4,1469.6,386.5
2026-06-01 16:50:00,3.93,209.2,66.1,1460.4,327.0
2026-06-01 16:55:00,3.92,206.6,60.3,1462.8,343.4
2026-06-01 17:00:00,2.95,215.2,75.5,1431.3,335.2
2026-06-01 17:05:00,3.12,201.1,58.3,1414.1,312.3
2026-06-01 17:10:00,3.71,205.9,61.6,1422.9,354.1
2026-06-01 17:15:00,3.71,211.5,72.8,1433.6,359.4
2026-06-01 17:20:00,3.71,204.0,55.9,1403.2,313.1
2026-06-01 17:25:00,4.5,218.0,66.8,1434.5,330.6
2026-06-01 17:30:00,3.73,232.4,53.8,1441.5,328.2
2026-06-01 17:35:00,3.95,200.9,54.9,1418.8,302.3
2026-06-01 17:40:00,3.88,190.0,65.1,1420.4,339.1
2026-06-01 17:45:00,3.76,186.0,53.5,1431.9,311.4
2026-06-01 17:50:00,3.37,208.2,60.4,1445.0,344.0
2026-06-01 17:55:00,3.8,202.0,67.8,1425.0,346.7
2026-06-01 18:00:00,3.19,212.5,60.7,1444.9,349.8
2026-06-01 18:05:00,3.41,211.6,71.8,1442.4,351.0
2026-06-01 18:10:00,3.31,190.8,63.8,1436.9,378.3
2026-06-01 18:15:00,3.53,188.2,65.2,1425.9,319.8
2026-06-01 18:20:00,4.43,213.6,75.5,1420.7,321.0
2026-06-01 18:25:00,2.75,211.6,67.8,1465.8,356.4
2026-06-01 18:30:00,3.77,204.9,76.5,1448.4,336.7
2026-06-01 18:35:00,2.85,190.1,69.3,1451.1,368.1
2026-06-01 18:40:00,3.31,215.7,61.7,1439.9,354.0
2026-06-01 18:45:00,3.94,225.3,77.6,1440.6,388.0
2026-06-01 18:50:00,3.53,213.3,67.6,1448.0,337.7
2026-06-01 18:55:00,3.07,199.8,60.3,1410.4,302.9
2026-06-01 19:00:00,3.21,210.5,67.3,1423.4,348.5
2026-06-01 19:05:00,3.77,193.6,71.4,1424.8,338.2
2026-06-01 19:10:00,3.21,222.7,70.5,1435.7,353.4
2026-06-01 19:15:00,3.59,211.0,79.7,1427.0,356.6
2026-06-01 19:20:00,3.52,188.8,70.5,1440.7,326.6
2026-06-01 19:25:00,3.24,206.4,68.6,1440.5,314.8
2026-06-01 19:30:00,4.36,215.6,57.6,1462.0,336.4
2026-06-01 19:35:00,3.75,206.0,63.0,1476.3,280.5
2026-06-01 19:40:00,2.69,206.7,65.1,1420.4,342.0
2026-06-01 19:45:00,3.57,195.3,68.4,1439.3,329.8
2026-06-01 19:50:00,3.24,216.8,71.1,1443.5,361.5
2026-06-01 19:55:00,3.84,202.2,65.2,1438.2,290.4
2026-06-01 20:00:00,3.18,184.1,62.1,1418.6,340.2
2026-06-01 20:05:00,3.45,205.5,70.1,1425.4,379.4
2026-06-01 20:10:00,3.7,221.8,59.9,1446.0,356.9
2026-06-01 20:15:00,3.85,205.4,77.9,1424.9,364.5
2026-06-01 20:20:00,3.02,230.9,51.8,1446.6,348.5
2026-06-01 20:25:00,3.37,215.1,77.4,1437.3,298.5
2026-06-01 20:30:00,3.31,214.1,65.2,1442.9,344.2
2026-06-01 20:35:00,3.24,208.5,72.8,1425.4,350.2
2026-06-01 20:40:00,4.21,209.2,67.8,1442.2,313.0
2026-06-01 20:45:00,3.66,206.8,67.3,1426.2,336.8
2026-06-01 20:50:00,3.0,206.4,68.9,1441.7,280.0
2026-06-01 20:55:00,3.87,216.4,72.4,1461.4,331.6
2026-06-01 21:00:00,4.35,198.8,60.7,1441.7,329.1
2026-06-01 21:05:00,3.91,197.1,71.3,1442.2,375.1
2026-06-01 21:10:00,2.89,196.5,54.3,1449.6,324.9
2026-06-01 21:15:00,3.31,234.5,68.6,1423.9,333.3
2026-06-01 21:20:00,4.01,216.4,72.6,1467.1,338.0
2026-06-01 21:25:00,3.22,213.7,73.5,1424.9,325.2
2026-06-01 21:30:00,3.68,197.3,66.8,1450.7,358.0
2026-06-01 21:35:00,3.81,217.5,63.0,1452.7,290.2
2026-06-01 21:40:00,3.13,208.6,72.0,1426.2,368.4
2026-06-01 21:45:00,3.48,212.6,60.0,1455.6,339.7
2026-06-01 21:50:00,2.5,198.3,77.3,1445.1,372.5
2026-06-01 21:55:00,3.09,211.9,64.6,1468.7,280.0
2026-06-01 22:00:00,3.4,204.9,51.9,1441.9,280.0
2026-06-01 22:05:00,3.0,200.8,54.1,1436.5,332.7
2026-06-01 22:10:00,4.15,218.8,66.7,1434.0,352.6
2026-06-01 22:15:00,2.93,191.5,63.4,1410.2,326.1
2026-06-01 22:20:00,3.32,216.8,81.8,1436.6,354.6
2026-06-01 22:25:00,3.55,218.2,57.9,1437.5,364.5
2026-06-01 22:30:00,4.08,199.4,63.7,1441.8,356.6
2026-06-01 22:35:00,2.93,200.2,55.0,1416.7,342.6
2026-06-01 22:40:00,3.97,207.3,60.7,1435.9,342.4
2026-06-01 22:45:00,3.5,213.4,79.0,1449.3,324.6
2026-06-01 22:50:00,3.11,208.2,55.6,1449.8,338.6
2026-06-01 22:55:00,3.68,215.2,70.5,1413.1,314.4
2026-06-01 23:00:00,3.58,231.2,71.3,1454.8,320.4
2026-06-01 23:05:00,3.26,203.9,63.9,1435.1,352.9
2026-06-01 23:10:00,3.53,189.4,66.1,1433.1,328.4
2026-06-01 23:15:00,3.35,219.9,57.2,1406.5,321.6
2026-06-01 23:20:00,3.55,230.2,81.3,1466.4,351.2
2026-06-01 23:25:00,3.76,214.7,81.1,1443.6,349.5
2026-06-01 23:30:00,4.13,196.9,63.4,1414.4,334.6
2026-06-01 23:35:00,3.0,208.5,84.2,1445.3,336.3
2026-06-01 23:40:00,4.35,196.6,59.8,1442.5,350.4
2026-06-01 23:45:00,2.72,217.7,69.4,1459.9,364.2
2026-06-01 23:50:00,3.44,193.8,74.0,1432.1,345.0
2026-06-01 23:55:00,3.74,206.4,60.8,1439.5,310.2
2026-06-02 00:00:00,3.61,197.9,52.1,1427.9,334.5
2026-06-02 00:05:00,3.25,211.5,52.3,1449.3,329.8
2026-06-02 00:10:00,3.42,205.6,80.8,1427.4,313.7
2026-06-02 00:15:00,3.3,212.1,61.1,1427.0,352.4
2026-06-02 00:20:00,3.26,210.3,63.6,1439.0,354.4
2026-06-02 00:25:00,3.84,198.2,54.3,1419.2,358.2
2026-06-02 00:30:00,3.64,217.5,73.7,1465.5,315.2
2026-06-02 00:35:00,3.22,209.4,58.7,1468.8,343.9
2026-06-02 00:40:00,3.86,198.1,59.3,1430.8,339.8
2026-06-02 00:45:00,3.62,236.9,71.4,1424.6,347.7
2026-06-02 00:50:00,3.83,215.7,57.3,1446.2,343.2
2026-06-02 00:55:00,3.75,208.2,63.3,1432.4,339.7
2026-06-02 01:00:00,3.17,227.0,78.8,1461.0,336.7
2026-06-02 01:05:00,3.28,232.1,71.7,1432.6,367.7
2026-06-02 01:10:00,3.8,208.3,65.8,1447.8,318.5
2026-06-02 01:15:00,3.74,214.2,67.3,1442.5,335.7
2026-06-02 01:20:00,3.49,198.1,60.1,1427.5,367.0
2026-06-02 01:25:00,3.55,208.2,80.7,1443.2,319.7
2026-06-02 01:30:00,4.01,207.6,58.1,1452.7,321.0
2026-06-02 01:35:00,3.26,212.2,67.0,1441.7,358.3
2026-06-02 01:40:00,3.72,214.0,66.5,1442.3,304.4
2026-06-02 01:45:00,3.42,216.7,74.1,1428.3,356.5
2026-06-02 01:50:00,3.41,212.9,74.3,1457.7,327.8
2026-06-02 01:55:00,3.94,195.5,62.6,1452.8,350.3
2026-06-02 02:00:00,3.83,198.7,65.6,1431.6,309.5
2026-06-02 02:05:00,3.83,203.4,66.6,1436.8,369.6
2026-06-02 02:10:00,4.02,206.6,46.3,1460.5,309.6
2026-06-02 02:15:00,3.51,222.6,54.2,1425.5,358.1
2026-06-02 02:20:00,3.77,196.0,58.1,1446.3,310.6
2026-06-02 02:25:00,3.38,205.7,59.9,1430.8,385.2
2026-06-02 02:30:00,3.63,221.4,57.1,1469.0,338.2
2026-06-02 02:35:00,3.45,206.4,70.5,1440.2,388.8
2026-06-02 02:40:00,3.54,215.5,65.8,1460.0,319.5
2026-06-02 02:45:00,3.74,208.3,63.0,1428.2,328.9
2026-06-02 02:50:00,3.17,213.1,55.4,1421.9,370.3
2026-06-02 02:55:00,4.34,207.3,64.2,1435.9,304.3
2026-06-02 03:00:00,3.1,218.0,45.2,1445.5,322.5
2026-06-02 03:05:00,3.01,191.5,60.9,1428.6,352.4
2026-06-02 03:10:00,3.96,205.6,64.9,1450.5,314.5
2026-06-02 03:15:00,3.82,213.6,67.5,1437.6,353.0
2026-06-02 03:20:00,3.75,216.4,53.4,1410.1,344.3
2026-06-02 03:25:00,3.75,227.9,69.5,1451.9,302.2
2026-06-02 03:30:00,3.5,205.3,56.0,1425.8,364.2
2026-06-02 03:35:00,3.14,227.8,61.2,1438.1,308.4
2026-06-02 03:40:00,3.53,202.1,69.6,1461.7,359.3
2026-06-02 03:45:00,3.23,225.9,83.5,1469.8,343.2
2026-06-02 03:50:00,3.89,219.8,66.9,1433.3,328.6
2026-06-02 03:55:00,3.44,199.0,56.8,1446.5,312.4
2026-06-02 04:00:00,3.17,213.7,67.1,1432.5,348.2
2026-06-02 04:05:00,3.37,209.4,72.4,1435.6,318.2
2026-06-02 04:10:00,3.67,217.5,71.1,1432.4,370.2
2026-06-02 04:15:00,3.27,207.3,86.5,1413.6,371.1
2026-06-02 04:20:00,3.17,206.3,58.7,1440.7,381.1
2026-06-02 04:25:00,3.6,226.4,69.5,1447.6,347.0
2026-06-02 04:30:00,3.6,208.8,77.2,1429.7,329.9
2026-06-02 04:35:00,3.3,219.9,78.4,1458.3,332.6
2026-06-02 04:40:00,3.31,207.3,49.0,1432.9,330.7
2026-06-02 04:45:00,3.59,230.0,68.0,1434.4,346.2
2026-06-02 04:50:00,2.92,201.9,75.7,1446.3,350.9
2026-06-02 04:55:00,2.94,202.6,87.0,1415.4,370.8
2026-06-02 05:00:00,3.21,228.3,73.4,1457.3,340.5
2026-06-02 05:05:00,3.41,204.7,61.3,1432.9,304.9
2026-06-02 05:10:00,3.62,229.2,59.8,1458.7,329.8
2026-06-02 05:15:00,4.09,220.7,84.4,1461.5,378.9
2026-06-02 05:20:00,3.84,208.1,70.6,1449.2,301.1
2026-06-02 05:25:00,3.44,188.2,55.0,1423.5,358.5
2026-06-02 05:30:00,3.49,209.8,63.3,1421.2,330.2
2026-06-02 05:35:00,3.1,211.2,67.7,1418.7,317.9
2026-06-02 05:40:00,3.49,224.0,71.5,1459.3,349.9
2026-06-02 05:45:00,3.38,229.1,60.7,1441.8,379.0
2026-06-02 05:50:00,3.63,201.8,58.9,1429.4,348.5
2026-06-02 05:55:00,3.17,219.6,53.2,1439.9,333.4
2026-06-02 06:00:00,3.71,219.2,74.7,1458.0,307.6
2026-06-02 06:05:00,4.11,222.9,64.2,1454.3,337.5
2026-06-02 06:10:00,3.46,216.0,69.6,1447.8,306.7
2026-06-02 06:15:00,3.66,186.7,72.9,1444.9,332.3
2026-06-02 06:20:00,3.78,208.1,66.5,1442.3,338.4
2026-06-02 06:25:00,3.34,196.1,62.0,1441.8,281.0
2026-06-02 06:30:00,3.59,207.6,66.2,1442.8,374.7
2026-06-02 06:35:00,3.51,221.8,67.3,1442.4,309.0
2026-06-02 06:40:00,3.54,213.7,75.5,1452.0,335.4
2026-06-02 06:45:00,3.19,223.8,69.6,1448.2,353.3
2026-06-02 06:50:00,3.51,214.1,61.3,1427.6,372.7
2026-06-02 06:55:00,3.7,194.4,71.0,1444.8,320.2
2026-06-02 07:00:00,4.08,179.7,70.3,1437.7,280.0
2026-06-02 07:05:00,3.88,211.8,54.6,1449.5,367.0
2026-06-02 07:10:00,4.36,207.4,76.9,1437.9,308.8
2026-06-02 07:15:00,3.19,198.3,66.2,1449.8,349.0
2026-06-02 07:20:00,3.85,189.6,64.2,1435.0,350.5
2026-06-02 07:25:00,3.57,201.2,71.7,1449.1,280.0
2026-06-02 07:30:00,4.38,207.7,60.1,1432.7,299.6
2026-06-02 07:35:00,3.18,218.0,73.8,1435.8,328.5
2026-06-02 07:40:00,3.16,212.3,62.3,1449.5,280.0
2026-06-02 07:45:00,3.26,229.3,56.1,1438.9,306.5
2026-06-02 07:50:00,2.65,197.6,55.2,1470.6,343.1
2026-06-02 07:55:00,3.29,220.6,71.1,1450.6,337.8
2026-06-02 08:00:00,3.2,210.6,57.5,1440.5,347.6
2026-06-02 08:05:00,3.56,218.3,79.1,1454.0,351.2
2026-06-02 08:10:00,3.64,204.8,73.7,1431.7,298.0
2026-06-02 08:15:00,4.25,222.9,77.6,1456.4,307.9
2026-06-02 08:20:00,3.88,213.5,66.5,1454.1,359.0
2026-06-02 08:25:00,3.27,201.8,65.8,1457.2,378.1
2026-06-02 08:30:00,3.14,209.9,55.4,1433.4,315.8
2026-06-02 08:35:00,3.7,207.1,72.5,1421.1,346.5
2026-06-02 08:40:00,2.97,215.9,68.9,1432.0,360.2
2026-06-02 08:45:00,4.23,195.8,67.4,1432.9,345.9
2026-06-02 08:50:00,3.97,209.6,78.5,1464.9,333.8
2026-06-02 08:55:00,3.31,214.7,60.9,1473.9,324.0
2026-06-02 09:00:00,2.81,210.4,64.1,1445.2,389.6
2026-06-02 09:05:00,4.04,226.2,70.0,1443.4,342.4
2026-06-02 09:10:00,3.45,219.3,58.9,1436.6,349.7
2026-06-02 09:15:00,4.0,209.9,63.5,1452.4,348.1
2026-06-02 09:20:00,2.86,212.6,69.3,1473.3,319.7
2026-06-02 09:25:00,3.26,213.5,62.9,1467.5,341.3
2026-06-02 09:30:00,3.5,214.8,76.2,1458.0,331.9
2026-06-02 09:35:00,3.52,188.1,49.6,1452.5,331.5
2026-06-02 09:40:00,3.32,206.4,73.4,1451.8,347.9
2026-06-02 09:45:00,3.75,192.2,67.6,1435.7,317.1
2026-06-02 09:50:00,3.07,225.3,62.8,1432.0,309.9
2026-06-02 09:55:00,3.44,209.3,57.5,1439.5,352.6
2026-06-02 10:00:00,3.55,207.7,48.0,1445.9,326.7
2026-06-02 10:05:00,3.71,220.8,60.3,1420.3,331.4
2026-06-02 10:10:00,3.78,215.1,74.1,1438.7,291.8
2026-06-02 10:15:00,3.05,196.5,62.5,1424.9,364.1
2026-06-02 10:20:00,2.89,209.1,74.2,1455.0,353.1
2026-06-02 10:25:00,4.01,206.0,59.4,1430.9,357.7
2026-06-02 10:30:00,3.63,189.1,67.5,1440.7,349.7
2026-06-02 10:35:00,3.2,201.7,58.0,1427.8,302.1
2026-06-02 10:40:00,4.12,207.8,56.9,1463.5,345.7
2026-06-02 10:45:00,3.55,208.6,63.9,1414.2,324.8
2026-06-02 10:50:00,3.97,192.2,57.0,1443.6,315.9
2026-06-02 10:55:00,3.53,223.8,54.7,1423.6,352.5
2026-06-02 11:00:00,4.32,208.8,63.4,1432.1,381.5
2026-06-02 11:05:00,4.2,210.5,65.9,1443.2,377.3
2026-06-02 11:10:00,3.4,214.8,75.9,1444.8,355.6
2026-06-02 11:15:00,3.89,200.5,71.1,1441.5,339.2
2026-06-02 11:20:00,3.76,215.5,75.6,1443.4,334.6
2026-06-02 11:25:00,4.05,205.6,70.1,1429.5,317.4
2026-06-02 11:30:00,3.11,199.2,66.0,1435.4,333.3
2026-06-02 11:35:00,3.77,216.9,56.2,1441.9,362.7
2026-06-02 11:40:00,3.92,227.9,68.9,1446.5,385.6
2026-06-02 11:45:00,2.8,218.7,71.1,1440.8,319.6
2026-06-02 11:50:00,3.03,221.1,78.3,1453.2,290.1
2026-06-02 11:55:00,2.68,203.8,69.6,1440.2,326.7
2026-06-02 12:00:00,3.39,190.8,72.0,1439.2,362.6
2026-06-02 12:05:00,3.79,227.9,59.4,1437.8,391.8
2026-06-02 12:10:00,4.1,234.7,66.1,1429.1,372.8
2026-06-02 12:15:00,3.53,228.5,71.2,1446.0,372.1
2026-06-02 12:20:00,4.15,206.0,73.7,1457.3,318.8
2026-06-02 12:25:00,2.95,196.1,61.8,1443.9,319.5
2026-06-02 12:30:00,2.82,197.2,62.4,1425.2,306.9
2026-06-02 12:35:00,3.48,189.8,67.5,1448.2,323.4
2026-06-02 12:40:00,3.65,208.7,55.8,1434.7,362.9
2026-06-02 12:45:00,3.49,229.3,80.7,1454.6,380.6
2026-06-02 12:50:00,2.67,208.3,57.7,1434.1,348.6
2026-06-02 12:55:00,3.46,213.6,50.2,1446.0,333.6
2026-06-02 13:00:00,2.98,226.5,67.6,1435.5,313.3
2026-06-02 13:05:00,3.77,205.2,77.9,1431.6,337.2
2026-06-02 13:10:00,3.65,234.4,73.4,1421.4,345.1
2026-06-02 13:15:00,3.12,233.9,74.6,1452.5,303.4
2026-06-02 13:20:00,3.29,208.4,65.1,1445.2,363.0
2026-06-02 13:25:00,3.08,203.1,62.7,1445.0,329.4
2026-06-02 13:30:00,3.47,218.4,53.9,1445.8,361.5
2026-06-02 13:35:00,3.88,205.8,46.3,1427.7,339.7
2026-06-02 13:40:00,3.11,196.1,64.5,1451.7,347.4
2026-06-02 13:45:00,3.7,225.4,77.8,1458.0,322.5
2026-06-02 13:50:00,3.29,224.6,69.9,1431.1,331.4
2026-06-02 13:55:00,3.18,211.9,70.3,1448.4,356.1
2026-06-02 14:00:00,3.46,194.8,75.4,1450.1,336.7
2026-06-02 14:05:00,3.09,195.2,65.4,1430.0,312.4
2026-06-02 14:10:00,3.28,211.3,64.2,1435.8,342.8
2026-06-02 14:15:00,3.02,204.0,57.6,1446.8,349.6
2026-06-02 14:20:00,4.29,205.9,80.6,1416.5,374.3
2026-06-02 14:25:00,3.51,222.3,71.1,1426.1,368.8
2026-06-02 14:30:00,3.22,218.8,58.8,1426.9,338.4
2026-06-02 14:35:00,3.59,226.5,58.1,1416.4,326.3
2026-06-02 14:40:00,3.46,198.1,73.2,1453.9,334.3
2026-06-02 14:45:00,3.41,205.9,56.1,1409.4,326.9
2026-06-02 14:50:00,3.75,219.1,81.2,1447.0,352.7
2026-06-02 14:55:00,3.8,215.4,43.8,1453.3,366.0
2026-06-02 15:00:00,3.29,228.4,79.1,1439.3,371.0
2026-06-02 15:05:00,3.27,215.0,69.7,1431.0,329.7
2026-06-02 15:10:00,3.39,232.2,69.3,1447.9,327.2
2026-06-02 15:15:00,2.58,216.5,64.6,1441.3,329.5
2026-06-02 15:20:00,2.89,222.7,82.0,1457.6,291.7
2026-06-02 15:25:00,4.05,206.1,70.1,1399.8,309.9
2026-06-02 15:30:00,4.16,210.2,57.8,1426.3,339.1
2026-06-02 15:35:00,3.4,220.9,52.9,1450.6,349.5
2026-06-02 15:40:00,3.73,229.4,69.3,1444.6,352.3
2026-06-02 15:45:00,3.62,218.8,66.3,1453.0,320.5
2026-06-02 15:50:00,4.5,209.0,52.7,1443.7,327.7
2026-06-02 15:55:00,3.95,226.5,67.0,1441.3,333.3
2026-06-02 16:00:00,3.45,183.7,56.5,1430.2,330.5
2026-06-02 16:05:00,3.12,192.9,62.5,1471.5,357.2
2026-06-02 16:10:00,2.86,218.2,72.0,1464.7,307.3
2026-06-02 16:15:00,3.58,210.2,77.0,1447.5,311.3
2026-06-02 16:20:00,3.2,217.3,73.4,1442.6,332.5
2026-06-02 16:25:00,2.93,210.8,59.3,1448.2,305.9
2026-06-02 16:30:00,3.24,216.9,69.0,1453.8,292.5
2026-06-02 16:35:00,3.07,200.2,64.0,1444.3,302.7
2026-06-02 16:40:00,4.17,216.8,55.4,1430.1,333.9
2026-06-02 16:45:00,3.85,221.9,70.0,1469.2,355.8
2026-06-02 16:50:00,3.5,224.6,82.1,1446.6,356.3
2026-06-02 16:55:00,4.09,234.2,68.9,1475.0,379.7
2026-06-02 17:00:00,3.53,212.9,52.7,1443.4,342.5
2026-06-02 17:05:00,3.16,213.3,65.7,1437.0,345.9
2026-06-02 17:10:00,4.11,191.7,52.5,1457.1,333.7
2026-06-02 17:15:00,3.72,203.6,71.0,1443.2,335.0
2026-06-02 17:20:00,3.09,207.7,68.9,1441.5,392.0
2026-06-02 17:25:00,3.42,222.6,65.5,1424.5,346.5
2026-06-02 17:30:00,3.15,202.7,61.3,1448.4,348.7
2026-06-02 17:35:00,2.95,219.6,64.7,1434.5,311.4
2026-06-02 17:40:00,3.87,210.0,65.1,1433.3,350.3
2026-06-02 17:45:00,4.26,207.9,58.5,1432.2,356.5
2026-06-02 17:50:00,2.94,213.0,54.3,1447.2,367.8
2026-06-02 17:55:00,3.73,205.3,73.4,1416.0,355.8
2026-06-02 18:00:00,3.24,204.9,61.1,1435.8,336.8
2026-06-02 18:05:00,3.31,189.5,63.3,1450.6,335.8
2026-06-02 18:10:00,3.26,207.0,66.8,1420.7,338.2
2026-06-02 18:15:00,3.15,204.2,66.7,1441.4,342.7
2026-06-02 18:20:00,3.52,203.8,54.7,1429.3,371.7
2026-06-02 18:25:00,3.17,215.0,52.3,1434.9,366.8
2026-06-02 18:30:00,3.61,217.9,61.5,1466.4,358.8
2026-06-02 18:35:00,3.48,212.8,68.6,1415.8,390.7
2026-06-02 18:40:00,3.4,221.9,61.0,1453.9,280.0
2026-06-02 18:45:00,3.14,216.9,63.2,1434.2,328.5
2026-06-02 18:50:00,3.27,206.5,81.5,1431.4,339.7
2026-06-02 18:55:00,3.8,204.4,49.4,1422.2,323.2
2026-06-02 19:00:00,3.7,213.8,59.5,1452.1,316.8
2026-06-02 19:05:00,3.11,216.9,81.2,1438.5,297.1
2026-06-02 19:10:00,3.54,226.8,67.2,1438.6,332.2
2026-06-02 19:15:00,3.8,224.3,61.5,1444.5,362.4
2026-06-02 19:20:00,2.83,203.5,73.4,1436.1,359.3
2026-06-02 19:25:00,3.72,208.8,65.3,1409.7,321.2
2026-06-02 19:30:00,3.23,218.1,63.4,1434.2,345.5
2026-06-02 19:35:00,3.73,222.8,68.5,1456.0,373.9
2026-06-02 19:40:00,3.19,221.3,61.4,1419.7,302.0
2026-06-02 19:45:00,2.78,209.2,56.7,1423.5,336.0
2026-06-02 19:50:00,2.85,195.0,61.8,1430.6,347.2
2026-06-02 19:55:00,3.52,198.0,55.1,1426.7,340.3
2026-06-02 20:00:00,3.6,213.3,65.6,1440.2,361.3
2026-06-02 20:05:00,3.14,214.1,68.5,1424.4,302.6
2026-06-02 20:10:00,3.76,196.8,69.8,1431.5,314.9
2026-06-02 20:15:00,2.84,210.5,74.1,1439.4,357.1
2026-06-02 20:20:00,3.47,217.6,62.9,1451.2,297.4
2026-06-02 20:25:00,3.02,196.2,66.9,1455.9,360.3
2026-06-02 20:30:00,3.24,223.3,70.9,1438.7,351.2
2026-06-02 20:35:00,3.52,205.5,66.9,1467.4,358.5
2026-06-02 20:40:00,3.16,225.1,63.4,1440.3,328.3
2026-06-02 20:45:00,3.35,203.6,55.8,1451.2,352.7
2026-06-02 20:50:00,3.9,197.7,67.2,1466.5,310.7
2026-06-02 20:55:00,3.27,204.5,50.5,1441.0,329.6
2026-06-02 21:00:00,3.83,208.9,62.7,1419.2,340.9
2026-06-02 21:05:00,3.05,205.3,43.9,1440.4,317.5
2026-06-02 21:10:00,3.71,207.4,53.9,1430.3,345.5
2026-06-02 21:15:00,4.08,214.0,58.6,1436.7,311.4
2026-06-02 21:20:00,2.51,207.9,73.5,1469.4,346.7
2026-06-02 21:25:00,3.18,209.2,70.4,1421.5,383.5
2026-06-02 21:30:00,3.73,189.5,57.5,1440.4,308.6
2026-06-02 21:35:00,3.42,214.7,71.5,1427.8,339.4
2026-06-02 21:40:00,3.65,208.9,71.9,1435.2,299.6
2026-06-02 21:45:00,3.26,229.3,66.6,1455.0,319.2
2026-06-02 21:50:00,3.53,198.7,52.2,1442.5,357.5
2026-06-02 21:55:00,3.44,188.3,60.1,1432.3,329.2
2026-06-02 22:00:00,3.97,217.4,65.3,1431.7,358.6
2026-06-02 22:05:00,3.6,214.2,55.8,1445.6,348.9
2026-06-02 22:10:00,3.64,197.9,66.1,1463.2,338.4
2026-06-02 22:15:00,3.34,191.6,64.5,1422.8,314.3
2026-06-02 22:20:00,3.3,228.4,71.3,1472.4,357.1
2026-06-02 22:25:00,3.33,227.0,69.8,1461.4,347.6
2026-06-02 22:30:00,3.66,180.2,66.4,1454.6,301.8
2026-06-02 22:35:00,3.33,204.5,62.7,1443.5,315.9
2026-06-02 22:40:00,3.62,230.0,69.6,1461.6,280.0
2026-06-02 22:45:00,4.33,204.3,61.0,1423.7,305.9
2026-06-02 22:50:00,3.85,204.1,59.4,1428.8,332.2
2026-06-02 22:55:00,3.37,206.6,75.2,1450.8,313.6
2026-06-02 23:00:00,3.98,196.5,46.6,1441.7,319.2
2026-06-02 23:05:00,3.34,189.5,68.9,1433.7,374.8
2026-06-02 23:10:00,2.68,222.6,61.9,1405.0,365.7
2026-06-02 23:15:00,3.1,187.9,55.7,1429.0,322.6
2026-06-02 23:20:00,2.75,213.0,67.5,1423.0,359.8
2026-06-02 23:25:00,3.36,220.6,54.7,1449.5,370.4
2026-06-02 23:30:00,3.51,192.6,55.9,1433.6,355.5
2026-06-02 23:35:00,4.17,198.9,56.5,1428.4,347.5
2026-06-02 23:40:00,3.63,224.6,65.4,1482.6,367.5
2026-06-02 23:45:00,3.41,216.4,59.5,1456.9,359.2
2026-06-02 23:50:00,3.83,202.6,76.7,1454.4,309.7
2026-06-02 23:55:00,2.62,224.4,81.5,1475.9,335.3
2026-06-03 00:00:00,3.59,224.5,51.0,1454.9,326.2
2026-06-03 00:05:00,3.81,213.2,69.8,1429.1,368.8
2026-06-03 00:10:00,2.91,199.2,70.2,1424.5,325.5
2026-06-03 00:15:00,3.96,205.0,68.6,1453.5,321.2
2026-06-03 00:20:00,3.64,213.4,60.3,1409.8,365.7
2026-06-03 00:25:00,3.33,207.7,62.7,1438.4,346.5
2026-06-03 00:30:00,3.75,221.3,60.7,1409.7,392.8
2026-06-03 00:35:00,4.41,191.6,58.9,1437.8,318.4
2026-06-03 00:40:00,3.57,192.1,52.6,1449.2,327.0
2026-06-03 00:45:00,3.6,212.2,64.4,1444.6,368.0
2026-06-03 00:50:00,3.32,204.1,52.1,1452.9,308.0
2026-06-03 00:55:00,3.16,202.5,62.3,1468.0,373.0
2026-06-03 01:00:00,3.83,188.8,51.8,1433.6,309.8
2026-06-03 01:05:00,3.16,210.2,66.7,1482.2,355.3
2026-06-03 01:10:00,3.53,209.4,59.5,1443.1,293.9
2026-06-03 01:15:00,3.31,217.8,68.5,1455.8,341.1
2026-06-03 01:20:00,3.69,210.8,73.8,1431.0,305.8
2026-06-03 01:25:00,3.63,208.4,77.5,1464.0,388.2
2026-06-03 01:30:00,3.92,224.1,46.9,1458.5,313.2
2026-06-03 01:35:00,3.3,194.3,56.0,1458.9,319.3
2026-06-03 01:40:00,3.39,216.4,63.5,1442.1,353.4
2026-06-03 01:45:00,3.11,189.9,65.7,1417.2,325.0
2026-06-03 01:50:00,3.32,199.9,50.3,1444.9,357.5
2026-06-03 01:55:00,3.65,195.4,55.0,1411.6,322.2
2026-06-03 02:00:00,3.8,219.4,67.5,1436.8,320.3
2026-06-03 02:05:00,3.13,209.2,65.6,1442.7,339.3
2026-06-03 02:10:00,3.85,209.8,68.0,1475.6,309.6
2026-06-03 02:15:00,4.04,196.7,66.6,1442.1,349.9
2026-06-03 02:20:00,3.67,206.4,67.2,1441.4,361.9
2026-06-03 02:25:00,4.25,200.8,65.2,1437.2,353.8
2026-06-03 02:30:00,3.19,214.6,66.1,1420.8,356.1
2026-06-03 02:35:00,3.0,198.1,68.5,1438.9,291.9
2026-06-03 02:40:00,2.79,226.0,49.5,1444.7,328.5
2026-06-03 02:45:00,4.1,189.9,74.3,1421.4,334.3
2026-06-03 02:50:00,3.76,200.3,45.9,1420.3,376.4
2026-06-03 02:55:00,3.48,230.1,59.4,1436.8,325.5
2026-06-03 03:00:00,3.61,204.8,62.4,1439.9,282.5
2026-06-03 03:05:00,3.05,194.2,68.0,1430.0,314.9
2026-06-03 03:10:00,4.48,212.6,41.4,1424.8,323.5
2026-06-03 03:15:00,3.55,204.3,63.9,1443.2,286.1
2026-06-03 03:20:00,3.54,200.0,69.8,1446.1,364.2
2026-06-03 03:25:00,3.79,196.8,71.0,1439.2,300.8
2026-06-03 03:30:00,3.69,243.2,64.4,1438.2,351.2
2026-06-03 03:35:00,3.59,207.0,62.1,1448.3,312.7
2026-06-03 03:40:00,3.18,186.9,56.6,1432.5,377.7
2026-06-03 03:45:00,3.69,227.9,64.5,1425.7,333.1
2026-06-03 03:50:00,4.25,217.3,57.8,1457.0,328.0
2026-06-03 03:55:00,4.04,200.8,56.5,1443.5,353.2
2026-06-03 04:00:00,4.14,198.8,66.8,1436.0,314.8
2026-06-03 04:05:00,3.3,218.1,67.3,1418.1,354.4
2026-06-03 04:10:00,3.1,207.0,68.5,1428.2,328.0
2026-06-03 04:15:00,3.45,186.9,63.2,1465.7,325.1
2026-06-03 04:20:00,3.52,231.4,73.9,1421.7,337.8
2026-06-03 04:25:00,3.94,204.8,71.2,1435.2,312.8
2026-06-03 04:30:00,2.82,227.9,53.8,1443.3,335.2
2026-06-03 04:35:00,4.11,225.3,60.5,1447.9,348.5
2026-06-03 04:40:00,3.44,198.0,61.3,1415.1,282.3
2026-06-03 04:45:00,3.33,222.4,66.7,1445.1,367.3
2026-06-03 04:50:00,3.1,202.2,58.5,1413.1,360.4
2026-06-03 04:55:00,2.84,187.6,68.9,1437.0,293.6
2026-06-03 05:00:00,3.83,204.9,80.1,1429.2,289.7
2026-06-03 05:05:00,3.53,214.8,67.2,1428.0,361.0
2026-06-03 05:10:00,2.98,204.4,64.8,1451.4,359.1
2026-06-03 05:15:00,2.98,206.3,71.2,1435.7,355.6
2026-06-03 05:20:00,3.37,223.7,52.1,1449.9,304.3
2026-06-03 05:25:00,4.17,211.3,65.4,1447.9,385.7
2026-06-03 05:30:00,3.4,199.9,71.3,1457.0,321.1
2026-06-03 05:35:00,2.9,218.4,61.1,1423.6,346.0
2026-06-03 05:40:00,3.4,212.4,55.5,1454.3,346.3
2026-06-03 05:45:00,3.39,179.7,59.0,1434.2,379.8
2026-06-03 05:50:00,2.5,215.1,65.3,1435.4,343.1
2026-06-03 05:55:00,3.48,214.7,58.4,1423.7,350.4
2026-06-03 06:00:00,3.41,210.2,81.8,1449.1,338.1
2026-06-03 06:05:00,3.78,220.7,62.8,1428.3,310.1
2026-06-03 06:10:00,4.24,201.9,54.6,1446.2,282.0
2026-06-03 06:15:00,3.95,214.0,64.9,1469.7,340.8
2026-06-03 06:20:00,3.39,191.2,69.4,1450.9,304.7
2026-06-03 06:25:00,3.06,214.9,65.9,1461.8,348.8
2026-06-03 06:30:00,4.5,233.4,72.4,1433.9,343.7
2026-06-03 06:35:00,3.52,198.1,56.2,1449.1,343.1
2026-06-03 06:40:00,3.51,200.9,75.5,1421.0,313.7
2026-06-03 06:45:00,3.49,201.5,68.2,1434.8,365.9
2026-06-03 06:50:00,3.58,211.6,73.6,1466.4,351.9
2026-06-03 06:55:00,3.44,197.2,66.0,1428.3,310.5
2026-06-03 07:00:00,3.27,215.1,72.4,1457.7,391.7
2026-06-03 07:05:00,3.28,220.2,59.5,1457.3,334.7
2026-06-03 07:10:00,3.49,216.4,62.0,1457.4,306.6
2026-06-03 07:15:00,3.28,188.8,72.6,1416.8,321.0
2026-06-03 07:20:00,3.21,221.9,79.3,1450.3,302.3
2026-06-03 07:25:00,3.54,221.2,57.5,1439.9,374.0
2026-06-03 07:30:00,3.4,220.0,68.5,1458.3,367.0
2026-06-03 07:35:00,4.1,214.5,62.2,1416.1,358.5
2026-06-03 07:40:00,2.5,212.6,59.8,1446.0,353.8
2026-06-03 07:45:00,3.94,222.4,69.1,1445.9,371.2
2026-06-03 07:50:00,4.0,233.1,77.6,1414.8,334.0
2026-06-03 07:55:00,2.67,198.6,66.9,1424.4,350.6
2026-06-03 08:00:00,3.36,222.9,64.4,1415.1,319.7
2026-06-03 08:05:00,3.35,209.0,69.0,1428.9,336.2
2026-06-03 08:10:00,2.94,208.4,61.9,1447.9,351.3
2026-06-03 08:15:00,3.19,191.6,65.5,1439.2,280.0
2026-06-03 08:20:00,3.06,206.6,75.7,1441.9,324.5
2026-06-03 08:25:00,4.2,198.0,46.6,1422.0,344.1
2026-06-03 08:30:00,3.87,204.4,70.5,1455.7,338.1
2026-06-03 08:35:00,4.01,196.8,50.7,1437.1,328.7
2026-06-03 08:40:00,3.79,204.6,74.0,1439.4,354.7
2026-06-03 08:45:00,3.05,205.1,59.2,1453.1,322.3
2026-06-03 08:50:00,3.29,211.2,55.4,1425.4,309.5
2026-06-03 08:55:00,3.7,190.6,67.7,1439.6,369.6
2026-06-03 09:00:00,3.01,192.7,65.3,1442.9,366.1
2026-06-03 09:05:00,3.79,214.3,57.7,1432.7,325.0
2026-06-03 09:10:00,3.4,200.4,53.5,1447.9,338.3
2026-06-03 09:15:00,3.35,222.9,65.4,1449.7,361.1
2026-06-03 09:20:00,3.78,212.7,55.8,1439.0,341.1
2026-06-03 09:25:00,3.68,217.3,57.6,1439.5,353.3
2026-06-03 09:30:00,3.36,226.9,68.5,1451.2,351.9
2026-06-03 09:35:00,3.96,206.3,56.7,1451.1,332.0
2026-06-03 09:40:00,3.07,203.1,67.4,1439.6,352.9
2026-06-03 09:45:00,3.75,220.5,78.5,1458.9,315.9
2026-06-03 09:50:00,3.74,216.1,64.7,1451.1,349.9
2026-06-03 09:55:00,3.38,207.8,65.7,1412.7,338.1
2026-06-03 10:00:00,3.63,226.7,83.6,1422.3,331.0
2026-06-03 10:05:00,3.0,207.5,55.1,1457.2,308.8
2026-06-03 10:10:00,3.87,210.4,74.6,1436.4,343.3
2026-06-03 10:15:00,3.43,210.3,73.6,1442.5,341.0
2026-06-03 10:20:00,3.29,198.8,70.2,1454.8,319.0
2026-06-03 10:25:00,3.92,210.9,75.5,1440.1,300.1
2026-06-03 10:30:00,3.22,226.8,69.8,1443.9,298.9
2026-06-03 10:35:00,2.94,215.3,61.1,1428.0,333.6
2026-06-03 10:40:00,2.88,210.4,73.8,1445.6,347.7
2026-06-03 10:45:00,3.74,208.1,73.8,1448.4,386.2
2026-06-03 10:50:00,2.99,214.0,74.4,1432.1,338.9
2026-06-03 10:55:00,4.2,219.0,66.7,1428.0,299.4
2026-06-03 11:00:00,2.67,217.3,60.4,1480.9,334.8
2026-06-03 11:05:00,4.18,206.0,65.9,1437.8,371.3
2026-06-03 11:10:00,3.58,213.9,73.1,1430.5,322.9
2026-06-03 11:15:00,3.46,215.8,74.1,1451.8,368.0
2026-06-03 11:20:00,3.28,197.9,59.7,1436.8,344.4
2026-06-03 11:25:00,3.66,212.0,67.8,1424.1,356.2
2026-06-03 11:30:00,3.48,184.1,50.6,1442.1,386.5
2026-06-03 11:35:00,3.94,215.8,73.7,1428.4,294.1
2026-06-03 11:40:00,3.55,217.9,59.9,1465.2,362.4
2026-06-03 11:45:00,3.56,219.0,72.6,1449.2,337.6
2026-06-03 11:50:00,3.35,205.3,55.1,1434.9,316.3
2026-06-03 11:55:00,3.48,213.7,73.8,1442.4,337.5
2026-06-03 12:00:00,3.62,227.1,70.1,1457.0,382.3
2026-06-03 12:05:00,2.82,227.0,61.3,1446.2,373.4
2026-06-03 12:10:00,2.96,209.6,70.5,1471.8,290.0
2026-06-03 12:15:00,3.8,211.7,60.5,1457.4,320.8
2026-06-03 12:20:00,3.57,223.3,73.0,1450.0,363.6
2026-06-03 12:25:00,3.43,192.0,60.1,1422.3,339.5
2026-06-03 12:30:00,3.51,206.1,50.7,1437.0,339.5
2026-06-03 12:35:00,3.64,226.0,59.5,1450.4,300.8
2026-06-03 12:40:00,3.28,221.7,63.3,1430.0,321.4
2026-06-03 12:45:00,3.19,214.4,76.6,1460.3,306.0
2026-06-03 12:50:00,3.58,191.9,69.5,1421.8,298.7
2026-06-03 12:55:00,3.11,209.4,77.9,1430.3,308.6
2026-06-03 13:00:00,3.66,202.9,77.2,1430.1,316.8
2026-06-03 13:05:00,2.82,214.0,61.3,1452.0,321.0
2026-06-03 13:10:00,3.91,200.3,62.0,1426.0,318.9
2026-06-03 13:15:00,3.69,197.7,59.9,1410.5,365.5
2026-06-03 13:20:00,3.6,185.2,55.9,1451.4,317.3
2026-06-03 13:25:00,3.89,224.7,52.5,1436.3,375.7
2026-06-03 13:30:00,4.17,205.2,64.2,1423.0,327.9
2026-06-03 13:35:00,3.91,211.9,55.0,1429.1,351.0
2026-06-03 13:40:00,2.76,210.0,64.7,1465.7,351.8
2026-06-03 13:45:00,2.99,197.2,80.0,1427.6,317.6
2026-06-03 13:50:00,3.25,194.9,58.7,1435.1,331.8
2026-06-03 13:55:00,3.51,197.9,64.7,1430.9,327.4
2026-06-03 14:00:00,3.71,201.3,71.0,1419.8,349.3
2026-06-03 14:05:00,3.21,214.4,67.9,1429.7,336.8
2026-06-03 14:10:00,3.57,200.5,65.9,1418.6,321.3
2026-06-03 14:15:00,3.2,231.0,65.2,1458.5,343.0
2026-06-03 14:20:00,3.26,222.3,65.0,1444.0,348.5
2026-06-03 14:25:00,2.94,219.7,58.8,1479.2,386.3
2026-06-03 14:30:00,3.13,208.6,71.6,1429.1,341.7
2026-06-03 14:35:00,2.96,228.2,53.8,1430.8,340.3
2026-06-03 14:40:00,3.11,207.4,72.4,1462.5,350.7
2026-06-03 14:45:00,3.92,209.6,53.7,1455.8,316.3
2026-06-03 14:50:00,3.12,212.0,73.0,1446.2,296.9
2026-06-03 14:55:00,4.5,218.4,63.4,1425.0,332.2
2026-06-03 15:00:00,3.7,217.6,56.3,1467.7,366.8
2026-06-03 15:05:00,3.57,204.3,68.8,1437.8,370.8
2026-06-03 15:10:00,3.16,203.6,71.5,1432.3,293.0
2026-06-03 15:15:00,3.78,217.7,62.6,1458.7,356.7
2026-06-03 15:20:00,3.27,218.6,72.1,1441.4,285.4
2026-06-03 15:25:00,3.55,205.3,46.0,1421.6,351.5
2026-06-03 15:30:00,4.5,191.0,51.6,1436.8,350.0
2026-06-03 15:35:00,3.46,207.5,75.0,1427.8,296.9
2026-06-03 15:40:00,3.96,217.5,64.3,1396.4,365.0
2026-06-03 15:45:00,3.22,231.7,53.4,1431.1,383.6
2026-06-03 15:50:00,3.49,195.6,57.3,1429.2,338.4
2026-06-03 15:55:00,4.21,204.9,56.8,1421.6,343.5
2026-06-03 16:00:00,3.25,205.3,63.0,1447.7,377.0
2026-06-03 16:05:00,4.22,226.3,64.5,1431.6,311.8
2026-06-03 16:10:00,3.78,209.6,66.4,1447.1,312.5
2026-06-03 16:15:00,3.28,199.1,62.8,1419.3,319.0
2026-06-03 16:20:00,3.75,216.7,76.9,1455.0,340.9
2026-06-03 16:25:00,3.89,205.1,67.7,1419.9,340.9
2026-06-03 16:30:00,3.75,195.3,66.5,1401.9,326.2
2026-06-03 16:35:00,2.87,199.3,72.7,1456.4,332.5
2026-06-03 16:40:00,3.21,230.8,65.0,1431.3,326.5
2026-06-03 16:45:00,3.4,214.6,55.6,1467.3,327.7
2026-06-03 16:50:00,3.47,211.3,74.8,1448.7,320.8
2026-06-03 16:55:00,3.75,207.0,65.6,1451.3,321.0
2026-06-03 17:00:00,3.57,213.5,66.6,1456.4,290.0
2026-06-03 17:05:00,2.97,213.4,60.4,1442.4,334.4
2026-06-03 17:10:00,3.65,213.5,60.6,1442.6,291.1
2026-06-03 17:15:00,3.74,211.4,72.0,1459.5,358.8
2026-06-03 17:20:00,3.72,220.4,74.4,1443.8,326.0
2026-06-03 17:25:00,3.93,210.3,71.3,1429.1,337.0
2026-06-03 17:30:00,3.83,198.3,69.6,1446.4,330.7
2026-06-03 17:35:00,3.68,202.7,68.4,1406.8,333.9
2026-06-03 17:40:00,3.47,186.3,62.5,1455.0,371.6
2026-06-03 17:45:00,2.84,234.3,67.2,1465.0,306.2
2026-06-03 17:50:00,3.67,220.4,76.2,1460.0,299.4
2026-06-03 17:55:00,3.58,200.0,60.5,1455.4,343.0
2026-06-03 18:00:00,3.61,206.6,67.5,1438.1,327.6
2026-06-03 18:05:00,2.99,202.4,57.4,1436.9,349.0
2026-06-03 18:10:00,3.07,228.5,62.5,1425.3,357.9
2026-06-03 18:15:00,3.92,193.0,60.6,1462.8,312.3
2026-06-03 18:20:00,3.48,211.4,58.8,1433.0,355.1
2026-06-03 18:25:00,3.77,208.7,71.2,1444.8,314.5
2026-06-03 18:30:00,3.51,219.9,55.7,1445.8,341.9
2026-06-03 18:35:00,3.51,208.8,65.6,1419.6,309.1
2026-06-03 18:40:00,3.88,188.9,62.9,1409.6,343.3
2026-06-03 18:45:00,3.29,207.0,50.1,1439.5,339.5
2026-06-03 18:50:00,3.54,198.3,59.7,1430.9,312.4
2026-06-03 18:55:00,3.32,211.0,67.2,1438.8,306.0
2026-06-03 19:00:00,3.33,227.2,71.0,1459.4,358.8
2026-06-03 19:05:00,3.38,189.1,60.2,1439.2,328.7
2026-06-03 19:10:00,3.59,200.4,69.0,1449.5,365.3
2026-06-03 19:15:00,3.31,203.4,63.1,1445.4,326.4
2026-06-03 19:20:00,4.0,205.4,64.4,1434.3,372.6
2026-06-03 19:25:00,3.14,218.9,68.3,1426.7,316.3
2026-06-03 19:30:00,3.43,207.9,72.1,1443.6,376.8
2026-06-03 19:35:00,3.32,215.0,60.3,1442.3,344.4
2026-06-03 19:40:00,4.08,202.5,60.0,1452.2,350.0
2026-06-03 19:45:00,3.58,212.8,60.1,1438.3,314.9
2026-06-03 19:50:00,3.91,219.3,63.7,1437.4,358.2
2026-06-03 19:55:00,2.91,201.2,75.1,1434.8,359.1
2026-06-03 20:00:00,3.61,219.4,71.0,1428.1,331.9
2026-06-03 20:05:00,3.86,210.6,56.0,1461.8,286.7
2026-06-03 20:10:00,3.53,222.5,62.1,1459.6,312.2
2026-06-03 20:15:00,3.93,207.6,67.6,1421.3,312.2
2026-06-03 20:20:00,3.29,214.6,58.4,1453.0,351.2
2026-06-03 20:25:00,4.06,209.5,59.1,1412.2,328.4
2026-06-03 20:30:00,4.42,208.8,75.6,1454.5,328.9
2026-06-03 20:35:00,3.35,213.1,60.6,1430.2,325.8
2026-06-03 20:40:00,3.32,216.4,73.6,1446.7,376.7
2026-06-03 20:45:00,4.08,195.0,72.8,1408.1,341.1
2026-06-03 20:50:00,4.13,227.2,61.7,1425.5,344.9
2026-06-03 20:55:00,3.29,187.7,54.5,1442.6,324.5
2026-06-03 21:00:00,3.33,201.8,61.6,1427.8,339.3
2026-06-03 21:05:00,3.39,208.9,56.1,1427.2,315.6
2026-06-03 21:10:00,2.96,214.9,66.7,1461.9,348.6
2026-06-03 21:15:00,3.13,228.9,66.2,1476.9,311.3
2026-06-03 21:20:00,3.1,187.7,64.5,1449.6,358.6
2026-06-03 21:25:00,3.19,203.9,75.3,1422.4,321.6
2026-06-03 21:30:00,3.49,184.5,67.7,1461.3,363.7
2026-06-03 21:35:00,3.59,210.4,69.0,1416.7,387.7
2026-06-03 21:40:00,4.12,213.3,49.8,1436.1,340.0
2026-06-03 21:45:00,3.1,229.1,71.4,1444.6,372.8
2026-06-03 21:50:00,3.89,211.4,79.0,1469.2,358.8
2026-06-03 21:55:00,3.41,222.5,42.8,1456.2,304.2
2026-06-03 22:00:00,3.48,217.0,71.6,1434.4,342.8
2026-06-03 22:05:00,3.77,204.8,62.9,1424.8,352.5
2026-06-03 22:10:00,3.05,193.1,55.7,1451.7,354.9
2026-06-03 22:15:00,3.65,213.3,71.9,1432.7,344.5
2026-06-03 22:20:00,3.57,192.1,76.0,1439.7,344.1
2026-06-03 22:25:00,3.7,225.5,73.5,1422.6,340.1
2026-06-03 22:30:00,3.62,208.1,61.7,1448.1,343.3
2026-06-03 22:35:00,4.48,224.3,59.6,1450.2,309.4
2026-06-03 22:40:00,3.24,204.2,65.3,1420.2,334.1
2026-06-03 22:45:00,3.29,213.2,72.5,1456.1,303.7
2026-06-03 22:50:00,3.25,212.5,62.3,1448.8,327.6
2026-06-03 22:55:00,3.28,209.5,62.6,1451.0,325.2
2026-06-03 23:00:00,3.25,204.8,86.8,1433.3,323.6
2026-06-03 23:05:00,3.98,214.7,74.3,1443.6,313.7
2026-06-03 23:10:00,4.07,198.9,72.5,1438.7,346.7
2026-06-03 23:15:00,3.27,195.5,51.1,1434.9,332.0
2026-06-03 23:20:00,3.17,224.9,61.6,1445.5,329.5
2026-06-03 23:25:00,3.69,218.7,66.9,1460.6,304.8
2026-06-03 23:30:00,3.28,210.8,57.1,1456.3,332.6
2026-06-03 23:35:00,3.75,230.0,80.8,1426.3,368.6
2026-06-03 23:40:00,3.58,206.8,75.8,1454.1,369.0
2026-06-03 23:45:00,2.89,225.9,63.1,1461.0,349.3
2026-06-03 23:50:00,4.12,212.1,79.6,1438.2,332.6
2026-06-03 23:55:00,4.22,197.7,63.1,1445.2,354.0
2026-06-04 00:00:00,3.25,232.2,89.0,1451.8,323.3
2026-06-04 00:05:00,3.34,221.9,67.9,1429.6,332.5
2026-06-04 00:10:00,3.61,208.5,69.4,1434.0,321.4
2026-06-04 00:15:00,3.63,218.7,77.5,1453.0,362.7
2026-06-04 00:20:00,3.76,205.2,74.5,1431.6,359.5
2026-06-04 00:25:00,4.3,219.9,70.6,1456.6,339.1
2026-06-04 00:30:00,3.43,181.3,59.6,1453.8,383.3
2026-06-04 00:35:00,3.18,197.8,67.3,1454.7,350.3
2026-06-04 00:40:00,2.95,221.8,60.2,1472.0,348.9
2026-06-04 00:45:00,3.21,207.0,65.8,1438.0,346.2
2026-06-04 00:50:00,3.49,212.5,56.5,1443.2,308.4
2026-06-04 00:55:00,4.22,193.8,48.3,1441.6,317.6
2026-06-04 01:00:00,3.29,232.2,68.7,1443.5,338.6
2026-06-04 01:05:00,3.59,224.3,77.2,1451.0,338.8
2026-06-04 01:10:00,3.49,207.6,72.0,1413.9,354.7
2026-06-04 01:15:00,3.98,205.1,63.6,1442.1,323.3
2026-06-04 01:20:00,4.5,222.4,80.8,1421.8,341.8
2026-06-04 01:25:00,3.29,233.8,64.0,1430.3,342.2
2026-06-04 01:30:00,3.3,221.4,51.4,1453.3,343.2
2026-06-04 01:35:00,3.92,236.1,51.5,1442.2,340.4
2026-06-04 01:40:00,3.77,198.9,53.9,1448.3,304.9
2026-06-04 01:45:00,4.24,200.2,70.1,1434.7,283.5
2026-06-04 01:50:00,3.73,195.7,57.8,1453.7,316.5
2026-06-04 01:55:00,3.36,215.3,69.5,1437.5,326.7
2026-06-04 02:00:00,3.74,212.1,78.5,1411.1,310.5
2026-06-04 02:05:00,3.94,208.2,55.9,1443.0,338.6
2026-06-04 02:10:00,3.83,219.7,70.3,1409.4,367.3
2026-06-04 02:15:00,3.7,224.8,71.5,1421.2,358.2
2026-06-04 02:20:00,3.93,191.7,55.4,1423.1,351.7
2026-06-04 02:25:00,3.97,202.8,74.8,1423.5,364.6
2026-06-04 02:30:00,4.05,219.8,64.2,1433.8,316.9
2026-06-04 02:35:00,3.76,204.4,61.1,1423.2,328.6
2026-06-04 02:40:00,3.43,200.4,80.5,1417.0,355.4
2026-06-04 02:45:00,3.56,222.2,71.0,1465.6,328.1
2026-06-04 02:50:00,3.98,194.5,70.1,1426.7,329.5
2026-06-04 02:55:00,3.17,206.4,75.3,1405.8,386.6
2026-06-04 03:00:00,3.65,213.9,60.4,1435.4,342.4
2026-06-04 03:05:00,3.34,203.1,74.0,1421.8,384.1
2026-06-04 03:10:00,3.51,219.4,62.4,1428.6,294.4
2026-06-04 03:15:00,4.01,203.2,59.6,1449.3,324.2
2026-06-04 03:20:00,3.58,226.9,65.4,1436.7,350.2
2026-06-04 03:25:00,3.52,208.5,59.8,1422.4,342.3
2026-06-04 03:30:00,2.96,218.1,72.8,1448.3,288.6
2026-06-04 03:35:00,3.8,219.0,68.5,1459.0,334.3
2026-06-04 03:40:00,3.76,202.5,59.9,1446.5,401.8
2026-06-04 03:45:00,4.37,185.4,66.7,1398.3,346.2
2026-06-04 03:50:00,3.38,214.3,63.4,1424.1,355.1
2026-06-04 03:55:00,3.59,210.9,62.5,1440.9,323.9
2026-06-04 04:00:00,3.6,216.7,66.4,1437.7,346.1
2026-06-04 04:05:00,4.13,207.3,68.3,1434.5,339.7
2026-06-04 04:10:00,3.46,204.8,67.3,1424.2,368.0
2026-06-04 04:15:00,3.61,234.1,65.7,1423.7,367.2
2026-06-04 04:20:00,3.74,192.3,69.1,1466.6,350.2
2026-06-04 04:25:00,3.57,218.8,64.5,1442.2,341.8
2026-06-04 04:30:00,3.32,203.1,58.7,1448.3,298.0
2026-06-04 04:35:00,3.58,206.0,52.7,1439.3,297.2
2026-06-04 04:40:00,3.93,206.2,72.3,1439.9,342.0
2026-06-04 04:45:00,3.09,200.4,63.7,1437.1,361.9
2026-06-04 04:50:00,3.55,216.9,67.7,1424.6,373.3
2026-06-04 04:55:00,3.22,226.7,75.9,1420.6,317.8
2026-06-04 05:00:00,3.98,215.6,62.0,1446.9,302.3
2026-06-04 05:05:00,2.89,211.2,54.2,1443.1,363.3
2026-06-04 05:10:00,3.28,198.2,63.8,1451.7,319.6
2026-06-04 05:15:00,3.65,216.2,68.4,1452.3,300.6
2026-06-04 05:20:00,4.13,235.9,66.8,1433.0,327.7
2026-06-04 05:25:00,3.47,205.4,76.1,1456.1,327.2
2026-06-04 05:30:00,3.28,205.5,44.4,1450.6,373.0
2026-06-04 05:35:00,4.25,203.3,73.0,1449.0,361.6
2026-06-04 05:40:00,2.92,204.1,70.4,1472.6,321.6
2026-06-04 05:45:00,2.62,177.1,63.7,1464.1,374.9
2026-06-04 05:50:00,3.68,214.9,40.0,1451.3,343.1
2026-06-04 05:55:00,3.3,199.9,73.7,1446.4,366.5
2026-06-04 06:00:00,3.09,190.7,53.9,1452.4,373.2
2026-06-04 06:05:00,3.78,219.0,62.3,1433.0,333.4
2026-06-04 06:10:00,3.6,197.0,61.7,1428.9,354.3
2026-06-04 06:15:00,3.27,205.9,67.6,1449.3,329.8
2026-06-04 06:20:00,2.99,227.6,72.8,1430.7,363.3
2026-06-04 06:25:00,3.85,193.1,69.6,1445.5,342.3
2026-06-04 06:30:00,3.76,191.6,68.8,1438.7,364.0
2026-06-04 06:35:00,3.46,213.2,67.5,1427.8,378.1
2026-06-04 06:40:00,4.24,223.8,70.4,1443.1,353.7
2026-06-04 06:45:00,3.07,191.1,53.4,1455.8,337.7
2026-06-04 06:50:00,2.89,214.9,59.7,1442.2,338.1
2026-06-04 06:55:00,3.22,217.0,73.2,1442.7,280.0
2026-06-04 07:00:00,3.48,185.3,68.0,1440.0,322.2
2026-06-04 07:05:00,3.6,219.6,72.2,1448.8,363.3
2026-06-04 07:10:00,3.4,220.5,62.5,1437.1,364.2
2026-06-04 07:15:00,3.64,206.3,71.7,1444.5,321.6
2026-06-04 07:20:00,3.0,225.0,58.0,1427.3,344.1
2026-06-04 07:25:00,4.08,223.6,75.7,1430.7,335.3
2026-06-04 07:30:00,3.47,211.2,63.1,1430.2,357.2
2026-06-04 07:35:00,3.95,204.6,77.7,1446.0,395.2
2026-06-04 07:40:00,3.64,198.3,51.1,1440.1,357.7
2026-06-04 07:45:00,3.68,209.5,79.0,1437.9,323.2
2026-06-04 07:50:00,3.73,216.8,63.1,1451.7,338.0
2026-06-04 07:55:00,3.68,206.1,61.4,1444.9,375.0
2026-06-04 08:00:00,3.76,183.6,62.6,1430.4,304.8
2026-06-04 08:05:00,4.03,225.2,61.7,1427.5,324.6
2026-06-04 08:10:00,3.58,212.3,64.8,1428.2,357.7
2026-06-04 08:15:00,3.78,205.4,58.4,1417.1,372.4
2026-06-04 08:20:00,3.46,220.3,60.9,1444.2,355.2
2026-06-04 08:25:00,4.08,228.3,71.6,1430.7,324.8
2026-06-04 08:30:00,3.23,176.4,52.7,1425.8,353.4
2026-06-04 08:35:00,4.22,215.2,59.6,1439.1,350.4
2026-06-04 08:40:00,3.48,192.9,51.4,1452.2,348.8
2026-06-04 08:45:00,2.93,216.0,61.9,1455.1,337.6
2026-06-04 08:50:00,3.55,211.5,75.7,1439.5,341.3
2026-06-04 08:55:00,3.23,217.6,59.4,1460.5,317.3
2026-06-04 09:00:00,3.84,204.0,58.2,1408.6,402.0
2026-06-04 09:05:00,3.24,187.5,63.2,1463.7,343.9
2026-06-04 09:10:00,3.32,204.6,61.2,1449.3,353.7
2026-06-04 09:15:00,2.74,214.9,83.6,1442.5,334.6
2026-06-04 09:20:00,3.32,222.2,65.5,1429.1,361.1
2026-06-04 09:25:00,2.53,195.9,65.6,1430.6,307.5
2026-06-04 09:30:00,2.87,222.3,74.4,1451.6,296.4
2026-06-04 09:35:00,3.8,202.2,71.2,1447.9,339.2
2026-06-04 09:40:00,3.81,214.3,67.5,1450.9,391.4
2026-06-04 09:45:00,3.67,203.9,62.8,1427.8,370.2
2026-06-04 09:50:00,3.11,212.2,81.5,1426.5,319.8
2026-06-04 09:55:00,3.48,220.7,65.8,1445.1,352.9
2026-06-04 10:00:00,3.5,195.3,59.3,1448.6,324.1
2026-06-04 10:05:00,3.04,201.8,58.6,1438.4,350.7
2026-06-04 10:10:00,4.1,212.2,51.5,1462.7,352.6
2026-06-04 10:15:00,3.85,238.8,75.9,1446.3,363.2
2026-06-04 10:20:00,3.41,199.6,44.7,1437.9,300.9
2026-06-04 10:25:00,3.51,234.5,68.6,1455.0,308.4
2026-06-04 10:30:00,3.58,234.1,67.0,1463.1,338.1
2026-06-04 10:35:00,2.68,208.8,82.7,1419.5,314.2
2026-06-04 10:40:00,3.4,206.4,49.8,1422.5,312.3
2026-06-04 10:45:00,3.23,201.7,56.5,1433.6,346.8
2026-06-04 10:50:00,3.1,209.2,63.8,1487.2,317.1
2026-06-04 10:55:00,3.39,193.1,60.9,1432.7,396.4
2026-06-04 11:00:00,4.22,209.1,60.5,1438.0,326.7
2026-06-04 11:05:00,3.76,228.0,67.0,1452.9,333.2
2026-06-04 11:10:00,3.27,202.7,53.8,1453.2,347.4
2026-06-04 11:15:00,3.73,207.1,67.4,1442.0,302.3
2026-06-04 11:20:00,4.06,189.6,43.4,1453.4,352.7
2026-06-04 11:25:00,3.87,214.5,65.5,1423.0,348.5
2026-06-04 11:30:00,3.52,213.2,60.7,1429.1,331.3
2026-06-04 11:35:00,3.24,210.8,73.2,1457.6,346.8
2026-06-04 11:40:00,3.78,207.4,78.7,1439.6,350.7
2026-06-04 11:45:00,3.66,206.5,61.8,1420.4,375.9
2026-06-04 11:50:00,3.86,216.0,77.0,1421.4,402.5
2026-06-04 11:55:00,3.75,209.7,62.4,1427.8,313.5
2026-06-04 12:00:00,3.92,213.8,57.8,1440.8,307.6
2026-06-04 12:05:00,3.29,212.6,79.4,1447.5,342.6
2026-06-04 12:10:00,4.03,223.5,71.2,1437.8,288.0
2026-06-04 12:15:00,3.58,218.1,66.3,1447.4,356.2
2026-06-04 12:20:00,4.33,212.3,70.8,1433.9,342.8
2026-06-04 12:25:00,3.22,228.2,69.9,1462.0,349.2
2026-06-04 12:30:00,4.19,215.0,65.2,1479.3,332.4
2026-06-04 12:35:00,3.58,225.7,56.7,1437.2,346.4
2026-06-04 12:40:00,3.24,217.3,63.9,1448.7,351.8
2026-06-04 12:45:00,3.31,187.9,66.7,1441.6,345.0
2026-06-04 12:50:00,3.37,225.7,66.4,1445.2,306.4
2026-06-04 12:55:00,3.67,211.6,72.5,1450.1,344.3
2026-06-04 13:00:00,3.71,209.4,68.0,1447.1,386.3
2026-06-04 13:05:00,3.27,213.4,58.5,1433.6,346.0
2026-06-04 13:10:00,3.49,205.9,53.8,1458.9,343.4
2026-06-04 13:15:00,4.36,212.7,64.2,1443.6,379.0
2026-06-04 13:20:00,4.19,202.9,59.7,1432.8,321.4
2026-06-04 13:25:00,3.67,225.3,70.0,1479.7,362.2
2026-06-04 13:30:00,3.52,208.6,59.1,1438.0,326.7
2026-06-04 13:35:00,3.55,205.4,59.4,1442.9,367.2
2026-06-04 13:40:00,3.75,198.9,71.8,1440.4,360.0
2026-06-04 13:45:00,3.09,213.2,66.7,1438.7,329.7
2026-06-04 13:50:00,3.4,212.2,59.7,1447.2,333.4
2026-06-04 13:55:00,2.83,214.7,65.8,1428.3,364.4
2026-06-04 14:00:00,3.66,197.7,74.2,1446.5,293.6
2026-06-04 14:05:00,3.76,190.8,64.5,1409.8,329.0
2026-06-04 14:10:00,3.31,217.5,70.9,1422.0,355.5
2026-06-04 14:15:00,4.13,227.8,61.7,1470.9,332.3
2026-06-04 14:20:00,3.01,197.7,71.4,1418.7,343.4
2026-06-04 14:25:00,2.91,229.1,86.4,1414.4,289.0
2026-06-04 14:30:00,3.59,213.4,59.2,1422.2,318.6
2026-06-04 14:35:00,3.92,209.9,55.5,1466.1,357.0
2026-06-04 14:40:00,4.17,205.2,65.7,1412.2,321.2
2026-06-04 14:45:00,3.32,193.4,69.5,1422.3,307.4
2026-06-04 14:50:00,3.93,221.9,66.0,1420.5,366.5
2026-06-04 14:55:00,3.48,200.7,55.2,1434.0,352.9
2026-06-04 15:00:00,3.43,200.6,62.7,1431.6,312.8
2026-06-04 15:05:00,3.85,221.9,71.6,1435.2,343.5
2026-06-04 15:10:00,3.76,187.4,58.4,1463.3,313.6
2026-06-04 15:15:00,2.87,191.7,67.1,1418.4,336.2
2026-06-04 15:20:00,4.09,209.8,74.3,1438.4,344.4
2026-06-04 15:25:00,4.05,213.5,67.4,1445.8,319.8
2026-06-04 15:30:00,3.25,215.8,65.6,1426.5,358.6
2026-06-04 15:35:00,3.66,206.4,71.1,1446.6,362.4
2026-06-04 15:40:00,3.7,240.4,62.7,1440.1,346.6
2026-06-04 15:45:00,3.6,207.3,57.0,1445.1,350.3
2026-06-04 15:50:00,3.28,207.2,62.5,1437.8,303.7
2026-06-04 15:55:00,3.23,200.4,59.6,1407.3,374.1
2026-06-04 16:00:00,3.49,211.5,58.8,1459.9,337.7
2026-06-04 16:05:00,3.97,217.4,80.8,1472.5,316.6
2026-06-04 16:10:00,3.72,224.4,84.5,1440.2,343.6
2026-06-04 16:15:00,3.35,192.1,59.5,1423.0,358.6
2026-06-04 16:20:00,3.81,207.0,65.3,1462.0,352.8
2026-06-04 16:25:00,2.5,215.4,64.3,1469.4,312.9
2026-06-04 16:30:00,3.96,217.0,74.9,1438.9,358.9
2026-06-04 16:35:00,2.8,210.1,75.5,1436.7,338.5
2026-06-04 16:40:00,3.36,216.5,51.8,1440.1,352.5
2026-06-04 16:45:00,3.05,200.3,67.4,1412.9,320.0
2026-06-04 16:50:00,2.98,228.7,57.3,1439.4,366.1
2026-06-04 16:55:00,3.96,221.9,80.9,1468.1,344.6
2026-06-04 17:00:00,3.31,193.9,66.1,1434.2,369.7
2026-06-04 17:05:00,3.64,197.1,56.5,1421.8,301.6
2026-06-04 17:10:00,3.48,197.4,61.2,1444.9,305.0
2026-06-04 17:15:00,3.69,218.1,63.9,1431.6,334.0
2026-06-04 17:20:00,3.53,194.6,66.9,1435.9,376.7
2026-06-04 17:25:00,2.99,206.0,72.7,1420.2,389.1
2026-06-04 17:30:00,3.9,215.5,56.6,1425.5,317.8
2026-06-04 17:35:00,3.3,209.2,79.6,1450.9,341.3
2026-06-04 17:40:00,2.88,213.1,78.3,1442.4,343.9
2026-06-04 17:45:00,3.33,197.2,56.1,1425.8,358.0
2026-06-04 17:50:00,4.1,217.1,66.7,1443.2,362.1
2026-06-04 17:55:00,3.84,202.6,77.6,1429.4,312.1
2026-06-04 18:00:00,3.36,206.1,74.3,1427.5,341.6
2026-06-04 18:05:00,3.36,212.9,62.7,1458.0,289.8
2026-06-04 18:10:00,3.37,211.2,71.7,1452.0,360.3
2026-06-04 18:15:00,4.33,210.3,89.0,1439.7,331.5
2026-06-04 18:20:00,3.65,201.0,64.5,1440.4,309.9
2026-06-04 18:25:00,3.67,206.4,59.4,1439.2,348.3
2026-06-04 18:30:00,3.91,210.0,66.4,1447.3,330.8
2026-06-04 18:35:00,3.6,193.5,64.5,1424.7,371.5
2026-06-04 18:40:00,3.4,204.4,60.0,1451.8,317.7
2026-06-04 18:45:00,3.42,214.7,69.2,1446.2,395.6
2026-06-04 18:50:00,3.47,194.7,52.7,1433.0,361.4
2026-06-04 18:55:00,3.49,223.9,61.8,1435.5,372.2
2026-06-04 19:00:00,3.79,225.2,73.4,1455.7,314.3
2026-06-04 19:05:00,3.52,195.1,48.7,1434.8,384.7
2026-06-04 19:10:00,3.79,226.3,74.7,1432.8,309.7
2026-06-04 19:15:00,3.47,208.3,48.6,1433.9,334.8
2026-06-04 19:20:00,3.53,215.0,51.9,1452.5,372.6
2026-06-04 19:25:00,2.7,204.0,60.1,1414.6,352.7
2026-06-04 19:30:00,3.87,221.1,69.0,1436.9,309.0
2026-06-04 19:35:00,3.64,214.9,76.3,1457.0,368.4
2026-06-04 19:40:00,3.9,200.2,64.0,1435.5,348.5
2026-06-04 19:45:00,2.5,196.0,60.9,1441.3,329.6
2026-06-04 19:50:00,4.34,192.5,67.0,1452.8,301.4
2026-06-04 19:55:00,3.44,212.3,58.4,1453.8,350.9
2026-06-04 20:00:00,3.94,216.9,67.1,1434.8,335.9
2026-06-04 20:05:00,3.08,217.8,56.6,1439.6,343.9
2026-06-04 20:10:00,3.75,208.6,65.4,1453.3,300.4
2026-06-04 20:15:00,3.08,196.1,61.9,1451.3,329.5
2026-06-04 20:20:00,3.25,201.8,57.3,1437.0,352.0
2026-06-04 20:25:00,4.27,223.8,68.4,1442.0,386.9
2026-06-04 20:30:00,3.42,204.2,65.4,1442.9,334.9
2026-06-04 20:35:00,3.59,211.7,74.7,1460.8,376.1
2026-06-04 20:40:00,3.85,197.1,50.2,1453.4,359.7
2026-06-04 20:45:00,3.7,214.0,65.0,1451.2,345.8
2026-06-04 20:50:00,3.56,204.5,58.1,1422.7,314.7
2026-06-04 20:55:00,3.65,222.6,73.8,1438.4,315.7
2026-06-04 21:00:00,4.46,219.3,72.4,1438.5,355.4
2026-06-04 21:05:00,3.48,204.1,68.2,1460.1,326.8
2026-06-04 21:10:00,3.58,208.5,59.1,1436.1,324.6
2026-06-04 21:15:00,3.92,203.4,71.1,1457.5,335.5
2026-06-04 21:20:00,3.94,193.0,50.2,1428.0,335.9
2026-06-04 21:25:00,3.97,199.7,49.6,1430.6,362.5
2026-06-04 21:30:00,3.76,212.4,55.1,1447.7,327.4
2026-06-04 21:35:00,3.04,213.9,65.3,1464.3,360.0
2026-06-04 21:40:00,4.15,211.8,70.7,1437.2,351.0
2026-06-04 21:45:00,3.04,206.4,40.6,1400.8,298.2
2026-06-04 21:50:00,3.62,221.2,77.3,1418.8,347.4
2026-06-04 21:55:00,3.2,210.8,66.2,1444.6,280.0
2026-06-04 22:00:00,3.47,218.4,53.7,1419.6,317.6
2026-06-04 22:05:00,3.63,188.7,62.6,1422.8,351.6
2026-06-04 22:10:00,3.63,170.0,67.7,1432.2,339.7
2026-06-04 22:15:00,3.67,213.4,70.3,1403.9,295.8
2026-06-04 22:20:00,4.15,192.9,71.2,1430.9,312.0
2026-06-04 22:25:00,3.68,207.5,53.7,1422.0,280.0
2026-06-04 22:30:00,3.4,206.4,61.1,1416.8,306.4
2026-06-04 22:35:00,3.89,229.0,60.5,1431.8,354.5
2026-06-04 22:40:00,3.98,214.8,79.5,1424.9,326.1
2026-06-04 22:45:00,3.01,212.0,70.4,1447.4,344.2
2026-06-04 22:50:00,3.74,220.0,89.3,1460.0,340.3
2026-06-04 22:55:00,3.78,214.4,61.9,1435.4,340.8
2026-06-04 23:00:00,3.38,204.5,58.4,1430.0,365.6
2026-06-04 23:05:00,4.05,222.9,65.8,1436.4,334.9
2026-06-04 23:10:00,3.44,196.7,74.0,1420.7,362.8
2026-06-04 23:15:00,3.55,213.9,62.7,1421.4,280.0
2026-06-04 23:20:00,3.43,191.4,63.2,1411.6,367.8
2026-06-04 23:25:00,3.51,212.4,66.1,1420.5,307.7
2026-06-04 23:30:00,3.06,212.3,65.7,1464.9,313.2
2026-06-04 23:35:00,2.92,230.1,62.8,1433.7,322.4
2026-06-04 23:40:00,4.14,191.2,61.1,1392.1,367.1
2026-06-04 23:45:00,3.16,202.8,62.5,1429.8,317.8
2026-06-04 23:50:00,3.1,219.9,66.4,1418.1,323.6
2026-06-04 23:55:00,2.64,214.0,73.2,1441.7,316.0
2026-06-05 00:00:00,3.24,212.2,79.4,1439.7,346.4
2026-06-05 00:05:00,2.97,198.5,56.6,1438.5,358.6
2026-06-05 00:10:00,4.16,202.9,60.8,1438.0,382.6
2026-06-05 00:15:00,3.9,224.9,60.6,1437.4,400.0
2026-06-05 00:20:00,3.22,209.4,66.4,1418.0,356.3
2026-06-05 00:25:00,4.4,214.5,61.4,1439.8,349.1
2026-06-05 00:30:00,3.89,208.6,66.7,1455.0,309.6
2026-06-05 00:35:00,3.37,195.8,71.7,1464.4,387.7
2026-06-05 00:40:00,2.5,221.2,46.5,1438.7,345.4
2026-06-05 00:45:00,4.42,216.0,69.8,1439.3,332.8
2026-06-05 00:50:00,2.94,237.7,65.5,1453.0,349.7
2026-06-05 00:55:00,2.84,197.8,66.9,1460.0,324.1
2026-06-05 01:00:00,3.91,219.9,59.3,1434.7,281.6
2026-06-05 01:05:00,4.48,194.3,72.2,1447.2,354.3
2026-06-05 01:10:00,4.05,211.9,72.6,1428.0,373.6
2026-06-05 01:15:00,3.73,221.7,71.3,1447.3,353.9
2026-06-05 01:20:00,3.74,185.1,67.6,1449.6,339.8
2026-06-05 01:25:00,3.84,207.5,58.7,1420.1,340.3
2026-06-05 01:30:00,3.8,203.2,59.0,1430.8,344.3
2026-06-05 01:35:00,3.61,201.6,69.8,1452.6,343.5
2026-06-05 01:40:00,3.54,214.6,59.6,1450.2,338.5
2026-06-05 01:45:00,3.47,223.4,78.6,1458.2,340.6
2026-06-05 01:50:00,3.2,208.4,62.2,1452.4,378.9
2026-06-05 01:55:00,3.39,212.5,69.4,1435.4,351.8
2026-06-05 02:00:00,2.82,211.4,82.0,1473.3,342.6
2026-06-05 02:05:00,3.46,210.0,59.4,1442.1,356.5
2026-06-05 02:10:00,3.1,196.9,63.6,1391.5,356.5
2026-06-05 02:15:00,3.06,223.3,75.4,1438.4,363.6
2026-06-05 02:20:00,3.57,213.5,73.1,1433.7,321.1
2026-06-05 02:25:00,4.06,214.7,63.1,1452.9,328.0
2026-06-05 02:30:00,3.87,200.3,59.4,1431.3,319.7
2026-06-05 02:35:00,2.87,204.5,62.3,1455.4,359.2
2026-06-05 02:40:00,3.1,207.9,76.3,1447.9,357.9
2026-06-05 02:45:00,3.88,191.6,60.0,1421.3,308.2
2026-06-05 02:50:00,3.11,189.7,62.6,1433.8,349.8
2026-06-05 02:55:00,3.41,202.8,60.5,1426.9,374.3
2026-06-05 03:00:00,3.72,216.3,71.6,1444.0,334.1
2026-06-05 03:05:00,3.11,202.2,65.1,1426.7,347.8
2026-06-05 03:10:00,3.54,197.8,55.1,1438.7,358.3
2026-06-05 03:15:00,2.97,200.2,55.8,1434.0,307.0
2026-06-05 03:20:00,3.26,204.5,48.2,1436.6,343.8
2026-06-05 03:25:00,3.63,205.8,57.7,1469.9,371.8
2026-06-05 03:30:00,2.86,236.0,75.2,1439.8,325.2
2026-06-05 03:35:00,3.68,222.7,77.5,1413.5,360.8
2026-06-05 03:40:00,3.49,222.3,72.3,1457.7,340.7
2026-06-05 03:45:00,3.72,224.0,71.5,1457.9,323.1
2026-06-05 03:50:00,3.59,198.0,62.2,1407.9,337.6
2026-06-05 03:55:00,4.05,195.3,69.0,1426.6,326.8
2026-06-05 04:00:00,3.55,196.7,65.3,1443.9,317.8
2026-06-05 04:05:00,3.33,226.0,81.8,1451.1,333.6
2026-06-05 04:10:00,3.55,203.4,63.2,1438.6,341.7
2026-06-05 04:15:00,3.72,195.0,73.5,1437.3,335.8
2026-06-05 04:20:00,3.52,204.8,71.2,1424.9,333.4
2026-06-05 04:25:00,3.52,207.1,70.5,1403.4,345.6
2026-06-05 04:30:00,3.22,213.2,49.4,1471.4,353.3
2026-06-05 04:35:00,3.23,213.0,72.9,1426.1,311.4
2026-06-05 04:40:00,2.94,200.1,62.5,1440.7,333.7
2026-06-05 04:45:00,4.2,218.2,62.7,1439.3,290.7
2026-06-05 04:50:00,3.0,202.3,52.0,1451.9,335.9
2026-06-05 04:55:00,3.22,208.1,64.7,1441.3,343.8
2026-06-05 05:00:00,3.21,218.2,66.5,1443.9,354.2
2026-06-05 05:05:00,3.86,202.3,53.4,1398.9,343.9
2026-06-05 05:10:00,3.38,203.2,52.2,1426.1,353.7
2026-06-05 05:15:00,4.0,217.1,70.0,1452.6,341.6
2026-06-05 05:20:00,3.23,199.7,70.4,1447.8,323.1
2026-06-05 05:25:00,3.61,205.4,65.8,1424.8,312.1
2026-06-05 05:30:00,3.17,216.7,75.2,1417.7,333.4
2026-06-05 05:35:00,4.36,234.6,68.0,1446.8,320.8
2026-06-05 05:40:00,3.02,217.3,65.7,1397.9,337.0
2026-06-05 05:45:00,3.62,215.7,58.5,1423.9,327.7
2026-06-05 05:50:00,3.75,216.4,53.5,1467.7,350.5
2026-06-05 05:55:00,3.67,197.1,77.9,1459.1,341.2
2026-06-05 06:00:00,3.43,211.4,74.3,1447.6,351.2
2026-06-05 06:05:00,3.45,209.6,53.8,1444.5,351.1
2026-06-05 06:10:00,3.52,213.9,66.8,1411.5,335.5
2026-06-05 06:15:00,3.44,211.4,64.4,1429.2,337.0
2026-06-05 06:20:00,3.89,214.6,63.5,1436.5,352.5
2026-06-05 06:25:00,4.38,206.3,61.2,1428.5,401.1
2026-06-05 06:30:00,3.28,210.7,68.2,1434.9,315.3
2026-06-05 06:35:00,2.95,195.3,69.3,1456.5,341.0
2026-06-05 06:40:00,3.46,206.2,67.6,1431.1,310.1
2026-06-05 06:45:00,4.5,226.7,66.5,1438.2,339.5
2026-06-05 06:50:00,3.18,213.8,64.3,1451.9,323.1
2026-06-05 06:55:00,4.16,209.7,72.5,1418.7,337.0
2026-06-05 07:00:00,4.17,232.8,72.1,1431.9,343.9
2026-06-05 07:05:00,3.28,193.7,63.1,1425.7,327.8
2026-06-05 07:10:00,3.73,196.7,62.7,1438.2,295.4
2026-06-05 07:15:00,4.15,230.6,70.8,1438.9,375.6
2026-06-05 07:20:00,3.35,210.6,61.3,1435.4,361.0
2026-06-05 07:25:00,3.42,207.1,71.1,1429.4,336.7
2026-06-05 07:30:00,3.27,195.6,54.2,1421.1,317.6
2026-06-05 07:35:00,3.09,215.4,62.5,1450.2,342.1
2026-06-05 07:40:00,3.24,216.5,70.9,1436.2,349.0
2026-06-05 07:45:00,3.01,196.9,54.0,1446.7,359.3
2026-06-05 07:50:00,3.51,208.3,52.2,1423.0,361.6
2026-06-05 07:55:00,3.19,206.0,64.9,1429.2,366.3
2026-06-05 08:00:00,3.59,213.1,51.9,1437.3,296.5
2026-06-05 08:05:00,2.88,196.6,52.6,1435.4,332.4
2026-06-05 08:10:00,3.63,225.0,73.3,1454.3,364.8
2026-06-05 08:15:00,3.83,221.0,65.0,1435.7,316.9
2026-06-05 08:20:00,2.7,205.6,74.6,1450.3,370.5
2026-06-05 08:25:00,3.65,207.4,55.0,1445.1,385.3
2026-06-05 08:30:00,3.99,208.4,64.0,1438.1,369.8
2026-06-05 08:35:00,3.02,200.7,66.8,1423.9,356.5
2026-06-05 08:40:00,4.17,204.7,54.8,1450.3,328.8
2026-06-05 08:45:00,3.67,206.8,72.8,1425.5,347.0
2026-06-05 08:50:00,3.22,229.4,72.0,1443.6,306.3
2026-06-05 08:55:00,3.48,221.4,53.8,1441.5,320.5
2026-06-05 09:00:00,3.72,221.2,66.4,1439.1,322.2
2026-06-05 09:05:00,3.53,214.4,68.8,1435.0,341.5
2026-06-05 09:10:00,3.72,196.6,58.3,1425.0,330.2
2026-06-05 09:15:00,3.13,209.5,53.1,1415.6,346.5
2026-06-05 09:20:00,3.57,221.6,69.0,1463.4,361.9
2026-06-05 09:25:00,2.93,194.9,80.4,1429.6,322.3
2026-06-05 09:30:00,3.46,217.6,63.0,1439.6,343.7
2026-06-05 09:35:00,3.14,237.9,81.7,1443.6,329.6
2026-06-05 09:40:00,3.21,222.7,60.9,1459.0,344.8
2026-06-05 09:45:00,3.99,227.0,69.3,1472.4,357.2
2026-06-05 09:50:00,3.94,212.6,71.6,1442.9,363.0
2026-06-05 09:55:00,3.74,221.6,66.7,1440.0,356.8
2026-06-05 10:00:00,3.06,201.4,61.3,1421.4,350.3
2026-06-05 10:05:00,3.37,219.6,72.2,1420.3,304.5
2026-06-05 10:10:00,3.99,217.9,81.3,1415.0,313.0
2026-06-05 10:15:00,3.56,213.5,67.9,1428.8,319.4
2026-06-05 10:20:00,4.43,225.8,63.2,1411.8,349.0
2026-06-05 10:25:00,3.66,203.5,62.5,1454.9,307.7
2026-06-05 10:30:00,3.58,207.8,84.8,1445.9,348.4
2026-06-05 10:35:00,3.38,211.1,66.3,1436.5,346.6
2026-06-05 10:40:00,3.55,197.6,58.4,1454.2,291.6
2026-06-05 10:45:00,3.44,212.7,56.2,1424.5,312.8
2026-06-05 10:50:00,3.78,189.4,47.3,1423.6,366.1
2026-06-05 10:55:00,3.88,222.6,69.8,1413.5,357.4
2026-06-05 11:00:00,3.19,210.6,70.3,1451.7,318.7
2026-06-05 11:05:00,2.97,203.7,60.9,1426.6,314.1
2026-06-05 11:10:00,2.77,200.0,63.4,1438.2,280.0
2026-06-05 11:15:00,3.7,207.2,55.2,1454.5,376.8
2026-06-05 11:20:00,3.06,218.3,67.3,1462.2,341.0
2026-06-05 11:25:00,2.64,216.6,69.8,1440.9,387.1
2026-06-05 11:30:00,3.66,201.5,59.4,1444.1,335.2
2026-06-05 11:35:00,4.5,199.8,77.0,1424.4,347.1
2026-06-05 11:40:00,3.5,217.9,59.5,1466.8,362.3
2026-06-05 11:45:00,3.84,201.3,66.0,1435.8,381.0
2026-06-05 11:50:00,3.53,210.7,71.9,1441.3,352.5
2026-06-05 11:55:00,3.46,211.5,64.6,1434.2,340.1
2026-06-05 12:00:00,3.87,213.7,64.1,1458.7,340.7
2026-06-05 12:05:00,3.38,220.3,55.1,1445.1,313.9
2026-06-05 12:10:00,3.61,194.8,73.6,1448.4,330.5
2026-06-05 12:15:00,3.63,187.1,60.2,1440.7,341.3
2026-06-05 12:20:00,3.23,203.2,68.3,1435.3,374.5
2026-06-05 12:25:00,3.9,231.6,73.6,1458.3,329.2
2026-06-05 12:30:00,3.43,234.3,63.6,1450.0,366.6
2026-06-05 12:35:00,3.2,232.0,66.7,1430.0,338.0
2026-06-05 12:40:00,3.71,207.7,75.3,1424.7,371.1
2026-06-05 12:45:00,3.14,188.6,52.9,1438.0,356.9
2026-06-05 12:50:00,3.51,181.9,77.8,1448.0,355.2
2026-06-05 12:55:00,3.5,202.6,57.9,1463.1,364.5
2026-06-05 13:00:00,3.93,207.6,55.2,1412.9,360.8
2026-06-05 13:05:00,3.69,225.6,68.4,1443.5,366.6
2026-06-05 13:10:00,3.49,220.4,84.2,1449.4,393.3
2026-06-05 13:15:00,3.83,212.7,50.1,1445.0,380.4
2026-06-05 13:20:00,4.06,199.3,62.3,1453.0,351.7
2026-06-05 13:25:00,3.72,198.5,67.1,1447.5,329.0
2026-06-05 13:30:00,3.5,213.0,65.7,1425.8,349.2
2026-06-05 13:35:00,2.98,218.4,69.3,1426.5,291.8
2026-06-05 13:40:00,3.07,214.7,60.0,1445.6,360.7
2026-06-05 13:45:00,3.38,197.6,58.3,1452.4,313.5
2026-06-05 13:50:00,3.26,217.8,65.0,1443.7,368.1
2026-06-05 13:55:00,3.43,215.1,56.7,1417.4,389.5
2026-06-05 14:00:00,3.52,197.2,62.7,1421.7,303.7
2026-06-05 14:05:00,3.71,200.6,60.5,1448.5,338.7
2026-06-05 14:10:00,3.47,218.3,62.5,1436.4,313.4
2026-06-05 14:15:00,3.69,207.2,67.1,1441.2,296.8
2026-06-05 14:20:00,3.53,229.1,53.3,1459.8,337.3
2026-06-05 14:25:00,2.71,216.0,64.1,1423.2,355.9
2026-06-05 14:30:00,3.12,204.2,82.7,1432.6,358.9
2026-06-05 14:35:00,3.44,209.9,56.3,1432.1,343.8
2026-06-05 14:40:00,3.02,210.8,75.4,1445.5,298.4
2026-06-05 14:45:00,3.74,201.3,64.1,1449.8,343.1
2026-06-05 14:50:00,4.11,199.0,58.5,1415.6,302.7
2026-06-05 14:55:00,3.99,218.4,55.7,1441.6,304.3
2026-06-05 15:00:00,3.41,220.1,67.6,1455.1,315.1
2026-06-05 15:05:00,4.1,217.2,77.7,1413.6,366.2
2026-06-05 15:10:00,3.56,228.2,64.6,1442.7,353.6
2026-06-05 15:15:00,3.37,203.5,63.4,1420.5,348.1
2026-06-05 15:20:00,3.25,230.1,76.1,1434.4,318.4
2026-06-05 15:25:00,3.38,199.2,66.1,1400.3,330.3
2026-06-05 15:30:00,3.34,197.8,50.6,1458.5,305.7
2026-06-05 15:35:00,3.57,188.9,62.6,1430.4,374.1
2026-06-05 15:40:00,3.56,204.7,76.3,1426.8,394.9
2026-06-05 15:45:00,3.5,204.0,63.8,1443.7,353.9
2026-06-05 15:50:00,3.67,216.3,44.0,1425.6,358.3
2026-06-05 15:55:00,3.98,212.9,68.5,1423.5,336.0
2026-06-05 16:00:00,3.88,195.7,61.3,1459.8,299.5
2026-06-05 16:05:00,2.91,205.3,49.7,1466.2,318.9
2026-06-05 16:10:00,2.5,205.5,50.9,1430.2,328.4
2026-06-05 16:15:00,3.87,188.7,69.6,1451.7,330.4
2026-06-05 16:20:00,2.95,198.2,57.4,1443.0,324.6
2026-06-05 16:25:00,3.41,200.8,56.4,1416.9,341.2
2026-06-05 16:30:00,3.03,227.2,67.3,1429.5,318.7
2026-06-05 16:35:00,2.78,212.3,60.2,1463.7,394.2
2026-06-05 16:40:00,3.72,217.9,67.0,1420.2,305.9
2026-06-05 16:45:00,3.8,192.0,60.7,1470.6,362.2
2026-06-05 16:50:00,3.27,224.3,57.5,1434.3,333.5
2026-06-05 16:55:00,2.5,225.6,63.3,1466.8,351.6
2026-06-05 17:00:00,3.28,186.0,64.9,1430.6,352.7
2026-06-05 17:05:00,3.66,201.5,64.1,1450.3,343.9
2026-06-05 17:10:00,2.91,215.9,65.2,1462.1,311.7
2026-06-05 17:15:00,3.57,217.7,81.7,1462.4,331.7
2026-06-05 17:20:00,3.49,201.9,69.6,1429.6,344.2
2026-06-05 17:25:00,3.73,206.3,71.3,1426.4,342.7
2026-06-05 17:30:00,3.55,202.8,62.6,1437.3,314.4
2026-06-05 17:35:00,3.11,211.3,67.0,1420.8,372.3
2026-06-05 17:40:00,3.98,224.4,63.7,1446.5,280.0
2026-06-05 17:45:00,3.44,200.7,69.8,1425.8,333.7
2026-06-05 17:50:00,3.49,222.0,65.9,1458.6,317.0
2026-06-05 17:55:00,3.13,200.6,65.4,1429.6,344.6
2026-06-05 18:00:00,3.32,199.8,64.8,1411.8,365.4
2026-06-05 18:05:00,3.15,219.8,66.3,1463.0,304.8
2026-06-05 18:10:00,3.43,221.1,90.2,1445.0,398.8
2026-06-05 18:15:00,4.18,220.2,61.2,1442.5,345.0
2026-06-05 18:20:00,2.95,194.2,57.2,1453.3,349.5
2026-06-05 18:25:00,2.85,204.4,69.7,1452.0,304.0
2026-06-05 18:30:00,4.09,219.9,61.7,1430.5,338.8
2026-06-05 18:35:00,3.42,210.5,62.7,1433.4,364.3
2026-06-05 18:40:00,3.23,197.1,54.4,1420.7,345.2
2026-06-05 18:45:00,3.92,215.5,69.8,1419.1,343.5
2026-06-05 18:50:00,3.26,201.4,67.7,1447.0,338.7
2026-06-05 18:55:00,4.23,231.5,65.7,1450.2,305.5
2026-06-05 19:00:00,3.77,228.5,73.5,1455.1,305.4
2026-06-05 19:05:00,3.3,217.2,51.2,1460.7,369.2
2026-06-05 19:10:00,4.36,226.3,61.8,1454.9,362.1
2026-06-05 19:15:00,3.26,210.8,63.8,1453.1,365.8
2026-06-05 19:20:00,3.8,219.2,57.0,1410.7,319.4
2026-06-05 19:25:00,3.62,227.7,53.7,1438.9,336.1
2026-06-05 19:30:00,4.02,212.9,63.0,1455.1,370.8
2026-06-05 19:35:00,4.12,206.9,70.1,1421.9,309.3
2026-06-05 19:40:00,3.51,189.5,72.2,1437.3,368.2
2026-06-05 19:45:00,3.2,209.0,60.5,1447.6,325.3
2026-06-05 19:50:00,3.68,219.9,72.3,1448.6,318.6
2026-06-05 19:55:00,3.23,221.3,71.8,1447.8,339.2
2026-06-05 20:00:00,4.31,216.1,75.7,1450.2,312.1
2026-06-05 20:05:00,3.55,203.5,61.2,1441.4,292.6
2026-06-05 20:10:00,3.35,186.3,47.1,1413.3,341.9
2026-06-05 20:15:00,3.57,204.1,64.7,1446.4,353.4
2026-06-05 20:20:00,2.96,206.3,56.3,1443.5,370.4
2026-06-05 20:25:00,3.11,206.2,58.6,1417.5,355.2
2026-06-05 20:30:00,3.98,217.4,63.7,1462.2,389.1
2026-06-05 20:35:00,3.24,233.8,65.9,1452.8,374.0
2026-06-05 20:40:00,3.08,211.5,66.4,1419.6,358.5
2026-06-05 20:45:00,3.71,207.4,70.2,1427.2,351.7
2026-06-05 20:50:00,3.97,206.9,61.6,1430.9,370.8
2026-06-05 20:55:00,3.79,211.5,68.4,1431.8,284.7
2026-06-05 21:00:00,3.9,200.1,63.6,1442.4,328.0
2026-06-05 21:05:00,3.2,211.4,72.7,1425.6,293.5
2026-06-05 21:10:00,2.93,215.4,64.3,1458.0,356.6
2026-06-05 21:15:00,4.1,212.5,64.7,1456.2,321.4
2026-06-05 21:20:00,3.37,215.5,62.8,1450.4,415.5
2026-06-05 21:25:00,3.4,215.2,64.5,1441.7,327.1
2026-06-05 21:30:00,4.03,188.7,55.5,1449.8,342.7
2026-06-05 21:35:00,3.72,217.6,59.1,1437.4,329.9
2026-06-05 21:40:00,3.68,201.9,70.0,1427.5,327.8
2026-06-05 21:45:00,4.37,196.8,54.4,1455.2,308.8
2026-06-05 21:50:00,3.24,196.7,60.5,1442.1,308.0
2026-06-05 21:55:00,3.87,215.2,73.9,1430.8,285.5
2026-06-05 22:00:00,3.52,207.3,61.8,1433.2,353.6
2026-06-05 22:05:00,3.61,189.8,68.6,1424.9,329.4
2026-06-05 22:10:00,4.11,215.7,61.1,1471.5,388.3
2026-06-05 22:15:00,3.7,192.7,54.0,1436.6,308.9
2026-06-05 22:20:00,3.72,211.7,52.5,1442.7,376.9
2026-06-05 22:25:00,3.93,212.9,75.9,1451.4,379.3
2026-06-05 22:30:00,3.35,220.6,57.5,1423.9,371.9
2026-06-05 22:35:00,3.16,231.4,74.2,1460.7,345.9
2026-06-05 22:40:00,3.08,193.6,54.5,1427.6,331.5
2026-06-05 22:45:00,2.71,209.4,75.4,1467.3,371.9
2026-06-05 22:50:00,4.32,206.7,82.2,1434.6,320.2
2026-06-05 22:55:00,3.06,215.2,52.3,1456.6,346.8
2026-06-05 23:00:00,3.41,212.6,56.7,1403.1,338.9
2026-06-05 23:05:00,3.39,205.8,70.6,1421.5,317.7
2026-06-05 23:10:00,3.62,204.7,68.3,1434.5,347.0
2026-06-05 23:15:00,3.83,196.6,69.2,1406.9,358.5
2026-06-05 23:20:00,3.84,221.9,62.2,1451.4,316.7
2026-06-05 23:25:00,3.27,215.5,81.7,1445.8,351.5
2026-06-05 23:30:00,3.43,221.0,67.6,1427.3,284.3
2026-06-05 23:35:00,3.61,206.3,54.7,1439.0,313.8
2026-06-05 23:40:00,3.4,202.1,61.8,1450.5,328.6
2026-06-05 23:45:00,4.14,197.1,53.4,1405.9,348.9
2026-06-05 23:50:00,3.7,214.3,78.4,1421.8,361.7
2026-06-05 23:55:00,3.79,197.5,57.8,1432.5,342.1
2026-06-06 00:00:00,3.77,232.2,72.3,1444.8,354.2
2026-06-06 00:05:00,3.97,194.3,58.9,1436.0,336.0
2026-06-06 00:10:00,3.57,213.3,60.6,1454.0,350.1
2026-06-06 00:15:00,2.98,228.8,52.5,1450.9,348.8
2026-06-06 00:20:00,3.66,217.2,70.9,1451.9,327.3
2026-06-06 00:25:00,3.24,212.1,75.7,1419.6,331.1
2026-06-06 00:30:00,3.29,198.4,55.9,1439.8,355.0
2026-06-06 00:35:00,3.73,193.4,50.2,1432.1,385.3
2026-06-06 00:40:00,4.0,219.2,72.8,1463.8,370.2
2026-06-06 00:45:00,3.51,228.1,54.5,1446.2,311.8
2026-06-06 00:50:00,3.62,204.7,74.0,1428.9,311.9
2026-06-06 00:55:00,4.18,196.3,55.7,1450.1,326.6
2026-06-06 01:00:00,3.6,180.5,51.7,1442.5,342.5
2026-06-06 01:05:00,4.5,198.2,65.2,1425.3,341.2
2026-06-06 01:10:00,3.73,208.6,56.5,1434.5,371.0
2026-06-06 01:15:00,2.8,229.2,62.2,1438.9,372.4
2026-06-06 01:20:00,3.8,218.1,69.0,1460.0,340.1
2026-06-06 01:25:00,3.65,213.7,46.1,1443.8,334.3
2026-06-06 01:30:00,4.02,205.2,77.4,1449.9,352.9
2026-06-06 01:35:00,3.77,203.0,64.3,1431.2,366.6
2026-06-06 01:40:00,3.44,226.9,57.2,1448.4,353.8
2026-06-06 01:45:00,3.01,212.4,57.2,1460.0,329.2
2026-06-06 01:50:00,3.42,184.8,69.1,1429.5,324.7
2026-06-06 01:55:00,3.16,201.9,68.6,1440.1,312.2
2026-06-06 02:00:00,3.27,199.7,74.5,1417.5,344.8
2026-06-06 02:05:00,3.74,203.4,58.6,1427.2,355.6
2026-06-06 02:10:00,4.17,216.8,68.4,1436.3,358.4
2026-06-06 02:15:00,3.66,208.7,68.2,1423.8,368.8
2026-06-06 02:20:00,3.02,209.1,70.4,1459.6,377.0
2026-06-06 02:25:00,3.68,225.8,76.4,1430.6,305.6
2026-06-06 02:30:00,3.98,201.6,58.0,1450.1,350.1
2026-06-06 02:35:00,3.26,232.4,67.4,1447.3,351.0
2026-06-06 02:40:00,3.45,201.9,58.9,1438.9,338.2
2026-06-06 02:45:00,3.51,211.1,64.7,1462.5,319.3
2026-06-06 02:50:00,3.19,206.6,70.1,1405.4,376.1
2026-06-06 02:55:00,3.76,211.5,52.0,1437.4,325.3
2026-06-06 03:00:00,3.45,215.3,74.7,1424.9,285.2
2026-06-06 03:05:00,3.67,215.2,56.7,1411.6,340.5
2026-06-06 03:10:00,3.15,201.0,61.2,1420.3,334.1
2026-06-06 03:15:00,3.33,196.5,72.9,1437.6,386.4
2026-06-06 03:20:00,3.79,240.0,72.1,1435.1,352.2
2026-06-06 03:25:00,3.35,204.2,66.8,1452.3,332.4
2026-06-06 03:30:00,4.19,218.4,56.8,1438.5,335.1
2026-06-06 03:35:00,3.34,190.7,53.8,1431.3,334.8
2026-06-06 03:40:00,3.59,206.6,72.0,1434.5,395.4
2026-06-06 03:45:00,3.87,208.5,60.1,1438.2,356.9
2026-06-06 03:50:00,2.93,215.7,61.9,1434.9,304.8
2026-06-06 03:55:00,2.8,177.3,67.8,1420.7,333.9
2026-06-06 04:00:00,2.89,212.0,56.9,1455.2,339.4
2026-06-06 04:05:00,4.01,196.2,65.1,1427.9,312.3
2026-06-06 04:10:00,3.28,213.9,65.9,1435.0,295.4
2026-06-06 04:15:00,4.5,197.6,63.1,1444.0,354.9
2026-06-06 04:20:00,3.27,199.7,59.3,1442.7,319.9
2026-06-06 04:25:00,3.57,206.7,59.9,1425.9,371.2
2026-06-06 04:30:00,4.12,197.4,54.5,1448.8,340.2
2026-06-06 04:35:00,4.3,204.3,68.0,1446.9,328.1
2026-06-06 04:40:00,4.32,195.7,57.5,1439.8,280.0
2026-06-06 04:45:00,3.98,188.0,69.5,1429.1,370.6
2026-06-06 04:50:00,3.91,222.2,65.0,1436.3,347.3
2026-06-06 04:55:00,3.74,194.4,54.2,1433.9,328.8
2026-06-06 05:00:00,3.81,207.9,62.8,1421.1,317.7
2026-06-06 05:05:00,3.28,219.0,63.1,1441.2,380.0
2026-06-06 05:10:00,3.17,202.6,72.0,1451.9,313.4
2026-06-06 05:15:00,3.5,200.1,60.6,1451.2,330.8
2026-06-06 05:20:00,3.43,212.7,63.2,1434.8,354.2
2026-06-06 05:25:00,3.32,223.4,78.3,1458.6,376.3
2026-06-06 05:30:00,3.78,196.0,67.0,1465.8,334.6
2026-06-06 05:35:00,3.88,208.2,78.0,1434.9,321.6
2026-06-06 05:40:00,3.54,189.2,72.0,1446.2,337.3
2026-06-06 05:45:00,4.09,205.3,57.2,1405.1,362.6
2026-06-06 05:50:00,3.04,210.4,73.0,1421.2,368.2
2026-06-06 05:55:00,3.42,199.7,75.7,1439.3,305.6
2026-06-06 06:00:00,3.21,204.5,76.4,1423.8,342.9
2026-06-06 06:05:00,2.75,193.1,70.4,1467.2,304.1
2026-06-06 06:10:00,3.47,210.9,72.9,1449.2,362.1
2026-06-06 06:15:00,3.45,222.7,64.5,1457.0,350.6
2026-06-06 06:20:00,4.11,196.8,56.3,1436.9,317.0
2026-06-06 06:25:00,3.75,202.5,61.1,1423.5,378.4
2026-06-06 06:30:00,3.09,216.0,52.6,1433.4,348.4
2026-06-06 06:35:00,4.24,224.5,77.9,1446.7,345.6
2026-06-06 06:40:00,3.99,192.1,60.0,1426.8,335.5
2026-06-06 06:45:00,3.73,208.0,75.0,1449.7,339.8
2026-06-06 06:50:00,3.41,213.4,55.7,1451.4,330.5
2026-06-06 06:55:00,3.12,208.8,73.5,1439.8,321.5
2026-06-06 07:00:00,3.35,180.3,56.6,1406.7,370.7
2026-06-06 07:05:00,3.94,216.0,55.6,1466.9,327.7
2026-06-06 07:10:00,4.25,228.2,80.8,1440.5,326.8
2026-06-06 07:15:00,4.12,211.4,74.1,1480.9,336.8
2026-06-06 07:20:00,3.3,197.6,64.8,1447.3,375.6
2026-06-06 07:25:00,3.05,203.8,64.3,1435.6,368.3
2026-06-06 07:30:00,3.56,231.2,71.7,1451.0,330.1
2026-06-06 07:35:00,2.79,220.9,68.2,1411.9,370.7
2026-06-06 07:40:00,3.63,217.7,59.8,1456.9,342.7
2026-06-06 07:45:00,3.44,214.3,62.3,1479.4,318.9
2026-06-06 07:50:00,3.31,202.1,79.5,1407.1,328.1
2026-06-06 07:55:00,2.86,207.6,86.0,1435.2,374.3
2026-06-06 08:00:00,3.71,209.1,77.4,1438.2,392.1
2026-06-06 08:05:00,3.29,216.6,69.8,1454.4,348.0
2026-06-06 08:10:00,3.03,228.1,65.0,1475.2,325.8
2026-06-06 08:15:00,2.5,223.4,60.6,1448.4,336.9
2026-06-06 08:20:00,3.49,193.0,56.6,1468.7,320.9
2026-06-06 08:25:00,4.21,212.7,61.0,1443.1,324.6
2026-06-06 08:30:00,4.16,218.8,83.5,1448.5,322.1
2026-06-06 08:35:00,3.32,217.4,80.6,1446.4,338.0
2026-06-06 08:40:00,3.26,202.4,69.8,1456.8,343.0
2026-06-06 08:45:00,3.69,245.0,62.6,1440.7,336.3
2026-06-06 08:50:00,3.1,194.7,69.8,1449.2,334.5
2026-06-06 08:55:00,3.62,197.0,61.1,1418.9,359.0
2026-06-06 09:00:00,3.81,212.8,48.2,1436.3,334.3
2026-06-06 09:05:00,3.99,235.4,71.1,1435.5,335.9
2026-06-06 09:10:00,3.46,200.0,56.8,1439.3,335.6
2026-06-06 09:15:00,3.42,206.8,58.1,1434.6,378.6
2026-06-06 09:20:00,3.15,222.9,64.9,1459.6,327.7
2026-06-06 09:25:00,3.17,209.8,61.0,1426.8,354.9
2026-06-06 09:30:00,3.41,206.0,64.1,1413.2,321.3
2026-06-06 09:35:00,3.65,216.8,65.4,1421.0,348.7
2026-06-06 09:40:00,3.87,213.3,50.5,1455.6,353.7
2026-06-06 09:45:00,3.18,222.4,79.0,1427.9,367.1
2026-06-06 09:50:00,4.1,225.5,59.5,1449.1,330.4
2026-06-06 09:55:00,3.39,213.7,57.9,1436.3,312.2
2026-06-06 10:00:00,3.49,213.5,62.9,1453.1,320.4
2026-06-06 10:05:00,3.2,212.6,64.5,1437.1,364.1
2026-06-06 10:10:00,2.53,215.9,77.6,1482.6,392.0
2026-06-06 10:15:00,3.85,210.7,67.3,1468.6,360.9
2026-06-06 10:20:00,3.79,210.0,69.5,1435.3,308.4
2026-06-06 10:25:00,3.39,224.4,69.4,1436.1,360.0
2026-06-06 10:30:00,3.53,228.2,69.6,1490.6,316.4
2026-06-06 10:35:00,3.71,191.9,64.8,1420.2,331.3
2026-06-06 10:40:00,2.87,210.1,49.6,1439.2,344.7
2026-06-06 10:45:00,3.29,201.7,61.8,1438.7,348.9
2026-06-06 10:50:00,3.82,206.3,73.7,1439.2,341.6
2026-06-06 10:55:00,3.0,214.8,95.0,1414.9,325.0
2026-06-06 11:00:00,3.62,218.0,56.6,1449.1,366.5
2026-06-06 11:05:00,2.96,208.7,68.2,1425.2,326.8
2026-06-06 11:10:00,3.69,187.0,57.0,1456.9,371.4
2026-06-06 11:15:00,3.49,198.4,79.6,1415.8,306.0
2026-06-06 11:20:00,2.85,220.8,55.8,1443.0,345.4
2026-06-06 11:25:00,3.97,177.1,65.1,1400.2,309.3
2026-06-06 11:30:00,3.21,224.2,55.9,1410.5,319.1
2026-06-06 11:35:00,3.18,216.3,63.4,1428.7,327.2
2026-06-06 11:40:00,3.58,225.8,67.1,1432.7,378.0
2026-06-06 11:45:00,3.96,207.6,73.2,1461.5,372.7
2026-06-06 11:50:00,3.09,185.3,52.7,1434.4,361.9
2026-06-06 11:55:00,3.52,215.2,71.1,1460.4,340.8
2026-06-06 12:00:00,3.67,225.3,67.4,1437.4,344.7
2026-06-06 12:05:00,3.78,221.1,68.8,1451.3,371.7
2026-06-06 12:10:00,3.57,202.0,71.5,1427.5,357.5
2026-06-06 12:15:00,3.35,211.0,54.9,1428.3,340.5
2026-06-06 12:20:00,3.17,203.6,70.5,1411.4,377.2
2026-06-06 12:25:00,3.53,200.2,59.0,1443.1,360.4
2026-06-06 12:30:00,3.07,221.5,75.5,1446.2,346.1
2026-06-06 12:35:00,2.5,195.6,65.5,1448.8,328.5
2026-06-06 12:40:00,3.67,199.3,61.7,1441.1,326.3
2026-06-06 12:45:00,3.86,196.8,58.3,1467.7,331.6
2026-06-06 12:50:00,2.55,192.1,68.9,1439.1,351.4
2026-06-06 12:55:00,3.1,211.8,75.4,1455.2,360.9
2026-06-06 13:00:00,3.75,223.9,62.8,1437.9,303.9
2026-06-06 13:05:00,4.32,207.8,55.6,1425.9,291.3
2026-06-06 13:10:00,3.51,191.9,67.8,1447.2,316.2
2026-06-06 13:15:00,3.21,220.1,54.9,1440.7,329.8
2026-06-06 13:20:00,3.43,230.2,57.6,1456.5,369.9
2026-06-06 13:25:00,4.05,202.2,55.3,1443.7,333.0
2026-06-06 13:30:00,3.24,204.3,60.8,1427.0,346.4
2026-06-06 13:35:00,3.18,216.2,55.2,1457.4,350.4
2026-06-06 13:40:00,3.31,229.5,52.4,1430.8,314.4
2026-06-06 13:45:00,3.12,203.8,55.0,1448.1,376.5
2026-06-06 13:50:00,3.55,194.0,67.7,1456.0,323.4
2026-06-06 13:55:00,4.15,217.6,56.0,1435.7,379.0
2026-06-06 14:00:00,3.63,219.6,63.7,1459.3,336.8
2026-06-06 14:05:00,3.4,210.1,80.6,1446.0,331.6
2026-06-06 14:10:00,3.38,203.3,63.6,1451.4,312.2
2026-06-06 14:15:00,2.87,221.9,69.5,1429.8,344.9
2026-06-06 14:20:00,3.85,216.3,58.4,1444.5,396.4
2026-06-06 14:25:00,3.47,200.8,80.9,1417.0,350.3
2026-06-06 14:30:00,3.43,210.6,60.8,1465.8,346.8
2026-06-06 14:35:00,4.5,193.8,60.7,1406.5,323.3
2026-06-06 14:40:00,3.62,218.2,76.8,1436.3,354.8
2026-06-06 14:45:00,3.2,206.9,63.1,1425.4,343.9
2026-06-06 14:50:00,3.33,204.8,64.6,1449.1,338.4
2026-06-06 14:55:00,3.96,209.6,62.7,1468.8,352.4
2026-06-06 15:00:00,3.55,210.5,62.9,1449.9,294.6
2026-06-06 15:05:00,2.92,220.7,69.6,1486.6,337.5
2026-06-06 15:10:00,3.87,217.1,70.5,1420.7,310.1
2026-06-06 15:15:00,3.23,208.1,59.6,1420.1,340.7
2026-06-06 15:20:00,4.25,219.2,60.2,1428.4,321.9
2026-06-06 15:25:00,3.93,214.8,60.8,1442.8,323.6
2026-06-06 15:30:00,3.32,204.9,53.0,1423.6,306.7
2026-06-06 15:35:00,4.01,208.5,52.1,1428.4,367.9
2026-06-06 15:40:00,3.53,208.2,67.1,1449.0,323.1
2026-06-06 15:45:00,3.84,216.1,73.4,1422.6,324.4
2026-06-06 15:50:00,3.69,205.6,71.3,1422.1,378.3
2026-06-06 15:55:00,3.16,205.3,45.2,1433.1,354.2
2026-06-06 16:00:00,3.24,233.6,66.6,1440.2,289.1
2026-06-06 16:05:00,3.91,221.3,57.9,1457.4,374.6
2026-06-06 16:10:00,3.37,200.9,64.8,1424.7,381.2
2026-06-06 16:15:00,3.34,216.9,62.7,1430.6,378.9
2026-06-06 16:20:00,3.12,211.4,69.9,1449.0,356.7
2026-06-06 16:25:00,3.67,214.7,65.6,1453.0,312.5
2026-06-06 16:30:00,4.33,211.6,50.1,1461.8,338.8
2026-06-06 16:35:00,3.07,224.3,59.4,1449.9,303.8
2026-06-06 16:40:00,3.51,214.1,65.7,1442.8,318.3
2026-06-06 16:45:00,4.06,209.3,65.6,1448.5,312.2
2026-06-06 16:50:00,3.47,222.5,55.6,1438.5,324.3
2026-06-06 16:55:00,3.68,212.8,53.1,1436.4,344.1
2026-06-06 17:00:00,3.08,211.5,65.7,1413.7,328.9
2026-06-06 17:05:00,3.67,213.8,54.3,1454.2,327.8
2026-06-06 17:10:00,3.43,208.9,51.5,1442.9,332.7
2026-06-06 17:15:00,3.89,210.1,61.5,1451.7,377.5
2026-06-06 17:20:00,3.97,203.0,60.0,1396.4,394.1
2026-06-06 17:25:00,4.5,201.0,56.6,1437.5,328.7
2026-06-06 17:30:00,3.73,198.0,57.6,1424.8,348.4
2026-06-06 17:35:00,3.63,193.3,62.6,1459.2,319.0
2026-06-06 17:40:00,3.58,199.4,57.7,1447.1,359.2
2026-06-06 17:45:00,3.36,207.9,65.3,1443.1,328.1
2026-06-06 17:50:00,3.64,211.2,62.1,1433.8,322.2
2026-06-06 17:55:00,3.38,206.7,65.9,1445.3,390.0
2026-06-06 18:00:00,3.57,181.7,67.8,1420.4,306.1
2026-06-06 18:05:00,4.03,228.9,74.5,1442.3,280.0
2026-06-06 18:10:00,3.1,223.0,77.3,1433.9,358.4
2026-06-06 18:15:00,3.96,215.3,72.5,1475.1,330.8
2026-06-06 18:20:00,4.03,232.9,70.3,1466.6,323.9
2026-06-06 18:25:00,3.45,198.3,59.8,1453.6,408.3
2026-06-06 18:30:00,2.65,232.7,65.3,1422.2,358.3
2026-06-06 18:35:00,3.26,198.4,56.2,1450.6,338.5
2026-06-06 18:40:00,4.02,212.9,65.5,1443.4,322.3
2026-06-06 18:45:00,3.49,194.7,68.3,1455.3,351.1
2026-06-06 18:50:00,3.1,210.2,59.2,1444.9,296.7
2026-06-06 18:55:00,3.3,214.6,65.4,1440.8,327.1
2026-06-06 19:00:00,3.84,208.1,59.3,1443.1,339.1
2026-06-06 19:05:00,3.72,218.6,68.0,1414.6,345.3
2026-06-06 19:10:00,3.4,211.2,60.8,1428.7,336.4
2026-06-06 19:15:00,3.35,203.7,58.1,1444.3,322.7
2026-06-06 19:20:00,3.34,203.2,58.5,1455.7,363.0
2026-06-06 19:25:00,3.13,219.7,70.5,1433.7,298.7
2026-06-06 19:30:00,4.15,202.2,63.0,1437.8,333.1
2026-06-06 19:35:00,3.37,221.0,63.2,1418.2,327.1
2026-06-06 19:40:00,3.99,224.7,69.3,1464.8,365.3
2026-06-06 19:45:00,4.11,190.0,58.7,1452.7,328.5
2026-06-06 19:50:00,3.9,223.6,76.1,1452.5,350.9
2026-06-06 19:55:00,3.33,234.7,60.9,1451.0,348.3
2026-06-06 20:00:00,3.66,213.0,64.0,1463.9,294.1
2026-06-06 20:05:00,3.49,217.2,54.8,1429.4,338.4
2026-06-06 20:10:00,3.14,222.4,64.1,1428.8,296.4
2026-06-06 20:15:00,3.63,206.7,51.1,1455.3,348.8
2026-06-06 20:20:00,3.03,212.2,71.3,1455.4,321.7
2026-06-06 20:25:00,3.98,194.2,68.8,1418.9,369.7
2026-06-06 20:30:00,3.31,211.7,71.5,1432.4,335.5
2026-06-06 20:35:00,3.58,216.0,66.1,1466.5,320.7
2026-06-06 20:40:00,3.61,216.2,58.9,1447.4,370.0
2026-06-06 20:45:00,3.4,222.8,60.5,1454.4,318.2
2026-06-06 20:50:00,3.73,200.7,75.8,1420.8,362.4
2026-06-06 20:55:00,3.31,203.6,75.5,1448.6,351.7
2026-06-06 21:00:00,3.85,232.7,69.4,1423.3,330.9
2026-06-06 21:05:00,2.96,208.2,60.6,1409.9,306.6
2026-06-06 21:10:00,3.55,212.4,76.3,1451.4,371.0
2026-06-06 21:15:00,4.28,209.2,59.3,1461.4,352.5
2026-06-06 21:20:00,3.1,200.1,65.4,1434.2,320.7
2026-06-06 21:25:00,3.23,229.5,78.7,1435.7,346.1
2026-06-06 21:30:00,3.71,203.7,57.4,1464.4,365.2
2026-06-06 21:35:00,3.57,196.5,69.6,1434.4,342.8
2026-06-06 21:40:00,3.64,204.6,68.4,1437.9,346.0
2026-06-06 21:45:00,3.7,186.0,61.1,1460.6,365.8
2026-06-06 21:50:00,3.75,202.2,55.9,1433.1,378.4
2026-06-06 21:55:00,3.94,198.4,57.5,1427.9,337.0
2026-06-06 22:00:00,3.66,217.4,68.4,1453.7,306.6
2026-06-06 22:05:00,3.4,201.9,52.4,1427.7,307.4
2026-06-06 22:10:00,3.77,220.7,67.6,1440.0,322.7
2026-06-06 22:15:00,4.26,226.8,71.8,1423.6,316.6
2026-06-06 22:20:00,3.45,219.4,74.3,1444.7,297.9
2026-06-06 22:25:00,3.11,207.4,53.4,1440.5,386.2
2026-06-06 22:30:00,3.94,211.7,75.8,1454.9,353.2
2026-06-06 22:35:00,3.45,191.7,75.8,1449.2,326.9
2026-06-06 22:40:00,2.63,208.4,68.0,1448.0,339.2
2026-06-06 22:45:00,3.84,199.7,55.1,1443.8,295.3
2026-06-06 22:50:00,3.29,218.3,63.6,1440.6,368.9
2026-06-06 22:55:00,3.46,240.9,69.3,1455.3,291.3
2026-06-06 23:00:00,3.63,216.0,68.1,1424.5,352.8
2026-06-06 23:05:00,3.58,186.1,61.6,1400.0,294.0
2026-06-06 23:10:00,3.78,205.7,66.6,1456.6,329.6
2026-06-06 23:15:00,3.33,211.5,64.5,1450.4,371.1
2026-06-06 23:20:00,3.71,211.0,67.3,1438.3,299.2
2026-06-06 23:25:00,3.4,201.2,60.0,1454.4,336.3
2026-06-06 23:30:00,3.8,212.9,62.7,1429.6,355.7
2026-06-06 23:35:00,3.75,195.1,58.2,1426.4,351.6
2026-06-06 23:40:00,3.13,198.7,78.6,1425.1,341.8
2026-06-06 23:45:00,3.93,217.7,77.9,1450.1,352.4
2026-06-06 23:50:00,3.29,197.8,67.6,1413.8,324.7
2026-06-06 23:55:00,3.82,216.5,76.6,1429.8,388.3
2026-06-07 00:00:00,3.65,193.6,68.9,1441.1,299.7
2026-06-07 00:05:00,4.24,231.2,69.6,1426.2,369.1
2026-06-07 00:10:00,3.41,200.7,51.6,1428.2,344.7
2026-06-07 00:15:00,3.36,207.3,62.5,1406.3,355.4
2026-06-07 00:20:00,3.49,214.0,62.9,1449.9,359.9
2026-06-07 00:25:00,3.38,203.2,54.9,1428.3,353.9
2026-06-07 00:30:00,3.82,211.7,53.4,1423.9,319.7
2026-06-07 00:35:00,2.85,216.9,70.0,1422.0,332.8
2026-06-07 00:40:00,3.08,221.5,69.3,1436.0,303.7
2026-06-07 00:45:00,3.07,219.5,57.1,1418.2,332.5
2026-06-07 00:50:00,3.88,207.9,58.7,1468.7,348.1
2026-06-07 00:55:00,4.18,208.2,74.0,1403.9,355.2
2026-06-07 01:00:00,3.46,238.2,62.2,1438.9,349.8
2026-06-07 01:05:00,3.43,221.4,68.1,1443.9,296.1
2026-06-07 01:10:00,3.53,198.9,61.8,1426.2,325.9
2026-06-07 01:15:00,3.96,211.2,69.2,1443.4,323.4
2026-06-07 01:20:00,3.13,206.0,57.5,1427.2,307.2
2026-06-07 01:25:00,3.6,208.4,65.5,1462.6,319.1
2026-06-07 01:30:00,3.89,195.2,64.1,1420.3,340.0
2026-06-07 01:35:00,3.7,205.1,66.1,1403.7,375.3
2026-06-07 01:40:00,3.58,231.7,68.9,1424.9,316.2
2026-06-07 01:45:00,3.9,216.9,68.8,1447.2,311.8
2026-06-07 01:50:00,2.5,180.1,78.1,1432.3,325.0
2026-06-07 01:55:00,3.77,224.6,87.7,1454.2,348.4
2026-06-07 02:00:00,3.24,223.1,61.8,1450.1,370.6
2026-06-07 02:05:00,2.77,205.7,45.8,1429.6,337.8
2026-06-07 02:10:00,3.7,218.6,71.1,1434.4,303.9
2026-06-07 02:15:00,4.05,199.7,64.9,1432.2,309.2
2026-06-07 02:20:00,3.45,204.4,72.6,1467.1,344.7
2026-06-07 02:25:00,3.88,228.0,70.0,1454.0,364.9
2026-06-07 02:30:00,4.14,206.7,65.0,1467.7,385.4
2026-06-07 02:35:00,4.03,187.6,70.7,1448.1,310.4
2026-06-07 02:40:00,4.16,209.2,75.0,1438.9,343.5
2026-06-07 02:45:00,3.8,209.1,53.8,1424.5,314.3
2026-06-07 02:50:00,3.53,224.4,60.6,1445.9,317.5
2026-06-07 02:55:00,2.86,210.2,64.2,1439.1,315.4
2026-06-07 03:00:00,3.4,204.9,65.0,1437.6,331.6
2026-06-07 03:05:00,3.16,222.5,65.1,1439.4,317.9
2026-06-07 03:10:00,4.37,211.4,68.7,1409.5,402.0
2026-06-07 03:15:00,3.43,201.0,71.6,1457.1,328.5
2026-06-07 03:20:00,3.55,223.9,80.9,1442.0,364.7
2026-06-07 03:25:00,3.72,212.3,70.0,1419.3,323.5
2026-06-07 03:30:00,3.52,210.0,58.2,1447.2,395.8
2026-06-07 03:35:00,4.18,212.1,64.1,1427.6,348.5
2026-06-07 03:40:00,3.25,197.2,62.5,1445.9,360.9
2026-06-07 03:45:00,3.58,203.7,68.2,1452.0,325.2
2026-06-07 03:50:00,3.2,210.0,68.1,1455.3,364.4
2026-06-07 03:55:00,2.97,207.7,81.1,1437.1,348.4
2026-06-07 04:00:00,3.26,225.3,63.6,1436.8,330.5
2026-06-07 04:05:00,3.49,212.6,68.5,1431.1,313.0
2026-06-07 04:10:00,3.33,220.3,85.4,1431.2,334.1
2026-06-07 04:15:00,3.22,210.1,60.3,1439.8,331.9
2026-06-07 04:20:00,2.94,222.7,68.1,1439.4,361.7
2026-06-07 04:25:00,3.47,214.8,58.2,1428.6,334.2
2026-06-07 04:30:00,2.9,210.2,65.7,1422.9,292.0
2026-06-07 04:35:00,3.8,209.8,58.7,1438.3,356.2
2026-06-07 04:40:00,3.53,198.5,71.7,1431.2,372.3
2026-06-07 04:45:00,2.92,216.1,67.1,1424.1,298.3
2026-06-07 04:50:00,3.38,209.5,57.4,1452.4,385.1
2026-06-07 04:55:00,3.2,204.0,70.8,1465.4,374.9
2026-06-07 05:00:00,3.63,223.3,68.4,1457.1,324.2
2026-06-07 05:05:00,4.04,195.0,70.4,1426.2,312.1
2026-06-07 05:10:00,2.75,204.9,55.1,1438.2,366.3
2026-06-07 05:15:00,3.55,222.3,69.8,1465.6,305.8
2026-06-07 05:20:00,3.44,213.8,71.8,1423.2,323.3
2026-06-07 05:25:00,3.77,209.4,61.5,1451.6,307.1
2026-06-07 05:30:00,3.59,213.0,55.4,1418.9,340.1
2026-06-07 05:35:00,3.2,212.2,65.0,1465.7,376.6
2026-06-07 05:40:00,3.37,191.8,72.1,1429.9,349.4
2026-06-07 05:45:00,3.18,205.8,73.4,1472.6,365.5
2026-06-07 05:50:00,3.93,229.4,64.5,1469.8,331.2
2026-06-07 05:55:00,3.51,202.1,53.5,1436.8,342.4
2026-06-07 06:00:00,4.26,206.2,61.0,1428.4,309.3
2026-06-07 06:05:00,3.48,203.5,60.3,1441.6,337.6
2026-06-07 06:10:00,3.22,209.0,68.4,1437.1,321.4
2026-06-07 06:15:00,2.89,203.0,63.1,1432.6,336.0
2026-06-07 06:20:00,2.78,215.8,59.9,1416.3,334.3
2026-06-07 06:25:00,2.87,212.4,74.2,1432.8,332.1
2026-06-07 06:30:00,3.61,219.3,67.5,1425.2,392.7
2026-06-07 06:35:00,3.7,197.4,66.6,1445.8,384.2
2026-06-07 06:40:00,2.87,205.9,50.6,1454.0,375.4
2026-06-07 06:45:00,3.86,207.3,45.2,1450.6,384.9
2026-06-07 06:50:00,3.31,215.5,54.3,1446.2,375.5
2026-06-07 06:55:00,3.56,200.5,59.7,1425.3,339.4
2026-06-07 07:00:00,4.14,221.0,71.3,1445.3,336.9
2026-06-07 07:05:00,3.86,224.2,48.4,1454.7,345.9
2026-06-07 07:10:00,3.39,198.1,76.0,1428.8,334.7
2026-06-07 07:15:00,3.14,204.1,65.5,1440.6,314.0
2026-06-07 07:20:00,2.64,203.6,74.9,1436.5,347.4
2026-06-07 07:25:00,3.21,241.6,62.7,1471.3,300.8
2026-06-07 07:30:00,3.42,204.8,68.3,1451.7,343.4
2026-06-07 07:35:00,3.11,230.1,68.7,1453.2,315.1
2026-06-07 07:40:00,3.45,194.8,69.3,1411.2,338.0
2026-06-07 07:45:00,3.53,198.1,61.3,1440.2,344.8
2026-06-07 07:50:00,3.41,201.8,67.5,1436.0,331.2
2026-06-07 07:55:00,3.24,199.9,72.3,1435.5,299.0
2026-06-07 08:00:00,3.57,206.8,59.3,1415.9,310.3
2026-06-07 08:05:00,3.68,201.5,65.7,1422.0,351.5
2026-06-07 08:10:00,3.06,200.2,48.4,1437.0,326.1
2026-06-07 08:15:00,4.06,223.9,72.7,1459.5,354.0
2026-06-07 08:20:00,3.46,224.7,82.8,1434.1,340.2
2026-06-07 08:25:00,3.51,221.4,56.8,1436.3,335.1
2026-06-07 08:30:00,3.78,216.3,65.2,1468.0,348.7
2026-06-07 08:35:00,3.59,211.1,72.2,1435.8,323.1
2026-06-07 08:40:00,3.88,204.0,64.4,1436.9,350.0
2026-06-07 08:45:00,3.61,198.6,64.6,1436.0,329.5
2026-06-07 08:50:00,3.26,214.4,62.5,1420.7,403.4
2026-06-07 08:55:00,3.64,195.9,59.5,1445.8,311.7
2026-06-07 09:00:00,3.04,198.1,62.5,1427.8,331.1
2026-06-07 09:05:00,3.54,223.8,67.4,1442.3,332.1
2026-06-07 09:10:00,3.49,232.8,59.0,1451.2,306.2
2026-06-07 09:15:00,3.42,214.7,65.2,1470.1,358.1
2026-06-07 09:20:00,3.45,223.3,79.5,1422.9,329.3
2026-06-07 09:25:00,2.75,207.0,61.2,1452.4,280.5
2026-06-07 09:30:00,3.28,193.9,52.7,1449.8,357.4
2026-06-07 09:35:00,3.54,217.3,64.9,1431.9,324.1
2026-06-07 09:40:00,3.56,216.8,60.3,1450.4,337.4
2026-06-07 09:45:00,3.09,210.9,54.4,1464.8,356.9
2026-06-07 09:50:00,4.01,207.1,65.7,1427.9,330.9
2026-06-07 09:55:00,3.15,221.5,61.0,1445.9,330.7
2026-06-07 10:00:00,3.89,198.2,58.2,1443.7,401.6
2026-06-07 10:05:00,3.67,200.7,64.8,1446.2,286.2
2026-06-07 10:10:00,3.24,197.9,50.9,1449.1,307.9
2026-06-07 10:15:00,4.21,211.0,51.2,1442.7,312.7
2026-06-07 10:20:00,3.02,196.9,68.4,1445.1,384.7
2026-06-07 10:25:00,3.87,201.8,48.3,1424.7,323.9
2026-06-07 10:30:00,3.9,201.5,55.9,1440.8,346.0
2026-06-07 10:35:00,3.23,206.9,50.1,1432.2,328.1
2026-06-07 10:40:00,4.06,192.2,58.4,1418.0,355.1
2026-06-07 10:45:00,3.4,211.0,68.6,1432.6,339.7
2026-06-07 10:50:00,3.62,225.0,68.1,1447.0,346.3
2026-06-07 10:55:00,3.6,211.6,84.4,1446.9,372.2
2026-06-07 11:00:00,3.45,228.5,76.5,1424.7,351.0
2026-06-07 11:05:00,3.82,226.0,60.0,1429.1,321.6
2026-06-07 11:10:00,3.82,219.3,56.8,1452.7,347.8
2026-06-07 11:15:00,2.8,210.9,86.8,1447.8,400.5
2026-06-07 11:20:00,4.02,210.3,73.5,1453.4,354.1
2026-06-07 11:25:00,2.84,219.2,71.1,1462.4,343.8
2026-06-07 11:30:00,3.91,205.3,64.9,1447.1,305.7
2026-06-07 11:35:00,3.95,187.4,63.8,1429.3,358.1
2026-06-07 11:40:00,3.06,215.9,54.0,1442.9,361.8
2026-06-07 11:45:00,3.34,196.4,64.2,1462.2,347.8
2026-06-07 11:50:00,3.06,198.5,63.8,1479.2,342.9
2026-06-07 11:55:00,3.41,210.0,57.8,1446.9,410.8
2026-06-07 12:00:00,3.38,208.9,60.5,1447.8,361.4
2026-06-07 12:05:00,3.81,193.1,74.6,1447.5,371.0
2026-06-07 12:10:00,4.02,212.0,64.3,1440.8,341.7
2026-06-07 12:15:00,4.06,221.6,83.3,1459.8,336.7
2026-06-07 12:20:00,3.28,196.5,49.0,1452.4,355.8
2026-06-07 12:25:00,3.42,225.3,63.1,1448.4,336.7
2026-06-07 12:30:00,2.83,191.3,49.8,1431.5,338.7
2026-06-07 12:35:00,3.18,235.4,59.1,1422.3,351.6
2026-06-07 12:40:00,3.89,205.1,57.6,1450.0,327.2
2026-06-07 12:45:00,4.15,211.7,67.8,1443.5,345.5
2026-06-07 12:50:00,3.01,187.3,63.7,1424.4,342.0
2026-06-07 12:55:00,3.26,209.3,59.5,1422.9,364.2
2026-06-07 13:00:00,3.49,212.7,47.6,1450.5,324.7
2026-06-07 13:05:00,3.61,209.0,76.7,1415.8,290.0
2026-06-07 13:10:00,3.18,203.2,61.7,1443.1,332.2
2026-06-07 13:15:00,3.67,198.6,54.4,1450.4,349.9
2026-06-07 13:20:00,3.31,223.6,69.2,1451.0,364.1
2026-06-07 13:25:00,3.49,210.4,66.7,1434.2,322.7
2026-06-07 13:30:00,3.72,228.5,65.2,1425.0,353.6
2026-06-07 13:35:00,3.5,203.7,65.2,1447.5,368.4
2026-06-07 13:40:00,3.33,204.8,55.0,1457.0,358.8
2026-06-07 13:45:00,3.46,219.8,72.5,1433.4,320.2
2026-06-07 13:50:00,3.46,190.5,54.1,1443.7,322.9
2026-06-07 13:55:00,3.35,195.4,58.0,1460.8,350.9
2026-06-07 14:00:00,3.4,223.2,72.2,1447.7,380.6
2026-06-07 14:05:00,4.14,195.9,72.5,1431.2,340.4
2026-06-07 14:10:00,3.72,188.2,74.4,1451.2,335.9
2026-06-07 14:15:00,3.38,232.4,76.8,1433.4,305.8
2026-06-07 14:20:00,3.78,193.3,59.9,1417.2,330.9
2026-06-07 14:25:00,3.37,212.2,53.0,1452.6,322.1
2026-06-07 14:30:00,3.97,210.8,76.4,1434.1,340.7
2026-06-07 14:35:00,3.65,176.3,70.9,1428.5,302.2
2026-06-07 14:40:00,3.46,206.8,59.1,1430.0,331.8
2026-06-07 14:45:00,3.68,215.4,73.2,1434.0,314.8
2026-06-07 14:50:00,2.87,214.3,63.0,1461.9,363.5
2026-06-07 14:55:00,3.05,220.8,78.6,1467.1,318.5
2026-06-07 15:00:00,3.02,205.4,60.2,1466.0,325.7
2026-06-07 15:05:00,3.56,218.6,82.1,1458.1,347.1
2026-06-07 15:10:00,4.19,201.7,70.0,1445.3,328.7
2026-06-07 15:15:00,4.39,193.1,76.8,1415.1,399.0
2026-06-07 15:20:00,3.76,194.4,59.0,1434.1,363.3
2026-06-07 15:25:00,3.7,192.5,65.6,1468.8,340.4
2026-06-07 15:30:00,2.78,222.1,59.1,1435.9,349.2
2026-06-07 15:35:00,3.28,191.8,69.0,1459.1,281.1
2026-06-07 15:40:00,3.18,213.3,72.7,1441.5,370.8
2026-06-07 15:45:00,3.25,206.8,83.7,1399.2,352.8
2026-06-07 15:50:00,3.43,208.8,68.7,1449.4,338.2
2026-06-07 15:55:00,3.31,226.4,73.2,1462.3,354.1
2026-06-07 16:00:00,2.71,204.7,60.4,1438.2,357.2
2026-06-07 16:05:00,3.8,217.3,70.4,1460.0,329.6
2026-06-07 16:10:00,3.07,210.5,62.0,1415.1,349.5
2026-06-07 16:15:00,3.6,208.2,65.7,1418.9,366.2
2026-06-07 16:20:00,4.33,237.6,70.5,1448.6,351.4
2026-06-07 16:25:00,3.13,192.7,59.6,1443.7,333.7
2026-06-07 16:30:00,2.5,225.5,67.8,1463.4,347.4
2026-06-07 16:35:00,3.39,217.9,63.2,1451.2,374.6
2026-06-07 16:40:00,3.94,204.2,61.1,1420.9,359.6
2026-06-07 16:45:00,4.28,229.6,76.5,1447.1,310.9
2026-06-07 16:50:00,3.01,187.8,63.1,1444.6,354.7
2026-06-07 16:55:00,3.7,203.7,66.8,1410.6,351.4
2026-06-07 17:00:00,3.31,195.5,51.2,1436.4,369.1
2026-06-07 17:05:00,3.46,214.9,69.1,1436.0,340.8
2026-06-07 17:10:00,4.5,196.6,67.2,1427.5,330.8
2026-06-07 17:15:00,2.9,215.2,62.6,1448.5,305.8
2026-06-07 17:20:00,3.6,207.8,81.3,1422.3,322.6
2026-06-07 17:25:00,3.69,204.2,45.8,1445.1,370.2
2026-06-07 17:30:00,3.93,214.7,72.0,1449.3,344.9
2026-06-07 17:35:00,3.54,206.8,70.2,1455.6,337.5
2026-06-07 17:40:00,3.62,196.9,67.4,1420.5,372.4
2026-06-07 17:45:00,3.34,243.6,71.5,1424.1,367.2
2026-06-07 17:50:00,3.61,204.2,68.5,1443.0,321.6
2026-06-07 17:55:00,3.36,183.4,68.0,1430.4,370.0
2026-06-07 18:00:00,3.75,199.9,57.7,1481.5,298.5
2026-06-07 18:05:00,3.35,194.8,65.1,1443.8,351.5
2026-06-07 18:10:00,3.65,219.9,65.0,1442.9,348.5
2026-06-07 18:15:00,3.49,213.9,56.8,1438.2,368.7
2026-06-07 18:20:00,3.95,214.8,71.5,1422.7,349.5
2026-06-07 18:25:00,3.48,205.6,59.8,1447.6,333.9
2026-06-07 18:30:00,2.79,206.6,52.5,1438.1,335.9
2026-06-07 18:35:00,4.0,205.5,60.0,1437.9,407.3
2026-06-07 18:40:00,3.14,209.0,58.5,1441.2,342.1
2026-06-07 18:45:00,3.24,220.0,74.7,1445.3,354.9
2026-06-07 18:50:00,3.26,214.0,66.8,1414.7,289.5
2026-06-07 18:55:00,4.05,216.0,77.0,1453.8,319.3
2026-06-07 19:00:00,2.65,216.0,60.6,1428.5,353.0
2026-06-07 19:05:00,4.5,220.6,73.6,1440.1,299.6
2026-06-07 19:10:00,3.92,213.5,88.2,1460.0,353.7
2026-06-07 19:15:00,3.59,214.3,68.5,1467.6,321.9
2026-06-07 19:20:00,3.48,224.3,74.0,1417.3,314.2
2026-06-07 19:25:00,3.61,202.0,69.4,1438.9,321.8
2026-06-07 19:30:00,3.71,199.7,52.1,1442.0,378.2
2026-06-07 19:35:00,3.76,195.8,67.6,1414.5,348.3
2026-06-07 19:40:00,3.72,212.2,67.8,1452.5,317.2
2026-06-07 19:45:00,3.54,187.8,59.6,1437.3,359.4
2026-06-07 19:50:00,3.42,215.5,58.8,1444.0,360.7
2026-06-07 19:55:00,3.44,208.7,70.4,1426.0,330.5
2026-06-07 20:00:00,3.42,223.6,59.3,1448.9,364.0
2026-06-07 20:05:00,3.95,201.9,80.9,1451.0,365.2
2026-06-07 20:10:00,3.74,207.6,65.5,1441.4,361.3
2026-06-07 20:15:00,2.5,223.5,57.2,1435.0,323.2
2026-06-07 20:20:00,3.76,226.6,63.4,1436.8,310.5
2026-06-07 20:25:00,3.58,201.8,61.6,1441.7,297.7
2026-06-07 20:30:00,3.49,212.2,84.6,1441.2,323.6
2026-06-07 20:35:00,3.34,213.5,58.5,1454.3,330.8
2026-06-07 20:40:00,3.95,214.5,64.7,1433.7,332.8
2026-06-07 20:45:00,3.88,206.8,60.2,1421.1,338.8
2026-06-07 20:50:00,3.19,225.4,71.3,1448.5,383.3
2026-06-07 20:55:00,3.66,187.3,57.4,1428.3,331.5
2026-06-07 21:00:00,3.11,204.9,55.1,1450.7,338.8
2026-06-07 21:05:00,2.95,215.4,64.2,1441.2,294.6
2026-06-07 21:10:00,3.25,215.5,63.4,1450.9,395.7
2026-06-07 21:15:00,3.84,226.2,62.7,1428.0,307.1
2026-06-07 21:20:00,3.88,224.4,62.8,1445.0,322.3
2026-06-07 21:25:00,3.71,206.6,74.0,1428.8,357.4
2026-06-07 21:30:00,3.79,225.6,64.8,1424.8,346.2
2026-06-07 21:35:00,3.71,201.4,54.6,1425.4,381.1
2026-06-07 21:40:00,3.24,221.2,63.0,1434.1,358.0
2026-06-07 21:45:00,3.67,231.7,68.7,1463.0,338.0
2026-06-07 21:50:00,3.82,224.6,56.5,1434.4,366.1
2026-06-07 21:55:00,3.8,211.3,78.2,1421.2,369.0
2026-06-07 22:00:00,3.98,206.0,71.3,1441.2,323.5
2026-06-07 22:05:00,3.78,191.7,73.7,1436.8,364.1
2026-06-07 22:10:00,3.64,213.7,68.7,1433.4,334.4
2026-06-07 22:15:00,3.93,196.6,46.2,1434.9,337.4
2026-06-07 22:20:00,3.49,200.5,75.9,1452.7,343.6
2026-06-07 22:25:00,3.15,195.7,55.9,1447.2,330.5
2026-06-07 22:30:00,3.43,204.5,57.9,1447.7,329.1
2026-06-07 22:35:00,3.2,209.7,66.2,1422.2,364.6
2026-06-07 22:40:00,3.23,213.3,76.5,1484.0,301.8
2026-06-07 22:45:00,3.44,202.8,72.3,1454.3,313.5
2026-06-07 22:50:00,3.18,222.8,74.2,1450.3,356.9
2026-06-07 22:55:00,3.38,207.5,62.1,1422.0,338.2
2026-06-07 23:00:00,2.74,200.5,61.0,1452.3,364.8
2026-06-07 23:05:00,3.59,212.7,68.2,1433.0,348.9
2026-06-07 23:10:00,3.5,233.6,67.5,1441.8,306.7
2026-06-07 23:15:00,3.17,214.0,72.7,1415.6,341.6
2026-06-07 23:20:00,3.76,205.6,71.0,1420.5,353.4
2026-06-07 23:25:00,3.88,191.7,67.0,1442.9,345.9
2026-06-07 23:30:00,2.86,207.4,44.4,1454.6,328.3
2026-06-07 23:35:00,3.19,212.8,66.4,1450.8,333.2
2026-06-07 23:40:00,3.19,205.3,63.4,1448.8,326.0
2026-06-07 23:45:00,3.12,190.0,63.3,1435.0,306.9
2026-06-07 23:50:00,3.83,199.8,57.4,1431.9,303.4
2026-06-07 23:55:00,3.42,227.5,57.0,1447.8,349.8
2026-06-08 00:00:00,3.39,227.2,71.3,1455.8,318.2
2026-06-08 00:05:00,2.7,199.4,60.6,1437.9,354.4
2026-06-08 00:10:00,3.75,218.1,70.8,1459.8,325.1
2026-06-08 00:15:00,3.0,195.9,57.5,1433.9,307.2
2026-06-08 00:20:00,3.52,226.9,78.9,1428.7,329.8
2026-06-08 00:25:00,3.61,212.9,73.4,1440.4,392.4
2026-06-08 00:30:00,4.04,221.4,69.1,1443.9,337.6
2026-06-08 00:35:00,2.98,189.4,60.2,1434.7,356.1
2026-06-08 00:40:00,2.5,218.1,73.0,1460.8,344.2
2026-06-08 00:45:00,3.57,209.9,68.1,1452.1,304.9
2026-06-08 00:50:00,4.22,220.2,68.4,1420.6,376.2
2026-06-08 00:55:00,4.0,221.0,75.0,1465.2,333.8
2026-06-08 01:00:00,3.58,210.8,76.5,1399.0,307.2
2026-06-08 01:05:00,3.3,202.8,53.9,1470.8,327.2
2026-06-08 01:10:00,3.82,219.4,58.0,1437.6,334.8
2026-06-08 01:15:00,3.11,209.3,58.6,1437.0,358.7
2026-06-08 01:20:00,3.69,199.5,51.4,1437.0,323.0
2026-06-08 01:25:00,3.7,199.0,62.8,1443.6,405.5
2026-06-08 01:30:00,3.92,192.3,67.1,1436.5,316.6
2026-06-08 01:35:00,4.5,203.9,63.9,1436.8,355.3
2026-06-08 01:40:00,3.66,223.2,62.7,1462.3,290.7
2026-06-08 01:45:00,3.3,212.1,74.3,1448.9,336.9
2026-06-08 01:50:00,3.49,203.6,65.2,1424.3,349.2
2026-06-08 01:55:00,2.79,219.7,69.2,1453.0,312.0
2026-06-08 02:00:00,3.22,200.0,72.7,1445.9,377.5
2026-06-08 02:05:00,3.34,211.1,64.2,1432.0,350.9
2026-06-08 02:10:00,3.29,207.8,81.2,1451.5,332.1
2026-06-08 02:15:00,3.56,219.3,62.8,1439.5,350.6
2026-06-08 02:20:00,3.17,191.1,78.1,1432.9,325.2
2026-06-08 02:25:00,3.95,199.8,55.7,1434.2,371.3
2026-06-08 02:30:00,3.5,190.3,66.2,1399.6,365.4
2026-06-08 02:35:00,3.5,206.9,59.4,1431.5,349.3
2026-06-08 02:40:00,3.37,224.5,76.1,1453.6,355.3
2026-06-08 02:45:00,3.56,203.9,60.3,1438.5,303.1
2026-06-08 02:50:00,3.83,203.9,66.4,1419.5,376.7
2026-06-08 02:55:00,3.15,220.5,61.4,1456.6,337.5
2026-06-08 03:00:00,3.24,222.8,74.4,1438.1,365.6
2026-06-08 03:05:00,3.38,208.9,59.6,1421.5,358.7
2026-06-08 03:10:00,2.96,218.2,79.7,1474.7,365.2
2026-06-08 03:15:00,3.17,197.1,55.1,1421.6,313.8
2026-06-08 03:20:00,3.31,226.5,56.7,1456.5,317.0
2026-06-08 03:25:00,3.85,235.8,76.5,1433.6,396.2
2026-06-08 03:30:00,3.61,216.3,61.2,1443.3,302.0
2026-06-08 03:35:00,3.58,185.0,61.2,1421.5,312.6
2026-06-08 03:40:00,3.84,203.3,61.4,1420.1,341.1
2026-06-08 03:45:00,3.45,217.4,55.6,1449.3,341.1
2026-06-08 03:50:00,3.66,204.9,63.6,1445.1,326.5
2026-06-08 03:55:00,3.46,225.3,77.4,1460.2,355.4
2026-06-08 04:00:00,3.61,217.1,74.1,1440.9,362.6
2026-06-08 04:05:00,3.27,201.5,65.6,1471.6,339.5
2026-06-08 04:10:00,2.52,210.4,74.0,1444.1,333.3
2026-06-08 04:15:00,3.45,199.3,54.9,1446.4,339.4
2026-06-08 04:20:00,4.07,207.8,62.1,1419.2,327.6
2026-06-08 04:25:00,3.87,203.3,67.2,1429.5,297.5
2026-06-08 04:30:00,3.89,224.1,66.1,1450.6,347.5
2026-06-08 04:35:00,3.99,235.4,66.8,1443.8,359.1
2026-06-08 04:40:00,3.54,192.8,52.8,1439.4,336.2
2026-06-08 04:45:00,3.58,186.9,44.9,1423.1,283.4
2026-06-08 04:50:00,3.25,207.1,71.1,1441.2,325.7
2026-06-08 04:55:00,3.37,191.8,64.2,1438.1,362.6
2026-06-08 05:00:00,3.75,210.6,72.3,1422.4,304.0
2026-06-08 05:05:00,3.98,219.0,62.9,1451.4,357.4
2026-06-08 05:10:00,3.44,227.9,62.0,1418.1,328.9
2026-06-08 05:15:00,3.32,212.4,65.4,1443.2,339.5
2026-06-08 05:20:00,3.5,207.7,71.5,1466.0,322.9
2026-06-08 05:25:00,3.74,186.3,59.6,1445.5,311.6
2026-06-08 05:30:00,2.92,210.3,71.5,1450.2,375.9
2026-06-08 05:35:00,2.58,210.9,57.1,1426.7,360.4
2026-06-08 05:40:00,3.28,217.7,64.9,1468.1,356.1
2026-06-08 05:45:00,3.01,201.5,63.2,1459.0,362.7
2026-06-08 05:50:00,3.3,204.8,74.0,1426.3,352.6
2026-06-08 05:55:00,3.44,192.3,64.0,1429.3,363.6
2026-06-08 06:00:00,3.32,182.5,74.8,1453.3,323.4
2026-06-08 06:05:00,4.08,196.7,52.2,1464.3,374.4
2026-06-08 06:10:00,3.63,191.2,63.2,1417.3,372.2
2026-06-08 06:15:00,3.62,214.0,67.0,1425.8,349.5
2026-06-08 06:20:00,3.75,203.8,69.0,1436.6,332.8
2026-06-08 06:25:00,3.04,203.5,57.5,1406.1,309.4
2026-06-08 06:30:00,3.92,198.2,76.7,1437.9,345.7
2026-06-08 06:35:00,3.47,171.2,59.3,1450.0,382.1
2026-06-08 06:40:00,3.77,228.1,59.0,1422.0,311.0
2026-06-08 06:45:00,3.07,198.0,63.1,1439.5,365.5
2026-06-08 06:50:00,2.88,205.1,61.8,1430.3,328.2
2026-06-08 06:55:00,3.83,192.5,84.6,1461.1,330.3
2026-06-08 07:00:00,3.65,221.7,75.1,1433.8,310.6
2026-06-08 07:05:00,3.14,211.7,65.7,1463.1,321.2
2026-06-08 07:10:00,3.15,200.1,62.6,1429.1,356.2
2026-06-08 07:15:00,3.95,205.3,71.9,1450.6,359.3
2026-06-08 07:20:00,3.02,230.1,76.0,1447.8,345.9
2026-06-08 07:25:00,4.16,209.1,41.6,1437.8,327.5
2026-06-08 07:30:00,3.14,207.8,69.8,1427.7,312.4
2026-06-08 07:35:00,3.76,198.7,63.5,1442.6,341.5
2026-06-08 07:40:00,3.37,187.3,51.1,1428.8,330.9
2026-06-08 07:45:00,3.74,208.1,71.8,1429.3,345.3
2026-06-08 07:50:00,3.28,213.9,83.6,1462.9,332.0
2026-06-08 07:55:00,3.43,223.2,71.4,1450.9,332.6
2026-06-08 08:00:00,3.52,183.0,69.8,1444.3,344.0
2026-06-08 08:05:00,3.1,196.5,77.4,1431.4,348.8
2026-06-08 08:10:00,3.8,203.0,57.3,1435.8,370.6
2026-06-08 08:15:00,3.29,210.0,50.1,1436.3,331.6
2026-06-08 08:20:00,3.41,208.3,70.0,1444.7,353.6
2026-06-08 08:25:00,3.1,208.5,62.8,1449.3,385.1
2026-06-08 08:30:00,2.5,214.9,54.7,1440.5,354.3
2026-06-08 08:35:00,3.42,199.2,62.7,1425.9,369.1
2026-06-08 08:40:00,4.47,221.2,72.5,1453.7,324.5
2026-06-08 08:45:00,3.81,215.2,64.6,1441.5,322.0
2026-06-08 08:50:00,3.49,206.2,58.1,1417.6,336.0
2026-06-08 08:55:00,3.39,229.2,66.1,1411.8,338.7
2026-06-08 09:00:00,3.51,228.7,67.6,1448.2,366.8
2026-06-08 09:05:00,3.72,221.2,51.2,1429.8,321.8
2026-06-08 09:10:00,3.03,173.8,58.4,1439.2,337.8
2026-06-08 09:15:00,3.95,228.9,57.1,1432.2,366.9
2026-06-08 09:20:00,3.79,219.5,71.7,1443.9,345.4
2026-06-08 09:25:00,3.79,234.1,56.1,1439.1,339.7
2026-06-08 09:30:00,3.68,224.8,75.3,1469.2,346.0
2026-06-08 09:35:00,3.51,228.9,64.6,1458.0,311.8
2026-06-08 09:40:00,3.77,220.5,62.2,1462.3,311.4
2026-06-08 09:45:00,3.74,226.2,69.8,1443.6,300.3
2026-06-08 09:50:00,3.36,233.9,61.7,1457.1,345.2
2026-06-08 09:55:00,3.27,212.6,67.6,1441.9,363.0
2026-06-08 10:00:00,3.54,191.1,56.3,1458.3,359.1
2026-06-08 10:05:00,4.12,206.3,60.0,1438.2,368.6
2026-06-08 10:10:00,3.0,214.7,68.9,1420.0,376.4
2026-06-08 10:15:00,2.91,210.9,56.0,1410.2,343.6
2026-06-08 10:20:00,3.57,195.0,52.6,1462.0,338.4
2026-06-08 10:25:00,3.52,190.4,64.0,1443.3,376.9
2026-06-08 10:30:00,3.57,201.1,63.5,1446.4,322.5
2026-06-08 10:35:00,3.6,219.7,67.8,1464.3,310.5
2026-06-08 10:40:00,3.41,229.0,70.5,1419.0,331.5
2026-06-08 10:45:00,4.1,221.0,67.1,1436.8,328.6
2026-06-08 10:50:00,2.86,222.7,71.8,1439.0,341.2
2026-06-08 10:55:00,3.17,209.0,65.6,1450.9,318.7
2026-06-08 11:00:00,3.46,189.1,45.8,1425.4,349.2
2026-06-08 11:05:00,2.84,204.5,50.2,1420.9,325.8
2026-06-08 11:10:00,3.43,206.9,80.0,1421.2,370.7
2026-06-08 11:15:00,4.16,204.0,64.1,1456.0,310.1
2026-06-08 11:20:00,3.51,210.7,72.7,1429.0,336.5
2026-06-08 11:25:00,3.59,215.3,63.0,1432.8,331.6
2026-06-08 11:30:00,3.0,220.2,66.1,1451.6,345.8
2026-06-08 11:35:00,3.25,206.7,60.9,1428.8,363.2
2026-06-08 11:40:00,3.35,187.2,81.3,1409.9,346.7
2026-06-08 11:45:00,3.37,204.2,66.2,1415.1,336.8
2026-06-08 11:50:00,4.01,210.5,60.8,1439.3,357.3
2026-06-08 11:55:00,3.72,224.7,54.0,1450.4,361.1
2026-06-08 12:00:00,3.06,203.2,79.8,1435.6,346.7
2026-06-08 12:05:00,3.6,216.2,64.6,1447.7,349.7
2026-06-08 12:10:00,3.7,213.5,71.5,1416.5,356.2
2026-06-08 12:15:00,3.96,210.5,71.9,1416.9,298.9
2026-06-08 12:20:00,4.13,221.2,63.0,1476.0,331.2
2026-06-08 12:25:00,3.09,202.1,69.2,1456.9,349.4
2026-06-08 12:30:00,3.18,203.1,59.1,1450.2,332.7
2026-06-08 12:35:00,3.0,209.9,57.1,1430.1,332.8
2026-06-08 12:40:00,3.41,202.3,73.2,1434.9,349.4
2026-06-08 12:45:00,3.69,216.1,64.6,1441.2,349.9
2026-06-08 12:50:00,3.89,201.4,67.9,1458.0,351.7
2026-06-08 12:55:00,3.47,212.7,68.7,1446.6,320.2
2026-06-08 13:00:00,3.37,208.8,69.9,1447.6,304.6
2026-06-08 13:05:00,3.56,212.6,52.9,1438.0,360.1
2026-06-08 13:10:00,3.17,204.5,59.5,1450.8,321.4
2026-06-08 13:15:00,4.34,205.9,61.8,1443.7,319.7
2026-06-08 13:20:00,2.86,211.2,58.5,1440.9,317.5
2026-06-08 13:25:00,3.57,212.4,68.8,1429.3,368.8
2026-06-08 13:30:00,4.31,209.9,74.5,1438.3,345.3
2026-06-08 13:35:00,3.5,230.5,78.8,1427.9,348.6
2026-06-08 13:40:00,3.42,198.1,60.5,1437.0,357.2
2026-06-08 13:45:00,3.36,209.2,67.2,1441.2,338.9
2026-06-08 13:50:00,3.43,191.1,65.7,1400.2,365.3
2026-06-08 13:55:00,4.05,214.5,70.6,1437.4,310.1
2026-06-08 14:00:00,2.62,196.6,56.0,1419.7,312.9
2026-06-08 14:05:00,4.11,206.7,79.1,1446.8,311.5
2026-06-08 14:10:00,2.93,205.5,71.7,1448.7,350.5
2026-06-08 14:15:00,3.39,213.4,73.1,1434.3,352.7
2026-06-08 14:20:00,3.33,203.4,73.6,1446.9,328.2
2026-06-08 14:25:00,3.74,202.9,68.2,1447.4,334.2
2026-06-08 14:30:00,2.86,227.2,59.4,1440.0,371.7
2026-06-08 14:35:00,3.68,213.4,64.4,1463.7,322.6
2026-06-08 14:40:00,4.31,203.3,50.8,1427.8,347.4
2026-06-08 14:45:00,2.95,207.0,67.9,1461.5,322.9
2026-06-08 14:50:00,3.58,229.7,66.6,1440.6,367.4
2026-06-08 14:55:00,3.24,207.2,64.3,1426.8,355.7
2026-06-08 15:00:00,3.67,201.7,73.4,1433.1,305.0
2026-06-08 15:05:00,3.51,201.8,60.1,1421.9,333.5
2026-06-08 15:10:00,3.24,203.4,62.0,1450.5,288.0
2026-06-08 15:15:00,3.7,202.9,64.1,1414.5,362.5
2026-06-08 15:20:00,4.22,194.6,48.0,1457.8,391.2
2026-06-08 15:25:00,3.42,196.5,60.8,1423.3,285.5
2026-06-08 15:30:00,3.79,200.0,43.6,1450.6,304.3
2026-06-08 15:35:00,2.98,217.1,61.4,1441.8,344.2
2026-06-08 15:40:00,3.12,205.4,71.2,1443.1,339.5
2026-06-08 15:45:00,3.69,207.5,68.2,1430.7,329.7
2026-06-08 15:50:00,4.09,225.2,62.5,1448.3,296.6
2026-06-08 15:55:00,3.64,225.5,67.7,1445.1,348.1
2026-06-08 16:00:00,3.37,206.6,55.9,1417.5,362.2
2026-06-08 16:05:00,3.5,202.4,63.8,1424.0,411.2
2026-06-08 16:10:00,3.0,199.6,86.9,1429.8,372.7
2026-06-08 16:15:00,3.74,218.3,81.0,1430.3,307.5
2026-06-08 16:20:00,3.85,207.5,65.1,1458.3,339.7
2026-06-08 16:25:00,3.32,205.4,65.6,1439.2,354.8
2026-06-08 16:30:00,3.31,200.2,55.7,1426.4,322.8
2026-06-08 16:35:00,3.61,200.8,57.2,1430.8,359.5
2026-06-08 16:40:00,3.33,213.8,68.5,1433.2,357.6
2026-06-08 16:45:00,3.47,194.2,58.4,1432.5,370.9
2026-06-08 16:50:00,4.34,221.9,74.0,1426.3,360.1
2026-06-08 16:55:00,3.4,203.6,76.6,1426.5,347.1
2026-06-08 17:00:00,3.36,208.2,67.4,1451.1,324.1
2026-06-08 17:05:00,3.24,194.0,63.4,1439.6,307.7
2026-06-08 17:10:00,3.8,209.9,51.5,1437.7,345.5
2026-06-08 17:15:00,3.43,206.1,70.4,1439.3,329.9
2026-06-08 17:20:00,3.24,209.4,55.8,1439.2,332.3
2026-06-08 17:25:00,4.03,227.7,64.3,1440.4,368.0
2026-06-08 17:30:00,4.07,212.1,73.0,1448.2,374.2
2026-06-08 17:35:00,3.26,200.5,71.8,1444.7,309.1
2026-06-08 17:40:00,2.75,201.5,60.0,1414.7,334.7
2026-06-08 17:45:00,3.9,217.1,62.8,1439.5,329.2
2026-06-08 17:50:00,3.23,225.6,61.7,1420.5,347.9
2026-06-08 17:55:00,3.82,213.4,55.9,1450.2,283.3
2026-06-08 18:00:00,2.71,218.3,61.2,1453.2,303.5
2026-06-08 18:05:00,3.86,217.3,53.2,1432.3,337.1
2026-06-08 18:10:00,3.02,227.0,73.0,1441.7,359.7
2026-06-08 18:15:00,3.79,186.6,64.6,1403.6,341.9
2026-06-08 18:20:00,3.51,218.0,70.7,1456.2,356.8
2026-06-08 18:25:00,3.12,221.8,59.1,1453.0,344.9
2026-06-08 18:30:00,3.34,193.9,53.0,1454.0,371.9
2026-06-08 18:35:00,3.77,199.4,63.8,1460.2,377.1
2026-06-08 18:40:00,3.54,199.8,64.0,1419.6,321.0
2026-06-08 18:45:00,3.73,201.3,62.5,1451.6,362.1
2026-06-08 18:50:00,4.29,204.2,61.8,1461.0,352.7
2026-06-08 18:55:00,2.87,212.9,79.1,1418.2,402.6
2026-06-08 19:00:00,4.15,220.4,70.0,1439.5,320.1
2026-06-08 19:05:00,3.54,223.0,82.7,1437.1,337.1
2026-06-08 19:10:00,3.14,199.9,73.6,1450.8,314.2
2026-06-08 19:15:00,2.97,199.9,77.1,1402.1,315.7
2026-06-08 19:20:00,3.42,225.8,58.8,1470.4,349.6
2026-06-08 19:25:00,3.87,217.8,70.9,1439.9,345.1
2026-06-08 19:30:00,3.45,211.0,61.7,1453.9,353.5
2026-06-08 19:35:00,4.1,215.7,52.5,1440.2,353.0
2026-06-08 19:40:00,2.92,209.6,76.9,1447.3,334.1
2026-06-08 19:45:00,3.5,216.3,63.6,1406.4,333.9
2026-06-08 19:50:00,3.0,206.0,56.0,1433.4,315.7
2026-06-08 19:55:00,3.65,213.2,62.2,1453.4,322.5
2026-06-08 20:00:00,3.85,191.9,55.9,1440.7,338.6
2026-06-08 20:05:00,3.33,201.7,58.2,1413.8,344.9
2026-06-08 20:10:00,2.5,201.9,62.0,1439.3,357.8
2026-06-08 20:15:00,3.58,205.5,78.2,1426.8,355.2
2026-06-08 20:20:00,3.67,198.9,58.0,1424.2,378.9
2026-06-08 20:25:00,3.66,203.6,77.3,1415.9,315.7
2026-06-08 20:30:00,3.99,191.8,69.1,1445.6,334.2
2026-06-08 20:35:00,3.07,216.6,69.2,1458.0,317.9
2026-06-08 20:40:00,3.77,209.0,70.8,1471.6,371.9
2026-06-08 20:45:00,3.98,189.5,62.0,1413.8,327.4
2026-06-08 20:50:00,2.79,200.0,73.8,1449.5,368.9
2026-06-08 20:55:00,3.63,214.0,70.1,1453.3,376.3
2026-06-08 21:00:00,3.3,203.5,50.7,1430.0,350.3
2026-06-08 21:05:00,3.47,201.6,66.1,1424.6,347.3
2026-06-08 21:10:00,3.64,209.1,71.1,1423.5,341.0
2026-06-08 21:15:00,3.31,214.1,63.3,1432.9,332.1
2026-06-08 21:20:00,3.23,192.8,63.4,1439.6,329.1
2026-06-08 21:25:00,3.51,216.6,61.1,1461.7,336.3
2026-06-08 21:30:00,3.07,200.4,52.5,1454.7,385.6
2026-06-08 21:35:00,3.07,209.8,52.6,1415.7,314.0
2026-06-08 21:40:00,3.77,209.6,52.6,1428.1,345.1
2026-06-08 21:45:00,3.04,203.7,69.4,1458.2,357.8
2026-06-08 21:50:00,3.77,197.7,43.2,1426.6,332.9
2026-06-08 21:55:00,3.69,206.6,59.2,1438.5,350.4
2026-06-08 22:00:00,2.81,229.5,61.8,1418.3,302.4
2026-06-08 22:05:00,3.23,193.7,60.3,1454.0,373.1
2026-06-08 22:10:00,3.98,230.3,53.2,1415.4,368.3
2026-06-08 22:15:00,3.11,206.9,67.8,1414.7,337.5
2026-06-08 22:20:00,3.31,210.4,54.9,1455.8,318.0
2026-06-08 22:25:00,3.68,197.0,72.1,1466.2,359.8
2026-06-08 22:30:00,3.81,200.7,58.6,1433.8,311.3
2026-06-08 22:35:00,3.4,204.0,63.3,1438.1,314.9
2026-06-08 22:40:00,3.26,197.5,63.1,1451.1,338.7
2026-06-08 22:45:00,4.07,207.5,66.6,1443.8,378.0
2026-06-08 22:50:00,4.2,205.1,64.6,1433.4,356.0
2026-06-08 22:55:00,3.89,232.2,64.9,1437.2,323.8
2026-06-08 23:00:00,3.53,196.0,65.6,1413.7,297.9
2026-06-08 23:05:00,3.18,211.2,68.9,1443.7,341.0
2026-06-08 23:10:00,3.17,213.0,59.3,1439.2,346.3
2026-06-08 23:15:00,3.71,197.2,66.5,1430.9,338.2
2026-06-08 23:20:00,3.67,218.2,75.8,1426.6,385.2
2026-06-08 23:25:00,4.06,205.2,69.9,1425.5,336.7
2026-06-08 23:30:00,3.76,180.1,68.0,1443.3,282.9
2026-06-08 23:35:00,2.9,217.9,67.6,1454.8,329.8
2026-06-08 23:40:00,3.92,196.6,55.5,1432.4,351.4
2026-06-08 23:45:00,3.1,197.4,56.6,1431.0,349.7
2026-06-08 23:50:00,3.35,218.3,68.8,1428.8,335.6
2026-06-08 23:55:00,3.6,205.8,71.9,1453.2,331.4
2026-06-09 00:00:00,4.3,221.0,88.9,1442.7,290.0
2026-06-09 00:05:00,4.5,224.5,75.0,1448.4,342.1
2026-06-09 00:10:00,3.74,202.3,54.5,1443.8,331.5
2026-06-09 00:15:00,3.43,219.5,60.3,1437.3,346.2
2026-06-09 00:20:00,3.71,200.9,81.9,1420.7,352.3
2026-06-09 00:25:00,3.86,236.8,67.3,1430.4,371.0
2026-06-09 00:30:00,3.37,201.7,64.1,1455.3,316.1
2026-06-09 00:35:00,4.22,222.3,59.2,1431.6,307.7
2026-06-09 00:40:00,3.59,220.1,79.0,1435.9,325.7
2026-06-09 00:45:00,3.7,213.8,69.6,1423.7,321.6
2026-06-09 00:50:00,3.77,202.0,57.6,1420.1,319.4
2026-06-09 00:55:00,3.67,208.2,56.8,1428.1,376.1
2026-06-09 01:00:00,3.84,184.2,63.6,1460.2,343.7
2026-06-09 01:05:00,3.25,212.7,65.8,1450.4,389.3
2026-06-09 01:10:00,3.28,214.2,72.3,1432.9,339.9
2026-06-09 01:15:00,3.06,211.6,69.6,1456.6,310.7
2026-06-09 01:20:00,3.68,174.3,57.5,1430.6,319.8
2026-06-09 01:25:00,3.81,194.8,58.4,1457.3,365.6
2026-06-09 01:30:00,3.68,201.0,62.4,1471.4,311.7
2026-06-09 01:35:00,4.17,213.5,61.1,1456.1,353.9
2026-06-09 01:40:00,3.5,213.5,64.5,1442.1,331.1
2026-06-09 01:45:00,3.77,208.0,64.8,1450.1,316.8
2026-06-09 01:50:00,3.06,217.6,59.0,1441.8,374.7
2026-06-09 01:55:00,3.35,197.7,68.2,1410.0,325.3
2026-06-09 02:00:00,3.78,217.3,63.1,1431.6,319.3
2026-06-09 02:05:00,3.84,215.7,59.1,1426.9,338.0
2026-06-09 02:10:00,3.38,214.5,62.9,1430.8,327.3
2026-06-09 02:15:00,3.47,207.8,66.6,1466.5,395.4
2026-06-09 02:20:00,2.89,232.0,69.0,1461.2,366.5
2026-06-09 02:25:00,3.36,215.9,69.3,1447.8,325.2
2026-06-09 02:30:00,3.86,198.4,70.4,1449.9,328.1
2026-06-09 02:35:00,3.73,213.0,75.9,1412.2,289.5
2026-06-09 02:40:00,3.7,219.0,68.6,1452.7,343.4
2026-06-09 02:45:00,3.52,202.9,55.4,1452.7,321.3
2026-06-09 02:50:00,3.5,223.1,64.8,1409.0,342.2
2026-06-09 02:55:00,3.24,214.6,57.7,1452.4,290.8
2026-06-09 03:00:00,3.78,181.9,74.4,1413.0,339.3
2026-06-09 03:05:00,3.67,213.6,81.4,1411.2,382.5
2026-06-09 03:10:00,3.7,205.1,69.5,1458.9,341.4
2026-06-09 03:15:00,3.29,216.4,72.8,1426.2,320.6
2026-06-09 03:20:00,2.64,221.3,68.7,1431.5,339.5
2026-06-09 03:25:00,3.94,212.3,68.3,1455.3,338.4
2026-06-09 03:30:00,3.31,230.0,55.2,1439.4,394.8
2026-06-09 03:35:00,3.15,207.9,64.1,1436.9,331.7
2026-06-09 03:40:00,3.78,217.5,59.1,1438.5,309.9
2026-06-09 03:45:00,3.34,219.7,68.7,1447.1,340.5
2026-06-09 03:50:00,3.92,208.8,64.3,1436.4,344.9
2026-06-09 03:55:00,3.75,219.3,82.0,1443.6,354.1
2026-06-09 04:00:00,3.77,202.9,71.3,1431.0,358.9
2026-06-09 04:05:00,2.95,204.9,66.5,1444.3,388.9
2026-06-09 04:10:00,3.98,194.3,60.5,1441.6,325.1
2026-06-09 04:15:00,3.6,212.9,78.8,1469.0,322.8
2026-06-09 04:20:00,3.35,213.9,65.3,1435.1,293.6
2026-06-09 04:25:00,3.56,224.2,69.8,1440.1,356.5
2026-06-09 04:30:00,2.79,219.5,66.8,1445.5,317.8
2026-06-09 04:35:00,3.66,206.6,61.3,1453.8,362.3
2026-06-09 04:40:00,3.09,195.9,63.2,1420.8,327.7
2026-06-09 04:45:00,2.96,215.2,50.1,1442.6,383.1
2026-06-09 04:50:00,2.89,223.3,54.6,1405.0,304.2
2026-06-09 04:55:00,3.95,219.1,69.2,1437.7,365.6
2026-06-09 05:00:00,3.25,223.0,79.5,1458.7,362.6
2026-06-09 05:05:00,4.11,207.5,67.4,1428.6,353.2
2026-06-09 05:10:00,3.29,204.4,58.4,1441.5,312.1
2026-06-09 05:15:00,2.82,201.2,52.1,1430.3,353.3
2026-06-09 05:20:00,3.05,209.3,71.2,1427.0,343.2
2026-06-09 05:25:00,3.99,209.1,60.3,1454.4,294.2
2026-06-09 05:30:00,3.44,212.5,70.5,1424.8,379.0
2026-06-09 05:35:00,3.28,208.4,67.9,1444.1,331.4
2026-06-09 05:40:00,3.56,208.4,68.6,1444.3,377.0
2026-06-09 05:45:00,3.7,200.7,63.9,1425.4,338.3
2026-06-09 05:50:00,3.95,221.3,69.8,1444.6,364.6
2026-06-09 05:55:00,4.08,210.9,64.2,1426.2,318.5
2026-06-09 06:00:00,3.36,207.9,59.6,1447.4,345.4
2026-06-09 06:05:00,2.97,201.0,55.9,1418.5,343.6
2026-06-09 06:10:00,3.33,194.0,43.5,1431.7,331.9
2026-06-09 06:15:00,3.6,225.7,65.9,1439.3,318.3
2026-06-09 06:20:00,3.11,216.7,78.2,1458.0,280.0
2026-06-09 06:25:00,3.12,190.5,67.9,1438.2,318.9
2026-06-09 06:30:00,3.64,219.2,68.2,1456.2,357.5
2026-06-09 06:35:00,3.48,221.1,60.8,1450.5,305.1
2026-06-09 06:40:00,3.51,211.5,73.2,1448.5,310.3
2026-06-09 06:45:00,3.2,229.2,66.9,1438.9,304.1
2026-06-09 06:50:00,3.41,212.6,78.0,1455.8,345.2
2026-06-09 06:55:00,3.13,193.0,54.6,1431.3,317.7
2026-06-09 07:00:00,3.86,214.4,59.7,1414.9,370.5
2026-06-09 07:05:00,3.91,212.9,58.7,1437.4,358.4
2026-06-09 07:10:00,2.76,202.8,52.1,1445.4,345.0
2026-06-09 07:15:00,3.13,216.9,58.5,1417.3,347.6
2026-06-09 07:20:00,2.9,190.0,62.8,1422.7,320.9
2026-06-09 07:25:00,3.24,221.9,61.1,1423.9,320.9
2026-06-09 07:30:00,3.47,199.5,40.0,1449.7,357.8
2026-06-09 07:35:00,2.92,198.2,71.8,1462.7,362.8
2026-06-09 07:40:00,3.13,208.6,51.3,1436.6,357.6
2026-06-09 07:45:00,3.1,215.2,70.5,1449.0,328.2
2026-06-09 07:50:00,3.58,212.0,65.5,1448.0,330.2
2026-06-09 07:55:00,3.53,201.1,80.6,1461.5,316.7
2026-06-09 08:00:00,3.21,203.9,72.1,1429.0,359.2
2026-06-09 08:05:00,3.57,196.4,58.9,1434.0,291.0
2026-06-09 08:10:00,3.28,207.3,59.0,1434.3,284.9
2026-06-09 08:15:00,3.39,222.9,79.0,1443.7,289.9
2026-06-09 08:20:00,4.17,209.9,53.2,1477.6,286.4
2026-06-09 08:25:00,4.04,220.3,68.1,1442.5,373.9
2026-06-09 08:30:00,2.98,227.5,66.6,1430.7,359.7
2026-06-09 08:35:00,3.83,202.9,61.2,1421.3,310.0
2026-06-09 08:40:00,3.82,207.8,67.5,1458.3,337.4
2026-06-09 08:45:00,3.04,236.1,70.4,1432.3,376.6
2026-06-09 08:50:00,3.83,227.3,71.3,1453.4,352.5
2026-06-09 08:55:00,4.12,189.9,63.1,1425.8,392.9
2026-06-09 09:00:00,3.05,214.6,69.0,1421.9,337.1
2026-06-09 09:05:00,3.13,210.0,65.7,1449.1,323.6
2026-06-09 09:10:00,3.91,219.9,61.2,1432.5,313.0
2026-06-09 09:15:00,3.61,201.1,63.7,1444.6,340.6
2026-06-09 09:20:00,3.72,199.9,57.8,1445.5,363.4
2026-06-09 09:25:00,3.64,201.9,57.5,1446.6,342.5
2026-06-09 09:30:00,3.66,203.1,61.3,1434.6,331.0
2026-06-09 09:35:00,2.97,219.8,65.5,1452.2,371.4
2026-06-09 09:40:00,3.92,195.8,63.2,1423.3,353.2
2026-06-09 09:45:00,3.97,202.5,71.2,1401.7,337.2
2026-06-09 09:50:00,3.41,188.5,57.8,1446.3,320.8
2026-06-09 09:55:00,3.48,222.1,68.4,1444.9,333.6
2026-06-09 10:00:00,2.89,225.3,68.2,1433.9,351.8
2026-06-09 10:05:00,3.71,206.1,59.5,1417.1,320.5
2026-06-09 10:10:00,3.73,206.4,65.1,1408.7,309.2
2026-06-09 10:15:00,3.48,215.4,73.8,1441.9,328.0
2026-06-09 10:20:00,3.95,227.7,69.1,1468.3,338.8
2026-06-09 10:25:00,3.37,214.9,67.5,1438.9,374.1
2026-06-09 10:30:00,3.73,201.6,58.1,1432.9,311.0
2026-06-09 10:35:00,3.09,190.6,77.8,1435.7,345.7
2026-06-09 10:40:00,3.49,196.6,57.8,1470.0,333.1
2026-06-09 10:45:00,3.43,210.9,51.8,1451.5,334.3
2026-06-09 10:50:00,3.59,202.1,70.7,1424.4,378.5
2026-06-09 10:55:00,3.35,212.3,64.4,1440.9,342.0
2026-06-09 11:00:00,3.45,203.4,61.6,1443.7,317.2
2026-06-09 11:05:00,3.83,197.3,58.7,1421.6,362.2
2026-06-09 11:10:00,3.33,195.9,77.9,1448.6,360.4
2026-06-09 11:15:00,2.86,228.7,70.6,1431.5,315.0
2026-06-09 11:20:00,4.2,220.7,71.0,1419.5,310.2
2026-06-09 11:25:00,4.05,230.8,69.4,1445.3,350.3
2026-06-09 11:30:00,2.98,216.5,68.1,1440.1,339.2
2026-06-09 11:35:00,3.78,204.8,75.4,1439.0,328.2
2026-06-09 11:40:00,3.3,225.9,65.4,1431.7,366.4
2026-06-09 11:45:00,3.61,209.6,53.3,1430.5,325.2
2026-06-09 11:50:00,3.62,212.7,72.3,1457.5,350.5
2026-06-09 11:55:00,3.41,209.5,68.9,1446.5,369.4
2026-06-09 12:00:00,3.19,174.6,60.6,1418.6,331.5
2026-06-09 12:05:00,3.22,229.3,71.7,1414.6,294.3
2026-06-09 12:10:00,3.13,215.9,62.9,1427.5,329.9
2026-06-09 12:15:00,3.17,214.0,65.8,1443.2,344.7
2026-06-09 12:20:00,3.47,209.3,63.8,1430.4,365.1
2026-06-09 12:25:00,3.21,212.0,60.6,1429.7,327.0
2026-06-09 12:30:00,3.77,202.8,73.4,1429.7,383.1
2026-06-09 12:35:00,4.09,217.4,54.8,1440.4,307.5
2026-06-09 12:40:00,3.27,194.3,81.5,1448.6,344.1
2026-06-09 12:45:00,3.6,212.2,72.4,1440.4,334.0
2026-06-09 12:50:00,3.7,216.7,51.8,1442.3,373.7
2026-06-09 12:55:00,3.69,207.6,62.8,1436.2,303.2
2026-06-09 13:00:00,3.53,214.5,64.3,1433.4,350.6
2026-06-09 13:05:00,3.8,198.1,66.4,1451.0,333.9
2026-06-09 13:10:00,3.69,198.4,55.3,1448.8,378.2
2026-06-09 13:15:00,3.0,212.8,65.7,1471.2,319.3
2026-06-09 13:20:00,3.85,218.1,65.3,1450.8,350.4
2026-06-09 13:25:00,3.85,187.5,55.7,1428.0,319.0
2026-06-09 13:30:00,3.19,216.3,58.9,1427.7,344.7
2026-06-09 13:35:00,3.52,203.5,71.4,1453.0,330.8
2026-06-09 13:40:00,3.77,207.7,51.1,1427.3,330.4
2026-06-09 13:45:00,3.42,193.9,66.4,1448.9,290.3
2026-06-09 13:50:00,3.93,199.8,69.8,1426.6,350.4
2026-06-09 13:55:00,4.45,221.6,65.0,1447.6,312.9
2026-06-09 14:00:00,3.19,210.4,65.5,1424.2,312.1
2026-06-09 14:05:00,2.95,205.4,73.6,1450.8,301.1
2026-06-09 14:10:00,3.62,208.6,59.2,1421.2,313.6
2026-06-09 14:15:00,3.79,215.9,61.1,1445.3,352.5
2026-06-09 14:20:00,3.41,215.3,61.8,1438.1,351.3
2026-06-09 14:25:00,4.08,209.1,74.2,1441.3,356.6
2026-06-09 14:30:00,2.96,223.1,77.3,1436.7,314.3
2026-06-09 14:35:00,3.78,221.6,55.6,1436.0,345.4
2026-06-09 14:40:00,3.26,215.0,73.8,1443.3,324.6
2026-06-09 14:45:00,4.19,210.7,71.6,1425.1,363.9
2026-06-09 14:50:00,4.3,217.9,78.6,1426.5,350.7
2026-06-09 14:55:00,3.19,213.8,68.6,1435.4,323.6
2026-06-09 15:00:00,3.28,222.7,66.6,1436.6,366.0
2026-06-09 15:05:00,3.84,220.8,75.8,1427.1,352.7
2026-06-09 15:10:00,3.35,197.8,68.8,1451.4,305.3
2026-06-09 15:15:00,3.48,197.0,81.0,1432.4,298.2
2026-06-09 15:20:00,3.51,201.6,71.4,1434.9,306.3
2026-06-09 15:25:00,2.73,221.7,68.0,1422.4,381.2
2026-06-09 15:30:00,3.49,191.1,52.8,1467.3,314.6
2026-06-09 15:35:00,3.22,214.7,61.1,1477.4,386.9
2026-06-09 15:40:00,3.3,214.4,54.2,1429.2,313.3
2026-06-09 15:45:00,4.08,224.0,65.4,1461.2,310.7
2026-06-09 15:50:00,3.0,212.2,72.7,1439.1,362.0
2026-06-09 15:55:00,3.83,193.9,62.6,1460.8,363.1
2026-06-09 16:00:00,3.39,198.5,71.4,1442.7,353.9
2026-06-09 16:05:00,3.39,195.8,65.6,1438.7,356.9
2026-06-09 16:10:00,3.82,203.5,60.8,1401.2,320.0
2026-06-09 16:15:00,3.64,207.8,65.4,1426.4,360.8
2026-06-09 16:20:00,3.73,196.0,66.7,1437.5,346.0
2026-06-09 16:25:00,3.89,227.6,68.8,1446.5,330.9
2026-06-09 16:30:00,3.37,194.1,63.8,1418.6,342.4
2026-06-09 16:35:00,3.26,226.2,61.3,1432.3,366.5
2026-06-09 16:40:00,3.07,224.2,63.7,1451.1,349.8
2026-06-09 16:45:00,3.17,220.8,84.7,1421.4,286.1
2026-06-09 16:50:00,4.5,201.7,73.6,1440.3,362.3
2026-06-09 16:55:00,4.0,214.1,53.8,1459.4,360.4
2026-06-09 17:00:00,2.96,194.7,43.8,1442.7,330.5
2026-06-09 17:05:00,2.97,220.9,67.2,1447.2,342.9
2026-06-09 17:10:00,3.69,209.1,72.0,1409.5,342.8
2026-06-09 17:15:00,3.72,205.1,60.1,1426.7,290.5
2026-06-09 17:20:00,3.72,195.3,71.0,1467.9,330.0
2026-06-09 17:25:00,3.4,180.3,61.0,1425.1,330.9
2026-06-09 17:30:00,3.45,197.5,61.8,1456.5,336.0
2026-06-09 17:35:00,3.63,223.4,73.1,1433.5,326.9
2026-06-09 17:40:00,3.53,205.2,60.0,1434.9,356.6
2026-06-09 17:45:00,2.61,208.0,62.4,1447.3,319.8
2026-06-09 17:50:00,3.41,217.9,71.5,1443.1,362.8
2026-06-09 17:55:00,3.16,231.7,68.0,1450.1,355.4
2026-06-09 18:00:00,3.57,225.9,82.7,1430.9,374.0
2026-06-09 18:05:00,4.5,198.3,68.8,1420.6,383.3
2026-06-09 18:10:00,3.65,186.7,66.5,1422.0,383.5
2026-06-09 18:15:00,3.37,238.3,68.9,1437.7,310.4
2026-06-09 18:20:00,3.87,237.2,76.1,1442.0,348.6
2026-06-09 18:25:00,3.69,212.3,62.8,1456.0,322.1
2026-06-09 18:30:00,3.67,194.8,65.0,1438.3,420.0
2026-06-09 18:35:00,3.74,221.6,59.4,1449.6,355.4
2026-06-09 18:40:00,4.32,208.7,73.1,1441.9,375.4
2026-06-09 18:45:00,3.05,208.6,67.1,1423.0,350.9
2026-06-09 18:50:00,3.69,220.7,82.5,1442.4,280.0
2026-06-09 18:55:00,3.13,214.0,84.7,1442.8,320.4
2026-06-09 19:00:00,3.72,195.8,69.0,1448.6,322.9
2026-06-09 19:05:00,3.13,206.1,65.0,1423.2,330.2
2026-06-09 19:10:00,3.33,217.9,58.6,1411.0,349.0
2026-06-09 19:15:00,3.38,216.1,73.2,1443.9,352.5
2026-06-09 19:20:00,3.89,213.1,67.2,1445.9,280.0
2026-06-09 19:25:00,3.87,221.2,71.0,1439.5,334.1
2026-06-09 19:30:00,3.0,205.7,78.2,1439.6,327.9
2026-06-09 19:35:00,3.52,212.1,58.7,1453.6,374.5
2026-06-09 19:40:00,3.22,170.0,51.6,1425.1,354.8
2026-06-09 19:45:00,3.0,204.6,62.3,1434.7,335.4
2026-06-09 19:50:00,3.41,219.2,72.9,1443.0,345.6
2026-06-09 19:55:00,3.38,205.3,68.7,1420.8,297.8
2026-06-09 20:00:00,4.47,204.4,57.0,1436.6,356.5
2026-06-09 20:05:00,3.67,197.5,69.2,1436.5,330.1
2026-06-09 20:10:00,2.95,222.0,57.2,1467.0,319.8
2026-06-09 20:15:00,3.27,216.6,59.3,1436.8,372.9
2026-06-09 20:20:00,3.91,219.9,65.6,1445.0,346.8
2026-06-09 20:25:00,4.34,189.3,57.5,1449.6,323.4
2026-06-09 20:30:00,2.87,208.1,71.8,1427.1,324.9
2026-06-09 20:35:00,2.75,206.6,66.8,1460.0,349.1
2026-06-09 20:40:00,4.25,206.6,78.6,1465.8,347.2
2026-06-09 20:45:00,3.66,202.6,61.9,1438.1,340.7
2026-06-09 20:50:00,3.15,205.8,63.4,1431.1,309.9
2026-06-09 20:55:00,3.71,220.2,76.2,1466.4,313.6
2026-06-09 21:00:00,2.5,187.0,60.8,1447.3,321.3
2026-06-09 21:05:00,3.5,231.3,80.2,1445.5,335.1
2026-06-09 21:10:00,3.63,215.8,70.2,1462.6,339.0
2026-06-09 21:15:00,3.87,209.5,46.1,1459.7,336.0
2026-06-09 21:20:00,3.09,220.9,76.1,1437.1,337.1
2026-06-09 21:25:00,3.53,192.6,69.7,1440.2,387.0
2026-06-09 21:30:00,3.13,202.0,71.4,1447.1,361.2
2026-06-09 21:35:00,3.6,208.5,49.5,1440.1,369.7
2026-06-09 21:40:00,3.14,226.4,62.2,1422.4,351.6
2026-06-09 21:45:00,3.34,209.4,60.2,1425.8,341.8
2026-06-09 21:50:00,3.1,215.4,59.1,1420.7,350.2
2026-06-09 21:55:00,3.76,202.9,77.9,1446.0,345.6
2026-06-09 22:00:00,3.84,215.8,65.8,1423.4,360.2
2026-06-09 22:05:00,3.41,230.1,67.7,1446.9,315.6
2026-06-09 22:10:00,3.52,221.9,71.2,1469.9,358.1
2026-06-09 22:15:00,2.92,209.0,69.4,1461.2,344.2
2026-06-09 22:20:00,3.38,218.1,40.0,1414.1,294.8
2026-06-09 22:25:00,3.48,216.9,60.9,1422.2,342.1
2026-06-09 22:30:00,4.5,216.1,54.6,1429.6,307.3
2026-06-09 22:35:00,3.06,223.3,70.2,1425.1,326.6
2026-06-09 22:40:00,4.09,223.3,64.7,1417.8,336.0
2026-06-09 22:45:00,3.9,208.5,64.9,1439.5,302.3
2026-06-09 22:50:00,3.61,217.7,49.5,1452.1,338.7
2026-06-09 22:55:00,4.2,205.4,61.8,1453.4,341.7
2026-06-09 23:00:00,3.65,198.9,72.3,1430.7,358.9
2026-06-09 23:05:00,3.66,206.8,75.8,1435.3,328.7
2026-06-09 23:10:00,3.48,209.1,70.6,1445.2,346.9
2026-06-09 23:15:00,3.99,190.1,51.3,1434.4,337.6
2026-06-09 23:20:00,3.94,220.3,76.6,1454.2,329.5
2026-06-09 23:25:00,3.25,176.8,65.8,1439.8,298.2
2026-06-09 23:30:00,2.97,242.6,68.9,1440.9,337.2
2026-06-09 23:35:00,3.42,228.0,51.5,1415.8,358.6
2026-06-09 23:40:00,3.18,206.9,72.2,1461.9,316.7
2026-06-09 23:45:00,3.47,210.1,60.3,1429.7,334.6
2026-06-09 23:50:00,3.99,213.6,68.3,1446.1,338.2
2026-06-09 23:55:00,3.32,202.9,64.5,1409.8,367.6
2026-06-10 00:00:00,3.48,212.3,77.7,1440.3,340.8
2026-06-10 00:05:00,3.52,208.3,63.7,1441.2,347.2
2026-06-10 00:10:00,3.84,208.9,64.7,1442.0,339.8
2026-06-10 00:15:00,2.6,212.2,78.0,1485.6,327.7
2026-06-10 00:20:00,3.26,194.2,57.4,1427.4,311.6
2026-06-10 00:25:00,3.58,210.5,71.6,1452.4,332.9
2026-06-10 00:30:00,3.98,212.0,63.7,1448.2,349.8
2026-06-10 00:35:00,3.3,211.5,57.2,1430.1,343.1
2026-06-10 00:40:00,2.75,207.4,64.6,1451.6,377.0
2026-06-10 00:45:00,3.75,223.7,72.6,1440.3,363.6
2026-06-10 00:50:00,3.25,205.8,75.2,1452.3,371.0
2026-06-10 00:55:00,3.02,212.7,77.2,1470.0,289.2
2026-06-10 01:00:00,3.25,225.6,65.0,1445.4,379.5
2026-06-10 01:05:00,3.43,209.0,57.0,1435.6,346.7
2026-06-10 01:10:00,3.26,212.6,62.8,1456.3,350.2
2026-06-10 01:15:00,2.62,208.8,55.4,1460.7,362.4
2026-06-10 01:20:00,3.86,224.8,65.5,1429.7,340.5
2026-06-10 01:25:00,4.01,206.9,61.8,1432.6,313.2
2026-06-10 01:30:00,3.76,225.4,73.1,1453.2,376.2
2026-06-10 01:35:00,3.04,208.8,47.2,1437.8,320.8
2026-06-10 01:40:00,3.42,199.7,57.6,1423.6,315.4
2026-06-10 01:45:00,3.5,218.2,60.4,1449.7,334.1
2026-06-10 01:50:00,3.74,206.3,73.9,1449.3,330.3
2026-06-10 01:55:00,3.77,217.4,57.2,1436.5,340.1
2026-06-10 02:00:00,3.21,177.2,61.9,1434.4,337.5
2026-06-10 02:05:00,3.53,210.1,64.0,1431.4,373.7
2026-06-10 02:10:00,3.68,204.5,72.5,1422.5,351.5
2026-06-10 02:15:00,4.08,197.2,67.9,1430.0,318.6
2026-06-10 02:20:00,3.78,203.4,65.0,1439.8,322.0
2026-06-10 02:25:00,3.82,203.1,59.5,1416.5,330.3
2026-06-10 02:30:00,3.53,209.4,50.1,1433.5,330.4
2026-06-10 02:35:00,4.06,193.6,64.5,1438.0,327.1
2026-06-10 02:40:00,3.66,213.8,69.8,1458.7,312.5
2026-06-10 02:45:00,3.16,226.4,54.9,1438.6,347.3
2026-06-10 02:50:00,4.06,213.4,55.6,1422.0,328.6
2026-06-10 02:55:00,3.78,219.7,68.5,1438.8,316.2
2026-06-10 03:00:00,3.32,223.1,69.7,1434.1,352.1
2026-06-10 03:05:00,3.31,224.8,59.3,1451.3,361.2
2026-06-10 03:10:00,3.62,232.4,63.8,1439.4,333.9
2026-06-10 03:15:00,3.69,204.0,49.4,1398.1,384.5
2026-06-10 03:20:00,3.58,201.4,74.7,1493.7,395.4
2026-06-10 03:25:00,3.62,219.4,56.0,1444.0,352.4
2026-06-10 03:30:00,4.18,218.5,70.6,1443.0,328.3
2026-06-10 03:35:00,3.93,219.3,66.1,1418.7,346.7
2026-06-10 03:40:00,3.58,232.7,78.7,1422.6,309.4
2026-06-10 03:45:00,3.88,210.1,58.7,1438.6,318.2
2026-06-10 03:50:00,3.09,215.1,66.3,1446.1,297.9
2026-06-10 03:55:00,3.66,198.2,49.6,1448.2,324.3
2026-06-10 04:00:00,4.22,235.6,53.3,1448.7,309.2
2026-06-10 04:05:00,3.41,206.0,69.2,1421.4,355.6
2026-06-10 04:10:00,3.16,206.3,50.2,1401.7,321.3
2026-06-10 04:15:00,3.24,205.8,62.6,1437.7,346.9
2026-06-10 04:20:00,3.06,202.3,71.9,1430.4,358.7
2026-06-10 04:25:00,3.19,201.2,69.7,1419.3,369.3
2026-06-10 04:30:00,3.35,203.7,58.7,1451.2,331.2
2026-06-10 04:35:00,2.94,193.6,49.8,1413.1,347.8
2026-06-10 04:40:00,3.51,200.6,67.7,1447.4,348.6
2026-06-10 04:45:00,3.86,233.4,79.2,1423.5,371.8
2026-06-10 04:50:00,3.14,218.8,61.0,1443.8,359.6
2026-06-10 04:55:00,4.11,221.1,60.2,1456.2,372.6
2026-06-10 05:00:00,3.7,224.1,62.9,1437.8,298.4
2026-06-10 05:05:00,3.91,232.0,72.9,1469.8,323.4
2026-06-10 05:10:00,3.24,188.7,71.6,1464.5,365.8
2026-06-10 05:15:00,3.84,195.2,52.9,1440.6,354.5
2026-06-10 05:20:00,3.06,200.4,51.6,1446.2,336.9
2026-06-10 05:25:00,3.86,204.4,82.9,1454.8,328.1
2026-06-10 05:30:00,3.57,206.4,63.0,1447.4,359.7
2026-06-10 05:35:00,3.72,204.6,66.2,1445.5,290.5
2026-06-10 05:40:00,3.03,212.6,59.9,1432.7,359.8
2026-06-10 05:45:00,3.14,210.4,69.0,1414.8,342.3
2026-06-10 05:50:00,3.74,201.3,71.4,1417.4,327.8
2026-06-10 05:55:00,3.12,183.9,63.5,1470.5,352.6
2026-06-10 06:00:00,3.69,198.1,77.1,1442.5,330.3
2026-06-10 06:05:00,2.95,203.4,61.4,1435.0,340.7
2026-06-10 06:10:00,3.84,207.0,62.5,1458.4,338.8
2026-06-10 06:15:00,3.01,196.4,64.8,1426.0,358.6
2026-06-10 06:20:00,3.72,204.1,67.8,1447.6,344.0
2026-06-10 06:25:00,3.75,196.4,64.8,1438.4,292.3
2026-06-10 06:30:00,3.22,208.5,54.5,1446.6,305.2
2026-06-10 06:35:00,3.73,197.1,65.6,1432.4,312.9
2026-06-10 06:40:00,3.6,199.8,60.5,1423.5,351.4
2026-06-10 06:45:00,3.28,194.3,58.0,1424.5,353.9
2026-06-10 06:50:00,3.1,208.2,65.0,1427.9,381.8
2026-06-10 06:55:00,2.71,199.6,55.7,1437.9,314.6
2026-06-10 07:00:00,3.64,220.9,57.5,1418.8,372.7
2026-06-10 07:05:00,2.87,214.9,44.8,1422.3,291.6
2026-06-10 07:10:00,3.54,209.2,78.9,1441.9,340.4
2026-06-10 07:15:00,3.39,200.4,68.0,1436.2,346.1
2026-06-10 07:20:00,3.77,214.6,64.8,1443.8,346.0
2026-06-10 07:25:00,3.38,218.3,60.9,1441.0,332.3
2026-06-10 07:30:00,3.37,211.7,42.2,1478.1,342.9
2026-06-10 07:35:00,3.79,229.2,62.1,1445.7,309.1
2026-06-10 07:40:00,3.63,215.5,71.6,1435.4,361.6
2026-06-10 07:45:00,3.63,221.0,74.2,1443.7,346.2
2026-06-10 07:50:00,3.69,211.6,70.4,1455.6,349.1
2026-06-10 07:55:00,2.89,218.1,67.5,1440.9,333.0
2026-06-10 08:00:00,3.8,200.4,74.0,1448.4,331.8
2026-06-10 08:05:00,3.74,204.5,61.5,1444.8,353.1
2026-06-10 08:10:00,3.09,214.2,74.3,1436.5,379.7
2026-06-10 08:15:00,3.4,214.1,62.5,1442.5,305.2
2026-06-10 08:20:00,3.48,216.1,58.9,1465.2,303.9
2026-06-10 08:25:00,3.45,223.2,58.9,1446.3,346.7
2026-06-10 08:30:00,3.63,192.9,53.9,1421.8,331.7
2026-06-10 08:35:00,4.07,198.3,68.5,1432.9,343.1
2026-06-10 08:40:00,3.93,212.8,59.5,1408.8,339.4
2026-06-10 08:45:00,2.98,201.3,55.4,1440.3,355.6
2026-06-10 08:50:00,3.75,250.0,76.7,1467.7,332.8
2026-06-10 08:55:00,4.03,216.2,68.6,1421.1,309.8
2026-06-10 09:00:00,3.65,209.1,72.6,1442.1,320.3
2026-06-10 09:05:00,3.94,203.8,68.2,1453.5,336.0
2026-06-10 09:10:00,4.3,204.2,58.1,1455.2,308.6
2026-06-10 09:15:00,3.91,210.4,65.7,1459.3,339.1
2026-06-10 09:20:00,3.6,211.3,66.2,1412.2,341.5
2026-06-10 09:25:00,3.92,204.5,56.8,1446.5,331.1
2026-06-10 09:30:00,3.56,206.7,55.7,1416.8,345.2
2026-06-10 09:35:00,3.51,226.1,62.0,1428.3,299.6
2026-06-10 09:40:00,3.36,226.6,83.8,1455.6,316.2
2026-06-10 09:45:00,4.13,213.0,62.2,1443.0,311.4
2026-06-10 09:50:00,3.17,193.9,72.4,1447.7,362.0
2026-06-10 09:55:00,4.11,216.5,62.2,1427.4,397.7
2026-06-10 10:00:00,3.7,228.7,74.9,1465.8,318.0
2026-06-10 10:05:00,2.94,226.4,74.7,1453.6,334.1
2026-06-10 10:10:00,3.65,218.8,73.9,1455.1,322.7
2026-06-10 10:15:00,2.66,227.1,70.7,1427.2,345.5
2026-06-10 10:20:00,3.75,210.6,76.1,1457.7,324.8
2026-06-10 10:25:00,3.85,217.5,69.2,1436.8,347.1
2026-06-10 10:30:00,3.26,201.8,77.5,1429.2,356.6
2026-06-10 10:35:00,3.55,213.5,52.6,1450.1,309.4
2026-06-10 10:40:00,4.28,226.0,70.2,1451.9,346.8
2026-06-10 10:45:00,3.3,202.9,66.2,1425.9,295.1
2026-06-10 10:50:00,3.08,199.7,56.0,1468.8,333.6
2026-06-10 10:55:00,4.09,211.2,69.8,1467.4,331.9
2026-06-10 11:00:00,4.29,207.3,52.7,1448.5,334.3
2026-06-10 11:05:00,3.5,217.8,60.9,1448.0,332.2
2026-06-10 11:10:00,3.9,204.6,48.2,1443.9,327.6
2026-06-10 11:15:00,4.04,230.6,80.6,1420.9,333.4
2026-06-10 11:20:00,3.2,194.5,60.8,1438.6,346.0
2026-06-10 11:25:00,3.31,225.0,84.6,1444.5,346.7
2026-06-10 11:30:00,3.99,200.8,70.0,1429.5,342.9
2026-06-10 11:35:00,4.17,188.4,65.4,1431.0,325.7
2026-06-10 11:40:00,3.73,212.9,60.7,1404.9,367.0
2026-06-10 11:45:00,3.15,206.9,56.2,1422.9,378.1
2026-06-10 11:50:00,4.29,196.7,67.2,1451.2,307.8
2026-06-10 11:55:00,3.29,189.8,61.4,1461.9,344.1
2026-06-10 12:00:00,3.37,209.9,54.3,1425.8,328.3
2026-06-10 12:05:00,3.64,221.7,54.6,1445.1,363.1
2026-06-10 12:10:00,4.12,217.0,58.4,1457.9,339.7
2026-06-10 12:15:00,3.84,210.7,79.7,1432.3,341.3
2026-06-10 12:20:00,3.67,215.7,83.6,1451.3,352.4
2026-06-10 12:25:00,3.69,209.7,66.6,1439.4,332.6
2026-06-10 12:30:00,3.52,192.8,63.6,1454.4,381.9
2026-06-10 12:35:00,3.72,192.9,59.8,1417.4,352.7
2026-06-10 12:40:00,2.5,207.6,57.2,1422.9,363.3
2026-06-10 12:45:00,3.38,208.1,75.7,1443.8,334.5
2026-06-10 12:50:00,3.6,220.2,81.5,1443.5,336.9
2026-06-10 12:55:00,3.04,219.1,59.2,1441.0,360.3
2026-06-10 13:00:00,3.65,217.3,65.4,1450.1,357.8
2026-06-10 13:05:00,3.42,206.6,60.9,1425.4,308.8
2026-06-10 13:10:00,4.2,193.4,59.2,1416.1,343.2
2026-06-10 13:15:00,4.13,214.9,75.2,1433.5,351.8
2026-06-10 13:20:00,3.31,216.3,55.4,1435.4,336.7
2026-06-10 13:25:00,3.44,181.3,64.4,1430.0,349.5
2026-06-10 13:30:00,3.47,200.0,69.3,1457.0,337.8
2026-06-10 13:35:00,3.32,201.7,62.6,1449.9,283.8
2026-06-10 13:40:00,3.58,211.4,72.4,1448.3,307.2
2026-06-10 13:45:00,3.2,200.4,64.7,1441.4,364.4
2026-06-10 13:50:00,3.05,209.5,74.7,1433.4,333.9
2026-06-10 13:55:00,3.75,207.5,52.4,1426.7,344.7
2026-06-10 14:00:00,3.75,208.1,61.9,1421.7,339.9
2026-06-10 14:05:00,3.18,201.4,63.1,1427.9,319.4
2026-06-10 14:10:00,3.86,202.3,42.5,1437.8,328.3
2026-06-10 14:15:00,3.25,197.0,54.4,1420.1,348.2
2026-06-10 14:20:00,3.6,214.6,59.2,1443.5,350.8
2026-06-10 14:25:00,3.83,216.9,73.6,1438.5,394.7
2026-06-10 14:30:00,3.49,200.8,58.0,1432.2,328.1
2026-06-10 14:35:00,3.68,228.2,61.2,1461.1,381.8
2026-06-10 14:40:00,3.29,206.2,71.0,1402.3,318.5
2026-06-10 14:45:00,3.42,228.4,54.8,1437.9,352.2
2026-06-10 14:50:00,3.42,202.3,47.3,1403.2,344.4
2026-06-10 14:55:00,3.2,185.7,58.5,1438.7,336.9
2026-06-10 15:00:00,3.43,214.8,54.1,1452.4,339.9
2026-06-10 15:05:00,2.88,213.0,54.2,1420.3,324.4
2026-06-10 15:10:00,3.3,210.4,69.6,1421.7,362.6
2026-06-10 15:15:00,3.39,202.3,70.9,1413.0,318.9
2026-06-10 15:20:00,3.4,209.6,71.2,1440.9,347.9
2026-06-10 15:25:00,3.4,203.9,72.9,1433.7,358.9
2026-06-10 15:30:00,3.48,206.4,74.4,1435.1,374.6
2026-06-10 15:35:00,3.69,220.1,49.5,1436.5,364.3
2026-06-10 15:40:00,3.85,212.2,68.9,1425.8,354.3
2026-06-10 15:45:00,3.24,217.3,61.9,1458.4,324.1
2026-06-10 15:50:00,3.02,207.2,58.6,1443.5,320.4
2026-06-10 15:55:00,3.08,205.9,68.9,1421.4,311.5
2026-06-10 16:00:00,3.31,196.2,49.1,1426.7,309.1
2026-06-10 16:05:00,3.36,205.6,50.3,1426.0,340.0
2026-06-10 16:10:00,3.19,170.1,64.1,1453.1,321.8
2026-06-10 16:15:00,2.98,202.9,67.8,1449.3,370.0
2026-06-10 16:20:00,3.32,209.0,65.9,1437.9,325.5
2026-06-10 16:25:00,3.57,216.8,59.0,1467.0,342.4
2026-06-10 16:30:00,3.74,206.8,70.5,1461.1,333.4
2026-06-10 16:35:00,3.28,214.2,71.1,1437.4,304.9
2026-06-10 16:40:00,3.33,183.8,61.8,1428.6,367.2
2026-06-10 16:45:00,3.13,209.3,55.5,1434.4,357.4
2026-06-10 16:50:00,3.49,189.8,58.6,1421.7,360.3
2026-06-10 16:55:00,3.16,195.5,69.5,1463.1,354.9
2026-06-10 17:00:00,3.73,207.8,75.3,1424.5,321.0
2026-06-10 17:05:00,2.79,225.3,64.7,1456.1,321.5
2026-06-10 17:10:00,3.36,214.5,63.7,1451.2,351.3
2026-06-10 17:15:00,3.62,210.2,63.7,1435.5,378.6
2026-06-10 17:20:00,3.57,209.8,67.2,1467.1,349.6
2026-06-10 17:25:00,4.5,201.4,59.1,1414.9,364.5
2026-06-10 17:30:00,3.64,203.5,40.9,1437.5,326.9
2026-06-10 17:35:00,3.1,215.1,75.3,1433.7,367.4
2026-06-10 17:40:00,3.46,193.4,76.9,1451.1,329.5
2026-06-10 17:45:00,2.79,217.1,61.2,1446.7,346.0
2026-06-10 17:50:00,3.47,205.3,55.8,1413.2,330.8
2026-06-10 17:55:00,3.17,219.9,65.4,1460.6,362.2
2026-06-10 18:00:00,3.87,221.5,65.2,1449.6,362.6
2026-06-10 18:05:00,3.28,189.9,70.0,1420.5,303.1
2026-06-10 18:10:00,3.45,203.0,64.4,1433.4,373.1
2026-06-10 18:15:00,3.25,199.7,57.1,1418.4,399.4
2026-06-10 18:20:00,4.2,188.2,51.2,1433.1,331.1
2026-06-10 18:25:00,3.37,197.6,70.1,1439.8,336.8
2026-06-10 18:30:00,4.23,239.3,74.2,1440.8,371.0
2026-06-10 18:35:00,3.83,217.3,74.6,1434.7,341.7
2026-06-10 18:40:00,3.69,233.0,60.7,1420.4,339.9
2026-06-10 18:45:00,3.65,219.9,81.2,1447.0,387.4
2026-06-10 18:50:00,3.66,201.1,49.7,1409.4,306.1
2026-06-10 18:55:00,2.73,205.4,70.0,1439.5,320.3
2026-06-10 19:00:00,3.39,217.1,50.8,1414.4,350.4
2026-06-10 19:05:00,3.84,215.3,59.5,1441.8,299.5
2026-06-10 19:10:00,3.48,203.1,76.4,1438.5,330.7
2026-06-10 19:15:00,2.94,191.9,68.9,1442.4,330.4
2026-06-10 19:20:00,3.48,249.5,66.5,1460.8,364.0
2026-06-10 19:25:00,4.18,208.3,60.6,1455.4,357.3
2026-06-10 19:30:00,4.0,206.1,65.2,1415.1,297.9
2026-06-10 19:35:00,3.48,211.4,69.3,1439.4,322.7
2026-06-10 19:40:00,3.88,207.1,74.6,1469.6,322.7
2026-06-10 19:45:00,3.35,211.5,61.6,1442.1,334.6
2026-06-10 19:50:00,2.82,225.4,54.4,1430.6,312.6
2026-06-10 19:55:00,3.13,208.5,66.0,1438.5,351.3
2026-06-10 20:00:00,4.13,196.0,59.2,1431.5,322.6
2026-06-10 20:05:00,3.39,208.1,54.3,1422.0,354.7
2026-06-10 20:10:00,3.4,204.4,66.5,1451.9,339.9
2026-06-10 20:15:00,3.38,227.1,65.9,1452.2,315.7
2026-06-10 20:20:00,4.26,224.1,69.6,1422.8,374.7
2026-06-10 20:25:00,4.15,211.3,58.0,1438.9,375.4
2026-06-10 20:30:00,4.39,194.7,66.6,1428.4,347.3
2026-06-10 20:35:00,3.44,195.3,52.3,1413.0,334.0
2026-06-10 20:40:00,3.62,210.2,58.4,1418.8,313.6
2026-06-10 20:45:00,2.89,214.0,63.7,1421.8,366.8
2026-06-10 20:50:00,4.09,205.5,78.3,1438.2,360.6
2026-06-10 20:55:00,3.03,204.2,70.4,1432.0,319.7
2026-06-10 21:00:00,3.59,202.9,72.6,1424.2,322.8
2026-06-10 21:05:00,3.06,209.7,76.3,1434.1,351.4
2026-06-10 21:10:00,3.26,181.4,89.5,1445.5,310.6
2026-06-10 21:15:00,3.17,196.8,63.4,1442.7,324.4
2026-06-10 21:20:00,3.26,202.5,75.2,1453.5,314.0
2026-06-10 21:25:00,3.28,224.5,75.3,1439.5,314.8
2026-06-10 21:30:00,3.28,200.2,71.5,1462.1,322.0
2026-06-10 21:35:00,3.83,212.2,79.5,1445.7,362.7
2026-06-10 21:40:00,3.06,212.7,62.1,1433.2,296.1
2026-06-10 21:45:00,3.59,225.6,63.3,1444.5,350.8
2026-06-10 21:50:00,3.99,225.2,69.8,1424.3,346.4
2026-06-10 21:55:00,3.29,209.3,63.4,1435.3,364.2
2026-06-10 22:00:00,3.21,204.3,66.7,1445.3,346.4
2026-06-10 22:05:00,3.41,202.0,76.3,1447.6,330.5
2026-06-10 22:10:00,3.97,207.1,60.7,1433.3,319.6
2026-06-10 22:15:00,3.58,204.8,61.8,1480.0,364.8
2026-06-10 22:20:00,3.29,216.6,67.4,1438.7,352.4
2026-06-10 22:25:00,3.69,215.0,63.9,1415.8,327.7
2026-06-10 22:30:00,3.06,217.1,50.8,1459.6,362.7
2026-06-10 22:35:00,3.77,225.1,62.6,1452.1,328.9
2026-06-10 22:40:00,3.66,232.4,73.9,1447.9,340.0
2026-06-10 22:45:00,3.38,211.5,76.7,1433.3,324.9
2026-06-10 22:50:00,3.16,223.2,57.7,1448.5,353.3
2026-06-10 22:55:00,3.15,205.8,55.1,1463.4,315.1
2026-06-10 23:00:00,3.71,224.2,67.4,1445.9,332.5
2026-06-10 23:05:00,3.99,222.7,50.3,1420.5,323.6
2026-06-10 23:10:00,3.25,222.1,63.3,1390.6,346.6
2026-06-10 23:15:00,3.68,211.1,51.3,1446.0,349.7
2026-06-10 23:20:00,2.67,202.0,74.7,1423.6,312.4
2026-06-10 23:25:00,3.27,193.3,56.3,1435.2,350.2
2026-06-10 23:30:00,3.49,209.5,78.2,1427.8,303.1
2026-06-10 23:35:00,3.14,228.4,76.7,1430.5,394.8
2026-06-10 23:40:00,3.13,206.3,59.3,1427.8,327.2
2026-06-10 23:45:00,3.23,219.4,57.8,1431.8,366.2
2026-06-10 23:50:00,3.62,220.1,65.0,1453.7,345.0
2026-06-10 23:55:00,3.43,206.6,63.7,1447.9,346.0
2026-06-11 00:00:00,2.6,225.8,70.1,1425.0,310.8
2026-06-11 00:05:00,2.65,175.1,53.6,1416.9,361.1
2026-06-11 00:10:00,3.26,195.3,68.8,1442.8,341.2
2026-06-11 00:15:00,3.68,199.0,65.5,1453.6,351.8
2026-06-11 00:20:00,2.5,200.2,60.8,1453.6,337.7
2026-06-11 00:25:00,3.3,214.0,59.9,1425.8,343.3
2026-06-11 00:30:00,3.29,213.5,64.0,1455.5,317.8
2026-06-11 00:35:00,4.06,214.7,59.2,1414.3,336.2
2026-06-11 00:40:00,3.35,217.2,66.5,1438.4,329.5
2026-06-11 00:45:00,3.65,198.6,64.0,1445.0,322.4
2026-06-11 00:50:00,3.56,195.4,64.9,1405.9,343.4
2026-06-11 00:55:00,2.65,214.8,79.8,1472.3,349.1
2026-06-11 01:00:00,3.81,202.4,62.8,1458.4,346.3
2026-06-11 01:05:00,3.59,191.2,70.2,1445.9,337.4
2026-06-11 01:10:00,3.7,221.7,68.6,1427.9,350.3
2026-06-11 01:15:00,4.5,226.7,65.6,1442.3,346.1
2026-06-11 01:20:00,2.67,228.7,66.8,1455.6,342.4
2026-06-11 01:25:00,4.19,212.2,64.9,1423.6,344.2
2026-06-11 01:30:00,3.39,217.5,68.4,1438.8,369.6
2026-06-11 01:35:00,3.61,226.4,59.8,1456.9,309.9
2026-06-11 01:40:00,3.48,202.3,52.1,1416.0,332.0
2026-06-11 01:45:00,3.33,223.3,72.2,1447.7,348.5
2026-06-11 01:50:00,3.27,213.3,72.7,1414.3,300.4
2026-06-11 01:55:00,3.63,221.0,72.6,1428.0,374.6
2026-06-11 02:00:00,2.89,212.2,66.6,1432.9,346.4
2026-06-11 02:05:00,3.8,225.6,73.5,1450.8,363.9
2026-06-11 02:10:00,3.33,212.7,71.1,1430.0,368.0
2026-06-11 02:15:00,3.05,192.2,68.6,1438.3,350.3
2026-06-11 02:20:00,3.32,227.4,60.7,1433.2,284.2
2026-06-11 02:25:00,4.0,198.6,54.5,1429.8,343.7
2026-06-11 02:30:00,3.29,225.0,64.1,1461.8,345.3
2026-06-11 02:35:00,3.64,208.9,64.7,1422.5,312.8
2026-06-11 02:40:00,3.21,224.1,65.2,1454.2,295.3
2026-06-11 02:45:00,3.8,223.6,52.0,1442.7,351.5
2026-06-11 02:50:00,3.77,215.2,79.5,1432.4,308.8
2026-06-11 02:55:00,4.24,216.1,63.7,1423.0,391.5
2026-06-11 03:00:00,3.43,215.1,67.1,1423.8,346.6
2026-06-11 03:05:00,3.77,185.8,71.3,1424.1,373.8
2026-06-11 03:10:00,3.54,211.4,46.5,1438.0,340.8
2026-06-11 03:15:00,4.02,196.6,58.9,1446.4,358.8
2026-06-11 03:20:00,3.21,212.1,62.2,1435.9,341.3
2026-06-11 03:25:00,3.8,196.3,60.3,1433.8,365.1
2026-06-11 03:30:00,3.42,195.8,61.5,1435.9,289.0
2026-06-11 03:35:00,3.47,229.3,79.5,1451.0,362.2
2026-06-11 03:40:00,3.54,222.8,72.3,1452.2,356.7
2026-06-11 03:45:00,3.6,210.0,72.7,1419.2,336.1
2026-06-11 03:50:00,3.45,212.2,65.7,1436.2,329.8
2026-06-11 03:55:00,3.59,207.0,53.4,1457.8,332.5
2026-06-11 04:00:00,4.13,216.8,49.4,1421.6,347.1
2026-06-11 04:05:00,3.89,201.9,51.5,1439.5,370.4
2026-06-11 04:10:00,3.85,221.9,69.7,1439.8,326.6
2026-06-11 04:15:00,3.32,207.0,64.8,1430.9,297.5
2026-06-11 04:20:00,3.14,205.0,62.6,1462.9,402.1
2026-06-11 04:25:00,3.88,210.3,62.1,1440.6,356.8
2026-06-11 04:30:00,3.85,202.9,80.0,1461.2,330.2
2026-06-11 04:35:00,4.09,213.9,59.0,1440.9,369.7
2026-06-11 04:40:00,3.26,203.6,71.5,1445.6,363.3
2026-06-11 04:45:00,3.41,215.6,65.9,1432.5,352.3
2026-06-11 04:50:00,2.84,224.6,66.7,1434.4,328.1
2026-06-11 04:55:00,3.34,201.4,73.1,1444.4,356.7
2026-06-11 05:00:00,3.9,208.4,76.5,1446.1,367.2
2026-06-11 05:05:00,3.31,215.5,63.9,1450.1,297.0
2026-06-11 05:10:00,3.76,204.8,70.6,1444.6,345.6
2026-06-11 05:15:00,3.42,215.6,68.7,1421.1,347.5
2026-06-11 05:20:00,3.63,216.7,66.1,1429.2,346.7
2026-06-11 05:25:00,3.04,223.0,68.6,1455.3,341.2
2026-06-11 05:30:00,3.53,202.7,58.4,1409.2,369.7
2026-06-11 05:35:00,2.5,198.7,60.9,1442.1,334.7
2026-06-11 05:40:00,3.43,206.3,59.8,1437.6,339.9
2026-06-11 05:45:00,2.85,198.4,70.5,1450.4,347.9
2026-06-11 05:50:00,3.98,216.8,65.3,1447.6,335.5
2026-06-11 05:55:00,3.81,196.1,52.5,1427.3,305.3
2026-06-11 06:00:00,3.69,238.0,63.4,1435.0,345.4
2026-06-11 06:05:00,4.11,225.6,41.7,1435.3,345.6
2026-06-11 06:10:00,3.12,210.2,61.1,1448.7,330.9
2026-06-11 06:15:00,4.2,220.4,66.9,1407.5,336.7
2026-06-11 06:20:00,3.87,190.4,61.0,1438.4,280.0
2026-06-11 06:25:00,3.41,240.3,85.4,1432.8,370.2
2026-06-11 06:30:00,3.95,202.9,68.5,1441.4,362.5
2026-06-11 06:35:00,3.06,208.6,69.0,1444.9,306.6
2026-06-11 06:40:00,3.17,187.7,48.5,1410.6,323.1
2026-06-11 06:45:00,3.26,215.8,63.0,1437.8,376.2
2026-06-11 06:50:00,3.29,196.7,59.1,1439.7,311.1
2026-06-11 06:55:00,3.08,211.2,58.9,1441.6,352.0
2026-06-11 07:00:00,3.99,203.5,57.6,1436.9,327.7
2026-06-11 07:05:00,3.4,197.1,48.6,1419.1,350.3
2026-06-11 07:10:00,3.64,200.3,53.3,1422.0,341.3
2026-06-11 07:15:00,3.27,212.7,72.4,1419.9,332.9
2026-06-11 07:20:00,2.77,194.6,61.5,1445.2,349.7
2026-06-11 07:25:00,3.61,201.0,59.6,1436.5,327.7
2026-06-11 07:30:00,2.74,218.0,66.2,1440.8,295.4
2026-06-11 07:35:00,3.47,241.2,79.0,1420.7,316.8
2026-06-11 07:40:00,2.95,215.7,65.9,1440.6,313.8
2026-06-11 07:45:00,4.29,199.0,67.7,1447.3,299.9
2026-06-11 07:50:00,3.86,205.6,57.6,1411.5,349.2
2026-06-11 07:55:00,3.54,210.4,60.1,1432.0,335.7
2026-06-11 08:00:00,4.01,205.8,67.2,1415.6,348.8
2026-06-11 08:05:00,3.16,220.8,81.8,1435.9,353.0
2026-06-11 08:10:00,3.72,212.6,76.8,1427.0,358.9
2026-06-11 08:15:00,3.58,220.9,71.3,1447.9,350.2
2026-06-11 08:20:00,3.61,206.2,65.6,1441.8,315.5
2026-06-11 08:25:00,4.01,225.9,78.6,1462.6,354.5
2026-06-11 08:30:00,3.79,208.0,71.1,1438.8,345.5
2026-06-11 08:35:00,3.62,198.3,44.9,1442.7,394.8
2026-06-11 08:40:00,2.84,236.1,60.5,1436.9,340.2
2026-06-11 08:45:00,3.12,188.1,64.4,1419.1,349.6
2026-06-11 08:50:00,3.45,201.1,49.4,1450.7,337.6
2026-06-11 08:55:00,3.54,202.5,56.7,1457.1,341.2
2026-06-11 09:00:00,3.05,240.1,63.9,1456.6,339.5
2026-06-11 09:05:00,4.46,231.7,66.2,1446.3,329.1
2026-06-11 09:10:00,4.11,227.9,65.4,1429.0,344.4
2026-06-11 09:15:00,3.74,206.0,62.1,1456.3,355.5
2026-06-11 09:20:00,3.53,239.1,76.0,1454.5,329.5
2026-06-11 09:25:00,3.42,214.4,63.5,1471.3,360.9
2026-06-11 09:30:00,3.12,221.7,63.7,1425.0,357.9
2026-06-11 09:35:00,3.53,212.2,54.5,1453.4,318.0
2026-06-11 09:40:00,3.6,209.4,73.1,1448.1,315.9
2026-06-11 09:45:00,3.0,207.0,59.2,1434.3,351.2
2026-06-11 09:50:00,3.63,207.5,55.9,1460.0,325.3
2026-06-11 09:55:00,3.44,217.3,67.8,1447.5,313.9
2026-06-11 10:00:00,2.74,214.4,59.5,1426.8,382.9
2026-06-11 10:05:00,3.16,209.6,60.7,1438.1,315.8
2026-06-11 10:10:00,3.33,228.1,69.8,1429.4,301.9
2026-06-11 10:15:00,4.26,174.4,57.0,1425.9,320.4
2026-06-11 10:20:00,3.72,216.1,84.4,1451.8,345.8
2026-06-11 10:25:00,2.97,218.6,65.7,1456.6,341.8
2026-06-11 10:30:00,3.69,223.8,72.0,1446.1,387.2
2026-06-11 10:35:00,2.88,209.2,49.3,1428.6,320.8
2026-06-11 10:40:00,3.93,212.5,58.5,1446.2,345.9
2026-06-11 10:45:00,3.31,221.8,58.1,1453.2,368.2
2026-06-11 10:50:00,3.46,227.9,60.0,1414.0,323.5
2026-06-11 10:55:00,4.03,206.4,67.8,1441.0,357.6
2026-06-11 11:00:00,2.99,213.2,73.8,1437.8,294.2
2026-06-11 11:05:00,2.94,230.1,70.8,1458.3,384.0
2026-06-11 11:10:00,3.27,184.5,59.4,1440.7,364.9
2026-06-11 11:15:00,3.92,201.7,58.7,1445.6,323.0
2026-06-11 11:20:00,2.89,227.6,76.5,1436.3,360.7
2026-06-11 11:25:00,2.5,223.1,83.5,1442.6,372.8
2026-06-11 11:30:00,3.32,216.3,67.0,1455.4,307.8
2026-06-11 11:35:00,3.72,204.6,71.7,1438.0,325.0
2026-06-11 11:40:00,3.98,199.4,66.2,1440.5,373.7
2026-06-11 11:45:00,3.31,202.9,70.0,1415.5,341.7
2026-06-11 11:50:00,3.34,228.6,58.5,1442.7,350.9
2026-06-11 11:55:00,3.96,202.5,60.0,1408.3,341.8
2026-06-11 12:00:00,2.75,211.2,68.3,1432.5,362.3
2026-06-11 12:05:00,3.34,201.0,73.3,1439.1,352.8
2026-06-11 12:10:00,3.58,220.1,60.0,1453.5,342.7
2026-06-11 12:15:00,3.68,203.5,47.8,1423.7,287.5
2026-06-11 12:20:00,3.3,208.8,60.8,1445.4,356.0
2026-06-11 12:25:00,3.51,189.8,70.1,1458.0,358.2
2026-06-11 12:30:00,2.5,190.6,49.4,1426.5,309.0
2026-06-11 12:35:00,3.24,210.1,55.6,1416.8,310.7
2026-06-11 12:40:00,3.68,194.1,63.9,1441.2,352.9
2026-06-11 12:45:00,3.11,235.3,67.9,1427.2,344.9
2026-06-11 12:50:00,3.52,185.3,66.0,1422.8,290.6
2026-06-11 12:55:00,3.68,200.4,53.7,1451.9,319.4
2026-06-11 13:00:00,3.36,210.2,62.4,1468.2,347.8
2026-06-11 13:05:00,3.57,205.6,73.9,1424.1,356.9
2026-06-11 13:10:00,3.11,196.8,53.5,1426.3,325.4
2026-06-11 13:15:00,3.42,198.5,75.1,1431.1,336.3
2026-06-11 13:20:00,3.74,198.1,54.7,1429.4,318.0
2026-06-11 13:25:00,3.56,206.6,71.3,1468.3,373.1
2026-06-11 13:30:00,3.27,233.4,65.5,1436.7,344.4
2026-06-11 13:35:00,3.59,210.9,56.0,1434.4,323.3
2026-06-11 13:40:00,3.79,224.2,63.2,1467.1,311.1
2026-06-11 13:45:00,2.68,216.1,70.3,1449.9,308.3
2026-06-11 13:50:00,3.96,223.4,67.0,1457.5,385.3
2026-06-11 13:55:00,3.37,176.4,68.9,1419.7,335.7
2026-06-11 14:00:00,3.67,206.3,75.9,1431.3,330.0
2026-06-11 14:05:00,3.98,225.7,57.9,1427.5,334.7
2026-06-11 14:10:00,2.95,203.1,53.9,1450.6,324.2
2026-06-11 14:15:00,3.22,231.1,57.7,1462.6,337.3
2026-06-11 14:20:00,3.38,227.8,60.5,1434.6,340.9
2026-06-11 14:25:00,3.19,204.4,73.0,1433.4,340.4
2026-06-11 14:30:00,4.19,204.0,68.6,1434.0,308.4
2026-06-11 14:35:00,3.16,197.8,58.8,1414.4,362.3
2026-06-11 14:40:00,3.28,202.4,63.8,1428.4,326.2
2026-06-11 14:45:00,3.58,195.2,74.0,1448.6,323.5
2026-06-11 14:50:00,3.02,215.1,81.0,1427.9,322.4
2026-06-11 14:55:00,3.34,192.5,64.5,1437.9,313.7
2026-06-11 15:00:00,3.63,217.2,44.8,1421.8,346.7
2026-06-11 15:05:00,3.37,217.5,68.5,1439.3,362.4
2026-06-11 15:10:00,3.46,190.1,69.5,1427.6,321.9
2026-06-11 15:15:00,3.29,228.6,69.6,1425.4,293.9
2026-06-11 15:20:00,2.89,216.2,71.7,1453.1,314.3
2026-06-11 15:25:00,3.63,219.0,69.2,1454.5,328.8
2026-06-11 15:30:00,4.2,200.9,53.8,1423.6,309.2
2026-06-11 15:35:00,3.51,217.5,59.0,1438.3,325.0
2026-06-11 15:40:00,3.59,223.5,64.5,1443.4,326.2
2026-06-11 15:45:00,3.78,208.8,73.3,1412.5,339.6
2026-06-11 15:50:00,2.99,234.0,62.5,1423.8,303.6
2026-06-11 15:55:00,4.18,210.5,68.7,1459.4,354.5
2026-06-11 16:00:00,3.58,223.7,69.5,1426.8,381.5
2026-06-11 16:05:00,4.15,213.5,78.2,1459.6,375.7
2026-06-11 16:10:00,3.21,217.0,65.7,1421.2,325.4
2026-06-11 16:15:00,4.23,189.9,48.0,1445.9,356.7
2026-06-11 16:20:00,3.81,214.5,70.8,1436.2,353.8
2026-06-11 16:25:00,3.72,201.2,80.8,1435.7,338.9
2026-06-11 16:30:00,3.59,199.8,69.2,1465.8,344.4
2026-06-11 16:35:00,3.4,230.9,61.8,1425.4,357.1
2026-06-11 16:40:00,3.98,207.4,56.0,1448.4,362.1
2026-06-11 16:45:00,3.56,198.0,55.6,1445.9,319.7
2026-06-11 16:50:00,2.71,205.7,80.4,1489.5,358.7
2026-06-11 16:55:00,3.05,194.4,60.0,1420.7,381.7
2026-06-11 17:00:00,3.43,227.2,62.3,1434.1,362.1
2026-06-11 17:05:00,3.62,201.7,62.5,1450.6,378.4
2026-06-11 17:10:00,3.48,216.4,63.4,1438.3,280.0
2026-06-11 17:15:00,3.99,226.3,80.0,1436.3,354.9
2026-06-11 17:20:00,2.72,204.0,56.0,1453.2,346.6
2026-06-11 17:25:00,3.56,216.4,75.4,1437.3,365.7
2026-06-11 17:30:00,2.77,197.6,64.1,1424.1,311.9
2026-06-11 17:35:00,3.8,239.3,79.1,1456.8,327.3
2026-06-11 17:40:00,3.46,221.2,79.3,1447.9,362.5
2026-06-11 17:45:00,3.67,207.7,65.3,1434.8,313.5
2026-06-11 17:50:00,3.15,200.7,61.1,1432.7,346.1
2026-06-11 17:55:00,4.01,208.6,65.3,1426.0,339.6
2026-06-11 18:00:00,3.92,205.9,63.6,1450.1,335.1
2026-06-11 18:05:00,3.73,233.4,55.3,1439.3,354.3
2026-06-11 18:10:00,3.45,195.3,75.2,1425.5,312.1
2026-06-11 18:15:00,3.73,211.6,67.2,1421.0,320.5
2026-06-11 18:20:00,3.22,209.8,55.7,1445.8,336.5
2026-06-11 18:25:00,3.84,208.6,48.2,1432.1,310.0
2026-06-11 18:30:00,4.16,208.7,46.2,1409.5,370.8
2026-06-11 18:35:00,3.93,208.6,71.0,1421.7,320.0
2026-06-11 18:40:00,3.21,220.5,61.6,1438.6,359.7
2026-06-11 18:45:00,3.64,217.3,62.5,1438.4,318.1
2026-06-11 18:50:00,2.98,215.0,69.7,1437.4,357.6
2026-06-11 18:55:00,3.73,173.6,55.4,1427.0,299.8
2026-06-11 19:00:00,3.68,213.6,69.9,1418.6,375.2
2026-06-11 19:05:00,2.75,190.1,62.8,1422.9,368.4
2026-06-11 19:10:00,3.04,217.8,65.5,1459.3,326.2
2026-06-11 19:15:00,3.39,227.7,55.1,1459.1,319.4
2026-06-11 19:20:00,3.38,198.9,56.8,1446.4,351.4
2026-06-11 19:25:00,3.02,206.9,69.3,1446.7,301.8
2026-06-11 19:30:00,3.66,202.8,58.5,1452.1,340.9
2026-06-11 19:35:00,3.6,224.8,76.9,1426.2,319.8
2026-06-11 19:40:00,3.42,211.1,83.9,1440.7,333.6
2026-06-11 19:45:00,3.2,230.7,73.4,1427.3,323.9
2026-06-11 19:50:00,3.92,215.0,77.7,1424.4,320.0
2026-06-11 19:55:00,4.16,212.9,71.2,1446.1,382.6
2026-06-11 20:00:00,3.31,210.8,60.8,1454.4,359.5
2026-06-11 20:05:00,3.26,219.8,68.1,1439.1,303.0
2026-06-11 20:10:00,3.7,189.1,78.0,1460.6,318.1
2026-06-11 20:15:00,3.36,211.0,61.0,1443.4,361.4
2026-06-11 20:20:00,3.44,209.2,56.6,1428.2,364.2
2026-06-11 20:25:00,3.8,218.7,57.2,1425.4,305.4
2026-06-11 20:30:00,2.74,207.7,62.9,1454.8,357.5
2026-06-11 20:35:00,4.03,197.5,55.1,1439.4,346.6
2026-06-11 20:40:00,3.53,210.1,78.4,1450.2,291.5
2026-06-11 20:45:00,3.34,197.0,64.8,1397.5,329.9
2026-06-11 20:50:00,3.46,186.9,69.3,1439.0,336.6
2026-06-11 20:55:00,3.48,218.7,63.9,1434.1,341.2
2026-06-11 21:00:00,2.81,216.9,56.9,1420.5,307.0
2026-06-11 21:05:00,4.1,215.6,55.4,1440.2,320.9
2026-06-11 21:10:00,3.52,225.6,60.1,1459.5,324.4
2026-06-11 21:15:00,3.68,202.0,66.6,1472.4,326.6
2026-06-11 21:20:00,3.88,192.8,66.6,1440.2,327.0
2026-06-11 21:25:00,3.09,209.2,69.7,1429.2,336.7
2026-06-11 21:30:00,3.69,205.8,52.5,1427.6,347.7
2026-06-11 21:35:00,3.39,199.9,63.5,1452.4,384.4
2026-06-11 21:40:00,3.84,209.0,56.6,1424.9,361.8
2026-06-11 21:45:00,2.65,202.7,67.1,1447.9,372.9
2026-06-11 21:50:00,3.46,188.0,65.5,1440.0,328.0
2026-06-11 21:55:00,3.26,204.7,54.8,1441.7,314.9
2026-06-11 22:00:00,3.67,196.4,70.7,1413.8,360.0
2026-06-11 22:05:00,3.69,212.8,84.1,1435.2,339.6
2026-06-11 22:10:00,3.22,202.1,70.5,1416.6,358.3
2026-06-11 22:15:00,3.22,223.3,65.7,1433.8,317.9
2026-06-11 22:20:00,3.46,229.2,65.4,1457.6,356.2
2026-06-11 22:25:00,3.14,218.2,64.6,1460.1,335.6
2026-06-11 22:30:00,3.84,191.4,56.1,1439.5,328.5
2026-06-11 22:35:00,3.35,228.1,69.7,1435.1,330.8
2026-06-11 22:40:00,2.5,228.9,58.7,1467.6,352.3
2026-06-11 22:45:00,3.35,210.2,49.9,1431.3,359.4
2026-06-11 22:50:00,3.08,225.9,69.1,1426.1,330.8
2026-06-11 22:55:00,2.85,203.4,64.2,1449.1,348.6
2026-06-11 23:00:00,3.01,187.6,57.1,1442.4,348.5
2026-06-11 23:05:00,3.54,200.9,53.4,1430.0,358.5
2026-06-11 23:10:00,4.03,230.8,70.4,1445.7,364.7
2026-06-11 23:15:00,3.63,192.1,54.4,1443.1,385.3
2026-06-11 23:20:00,3.26,210.0,63.9,1443.1,328.4
2026-06-11 23:25:00,3.68,210.4,79.2,1447.0,376.5
2026-06-11 23:30:00,3.32,203.8,69.3,1431.2,342.9
2026-06-11 23:35:00,3.22,204.7,53.2,1446.8,312.6
2026-06-11 23:40:00,3.04,210.9,54.9,1440.4,323.7
2026-06-11 23:45:00,2.8,203.3,65.2,1431.6,351.6
2026-06-11 23:50:00,3.34,192.9,51.4,1432.9,358.1
2026-06-11 23:55:00,3.56,212.6,49.4,1439.0,314.6
2026-06-12 00:00:00,3.46,222.9,71.2,1420.9,320.9
2026-06-12 00:05:00,3.33,220.4,69.1,1432.5,326.7
2026-06-12 00:10:00,3.12,200.3,67.1,1439.0,318.4
2026-06-12 00:15:00,3.74,195.0,64.9,1416.7,293.0
2026-06-12 00:20:00,2.97,206.6,64.0,1430.0,284.5
2026-06-12 00:25:00,3.81,228.8,62.5,1479.5,330.5
2026-06-12 00:30:00,3.1,217.7,70.3,1424.6,346.3
2026-06-12 00:35:00,3.2,218.4,78.5,1435.9,356.4
2026-06-12 00:40:00,2.91,220.7,62.6,1429.6,305.9
2026-06-12 00:45:00,3.3,215.0,57.6,1439.3,306.4
2026-06-12 00:50:00,3.89,211.4,56.1,1428.1,326.8
2026-06-12 00:55:00,3.71,217.9,59.3,1437.9,340.1
2026-06-12 01:00:00,3.89,203.4,65.6,1427.9,365.2
2026-06-12 01:05:00,3.71,193.0,45.3,1452.4,357.9
2026-06-12 01:10:00,3.06,218.7,69.8,1443.0,330.8
2026-06-12 01:15:00,3.37,224.9,72.4,1427.9,349.0
2026-06-12 01:20:00,3.19,196.6,48.6,1449.9,318.9
2026-06-12 01:25:00,4.03,219.9,58.6,1427.6,341.9
2026-06-12 01:30:00,3.02,230.2,68.7,1420.6,338.4
2026-06-12 01:35:00,3.86,210.0,63.8,1439.9,375.1
2026-06-12 01:40:00,3.86,200.2,67.7,1466.6,352.3
2026-06-12 01:45:00,4.23,211.5,64.1,1412.9,320.7
2026-06-12 01:50:00,3.34,203.4,74.1,1418.7,321.0
2026-06-12 01:55:00,3.78,202.6,61.3,1449.8,331.7
2026-06-12 02:00:00,4.41,215.2,57.9,1431.4,300.9
2026-06-12 02:05:00,3.25,190.8,53.6,1445.3,334.2
2026-06-12 02:10:00,2.89,192.7,68.3,1424.0,336.4
2026-06-12 02:15:00,2.75,210.2,65.3,1442.2,351.7
2026-06-12 02:20:00,3.79,209.7,70.0,1466.1,355.3
2026-06-12 02:25:00,2.75,214.1,70.5,1422.9,342.5
2026-06-12 02:30:00,3.35,232.5,52.2,1459.9,299.3
2026-06-12 02:35:00,3.67,211.3,56.1,1450.4,309.5
2026-06-12 02:40:00,3.57,217.2,57.9,1419.1,324.9
2026-06-12 02:45:00,3.67,198.3,56.7,1446.0,356.3
2026-06-12 02:50:00,3.59,219.2,63.0,1442.9,355.5
2026-06-12 02:55:00,4.01,203.7,72.0,1440.1,333.8
2026-06-12 03:00:00,3.12,210.9,74.7,1445.2,399.0
2026-06-12 03:05:00,3.23,208.7,62.5,1434.5,379.0
2026-06-12 03:10:00,3.19,222.4,64.8,1443.5,371.0
2026-06-12 03:15:00,3.83,194.3,57.0,1440.5,357.5
2026-06-12 03:20:00,3.86,182.6,61.6,1445.7,351.5
2026-06-12 03:25:00,3.68,207.4,66.2,1416.6,349.6
2026-06-12 03:30:00,3.97,215.6,72.3,1460.5,294.9
2026-06-12 03:35:00,3.03,211.8,71.7,1423.0,313.7
2026-06-12 03:40:00,4.17,224.8,48.8,1454.4,334.4
2026-06-12 03:45:00,4.11,215.2,64.6,1442.2,343.2
2026-06-12 03:50:00,3.79,203.2,75.1,1419.4,336.9
2026-06-12 03:55:00,4.21,182.1,57.3,1442.3,346.8
2026-06-12 04:00:00,2.84,207.2,73.7,1425.2,287.4
2026-06-12 04:05:00,3.29,222.3,64.4,1458.5,352.6
2026-06-12 04:10:00,3.21,205.3,65.7,1428.4,341.6
2026-06-12 04:15:00,3.79,210.3,56.0,1417.6,335.3
2026-06-12 04:20:00,3.08,215.1,57.0,1464.0,363.2
2026-06-12 04:25:00,3.8,197.8,69.0,1440.3,313.9
2026-06-12 04:30:00,4.05,217.5,73.2,1454.5,334.1
2026-06-12 04:35:00,3.78,229.6,68.2,1431.2,347.1
2026-06-12 04:40:00,3.61,207.9,54.9,1411.2,318.7
2026-06-12 04:45:00,3.1,196.5,63.3,1462.4,289.9
2026-06-12 04:50:00,3.16,209.2,74.9,1439.7,311.2
2026-06-12 04:55:00,4.0,183.3,74.9,1442.0,338.4
2026-06-12 05:00:00,3.81,214.0,63.1,1450.7,333.8
2026-06-12 05:05:00,3.48,215.4,52.5,1436.1,339.5
2026-06-12 05:10:00,3.33,230.1,74.7,1447.4,323.5
2026-06-12 05:15:00,2.69,207.7,62.4,1463.4,307.2
2026-06-12 05:20:00,3.07,214.9,73.3,1440.5,343.4
2026-06-12 05:25:00,4.26,199.7,65.7,1452.1,335.8
2026-06-12 05:30:00,2.99,205.7,57.3,1409.3,355.9
2026-06-12 05:35:00,3.58,191.7,62.7,1453.2,321.3
2026-06-12 05:40:00,3.9,207.7,75.1,1416.7,289.5
2026-06-12 05:45:00,3.0,206.3,63.3,1454.4,280.0
2026-06-12 05:50:00,3.57,213.6,57.3,1446.6,330.0
2026-06-12 05:55:00,3.88,202.5,51.2,1437.1,343.2
2026-06-12 06:00:00,3.5,211.0,59.0,1438.7,334.2
2026-06-12 06:05:00,4.5,206.0,61.1,1435.4,325.9
2026-06-12 06:10:00,2.83,206.0,71.0,1426.9,300.2
2026-06-12 06:15:00,3.92,211.0,56.2,1437.1,292.8
2026-06-12 06:20:00,3.43,210.5,77.5,1473.2,349.2
2026-06-12 06:25:00,3.81,219.1,55.7,1461.4,334.3
2026-06-12 06:30:00,3.68,208.6,83.4,1426.6,330.9
2026-06-12 06:35:00,3.21,205.8,78.2,1443.2,301.5
2026-06-12 06:40:00,3.59,207.8,65.8,1441.0,315.8
2026-06-12 06:45:00,2.76,201.4,50.5,1436.2,341.1
2026-06-12 06:50:00,3.74,205.7,63.9,1424.1,347.1
2026-06-12 06:55:00,3.62,234.4,65.6,1451.6,335.9
2026-06-12 07:00:00,3.76,199.0,53.2,1450.5,374.5
2026-06-12 07:05:00,3.92,206.7,66.8,1426.8,325.6
2026-06-12 07:10:00,3.65,205.4,57.7,1468.4,372.2
2026-06-12 07:15:00,3.56,207.0,58.8,1462.2,345.4
2026-06-12 07:20:00,3.15,206.0,62.8,1447.4,342.7
2026-06-12 07:25:00,3.22,213.4,60.9,1422.2,363.3
2026-06-12 07:30:00,3.97,189.5,78.5,1441.9,324.4
2026-06-12 07:35:00,4.07,222.4,62.6,1446.7,331.8
2026-06-12 07:40:00,3.4,217.6,69.7,1449.2,309.4
2026-06-12 07:45:00,3.52,195.1,63.9,1460.9,363.4
2026-06-12 07:50:00,3.14,182.8,63.7,1431.9,348.4
2026-06-12 07:55:00,3.97,198.3,66.7,1468.4,367.4
2026-06-12 08:00:00,3.77,207.1,71.6,1445.5,345.1
2026-06-12 08:05:00,4.28,241.0,71.8,1441.8,367.6
2026-06-12 08:10:00,3.15,216.5,67.8,1477.3,321.3
2026-06-12 08:15:00,3.35,188.3,62.2,1448.1,364.7
2026-06-12 08:20:00,3.59,201.7,62.7,1431.5,330.1
2026-06-12 08:25:00,3.76,209.4,57.6,1441.1,340.1
2026-06-12 08:30:00,3.41,213.0,65.0,1450.1,358.2
2026-06-12 08:35:00,3.15,194.2,64.6,1434.6,398.2
2026-06-12 08:40:00,3.85,208.4,68.0,1441.7,360.5
2026-06-12 08:45:00,3.79,201.4,65.2,1426.0,362.9
2026-06-12 08:50:00,3.13,196.8,61.1,1412.1,326.4
2026-06-12 08:55:00,4.04,213.1,65.0,1442.2,343.9
2026-06-12 09:00:00,3.97,219.3,62.0,1444.0,337.6
2026-06-12 09:05:00,3.55,220.1,69.0,1449.9,375.2
2026-06-12 09:10:00,3.53,216.9,64.3,1432.7,336.4
2026-06-12 09:15:00,3.72,204.0,65.5,1418.7,373.2
2026-06-12 09:20:00,3.16,218.6,74.3,1427.2,307.5
2026-06-12 09:25:00,3.51,213.7,59.9,1456.6,375.0
2026-06-12 09:30:00,2.64,211.6,70.0,1430.3,318.5
2026-06-12 09:35:00,3.85,202.7,64.2,1431.9,361.3
2026-06-12 09:40:00,2.88,204.0,80.3,1434.1,318.4
2026-06-12 09:45:00,4.1,210.9,63.4,1430.9,355.5
2026-06-12 09:50:00,3.37,239.3,75.0,1435.5,315.9
2026-06-12 09:55:00,3.42,213.6,65.7,1427.7,365.9
2026-06-12 10:00:00,3.25,202.7,52.8,1459.5,361.1
2026-06-12 10:05:00,3.38,200.0,59.3,1448.2,325.0
2026-06-12 10:10:00,4.07,204.1,71.2,1457.5,354.5
2026-06-12 10:15:00,2.5,236.1,65.5,1467.0,363.7
2026-06-12 10:20:00,4.01,205.2,46.5,1403.8,316.9
2026-06-12 10:25:00,3.64,220.9,66.4,1447.3,314.1
2026-06-12 10:30:00,3.02,205.5,55.6,1430.3,313.2
2026-06-12 10:35:00,3.07,213.1,66.5,1457.4,309.7
2026-06-12 10:40:00,4.17,219.5,78.8,1430.8,313.1
2026-06-12 10:45:00,3.12,203.1,70.1,1422.8,363.1
2026-06-12 10:50:00,3.04,202.3,76.1,1417.0,353.9
2026-06-12 10:55:00,3.95,229.9,63.5,1439.4,297.6
2026-06-12 11:00:00,3.64,221.8,65.6,1456.1,327.2
2026-06-12 11:05:00,3.12,219.5,58.1,1445.7,311.1
2026-06-12 11:10:00,3.59,219.4,60.9,1423.8,361.5
2026-06-12 11:15:00,3.09,215.5,58.4,1473.4,328.8
2026-06-12 11:20:00,3.94,234.2,58.2,1454.6,301.4
2026-06-12 11:25:00,3.92,210.5,76.0,1451.8,344.3
2026-06-12 11:30:00,3.71,216.9,49.3,1460.7,355.2
2026-06-12 11:35:00,3.64,192.6,73.3,1411.9,316.2
2026-06-12 11:40:00,4.2,200.1,73.5,1424.3,333.4
2026-06-12 11:45:00,3.5,195.6,66.8,1449.5,317.4
2026-06-12 11:50:00,3.03,225.3,58.4,1430.9,371.1
2026-06-12 11:55:00,3.68,179.4,47.7,1429.7,329.2
2026-06-12 12:00:00,4.33,205.2,59.9,1437.9,322.0
2026-06-12 12:05:00,3.09,174.1,64.6,1413.7,338.7
2026-06-12 12:10:00,3.36,200.0,63.5,1432.6,334.8
2026-06-12 12:15:00,3.67,204.1,55.8,1452.5,357.2
2026-06-12 12:20:00,3.48,226.6,76.7,1454.3,370.4
2026-06-12 12:25:00,3.11,214.8,79.2,1457.6,370.6
2026-06-12 12:30:00,3.95,200.0,61.7,1453.1,330.5
2026-06-12 12:35:00,4.43,222.8,67.8,1448.6,347.6
2026-06-12 12:40:00,3.58,210.2,53.0,1444.9,377.2
2026-06-12 12:45:00,3.14,210.5,61.8,1443.9,378.2
2026-06-12 12:50:00,2.88,195.6,66.9,1427.7,318.1
2026-06-12 12:55:00,3.6,198.1,66.1,1422.2,354.8
2026-06-12 13:00:00,3.94,200.1,59.5,1427.7,350.6
2026-06-12 13:05:00,3.69,210.6,62.9,1435.2,363.2
2026-06-12 13:10:00,3.5,210.9,61.6,1430.3,371.1
2026-06-12 13:15:00,3.26,228.5,65.6,1449.9,314.0
2026-06-12 13:20:00,3.06,214.6,69.1,1444.0,322.7
2026-06-12 13:25:00,3.83,177.5,44.4,1438.1,362.7
2026-06-12 13:30:00,3.87,213.2,64.9,1445.9,343.7
2026-06-12 13:35:00,2.88,192.6,65.2,1454.5,284.3
2026-06-12 13:40:00,4.14,198.4,58.7,1437.6,298.3
2026-06-12 13:45:00,3.73,200.3,59.7,1453.2,356.6
2026-06-12 13:50:00,4.06,202.0,60.2,1446.2,361.0
2026-06-12 13:55:00,2.96,193.5,58.7,1453.6,306.3
2026-06-12 14:00:00,2.95,212.4,65.4,1464.7,367.5
2026-06-12 14:05:00,3.44,193.1,63.5,1445.3,335.1
2026-06-12 14:10:00,3.7,214.3,48.8,1442.4,314.4
2026-06-12 14:15:00,4.22,236.8,74.2,1446.8,326.0
2026-06-12 14:20:00,3.78,194.0,60.3,1429.8,309.4
2026-06-12 14:25:00,3.4,206.6,80.0,1431.8,324.6
2026-06-12 14:30:00,3.09,179.7,50.9,1447.5,293.3
2026-06-12 14:35:00,3.99,206.4,57.5,1424.8,338.2
2026-06-12 14:40:00,3.11,217.7,64.5,1465.8,354.7
2026-06-12 14:45:00,4.15,218.6,69.6,1439.5,306.3
2026-06-12 14:50:00,3.39,210.9,49.5,1483.1,340.4
2026-06-12 14:55:00,4.14,220.7,60.0,1431.7,319.9
2026-06-12 15:00:00,3.77,240.6,74.3,1449.9,356.7
2026-06-12 15:05:00,3.45,230.5,60.5,1438.8,282.1
2026-06-12 15:10:00,3.29,203.7,75.0,1426.8,357.8
2026-06-12 15:15:00,3.36,192.6,58.8,1452.5,294.6
2026-06-12 15:20:00,3.67,205.1,57.1,1422.4,334.8
2026-06-12 15:25:00,3.53,198.6,68.2,1427.6,322.3
2026-06-12 15:30:00,3.26,215.4,78.7,1449.9,331.0
2026-06-12 15:35:00,3.43,195.8,66.2,1448.3,301.8
2026-06-12 15:40:00,3.53,209.1,75.0,1418.9,381.5
2026-06-12 15:45:00,2.65,220.1,79.9,1450.7,307.8
2026-06-12 15:50:00,3.68,208.8,57.4,1441.7,309.8
2026-06-12 15:55:00,3.11,198.6,70.8,1424.0,384.9
2026-06-12 16:00:00,3.04,224.1,54.9,1431.0,348.1
2026-06-12 16:05:00,2.83,187.5,65.0,1405.0,308.6
2026-06-12 16:10:00,2.78,206.1,63.8,1465.0,336.8
2026-06-12 16:15:00,2.96,209.5,74.9,1455.1,334.1
2026-06-12 16:20:00,3.22,210.2,74.4,1420.7,297.8
2026-06-12 16:25:00,4.28,212.2,69.9,1452.4,321.0
2026-06-12 16:30:00,3.29,217.3,68.5,1432.9,339.3
2026-06-12 16:35:00,3.57,209.6,69.0,1453.6,371.7
2026-06-12 16:40:00,3.66,205.6,64.8,1431.7,335.3
2026-06-12 16:45:00,3.55,205.1,63.8,1433.6,337.2
2026-06-12 16:50:00,3.47,202.7,75.4,1434.2,319.6
2026-06-12 16:55:00,3.02,219.5,78.9,1432.0,367.4
2026-06-12 17:00:00,4.08,202.2,62.7,1459.4,362.6
2026-06-12 17:05:00,4.22,220.2,68.4,1455.5,359.7
2026-06-12 17:10:00,2.83,210.2,65.7,1441.7,342.8
2026-06-12 17:15:00,3.09,203.7,51.2,1454.1,300.0
2026-06-12 17:20:00,3.39,217.4,63.4,1417.1,367.2
2026-06-12 17:25:00,3.11,201.3,76.5,1419.8,341.4
2026-06-12 17:30:00,3.7,217.7,60.2,1448.6,332.3
2026-06-12 17:35:00,3.21,212.6,82.3,1451.5,351.2
2026-06-12 17:40:00,4.37,202.8,73.3,1442.8,345.6
2026-06-12 17:45:00,3.98,216.3,69.2,1413.0,313.3
2026-06-12 17:50:00,3.59,216.6,70.5,1425.4,332.0
2026-06-12 17:55:00,3.91,223.9,59.7,1449.0,292.4
2026-06-12 18:00:00,3.94,221.6,64.6,1478.7,342.2
2026-06-12 18:05:00,3.27,215.9,77.4,1459.4,373.3
2026-06-12 18:10:00,3.17,196.5,58.1,1461.0,295.1
2026-06-12 18:15:00,3.53,239.4,77.9,1451.0,343.2
2026-06-12 18:20:00,3.84,193.2,51.5,1441.6,356.7
2026-06-12 18:25:00,3.56,221.4,57.1,1426.8,360.4
2026-06-12 18:30:00,2.87,215.2,81.0,1455.3,321.3
2026-06-12 18:35:00,3.18,195.9,62.8,1436.1,312.4
2026-06-12 18:40:00,3.47,208.5,60.5,1450.1,325.3
2026-06-12 18:45:00,3.47,209.1,75.8,1440.3,369.8
2026-06-12 18:50:00,4.29,225.7,77.3,1447.3,297.3
2026-06-12 18:55:00,2.95,201.4,71.1,1437.0,309.6
2026-06-12 19:00:00,3.7,206.9,60.0,1442.7,328.5
2026-06-12 19:05:00,4.1,182.0,58.5,1449.4,315.6
2026-06-12 19:10:00,4.41,230.8,70.6,1425.2,339.0
2026-06-12 19:15:00,3.34,197.2,68.6,1415.0,375.4
2026-06-12 19:20:00,3.7,213.9,61.5,1447.2,309.9
2026-06-12 19:25:00,3.73,208.8,66.2,1461.4,336.3
2026-06-12 19:30:00,3.58,208.8,67.0,1465.2,339.8
2026-06-12 19:35:00,3.46,219.7,76.8,1423.6,331.6
2026-06-12 19:40:00,3.67,230.1,74.0,1438.0,300.5
2026-06-12 19:45:00,2.5,213.0,53.4,1418.4,324.1
2026-06-12 19:50:00,3.77,217.9,64.5,1433.3,324.1
2026-06-12 19:55:00,3.55,213.9,58.2,1457.6,355.8
2026-06-12 20:00:00,3.41,222.2,71.4,1442.2,350.5
2026-06-12 20:05:00,4.32,204.4,71.6,1433.3,301.2
2026-06-12 20:10:00,3.23,222.9,67.7,1450.8,330.3
2026-06-12 20:15:00,3.34,223.3,64.9,1430.7,327.5
2026-06-12 20:20:00,4.3,223.0,67.5,1466.5,388.9
2026-06-12 20:25:00,3.17,202.1,65.5,1438.5,347.3
2026-06-12 20:30:00,3.28,208.0,59.6,1433.6,313.1
2026-06-12 20:35:00,3.44,212.9,55.7,1449.4,320.6
2026-06-12 20:40:00,3.84,193.5,46.1,1450.8,330.5
2026-06-12 20:45:00,3.58,229.1,78.0,1467.8,349.1
2026-06-12 20:50:00,2.98,209.9,68.9,1436.8,352.1
2026-06-12 20:55:00,3.29,213.4,68.4,1457.0,345.0
2026-06-12 21:00:00,3.26,203.1,74.1,1440.1,334.8
2026-06-12 21:05:00,3.47,194.1,52.6,1427.6,336.6
2026-06-12 21:10:00,3.67,202.8,50.0,1426.9,336.8
2026-06-12 21:15:00,3.67,212.6,68.5,1424.1,295.4
2026-06-12 21:20:00,2.79,218.1,68.6,1430.5,338.5
2026-06-12 21:25:00,3.93,211.9,51.4,1457.1,325.6
2026-06-12 21:30:00,3.6,214.2,68.5,1451.4,298.7
2026-06-12 21:35:00,4.05,206.0,61.2,1420.6,400.4
2026-06-12 21:40:00,3.68,216.0,59.4,1415.0,347.8
2026-06-12 21:45:00,3.94,227.8,65.0,1426.9,340.3
2026-06-12 21:50:00,3.69,218.5,46.7,1430.0,330.7
2026-06-12 21:55:00,4.04,219.7,61.7,1437.4,358.3
2026-06-12 22:00:00,3.71,213.5,59.9,1458.3,310.9
2026-06-12 22:05:00,3.46,192.0,66.8,1428.2,332.2
2026-06-12 22:10:00,4.41,197.5,61.9,1462.7,316.2
2026-06-12 22:15:00,3.86,215.5,70.9,1415.9,358.0
2026-06-12 22:20:00,3.73,209.9,44.6,1434.7,319.3
2026-06-12 22:25:00,2.99,215.3,59.1,1452.8,367.5
2026-06-12 22:30:00,2.98,230.1,72.5,1456.7,337.5
2026-06-12 22:35:00,3.62,218.7,63.8,1436.7,359.4
2026-06-12 22:40:00,3.56,225.1,74.0,1458.0,350.0
2026-06-12 22:45:00,3.25,211.1,50.7,1452.4,366.5
2026-06-12 22:50:00,3.56,200.3,69.4,1427.8,316.6
2026-06-12 22:55:00,4.14,209.3,59.8,1444.6,362.6
2026-06-12 23:00:00,3.78,200.3,57.7,1448.6,293.4
2026-06-12 23:05:00,3.04,228.7,75.7,1434.6,341.1
2026-06-12 23:10:00,3.46,219.5,75.7,1467.3,326.4
2026-06-12 23:15:00,3.18,216.2,74.2,1428.7,304.9
2026-06-12 23:20:00,3.34,224.8,83.5,1445.1,317.7
2026-06-12 23:25:00,3.33,185.8,71.5,1416.4,324.0
2026-06-12 23:30:00,3.31,217.1,59.7,1443.0,335.1
2026-06-12 23:35:00,3.0,194.3,63.8,1420.8,326.9
2026-06-12 23:40:00,3.45,209.9,62.1,1435.6,342.0
2026-06-12 23:45:00,3.28,206.3,80.7,1415.5,319.2
2026-06-12 23:50:00,2.5,217.9,75.0,1453.6,328.1
2026-06-12 23:55:00,4.32,212.7,63.9,1445.9,332.8
2026-06-13 00:00:00,3.94,226.1,74.4,1459.5,344.6
2026-06-13 00:05:00,3.35,202.8,54.1,1433.3,361.2
2026-06-13 00:10:00,3.51,218.5,68.3,1458.7,361.3
2026-06-13 00:15:00,3.03,211.9,57.8,1441.0,345.9
2026-06-13 00:20:00,4.18,190.4,48.5,1437.8,350.8
2026-06-13 00:25:00,4.26,199.0,69.6,1469.5,347.8
2026-06-13 00:30:00,3.56,208.2,72.0,1432.4,332.1
2026-06-13 00:35:00,3.91,223.3,70.7,1461.1,362.5
2026-06-13 00:40:00,3.57,215.6,64.4,1448.3,317.1
2026-06-13 00:45:00,2.97,196.0,52.8,1428.6,288.8
2026-06-13 00:50:00,3.34,208.3,55.5,1419.9,314.0
2026-06-13 00:55:00,3.55,234.2,60.9,1429.3,375.1
2026-06-13 01:00:00,3.32,211.3,63.3,1457.2,332.6
2026-06-13 01:05:00,3.41,206.1,73.0,1465.2,346.9
2026-06-13 01:10:00,3.46,215.9,74.4,1442.6,333.2
2026-06-13 01:15:00,3.47,219.2,53.2,1444.0,354.0
2026-06-13 01:20:00,3.52,204.5,58.6,1450.6,341.8
2026-06-13 01:25:00,3.08,216.0,60.1,1442.3,338.3
2026-06-13 01:30:00,3.21,206.1,44.2,1455.7,355.3
2026-06-13 01:35:00,2.99,218.6,70.8,1446.1,328.4
2026-06-13 01:40:00,3.89,212.0,63.3,1442.4,349.3
2026-06-13 01:45:00,2.66,215.8,65.0,1430.7,335.6
2026-06-13 01:50:00,3.96,200.9,74.4,1424.0,337.3
2026-06-13 01:55:00,4.05,200.1,64.2,1390.6,319.5
2026-06-13 02:00:00,3.38,221.3,63.3,1460.8,334.6
2026-06-13 02:05:00,2.5,209.0,69.4,1437.6,326.5
2026-06-13 02:10:00,3.36,213.4,74.0,1434.7,368.2
2026-06-13 02:15:00,3.47,206.3,66.8,1410.0,297.9
2026-06-13 02:20:00,3.1,220.8,72.1,1432.6,362.2
2026-06-13 02:25:00,3.29,202.7,62.7,1427.0,296.4
2026-06-13 02:30:00,4.11,208.4,64.1,1427.8,353.4
2026-06-13 02:35:00,3.77,219.4,67.3,1446.9,319.1
2026-06-13 02:40:00,3.13,224.1,61.1,1444.6,354.2
2026-06-13 02:45:00,2.86,203.7,59.5,1418.3,337.0
2026-06-13 02:50:00,3.37,233.5,79.6,1425.2,304.2
2026-06-13 02:55:00,3.41,213.8,81.6,1421.3,374.0
2026-06-13 03:00:00,3.7,197.5,75.9,1464.7,359.4
2026-06-13 03:05:00,3.29,214.4,55.1,1463.3,352.6
2026-06-13 03:10:00,3.7,205.4,53.0,1426.3,324.0
2026-06-13 03:15:00,4.27,215.2,56.3,1411.4,360.3
2026-06-13 03:20:00,3.83,209.5,66.0,1441.8,307.9
2026-06-13 03:25:00,3.48,210.9,42.7,1440.9,284.3
2026-06-13 03:30:00,3.43,199.1,58.6,1442.6,300.9
2026-06-13 03:35:00,3.36,221.9,78.0,1453.5,317.0
2026-06-13 03:40:00,3.97,196.1,70.8,1444.0,321.1
2026-06-13 03:45:00,3.25,196.7,58.9,1420.6,329.1
2026-06-13 03:50:00,3.52,214.4,62.2,1445.3,330.2
2026-06-13 03:55:00,3.52,229.2,72.4,1456.7,323.8
2026-06-13 04:00:00,3.3,205.8,71.8,1428.3,287.1
2026-06-13 04:05:00,2.95,218.4,62.0,1446.2,344.8
2026-06-13 04:10:00,3.63,222.9,65.1,1434.3,333.4
2026-06-13 04:15:00,3.48,219.8,61.9,1471.9,322.6
2026-06-13 04:20:00,3.7,206.3,53.8,1419.4,375.0
2026-06-13 04:25:00,3.29,196.9,61.3,1454.7,333.9
2026-06-13 04:30:00,3.99,183.5,58.7,1409.6,341.5
2026-06-13 04:35:00,3.15,206.8,54.4,1466.3,359.9
2026-06-13 04:40:00,4.18,224.1,72.3,1425.7,302.8
2026-06-13 04:45:00,2.8,196.5,66.8,1440.1,339.4
2026-06-13 04:50:00,3.67,218.4,71.8,1417.2,359.8
2026-06-13 04:55:00,3.69,198.6,57.1,1417.5,337.7
2026-06-13 05:00:00,3.18,211.3,49.3,1453.7,307.4
2026-06-13 05:05:00,3.67,218.5,70.0,1457.1,327.9
2026-06-13 05:10:00,4.01,202.1,58.5,1442.0,344.7
2026-06-13 05:15:00,2.61,212.0,58.2,1451.5,287.3
2026-06-13 05:20:00,3.7,205.0,54.2,1454.7,306.2
2026-06-13 05:25:00,2.5,218.5,64.1,1431.4,389.3
2026-06-13 05:30:00,3.11,212.8,78.0,1419.6,352.1
2026-06-13 05:35:00,4.15,210.7,61.1,1439.9,377.1
2026-06-13 05:40:00,3.27,228.7,59.1,1435.1,361.7
2026-06-13 05:45:00,3.03,217.9,71.4,1447.4,349.8
2026-06-13 05:50:00,3.42,201.7,65.1,1446.6,332.3
2026-06-13 05:55:00,4.33,209.0,47.9,1429.6,349.5
2026-06-13 06:00:00,2.77,209.1,70.2,1450.4,376.2
2026-06-13 06:05:00,3.08,211.0,82.2,1450.0,360.6
2026-06-13 06:10:00,4.1,240.3,48.7,1456.9,344.2
2026-06-13 06:15:00,4.24,214.5,55.8,1434.8,335.7
2026-06-13 06:20:00,3.46,185.6,40.0,1446.8,352.5
2026-06-13 06:25:00,3.0,203.5,63.4,1446.5,326.7
2026-06-13 06:30:00,4.34,186.8,69.4,1445.0,352.5
2026-06-13 06:35:00,4.14,206.0,65.3,1464.4,322.6
2026-06-13 06:40:00,3.77,186.2,72.6,1440.1,331.2
2026-06-13 06:45:00,3.18,199.5,70.1,1428.8,314.3
2026-06-13 06:50:00,3.48,191.8,75.9,1419.7,329.0
2026-06-13 06:55:00,3.44,214.6,75.0,1457.8,322.9
2026-06-13 07:00:00,3.63,210.0,61.8,1445.4,382.3
2026-06-13 07:05:00,4.08,213.6,66.1,1465.8,317.6
2026-06-13 07:10:00,3.85,208.7,57.9,1409.3,349.6
2026-06-13 07:15:00,3.07,193.3,60.6,1450.3,316.3
2026-06-13 07:20:00,4.05,216.2,66.4,1437.3,341.2
2026-06-13 07:25:00,3.63,233.1,67.8,1439.3,347.2
2026-06-13 07:30:00,3.77,214.9,76.5,1429.5,293.7
2026-06-13 07:35:00,4.09,204.9,61.6,1452.5,305.1
2026-06-13 07:40:00,3.06,192.9,55.0,1445.8,316.1
2026-06-13 07:45:00,3.49,199.1,56.4,1420.7,307.4
2026-06-13 07:50:00,3.29,215.4,71.1,1443.6,342.1
2026-06-13 07:55:00,2.87,222.9,55.7,1453.2,346.1
2026-06-13 08:00:00,3.64,213.1,63.9,1443.3,313.4
2026-06-13 08:05:00,4.5,219.6,77.1,1458.5,343.1
2026-06-13 08:10:00,2.76,218.5,68.6,1437.3,329.4
2026-06-13 08:15:00,3.49,216.1,65.3,1407.4,337.5
2026-06-13 08:20:00,3.76,202.1,63.5,1441.2,324.3
2026-06-13 08:25:00,3.55,212.1,57.1,1443.1,352.2
2026-06-13 08:30:00,3.45,199.8,56.6,1442.6,380.9
2026-06-13 08:35:00,2.98,210.2,63.5,1456.6,359.4
2026-06-13 08:40:00,3.59,214.0,67.8,1411.5,374.8
2026-06-13 08:45:00,3.2,230.1,75.6,1440.5,304.9
2026-06-13 08:50:00,2.62,194.3,63.4,1423.0,323.1
2026-06-13 08:55:00,3.98,215.8,76.7,1423.0,354.1
2026-06-13 09:00:00,3.88,227.8,80.5,1442.5,377.7
2026-06-13 09:05:00,3.52,219.1,72.7,1452.3,356.3
2026-06-13 09:10:00,3.59,220.0,76.3,1446.5,314.3
2026-06-13 09:15:00,3.93,217.1,58.1,1431.1,329.1
2026-06-13 09:20:00,3.59,225.6,58.1,1440.9,348.3
2026-06-13 09:25:00,3.86,197.0,67.2,1451.3,335.9
2026-06-13 09:30:00,3.38,193.4,51.8,1446.9,320.0
2026-06-13 09:35:00,4.02,209.9,62.7,1431.7,332.7
2026-06-13 09:40:00,3.63,184.1,67.3,1425.6,339.6
2026-06-13 09:45:00,3.58,224.8,78.5,1417.2,312.9
2026-06-13 09:50:00,2.99,224.6,65.2,1436.5,364.6
2026-06-13 09:55:00,3.61,204.8,59.0,1412.9,329.0
2026-06-13 10:00:00,3.17,205.6,66.9,1470.1,338.2
2026-06-13 10:05:00,3.24,209.1,56.3,1427.0,365.9
2026-06-13 10:10:00,3.17,210.6,63.7,1456.8,336.9
2026-06-13 10:15:00,3.07,211.5,65.2,1467.6,364.5
2026-06-13 10:20:00,4.35,216.7,65.8,1444.6,314.3
2026-06-13 10:25:00,4.03,207.9,65.4,1438.1,350.8
2026-06-13 10:30:00,4.27,221.3,60.0,1422.4,361.0
2026-06-13 10:35:00,3.01,215.4,60.0,1433.5,319.3
2026-06-13 10:40:00,3.53,202.7,57.9,1462.6,335.5
2026-06-13 10:45:00,2.98,226.0,54.4,1448.5,336.1
2026-06-13 10:50:00,3.22,193.7,65.3,1437.2,345.2
2026-06-13 10:55:00,3.13,208.9,72.0,1459.5,351.9
2026-06-13 11:00:00,4.0,221.6,73.1,1452.8,317.2
2026-06-13 11:05:00,3.34,201.3,61.6,1436.0,338.5
2026-06-13 11:10:00,3.93,213.7,59.1,1444.0,379.8
2026-06-13 11:15:00,3.74,216.5,71.9,1429.8,366.3
2026-06-13 11:20:00,4.42,199.7,68.6,1429.5,359.8
2026-06-13 11:25:00,2.91,209.1,66.6,1436.7,335.2
2026-06-13 11:30:00,4.0,208.1,78.7,1448.0,393.2
2026-06-13 11:35:00,3.96,203.4,63.8,1420.0,365.7
2026-06-13 11:40:00,3.11,237.6,67.1,1446.7,340.9
2026-06-13 11:45:00,3.9,200.8,60.4,1432.3,345.5
2026-06-13 11:50:00,3.63,222.1,54.3,1428.9,328.5
2026-06-13 11:55:00,3.41,205.3,69.6,1433.3,349.8
2026-06-13 12:00:00,3.17,197.0,62.2,1402.6,354.8
2026-06-13 12:05:00,3.21,211.2,69.3,1428.9,357.6
2026-06-13 12:10:00,4.32,217.8,80.9,1425.1,335.5
2026-06-13 12:15:00,3.5,221.0,63.5,1438.0,303.2
2026-06-13 12:20:00,3.81,228.7,49.1,1409.6,346.0
2026-06-13 12:25:00,3.18,245.3,74.2,1449.9,357.7
2026-06-13 12:30:00,3.19,213.0,66.8,1454.2,315.5
2026-06-13 12:35:00,3.93,202.0,57.9,1436.6,337.7
2026-06-13 12:40:00,2.96,215.4,69.0,1448.6,373.5
2026-06-13 12:45:00,3.33,206.8,70.8,1431.7,309.9
2026-06-13 12:50:00,3.51,221.1,59.1,1418.9,332.9
2026-06-13 12:55:00,3.54,194.4,60.3,1436.9,377.2
2026-06-13 13:00:00,3.43,238.4,81.1,1455.9,343.9
2026-06-13 13:05:00,3.66,220.3,60.8,1422.2,326.8
2026-06-13 13:10:00,3.78,189.8,62.5,1429.0,339.8
2026-06-13 13:15:00,3.79,201.5,42.7,1434.6,360.6
2026-06-13 13:20:00,3.11,219.8,54.6,1484.7,334.9
2026-06-13 13:25:00,3.39,224.1,68.4,1446.2,354.9
2026-06-13 13:30:00,3.98,194.7,72.5,1408.4,345.9
2026-06-13 13:35:00,3.86,218.6,55.4,1409.4,347.9
2026-06-13 13:40:00,2.95,186.6,62.1,1446.3,356.5
2026-06-13 13:45:00,3.64,208.9,61.8,1477.1,332.6
2026-06-13 13:50:00,2.71,223.3,74.6,1438.5,316.4
2026-06-13 13:55:00,3.52,203.4,54.3,1433.6,351.9
2026-06-13 14:00:00,4.26,191.9,65.7,1442.8,336.7
2026-06-13 14:05:00,3.12,211.8,60.0,1428.4,328.8
2026-06-13 14:10:00,3.17,202.7,65.7,1400.4,353.2
2026-06-13 14:15:00,3.81,217.6,66.7,1457.1,371.9
2026-06-13 14:20:00,2.88,199.4,61.4,1428.7,336.1
2026-06-13 14:25:00,3.25,200.7,67.4,1453.9,340.2
2026-06-13 14:30:00,3.74,185.7,61.7,1423.7,310.5
2026-06-13 14:35:00,3.25,212.0,64.2,1442.2,334.4
2026-06-13 14:40:00,3.41,208.1,61.9,1452.4,345.5
2026-06-13 14:45:00,3.8,195.7,63.5,1453.2,339.5
2026-06-13 14:50:00,3.67,212.3,67.1,1444.0,330.9
2026-06-13 14:55:00,3.61,222.3,58.9,1445.2,358.1
2026-06-13 15:00:00,3.36,207.4,61.8,1448.8,341.5
2026-06-13 15:05:00,3.65,213.2,57.0,1447.6,404.7
2026-06-13 15:10:00,3.45,213.3,65.2,1421.3,345.2
2026-06-13 15:15:00,3.68,195.5,58.1,1418.0,280.0
2026-06-13 15:20:00,3.3,234.7,74.9,1413.3,312.2
2026-06-13 15:25:00,3.43,204.3,69.5,1450.4,353.3
2026-06-13 15:30:00,3.1,217.9,58.8,1435.6,323.9
2026-06-13 15:35:00,3.49,219.2,66.4,1454.1,325.5
2026-06-13 15:40:00,3.18,208.3,69.9,1445.7,309.0
2026-06-13 15:45:00,3.05,217.3,64.7,1426.4,328.1
2026-06-13 15:50:00,3.6,212.9,59.6,1438.8,344.8
2026-06-13 15:55:00,3.59,193.0,53.7,1429.8,349.6
2026-06-13 16:00:00,3.81,206.0,71.2,1430.1,314.5
2026-06-13 16:05:00,3.33,202.6,71.1,1452.3,360.1
2026-06-13 16:10:00,3.66,204.5,62.5,1476.6,310.2
2026-06-13 16:15:00,3.72,194.4,68.8,1453.6,350.9
2026-06-13 16:20:00,3.68,223.5,43.3,1442.3,348.4
2026-06-13 16:25:00,3.17,229.2,78.5,1462.7,316.6
2026-06-13 16:30:00,3.56,221.7,65.5,1468.0,313.7
2026-06-13 16:35:00,3.65,225.2,68.4,1422.2,349.6
2026-06-13 16:40:00,3.5,205.9,61.8,1457.5,326.0
2026-06-13 16:45:00,2.67,202.4,75.0,1450.0,335.2
2026-06-13 16:50:00,3.56,200.7,55.1,1456.0,357.2
2026-06-13 16:55:00,4.39,217.7,78.0,1453.7,352.0
2026-06-13 17:00:00,3.36,212.7,68.6,1437.1,317.1
2026-06-13 17:05:00,3.21,209.1,69.8,1470.3,338.7
2026-06-13 17:10:00,3.65,225.5,64.7,1448.2,316.6
2026-06-13 17:15:00,3.62,214.9,55.3,1434.5,361.7
2026-06-13 17:20:00,3.98,199.9,70.9,1445.6,378.4
2026-06-13 17:25:00,3.0,201.8,66.3,1453.0,318.9
2026-06-13 17:30:00,3.79,218.2,77.1,1443.1,339.2
2026-06-13 17:35:00,3.74,222.5,65.3,1448.4,362.9
2026-06-13 17:40:00,3.44,216.6,62.6,1442.6,340.6
2026-06-13 17:45:00,3.64,232.8,79.5,1434.7,354.0
2026-06-13 17:50:00,3.91,229.6,83.2,1431.6,341.3
2026-06-13 17:55:00,3.85,215.3,65.9,1420.0,313.6
2026-06-13 18:00:00,3.04,199.9,57.5,1460.8,343.0
2026-06-13 18:05:00,3.83,194.3,69.1,1433.5,368.2
2026-06-13 18:10:00,3.47,205.4,62.3,1387.7,347.9
2026-06-13 18:15:00,3.53,219.0,71.1,1447.8,380.6
2026-06-13 18:20:00,3.53,231.9,66.2,1450.0,295.7
2026-06-13 18:25:00,3.44,215.0,78.3,1413.0,349.5
2026-06-13 18:30:00,3.98,224.0,61.5,1430.3,323.8
2026-06-13 18:35:00,3.47,207.1,68.4,1426.3,318.1
2026-06-13 18:40:00,3.05,217.5,62.2,1430.4,373.4
2026-06-13 18:45:00,3.34,219.9,64.2,1460.2,333.6
2026-06-13 18:50:00,3.57,186.2,58.1,1433.0,331.2
2026-06-13 18:55:00,3.99,205.0,70.2,1432.6,348.6
2026-06-13 19:00:00,3.74,221.4,74.1,1459.1,286.2
2026-06-13 19:05:00,3.16,213.3,70.0,1448.1,373.9
2026-06-13 19:10:00,4.49,195.6,62.0,1411.0,387.6
2026-06-13 19:15:00,3.61,180.8,61.7,1424.9,362.9
2026-06-13 19:20:00,4.01,205.6,71.5,1444.0,350.3
2026-06-13 19:25:00,3.44,209.1,72.3,1425.8,334.6
2026-06-13 19:30:00,3.71,199.4,41.9,1468.3,313.1
2026-06-13 19:35:00,3.84,211.7,63.1,1442.0,369.9
2026-06-13 19:40:00,3.99,216.1,64.1,1429.9,362.9
2026-06-13 19:45:00,3.92,218.0,71.6,1424.8,351.3
2026-06-13 19:50:00,3.85,181.7,60.2,1448.3,348.3
2026-06-13 19:55:00,3.37,194.2,68.4,1427.1,347.5
2026-06-13 20:00:00,3.27,206.3,55.8,1445.0,326.9
2026-06-13 20:05:00,3.63,216.9,68.1,1424.1,402.5
2026-06-13 20:10:00,3.87,215.9,73.1,1442.2,332.9
2026-06-13 20:15:00,3.41,215.7,54.1,1431.6,329.3
2026-06-13 20:20:00,3.93,205.4,84.4,1434.3,368.0
2026-06-13 20:25:00,4.08,206.1,73.9,1427.3,339.3
2026-06-13 20:30:00,3.13,201.3,63.7,1453.6,339.5
2026-06-13 20:35:00,3.17,219.2,59.8,1434.5,375.4
2026-06-13 20:40:00,3.44,199.0,61.9,1435.6,357.0
2026-06-13 20:45:00,3.62,220.2,67.2,1440.6,358.2
2026-06-13 20:50:00,3.29,212.5,68.9,1464.7,304.6
2026-06-13 20:55:00,4.04,209.5,76.9,1453.2,350.0
2026-06-13 21:00:00,3.67,202.1,60.0,1450.3,314.9
2026-06-13 21:05:00,3.52,193.7,67.1,1413.1,328.6
2026-06-13 21:10:00,2.93,202.2,53.5,1428.6,344.4
2026-06-13 21:15:00,2.97,206.0,61.1,1457.0,339.1
2026-06-13 21:20:00,3.61,181.6,63.7,1416.8,356.4
2026-06-13 21:25:00,2.65,207.6,70.2,1440.8,359.3
2026-06-13 21:30:00,3.91,221.1,60.6,1426.2,361.1
2026-06-13 21:35:00,3.44,216.8,62.5,1426.9,306.4
2026-06-13 21:40:00,4.5,204.0,75.8,1464.0,399.1
2026-06-13 21:45:00,4.42,210.6,74.4,1450.9,339.4
2026-06-13 21:50:00,3.43,203.3,65.7,1453.4,370.3
2026-06-13 21:55:00,3.46,211.8,47.4,1452.1,280.0
2026-06-13 22:00:00,3.9,228.5,87.9,1441.6,333.4
2026-06-13 22:05:00,4.18,221.6,66.6,1432.0,303.5
2026-06-13 22:10:00,2.84,216.2,63.4,1435.2,318.5
2026-06-13 22:15:00,2.79,204.1,59.9,1435.9,341.3
2026-06-13 22:20:00,3.25,219.0,69.4,1468.4,331.6
2026-06-13 22:25:00,3.73,189.8,65.1,1415.9,372.9
2026-06-13 22:30:00,3.7,207.0,72.2,1431.1,384.2
2026-06-13 22:35:00,3.93,217.0,58.6,1427.7,315.8
2026-06-13 22:40:00,3.02,218.9,63.8,1457.6,327.8
2026-06-13 22:45:00,2.57,218.0,82.5,1469.4,314.2
2026-06-13 22:50:00,3.84,213.5,67.3,1445.3,368.9
2026-06-13 22:55:00,3.17,207.7,63.3,1445.4,344.0
2026-06-13 23:00:00,2.69,216.5,58.4,1442.7,340.8
2026-06-13 23:05:00,3.56,198.6,67.3,1444.3,347.8
2026-06-13 23:10:00,3.82,199.9,71.7,1449.6,332.2
2026-06-13 23:15:00,3.45,210.7,72.1,1446.5,318.6
2026-06-13 23:20:00,3.32,212.1,63.2,1447.9,341.3
2026-06-13 23:25:00,3.44,188.1,64.6,1447.2,333.3
2026-06-13 23:30:00,3.35,215.5,79.2,1414.4,348.7
2026-06-13 23:35:00,2.96,219.3,75.0,1441.9,299.2
2026-06-13 23:40:00,3.21,209.1,58.6,1444.4,344.7
2026-06-13 23:45:00,3.71,238.5,48.9,1451.9,322.8
2026-06-13 23:50:00,3.63,201.8,66.1,1435.8,343.8
2026-06-13 23:55:00,3.57,205.7,70.7,1441.5,362.6
2026-06-14 00:00:00,3.1,205.3,55.6,1428.3,326.1
2026-06-14 00:05:00,3.43,209.1,64.8,1413.2,369.9
2026-06-14 00:10:00,2.63,206.1,62.3,1454.0,296.5
2026-06-14 00:15:00,3.57,193.1,63.3,1419.6,378.6
2026-06-14 00:20:00,4.07,203.4,59.7,1436.3,371.0
2026-06-14 00:25:00,2.91,208.8,75.1,1428.5,317.8
2026-06-14 00:30:00,3.27,224.7,68.4,1466.8,318.0
2026-06-14 00:35:00,3.63,236.4,61.9,1444.1,302.6
2026-06-14 00:40:00,4.0,226.0,74.7,1438.5,363.0
2026-06-14 00:45:00,3.32,200.7,53.5,1449.4,331.7
2026-06-14 00:50:00,3.22,201.7,74.0,1470.7,329.9
2026-06-14 00:55:00,2.71,208.1,72.6,1445.7,311.9
2026-06-14 01:00:00,3.54,231.4,79.3,1438.6,385.3
2026-06-14 01:05:00,4.32,208.0,63.4,1450.1,315.7
2026-06-14 01:10:00,3.61,194.1,58.6,1413.2,340.6
2026-06-14 01:15:00,3.49,204.0,64.8,1439.5,345.4
2026-06-14 01:20:00,3.63,219.1,65.7,1471.7,330.0
2026-06-14 01:25:00,3.5,218.3,61.0,1444.0,325.0
2026-06-14 01:30:00,3.17,207.6,60.2,1441.1,330.8
2026-06-14 01:35:00,3.83,218.2,63.3,1441.9,354.1
2026-06-14 01:40:00,3.59,182.7,51.5,1428.6,331.3
2026-06-14 01:45:00,3.51,211.2,70.6,1445.0,380.6
2026-06-14 01:50:00,3.11,220.3,66.1,1453.7,320.6
2026-06-14 01:55:00,4.02,200.0,61.0,1433.0,358.9
2026-06-14 02:00:00,3.77,200.0,54.6,1400.6,296.1
2026-06-14 02:05:00,3.28,187.6,52.4,1442.5,320.6
2026-06-14 02:10:00,3.9,229.1,83.3,1475.8,319.6
2026-06-14 02:15:00,3.3,201.4,58.7,1432.6,312.4
2026-06-14 02:20:00,3.19,212.9,70.3,1418.5,347.1
2026-06-14 02:25:00,3.2,217.2,67.4,1451.6,337.2
2026-06-14 02:30:00,2.79,228.1,45.5,1469.8,283.0
2026-06-14 02:35:00,3.69,208.2,79.1,1447.6,389.9
2026-06-14 02:40:00,2.77,203.5,69.5,1464.6,344.4
2026-06-14 02:45:00,3.01,212.1,59.2,1452.3,340.0
2026-06-14 02:50:00,2.67,225.4,67.1,1453.7,372.8
2026-06-14 02:55:00,3.47,208.0,55.5,1431.8,364.7
2026-06-14 03:00:00,3.44,198.5,77.9,1442.0,332.5
2026-06-14 03:05:00,3.37,191.5,55.0,1435.9,291.2
2026-06-14 03:10:00,3.08,195.3,58.6,1436.1,354.1
2026-06-14 03:15:00,3.03,220.4,60.7,1438.3,315.9
2026-06-14 03:20:00,3.69,206.2,65.1,1442.6,371.0
2026-06-14 03:25:00,3.28,202.7,74.9,1419.1,320.6
2026-06-14 03:30:00,3.63,201.4,78.0,1450.5,328.7
2026-06-14 03:35:00,3.15,211.0,62.0,1427.0,306.4
2026-06-14 03:40:00,3.57,207.1,67.6,1435.7,308.4
2026-06-14 03:45:00,4.02,206.7,65.2,1444.3,337.3
2026-06-14 03:50:00,3.73,226.2,59.6,1429.3,334.9
2026-06-14 03:55:00,3.34,228.5,87.1,1414.2,328.1
2026-06-14 04:00:00,3.6,190.7,73.0,1430.4,391.3
2026-06-14 04:05:00,3.4,213.9,67.1,1419.3,355.1
2026-06-14 04:10:00,3.5,200.7,76.3,1448.8,340.3
2026-06-14 04:15:00,3.37,207.0,74.3,1422.1,280.0
2026-06-14 04:20:00,3.43,213.7,66.2,1463.0,360.6
2026-06-14 04:25:00,3.58,207.4,67.2,1439.4,414.9
2026-06-14 04:30:00,3.1,212.8,77.5,1441.4,335.3
2026-06-14 04:35:00,3.09,218.1,58.6,1411.9,319.7
2026-06-14 04:40:00,2.94,213.5,78.9,1442.9,344.1
2026-06-14 04:45:00,2.86,202.2,62.0,1437.2,304.2
2026-06-14 04:50:00,3.01,202.4,76.1,1419.0,351.6
2026-06-14 04:55:00,3.56,192.7,62.4,1437.9,377.5
2026-06-14 05:00:00,3.14,199.8,66.2,1432.0,323.2
2026-06-14 05:05:00,3.71,233.5,68.3,1441.5,324.0
2026-06-14 05:10:00,3.51,200.5,59.3,1438.5,338.0
2026-06-14 05:15:00,2.71,195.7,60.7,1430.1,327.5
2026-06-14 05:20:00,3.76,213.8,76.6,1444.5,302.2
2026-06-14 05:25:00,3.82,208.7,46.3,1438.4,330.4
2026-06-14 05:30:00,3.1,207.7,54.7,1446.6,325.3
2026-06-14 05:35:00,3.67,226.9,61.7,1435.5,374.2
2026-06-14 05:40:00,3.16,216.6,57.4,1425.3,368.9
2026-06-14 05:45:00,3.54,203.6,76.1,1428.1,374.9
2026-06-14 05:50:00,2.99,204.9,74.3,1460.6,360.0
2026-06-14 05:55:00,2.78,204.0,68.8,1453.1,345.1
2026-06-14 06:00:00,3.35,220.5,61.5,1460.3,318.1
2026-06-14 06:05:00,3.45,206.3,75.1,1458.5,373.2
2026-06-14 06:10:00,3.34,188.5,49.1,1428.7,348.7
2026-06-14 06:15:00,3.03,209.4,82.0,1444.3,308.8
2026-06-14 06:20:00,3.34,191.6,56.8,1437.4,317.2
2026-06-14 06:25:00,3.61,236.2,66.8,1455.1,308.4
2026-06-14 06:30:00,3.48,198.4,59.8,1433.3,288.7
2026-06-14 06:35:00,3.57,208.1,56.1,1441.0,349.7
2026-06-14 06:40:00,3.23,213.1,80.9,1441.7,309.1
2026-06-14 06:45:00,3.97,206.5,70.8,1447.3,321.1
2026-06-14 06:50:00,3.03,206.5,74.2,1449.1,341.0
2026-06-14 06:55:00,3.7,215.1,56.0,1442.4,335.3
2026-06-14 07:00:00,3.97,228.3,69.2,1445.5,322.2
2026-06-14 07:05:00,3.69,219.2,70.5,1445.2,378.0
2026-06-14 07:10:00,3.42,227.7,69.8,1468.2,301.8
2026-06-14 07:15:00,3.29,197.4,53.8,1411.5,302.9
2026-06-14 07:20:00,3.91,213.8,74.2,1426.2,351.4
2026-06-14 07:25:00,2.93,211.9,66.3,1450.5,324.3
2026-06-14 07:30:00,3.11,214.2,58.0,1444.9,323.4
2026-06-14 07:35:00,3.34,226.5,52.6,1447.2,313.0
2026-06-14 07:40:00,4.0,207.4,69.5,1449.5,348.5
2026-06-14 07:45:00,3.65,205.1,83.9,1442.2,345.6
2026-06-14 07:50:00,3.11,216.4,57.8,1432.9,343.0
2026-06-14 07:55:00,3.38,188.7,63.2,1445.2,325.4
2026-06-14 08:00:00,3.25,207.2,73.5,1439.7,321.2
2026-06-14 08:05:00,3.22,208.4,54.6,1433.0,335.9
2026-06-14 08:10:00,3.89,199.0,59.5,1448.1,364.2
2026-06-14 08:15:00,2.95,222.7,60.0,1452.3,379.2
2026-06-14 08:20:00,4.14,197.3,71.0,1440.7,367.8
2026-06-14 08:25:00,3.83,208.4,75.4,1465.4,352.6
2026-06-14 08:30:00,3.94,213.5,66.8,1460.6,364.6
2026-06-14 08:35:00,3.31,226.2,60.7,1458.3,310.5
2026-06-14 08:40:00,3.44,209.9,61.4,1478.5,322.2
2026-06-14 08:45:00,2.93,221.2,61.6,1440.0,353.1
2026-06-14 08:50:00,3.29,218.4,58.4,1434.7,337.0
2026-06-14 08:55:00,3.7,211.5,64.4,1453.2,348.4
2026-06-14 09:00:00,4.02,196.9,67.6,1433.6,364.5
2026-06-14 09:05:00,3.06,192.8,66.3,1436.7,360.6
2026-06-14 09:10:00,3.35,211.3,65.1,1425.5,312.7
2026-06-14 09:15:00,3.44,203.5,64.5,1447.8,340.3
2026-06-14 09:20:00,2.94,221.0,66.0,1420.1,317.0
2026-06-14 09:25:00,3.74,219.0,56.0,1440.3,320.6
2026-06-14 09:30:00,3.21,207.8,65.9,1439.3,297.2
2026-06-14 09:35:00,3.42,196.1,58.2,1430.7,343.3
2026-06-14 09:40:00,3.32,216.1,55.1,1414.9,295.4
2026-06-14 09:45:00,3.18,197.8,66.1,1411.1,349.9
2026-06-14 09:50:00,3.5,200.9,58.7,1427.0,374.0
2026-06-14 09:55:00,3.41,198.2,65.1,1445.7,353.3
2026-06-14 10:00:00,3.35,208.3,71.5,1444.0,341.3
2026-06-14 10:05:00,3.21,224.0,59.5,1442.6,378.4
2026-06-14 10:10:00,3.63,209.9,65.7,1426.7,348.2
2026-06-14 10:15:00,4.16,204.7,49.7,1444.1,318.4
2026-06-14 10:20:00,3.56,191.7,74.5,1409.4,343.1
2026-06-14 10:25:00,3.9,216.6,55.1,1405.4,389.0
2026-06-14 10:30:00,2.94,200.6,59.5,1434.5,312.7
2026-06-14 10:35:00,3.56,211.4,75.9,1432.1,305.5
2026-06-14 10:40:00,3.06,205.7,62.5,1454.3,355.4
2026-06-14 10:45:00,2.91,220.1,56.9,1444.4,334.4
2026-06-14 10:50:00,3.2,208.1,70.4,1464.4,326.7
2026-06-14 10:55:00,3.98,209.3,70.4,1431.6,308.5
2026-06-14 11:00:00,3.88,215.8,60.8,1448.5,291.2
2026-06-14 11:05:00,3.6,235.3,64.6,1441.3,303.6
2026-06-14 11:10:00,2.89,220.7,63.1,1462.9,380.4
2026-06-14 11:15:00,3.42,208.9,63.2,1436.7,339.8
2026-06-14 11:20:00,3.62,210.0,49.9,1452.8,290.9
2026-06-14 11:25:00,3.57,203.7,62.6,1422.6,369.6
2026-06-14 11:30:00,2.76,198.6,77.6,1431.5,370.9
2026-06-14 11:35:00,3.14,203.4,56.8,1437.4,370.7
2026-06-14 11:40:00,3.47,200.7,58.9,1457.1,329.4
2026-06-14 11:45:00,3.71,217.8,56.7,1408.6,333.3
2026-06-14 11:50:00,2.62,197.1,68.0,1432.4,343.4
2026-06-14 11:55:00,3.44,226.0,77.0,1437.7,375.0
2026-06-14 12:00:00,3.56,219.0,75.8,1410.7,326.1
2026-06-14 12:05:00,3.84,210.2,55.1,1433.1,321.1
2026-06-14 12:10:00,3.78,210.0,69.0,1416.9,357.4
2026-06-14 12:15:00,3.73,203.3,75.5,1403.7,370.2
2026-06-14 12:20:00,3.18,213.2,69.6,1436.7,338.7
2026-06-14 12:25:00,2.74,223.1,70.8,1438.2,356.8
2026-06-14 12:30:00,3.34,201.6,60.0,1434.6,342.8
2026-06-14 12:35:00,3.9,191.6,64.0,1440.1,333.7
2026-06-14 12:40:00,4.06,218.4,76.2,1428.5,319.3
2026-06-14 12:45:00,3.78,213.9,68.2,1467.6,311.2
2026-06-14 12:50:00,3.67,196.6,53.0,1436.8,324.6
2026-06-14 12:55:00,3.65,201.2,60.0,1457.5,315.6
2026-06-14 13:00:00,3.28,199.7,73.1,1412.7,347.1
2026-06-14 13:05:00,3.45,201.3,66.3,1425.7,370.4
2026-06-14 13:10:00,4.17,206.1,65.4,1449.5,345.1
2026-06-14 13:15:00,3.12,206.8,60.1,1436.0,317.0
2026-06-14 13:20:00,4.15,202.2,73.3,1422.3,361.4
2026-06-14 13:25:00,3.37,200.9,76.9,1410.6,347.4
2026-06-14 13:30:00,4.03,207.3,74.7,1450.4,352.4
2026-06-14 13:35:00,2.94,212.0,76.8,1450.2,327.0
2026-06-14 13:40:00,3.73,206.2,61.6,1442.9,368.3
2026-06-14 13:45:00,3.21,223.9,63.1,1435.3,368.2
2026-06-14 13:50:00,2.93,216.1,64.7,1424.5,335.4
2026-06-14 13:55:00,3.59,190.9,62.4,1435.4,358.0
2026-06-14 14:00:00,3.9,216.3,77.4,1421.5,367.5
2026-06-14 14:05:00,3.16,217.3,75.4,1430.2,328.4
2026-06-14 14:10:00,2.9,204.8,68.5,1457.9,338.0
2026-06-14 14:15:00,3.46,192.1,50.9,1408.6,342.0
2026-06-14 14:20:00,3.47,210.1,51.5,1450.2,312.6
2026-06-14 14:25:00,3.72,209.9,66.9,1462.4,351.0
2026-06-14 14:30:00,3.88,196.5,70.0,1449.6,365.6
2026-06-14 14:35:00,3.48,192.6,61.8,1442.5,336.4
2026-06-14 14:40:00,4.24,208.9,80.2,1432.8,348.5
2026-06-14 14:45:00,3.59,207.2,55.9,1429.8,375.0
2026-06-14 14:50:00,3.36,205.0,54.6,1405.3,329.9
2026-06-14 14:55:00,2.86,209.0,59.5,1440.4,349.0
2026-06-14 15:00:00,3.39,196.8,57.4,1431.3,325.8
2026-06-14 15:05:00,3.37,204.8,68.4,1428.5,325.1
2026-06-14 15:10:00,3.88,216.4,62.6,1441.0,348.5
2026-06-14 15:15:00,3.68,205.8,52.0,1440.1,346.0
2026-06-14 15:20:00,3.03,189.9,69.1,1426.5,353.9
2026-06-14 15:25:00,3.57,204.3,50.1,1463.1,341.9
2026-06-14 15:30:00,3.77,197.2,54.5,1448.4,351.6
2026-06-14 15:35:00,4.11,213.2,52.5,1454.1,381.6
2026-06-14 15:40:00,3.86,213.8,67.2,1439.2,366.5
2026-06-14 15:45:00,3.8,190.1,63.5,1443.7,348.5
2026-06-14 15:50:00,3.52,219.1,81.7,1428.4,352.6
2026-06-14 15:55:00,3.66,196.7,70.3,1447.3,332.5
2026-06-14 16:00:00,4.0,228.7,79.3,1440.7,336.0
2026-06-14 16:05:00,2.97,209.4,67.2,1424.6,352.3
2026-06-14 16:10:00,3.36,195.0,54.9,1436.7,342.2
2026-06-14 16:15:00,3.19,196.3,64.0,1432.9,359.8
2026-06-14 16:20:00,3.65,214.2,70.4,1475.7,371.7
2026-06-14 16:25:00,3.99,205.3,69.9,1445.6,337.5
2026-06-14 16:30:00,3.26,208.8,61.0,1463.5,289.8
2026-06-14 16:35:00,2.54,229.4,71.8,1460.8,390.9
2026-06-14 16:40:00,3.34,201.6,56.3,1438.9,323.7
2026-06-14 16:45:00,3.87,210.7,56.8,1433.5,344.9
2026-06-14 16:50:00,3.72,227.0,58.6,1417.3,358.2
2026-06-14 16:55:00,3.67,213.2,65.7,1427.6,375.2
2026-06-14 17:00:00,3.39,190.7,52.7,1446.1,385.2
2026-06-14 17:05:00,2.99,216.1,62.5,1436.7,330.9
2026-06-14 17:10:00,3.71,196.0,70.1,1442.8,369.7
2026-06-14 17:15:00,3.17,226.9,59.3,1412.9,344.9
2026-06-14 17:20:00,4.37,200.1,59.5,1444.8,408.6
2026-06-14 17:25:00,3.73,245.6,70.9,1463.6,367.5
2026-06-14 17:30:00,3.27,227.6,69.6,1416.9,335.6
2026-06-14 17:35:00,3.26,200.4,59.6,1443.7,320.2
2026-06-14 17:40:00,3.46,210.2,71.3,1460.2,280.0
2026-06-14 17:45:00,3.4,219.0,71.1,1467.0,356.9
2026-06-14 17:50:00,3.95,219.4,75.5,1434.3,365.2
2026-06-14 17:55:00,3.57,215.3,65.1,1452.8,358.6
2026-06-14 18:00:00,3.21,225.0,63.2,1464.5,281.2
2026-06-14 18:05:00,4.26,208.5,59.3,1445.7,308.5
2026-06-14 18:10:00,3.52,205.6,66.8,1458.4,352.0
2026-06-14 18:15:00,3.81,205.8,61.4,1438.6,384.6
2026-06-14 18:20:00,3.26,220.3,62.0,1448.0,338.6
2026-06-14 18:25:00,3.65,214.4,62.1,1431.6,367.3
2026-06-14 18:30:00,3.62,213.5,60.1,1438.2,314.1
2026-06-14 18:35:00,2.74,219.5,68.0,1448.4,345.2
2026-06-14 18:40:00,4.31,185.4,50.0,1424.6,333.1
2026-06-14 18:45:00,4.02,213.7,68.0,1437.4,369.7
2026-06-14 18:50:00,3.34,212.6,70.8,1451.9,326.5
2026-06-14 18:55:00,3.06,230.0,63.4,1474.8,381.9
2026-06-14 19:00:00,3.64,191.7,77.6,1405.6,332.3
2026-06-14 19:05:00,3.53,228.7,67.9,1473.4,313.3
2026-06-14 19:10:00,3.64,210.9,52.6,1436.3,314.1
2026-06-14 19:15:00,3.58,215.9,63.6,1455.6,324.4
2026-06-14 19:20:00,3.7,230.1,68.5,1461.4,349.3
2026-06-14 19:25:00,4.08,216.7,69.6,1464.8,324.8
2026-06-14 19:30:00,3.73,214.8,63.7,1430.0,319.5
2026-06-14 19:35:00,3.08,212.9,57.3,1437.2,362.2
2026-06-14 19:40:00,4.05,204.2,55.4,1438.0,280.0
2026-06-14 19:45:00,4.16,209.7,59.7,1434.6,329.3
2026-06-14 19:50:00,4.5,201.4,59.2,1458.1,306.6
2026-06-14 19:55:00,3.05,209.5,55.8,1438.7,318.3
2026-06-14 20:00:00,3.6,182.0,54.9,1410.1,346.1
2026-06-14 20:05:00,2.67,215.1,71.0,1431.5,334.9
2026-06-14 20:10:00,3.72,208.5,78.0,1416.0,332.6
2026-06-14 20:15:00,3.28,206.0,70.4,1435.8,369.7
2026-06-14 20:20:00,4.27,212.6,75.8,1450.6,339.7
2026-06-14 20:25:00,3.19,192.8,70.2,1426.7,385.2
2026-06-14 20:30:00,2.82,233.2,75.1,1438.6,357.8
2026-06-14 20:35:00,3.31,208.8,62.1,1435.6,315.8
2026-06-14 20:40:00,2.71,208.2,65.9,1441.8,388.4
2026-06-14 20:45:00,3.8,198.4,59.9,1445.4,347.0
2026-06-14 20:50:00,2.67,210.3,63.3,1452.2,386.8
2026-06-14 20:55:00,3.51,226.6,68.0,1477.2,333.3
2026-06-14 21:00:00,2.67,222.4,72.6,1444.3,346.8
2026-06-14 21:05:00,3.37,220.3,69.9,1453.1,350.8
2026-06-14 21:10:00,4.16,216.6,64.7,1417.5,335.8
2026-06-14 21:15:00,3.64,205.7,64.8,1433.5,371.8
2026-06-14 21:20:00,3.15,192.6,65.9,1432.5,388.3
2026-06-14 21:25:00,3.49,207.6,70.0,1424.3,282.7
2026-06-14 21:30:00,3.51,207.2,52.4,1431.4,360.4
2026-06-14 21:35:00,3.69,222.6,58.3,1440.9,317.6
2026-06-14 21:40:00,2.95,213.7,74.4,1433.2,280.0
2026-06-14 21:45:00,3.74,229.3,67.4,1482.9,352.9
2026-06-14 21:50:00,2.5,224.4,63.8,1450.6,353.0
2026-06-14 21:55:00,3.25,204.5,62.1,1468.9,357.0
2026-06-14 22:00:00,3.3,188.5,59.7,1458.1,349.3
2026-06-14 22:05:00,3.75,226.6,72.0,1433.7,361.9
2026-06-14 22:10:00,3.51,226.3,58.6,1443.8,324.9
2026-06-14 22:15:00,2.94,193.6,62.7,1430.2,346.6
2026-06-14 22:20:00,3.11,228.1,69.7,1441.2,357.5
2026-06-14 22:25:00,3.58,214.6,68.9,1426.3,373.8
2026-06-14 22:30:00,3.47,211.9,67.1,1433.8,341.1
2026-06-14 22:35:00,3.27,229.4,72.0,1449.3,334.7
2026-06-14 22:40:00,3.31,226.1,62.8,1448.2,338.6
2026-06-14 22:45:00,3.78,217.8,58.6,1445.4,310.2
2026-06-14 22:50:00,3.29,215.7,85.5,1440.2,359.2
2026-06-14 22:55:00,3.46,217.4,63.7,1454.4,303.6
2026-06-14 23:00:00,4.37,205.2,62.8,1435.2,349.8
2026-06-14 23:05:00,2.93,209.3,70.3,1460.7,342.1
2026-06-14 23:10:00,2.76,199.2,76.1,1410.1,301.2
2026-06-14 23:15:00,3.81,206.0,60.0,1449.1,302.7
2026-06-14 23:20:00,3.23,205.6,56.3,1446.4,318.7
2026-06-14 23:25:00,3.37,202.4,53.9,1428.4,331.4
2026-06-14 23:30:00,3.19,211.6,78.0,1435.0,377.0
2026-06-14 23:35:00,3.4,206.1,56.1,1446.2,337.2
2026-06-14 23:40:00,4.14,216.0,65.7,1454.9,353.7
2026-06-14 23:45:00,3.82,190.5,54.3,1409.9,371.7
2026-06-14 23:50:00,3.84,208.6,53.2,1449.2,366.8
2026-06-14 23:55:00,2.93,211.6,62.9,1433.5,339.8
2026-06-15 00:00:00,3.04,206.3,56.9,1456.1,322.4
2026-06-15 00:05:00,2.5,207.9,59.2,1412.0,352.5
2026-06-15 00:10:00,3.18,191.0,78.2,1472.9,322.9
2026-06-15 00:15:00,3.88,214.3,69.0,1427.6,385.4
2026-06-15 00:20:00,3.71,217.8,73.6,1463.0,361.7
2026-06-15 00:25:00,3.41,215.9,72.5,1440.1,345.2
2026-06-15 00:30:00,3.49,222.5,66.1,1430.2,352.8
2026-06-15 00:35:00,3.22,212.4,61.8,1444.5,344.5
2026-06-15 00:40:00,3.58,215.7,67.9,1456.6,330.8
2026-06-15 00:45:00,3.81,211.9,66.6,1417.1,352.5
2026-06-15 00:50:00,2.85,218.3,61.7,1452.2,333.9
2026-06-15 00:55:00,3.62,191.1,63.2,1436.0,388.4
2026-06-15 01:00:00,3.87,199.3,57.7,1446.5,322.7
2026-06-15 01:05:00,3.33,229.0,66.5,1444.0,352.7
2026-06-15 01:10:00,3.78,180.5,57.9,1425.5,320.4
2026-06-15 01:15:00,4.5,208.3,54.6,1423.0,320.2
2026-06-15 01:20:00,3.46,224.1,48.3,1452.9,295.3
2026-06-15 01:25:00,3.66,208.9,57.3,1449.8,350.3
2026-06-15 01:30:00,3.2,205.1,78.7,1449.0,326.7
2026-06-15 01:35:00,3.57,211.6,62.8,1446.7,367.1
2026-06-15 01:40:00,3.68,205.8,70.6,1453.3,350.3
2026-06-15 01:45:00,3.58,210.4,48.1,1461.2,343.7
2026-06-15 01:50:00,3.09,201.8,55.7,1410.2,304.7
2026-06-15 01:55:00,3.58,223.3,56.2,1407.5,354.6
2026-06-15 02:00:00,4.08,227.1,65.9,1469.2,323.4
2026-06-15 02:05:00,3.68,208.4,84.1,1419.6,304.2
2026-06-15 02:10:00,3.88,193.4,66.2,1420.4,350.8
2026-06-15 02:15:00,3.41,203.7,77.6,1434.4,308.5
2026-06-15 02:20:00,3.8,207.8,62.6,1414.7,287.7
2026-06-15 02:25:00,3.61,216.1,76.8,1435.5,372.4
2026-06-15 02:30:00,3.12,197.9,79.8,1423.4,326.0
2026-06-15 02:35:00,3.63,200.8,62.7,1434.7,296.4
2026-06-15 02:40:00,3.1,216.1,61.6,1445.4,315.9
2026-06-15 02:45:00,3.25,221.3,56.1,1437.1,322.0
2026-06-15 02:50:00,3.58,202.5,61.4,1432.6,368.6
2026-06-15 02:55:00,3.62,194.0,63.3,1440.7,298.4
2026-06-15 03:00:00,3.02,249.4,87.2,1463.5,306.5
2026-06-15 03:05:00,3.92,219.4,56.1,1465.9,364.5
2026-06-15 03:10:00,3.73,206.8,65.0,1436.1,328.8
2026-06-15 03:15:00,3.22,220.4,52.0,1469.5,345.7
2026-06-15 03:20:00,2.88,208.5,61.4,1452.9,327.7
2026-06-15 03:25:00,3.44,220.4,69.1,1423.6,390.5
2026-06-15 03:30:00,3.32,211.9,69.4,1421.5,307.8
2026-06-15 03:35:00,3.55,211.1,69.9,1431.6,347.1
2026-06-15 03:40:00,3.35,208.6,68.0,1461.4,377.6
2026-06-15 03:45:00,2.7,192.6,67.0,1429.0,330.6
2026-06-15 03:50:00,3.34,233.3,68.9,1416.3,321.2
2026-06-15 03:55:00,3.38,198.7,54.9,1434.3,359.2
2026-06-15 04:00:00,3.75,193.7,47.7,1407.0,365.1
2026-06-15 04:05:00,3.22,207.4,60.2,1423.7,320.0
2026-06-15 04:10:00,4.17,198.5,62.2,1428.9,376.6
2026-06-15 04:15:00,2.74,209.4,74.9,1442.1,341.3
2026-06-15 04:20:00,4.02,218.3,65.4,1457.0,352.7
2026-06-15 04:25:00,3.41,221.9,65.2,1452.8,377.2
2026-06-15 04:30:00,3.84,219.8,69.6,1424.3,359.2
2026-06-15 04:35:00,3.53,206.3,62.3,1433.7,340.0
2026-06-15 04:40:00,3.96,210.6,71.6,1441.3,323.2
2026-06-15 04:45:00,3.35,214.9,81.6,1437.0,407.7
2026-06-15 04:50:00,3.06,188.9,79.4,1431.7,320.3
2026-06-15 04:55:00,4.07,216.8,66.8,1415.5,348.0
2026-06-15 05:00:00,3.45,192.5,65.1,1419.2,352.7
2026-06-15 05:05:00,3.59,234.5,81.3,1438.9,353.9
2026-06-15 05:10:00,3.99,205.1,63.1,1392.6,393.2
2026-06-15 05:15:00,3.09,207.8,70.1,1449.2,341.2
2026-06-15 05:20:00,3.74,200.8,54.5,1417.6,337.6
2026-06-15 05:25:00,3.26,202.4,61.4,1448.8,378.8
2026-06-15 05:30:00,3.45,237.3,78.3,1454.4,336.6
2026-06-15 05:35:00,3.53,221.3,60.9,1434.1,361.9
2026-06-15 05:40:00,2.9,191.4,61.2,1451.3,344.9
2026-06-15 05:45:00,3.19,228.1,55.1,1454.8,363.0
2026-06-15 05:50:00,4.04,224.3,83.2,1438.2,358.1
2026-06-15 05:55:00,3.85,206.6,74.6,1433.0,329.9
2026-06-15 06:00:00,3.47,213.7,67.1,1457.2,293.9
2026-06-15 06:05:00,3.6,209.8,69.0,1443.4,298.2
2026-06-15 06:10:00,3.38,233.7,71.7,1460.4,294.0
2026-06-15 06:15:00,4.04,200.4,74.6,1402.3,337.7
2026-06-15 06:20:00,3.42,211.8,61.1,1441.8,281.2
2026-06-15 06:25:00,3.59,204.9,70.1,1415.3,336.0
2026-06-15 06:30:00,3.96,192.8,71.0,1436.2,343.3
2026-06-15 06:35:00,3.19,236.3,78.7,1456.0,361.4
2026-06-15 06:40:00,4.12,195.8,44.8,1463.3,352.6
2026-06-15 06:45:00,2.89,212.6,60.6,1426.5,362.5
2026-06-15 06:50:00,4.15,189.1,53.7,1427.9,350.3
2026-06-15 06:55:00,3.35,205.2,65.5,1437.6,331.9
2026-06-15 07:00:00,3.4,215.1,49.6,1426.4,337.4
2026-06-15 07:05:00,2.74,200.1,47.2,1452.7,318.7
2026-06-15 07:10:00,3.32,217.0,83.4,1440.4,345.7
2026-06-15 07:15:00,3.08,206.8,69.5,1441.2,300.4
2026-06-15 07:20:00,3.26,223.9,68.1,1452.1,366.7
2026-06-15 07:25:00,3.45,226.3,70.4,1442.2,316.1
2026-06-15 07:30:00,3.88,203.0,65.1,1426.3,343.8
2026-06-15 07:35:00,3.58,210.9,73.1,1439.2,348.0
2026-06-15 07:40:00,3.62,212.2,60.3,1427.6,369.1
2026-06-15 07:45:00,3.06,217.4,67.6,1443.1,298.0
2026-06-15 07:50:00,3.15,210.2,66.8,1455.0,331.9
2026-06-15 07:55:00,4.22,212.3,57.0,1422.8,353.7
2026-06-15 08:00:00,3.21,207.1,74.8,1416.4,383.8
2026-06-15 08:05:00,4.16,211.4,61.6,1441.0,339.0
2026-06-15 08:10:00,3.4,225.6,75.5,1431.6,325.1
2026-06-15 08:15:00,3.5,217.8,67.1,1442.0,390.7
2026-06-15 08:20:00,3.93,218.4,79.3,1446.5,360.1
2026-06-15 08:25:00,4.01,218.7,58.0,1409.6,374.3
2026-06-15 08:30:00,3.46,208.2,56.0,1450.0,309.8
2026-06-15 08:35:00,3.34,213.8,58.3,1423.2,353.0
2026-06-15 08:40:00,3.48,197.0,64.1,1437.1,312.9
2026-06-15 08:45:00,3.64,225.2,79.6,1433.2,307.4
2026-06-15 08:50:00,3.86,176.6,72.7,1425.0,354.5
2026-06-15 08:55:00,3.5,209.0,46.4,1465.2,356.3
2026-06-15 09:00:00,3.75,223.7,69.1,1447.5,327.9
2026-06-15 09:05:00,4.16,193.6,40.0,1450.3,375.8
2026-06-15 09:10:00,3.65,214.8,72.1,1443.2,330.8
2026-06-15 09:15:00,3.62,201.8,72.7,1447.7,333.3
2026-06-15 09:20:00,2.89,205.6,64.0,1445.4,339.1
2026-06-15 09:25:00,2.5,221.4,67.4,1446.1,333.9
2026-06-15 09:30:00,3.66,212.4,65.9,1457.1,371.9
2026-06-15 09:35:00,3.46,185.6,55.1,1437.5,314.0
2026-06-15 09:40:00,3.29,198.3,66.7,1471.9,321.1
2026-06-15 09:45:00,3.6,221.7,64.9,1456.7,310.2
2026-06-15 09:50:00,3.48,215.4,73.3,1424.0,387.1
2026-06-15 09:55:00,3.95,231.0,67.2,1441.5,331.9
2026-06-15 10:00:00,3.53,230.2,61.1,1450.0,320.8
2026-06-15 10:05:00,3.2,205.9,52.1,1439.8,332.8
2026-06-15 10:10:00,3.9,240.0,54.6,1456.3,361.2
2026-06-15 10:15:00,3.41,210.3,75.5,1452.0,356.6
2026-06-15 10:20:00,3.71,198.4,59.6,1417.3,325.6
2026-06-15 10:25:00,3.31,202.4,66.6,1457.7,330.0
2026-06-15 10:30:00,3.24,182.9,75.2,1427.1,303.6
2026-06-15 10:35:00,3.53,229.3,63.4,1434.9,343.5
2026-06-15 10:40:00,3.51,229.1,62.9,1434.8,372.1
2026-06-15 10:45:00,3.69,197.8,62.1,1449.7,325.5
2026-06-15 10:50:00,3.39,207.3,64.8,1435.4,355.9
2026-06-15 10:55:00,2.77,211.1,80.3,1430.3,325.4
2026-06-15 11:00:00,3.33,198.5,75.8,1431.3,312.6
2026-06-15 11:05:00,3.82,188.9,66.8,1408.9,357.0
2026-06-15 11:10:00,3.38,207.5,76.2,1426.9,398.7
2026-06-15 11:15:00,3.4,206.1,63.0,1420.6,353.6
2026-06-15 11:20:00,3.89,205.3,66.7,1435.0,329.7
2026-06-15 11:25:00,3.22,212.7,63.0,1450.5,331.3
2026-06-15 11:30:00,2.88,227.2,57.3,1451.7,387.7
2026-06-15 11:35:00,3.44,206.4,74.1,1458.1,347.7
2026-06-15 11:40:00,3.31,212.0,69.6,1455.9,320.9
2026-06-15 11:45:00,3.11,218.7,66.5,1433.8,338.4
2026-06-15 11:50:00,3.43,216.6,66.0,1441.6,345.4
2026-06-15 11:55:00,3.7,202.6,51.8,1438.0,351.7
2026-06-15 12:00:00,3.5,211.2,57.4,1408.0,377.8
2026-06-15 12:05:00,3.62,216.6,68.7,1423.1,371.9
2026-06-15 12:10:00,4.23,196.5,58.7,1434.8,345.0
2026-06-15 12:15:00,3.36,225.2,65.5,1440.4,339.0
2026-06-15 12:20:00,3.61,227.2,66.7,1451.1,349.9
2026-06-15 12:25:00,3.3,201.3,58.2,1445.2,324.8
2026-06-15 12:30:00,3.16,212.3,57.6,1413.9,364.5
2026-06-15 12:35:00,3.27,217.7,53.3,1449.3,334.9
2026-06-15 12:40:00,3.31,203.5,62.8,1441.4,352.3
2026-06-15 12:45:00,3.64,215.8,70.8,1450.5,382.8
2026-06-15 12:50:00,4.44,212.0,52.1,1456.4,353.8
2026-06-15 12:55:00,3.21,192.4,62.2,1434.3,345.8
2026-06-15 13:00:00,3.33,215.5,68.1,1459.8,327.1
2026-06-15 13:05:00,3.47,196.8,55.1,1424.0,338.0
2026-06-15 13:10:00,3.66,221.3,78.1,1428.1,311.6
2026-06-15 13:15:00,3.61,201.9,60.7,1444.8,353.3
2026-06-15 13:20:00,4.01,208.1,63.9,1434.1,286.6
2026-06-15 13:25:00,2.53,226.5,66.2,1447.2,364.2
2026-06-15 13:30:00,2.55,216.0,51.7,1471.1,358.3
2026-06-15 13:35:00,3.3,197.0,71.1,1443.3,342.5
2026-06-15 13:40:00,3.94,197.8,55.5,1440.7,326.7
2026-06-15 13:45:00,2.87,202.8,62.0,1425.5,339.6
2026-06-15 13:50:00,2.5,214.7,70.5,1415.4,295.6
2026-06-15 13:55:00,3.73,214.3,77.3,1439.8,360.6
2026-06-15 14:00:00,3.6,199.9,54.8,1454.0,335.9
2026-06-15 14:05:00,3.06,196.0,59.3,1432.4,377.9
2026-06-15 14:10:00,3.11,213.4,76.6,1446.7,349.8
2026-06-15 14:15:00,3.11,207.8,68.4,1461.0,345.8
2026-06-15 14:20:00,3.54,235.9,74.3,1466.2,350.0
2026-06-15 14:25:00,3.25,210.4,56.7,1446.5,315.6
2026-06-15 14:30:00,3.7,231.8,65.2,1446.9,328.7
2026-06-15 14:35:00,2.5,196.0,61.6,1414.4,343.3
2026-06-15 14:40:00,3.16,191.1,55.3,1426.8,332.4
2026-06-15 14:45:00,3.05,196.6,49.6,1433.1,325.6
2026-06-15 14:50:00,3.4,224.3,63.1,1430.1,332.9
2026-06-15 14:55:00,3.28,231.1,79.0,1447.9,341.1
2026-06-15 15:00:00,3.82,200.6,64.1,1466.8,398.0
2026-06-15 15:05:00,2.76,204.5,75.2,1461.7,331.9
2026-06-15 15:10:00,3.52,196.0,64.3,1440.9,323.1
2026-06-15 15:15:00,3.72,188.3,55.6,1447.3,336.2
2026-06-15 15:20:00,4.24,218.6,76.5,1430.8,377.5
2026-06-15 15:25:00,3.31,212.7,67.1,1462.5,379.3
2026-06-15 15:30:00,3.63,210.1,72.7,1416.6,388.7
2026-06-15 15:35:00,2.78,193.2,53.9,1450.3,341.5
2026-06-15 15:40:00,2.54,229.7,76.3,1451.4,356.0
2026-06-15 15:45:00,3.84,204.0,72.6,1427.5,313.7
2026-06-15 15:50:00,3.5,216.4,68.3,1438.1,331.2
2026-06-15 15:55:00,3.97,192.5,55.9,1419.5,312.1
2026-06-15 16:00:00,2.95,207.7,64.3,1423.2,351.8
2026-06-15 16:05:00,3.71,213.5,70.4,1416.8,341.0
2026-06-15 16:10:00,4.25,213.9,67.5,1452.3,345.7
2026-06-15 16:15:00,3.67,211.9,70.1,1458.5,318.8
2026-06-15 16:20:00,3.61,215.9,74.0,1408.8,361.3
2026-06-15 16:25:00,3.5,196.4,57.8,1464.9,280.0
2026-06-15 16:30:00,2.87,212.4,56.1,1440.3,333.7
2026-06-15 16:35:00,4.04,211.4,64.9,1444.6,337.3
2026-06-15 16:40:00,3.26,212.8,62.8,1418.5,289.5
2026-06-15 16:45:00,3.7,210.9,71.4,1460.0,349.6
2026-06-15 16:50:00,2.87,194.7,54.1,1439.9,335.7
2026-06-15 16:55:00,3.03,194.2,70.8,1453.9,354.0
2026-06-15 17:00:00,4.07,183.4,71.8,1453.0,390.0
2026-06-15 17:05:00,3.36,219.8,66.5,1462.0,348.1
2026-06-15 17:10:00,4.08,219.9,67.0,1432.3,364.3
2026-06-15 17:15:00,3.47,220.1,60.4,1438.9,374.5
2026-06-15 17:20:00,2.76,213.7,61.2,1431.6,352.3
2026-06-15 17:25:00,3.86,184.4,57.9,1448.3,318.4
2026-06-15 17:30:00,3.26,197.7,74.7,1442.5,299.0
2026-06-15 17:35:00,3.78,212.0,64.7,1456.4,349.4
2026-06-15 17:40:00,3.51,211.6,54.7,1457.0,330.0
2026-06-15 17:45:00,2.88,207.3,66.6,1413.6,372.1
2026-06-15 17:50:00,3.57,214.4,72.3,1461.1,328.1
2026-06-15 17:55:00,4.38,210.1,64.8,1454.3,339.6
2026-06-15 18:00:00,3.7,211.4,77.0,1434.8,311.0
2026-06-15 18:05:00,3.48,202.3,70.1,1443.7,331.4
2026-06-15 18:10:00,3.93,221.8,58.4,1440.5,316.4
2026-06-15 18:15:00,3.58,204.8,59.8,1448.2,318.7
2026-06-15 18:20:00,3.58,194.0,64.4,1431.2,338.7
2026-06-15 18:25:00,3.06,200.7,50.3,1445.3,324.8
2026-06-15 18:30:00,3.59,205.8,67.1,1440.2,405.7
2026-06-15 18:35:00,3.91,221.9,52.7,1435.9,360.9
2026-06-15 18:40:00,3.17,209.5,73.1,1442.8,367.1
2026-06-15 18:45:00,4.07,207.8,71.9,1480.2,337.2
2026-06-15 18:50:00,3.46,195.0,66.8,1426.7,342.6
2026-06-15 18:55:00,3.14,219.4,61.0,1438.1,329.3
2026-06-15 19:00:00,3.9,202.2,65.2,1428.4,405.6
2026-06-15 19:05:00,3.39,208.8,60.7,1431.3,337.3
2026-06-15 19:10:00,3.8,227.8,59.4,1455.8,324.9
2026-06-15 19:15:00,3.38,216.1,63.2,1452.0,321.1
2026-06-15 19:20:00,3.48,190.5,67.7,1436.0,348.4
2026-06-15 19:25:00,3.7,188.8,62.2,1451.1,375.5
2026-06-15 19:30:00,3.62,209.2,76.5,1451.7,367.2
2026-06-15 19:35:00,2.7,195.4,68.9,1434.7,321.1
2026-06-15 19:40:00,3.05,217.8,71.4,1418.5,320.5
2026-06-15 19:45:00,3.87,210.5,52.2,1452.5,371.2
2026-06-15 19:50:00,3.45,212.0,63.0,1442.9,392.5
2026-06-15 19:55:00,3.29,201.5,55.2,1438.6,336.4
2026-06-15 20:00:00,2.96,230.9,66.7,1437.2,370.2
2026-06-15 20:05:00,3.07,244.1,64.6,1458.0,303.3
2026-06-15 20:10:00,2.69,206.7,61.5,1444.6,318.9
2026-06-15 20:15:00,3.46,214.2,74.1,1437.3,314.8
2026-06-15 20:20:00,3.26,211.2,69.0,1421.9,350.3
2026-06-15 20:25:00,3.11,206.9,72.6,1455.4,335.5
2026-06-15 20:30:00,3.47,200.0,50.7,1447.1,346.0
2026-06-15 20:35:00,3.65,197.0,63.5,1441.2,370.5
2026-06-15 20:40:00,4.34,196.4,70.7,1397.4,323.7
2026-06-15 20:45:00,2.9,214.9,77.8,1440.4,342.3
2026-06-15 20:50:00,3.96,203.8,51.7,1435.1,306.6
2026-06-15 20:55:00,3.89,179.1,57.5,1424.5,369.1
2026-06-15 21:00:00,3.19,215.3,74.1,1452.4,367.4
2026-06-15 21:05:00,3.58,209.5,63.4,1450.6,349.0
2026-06-15 21:10:00,3.32,226.2,60.1,1449.8,343.0
2026-06-15 21:15:00,3.57,214.5,53.3,1456.5,327.3
2026-06-15 21:20:00,4.1,192.3,54.7,1421.1,305.1
2026-06-15 21:25:00,3.74,183.2,47.5,1427.8,347.6
2026-06-15 21:30:00,3.7,201.4,64.2,1439.4,358.9
2026-06-15 21:35:00,3.33,202.5,71.0,1429.2,390.5
2026-06-15 21:40:00,2.91,221.3,56.6,1453.2,330.2
2026-06-15 21:45:00,3.42,209.9,67.0,1432.1,346.8
2026-06-15 21:50:00,3.98,223.6,73.8,1462.2,367.9
2026-06-15 21:55:00,2.89,194.1,62.6,1422.9,368.6
2026-06-15 22:00:00,3.08,221.6,53.9,1474.3,324.4
2026-06-15 22:05:00,3.55,218.7,69.4,1472.2,333.0
2026-06-15 22:10:00,3.11,185.8,60.9,1433.7,326.9
2026-06-15 22:15:00,3.18,225.9,66.1,1460.4,317.5
2026-06-15 22:20:00,3.33,211.1,60.8,1434.2,376.8
2026-06-15 22:25:00,2.95,214.7,66.4,1456.1,341.6
2026-06-15 22:30:00,3.11,199.6,67.5,1435.3,338.1
2026-06-15 22:35:00,3.78,225.3,86.4,1423.8,346.2
2026-06-15 22:40:00,2.98,195.8,63.8,1384.2,341.3
2026-06-15 22:45:00,2.86,220.0,78.6,1438.0,334.5
2026-06-15 22:50:00,3.25,219.8,69.3,1446.2,321.0
2026-06-15 22:55:00,3.79,198.3,62.5,1457.6,379.1
2026-06-15 23:00:00,3.42,233.8,69.8,1445.3,325.7
2026-06-15 23:05:00,3.31,212.8,55.6,1455.6,316.7
2026-06-15 23:10:00,3.52,217.8,68.6,1434.8,338.0
2026-06-15 23:15:00,2.8,191.7,46.3,1431.3,393.9
2026-06-15 23:20:00,3.7,235.4,61.9,1460.9,319.5
2026-06-15 23:25:00,3.65,195.3,63.7,1400.1,357.7
2026-06-15 23:30:00,3.34,222.3,76.4,1442.7,333.8
2026-06-15 23:35:00,3.9,198.1,74.7,1431.6,346.1
2026-06-15 23:40:00,3.05,202.6,62.0,1458.9,363.1
2026-06-15 23:45:00,3.95,219.5,67.7,1434.0,297.0
2026-06-15 23:50:00,3.56,222.3,74.7,1450.2,317.6
2026-06-15 23:55:00,3.37,194.7,52.1,1450.8,362.7
2026-06-16 00:00:00,3.49,223.1,70.2,1420.2,342.4
2026-06-16 00:05:00,3.46,222.5,60.3,1440.4,345.3
2026-06-16 00:10:00,3.99,198.7,61.9,1431.3,357.8
2026-06-16 00:15:00,3.07,229.2,64.2,1458.0,317.8
2026-06-16 00:20:00,3.19,192.5,65.9,1446.6,366.4
2026-06-16 00:25:00,3.91,202.5,68.3,1435.0,360.5
2026-06-16 00:30:00,3.26,215.7,73.0,1425.4,346.0
2026-06-16 00:35:00,3.86,199.8,66.2,1453.5,351.7
2026-06-16 00:40:00,4.18,213.2,66.8,1439.6,369.1
2026-06-16 00:45:00,3.34,212.9,80.3,1416.3,325.2
2026-06-16 00:50:00,3.77,207.8,52.5,1416.6,356.5
2026-06-16 00:55:00,3.04,220.0,80.1,1448.6,383.6
2026-06-16 01:00:00,3.8,207.3,62.3,1420.3,356.0
2026-06-16 01:05:00,3.58,212.8,70.0,1468.5,334.4
2026-06-16 01:10:00,3.69,223.8,64.5,1428.7,398.0
2026-06-16 01:15:00,3.24,219.5,60.8,1441.9,345.8
2026-06-16 01:20:00,2.84,219.4,70.3,1444.3,375.0
2026-06-16 01:25:00,3.7,196.2,71.3,1426.3,329.5
2026-06-16 01:30:00,2.67,216.3,69.7,1407.7,366.7
2026-06-16 01:35:00,3.37,199.5,59.1,1440.8,326.3
2026-06-16 01:40:00,3.88,194.6,91.6,1425.6,348.1
2026-06-16 01:45:00,3.58,209.1,74.5,1441.6,324.8
2026-06-16 01:50:00,4.28,199.1,70.8,1436.0,387.5
2026-06-16 01:55:00,3.91,219.5,63.6,1445.8,334.5
2026-06-16 02:00:00,3.24,219.8,61.5,1465.4,312.3
2026-06-16 02:05:00,3.51,187.2,59.3,1427.2,342.4
2026-06-16 02:10:00,3.48,200.1,72.2,1431.0,353.4
2026-06-16 02:15:00,2.87,192.5,54.4,1411.5,339.3
2026-06-16 02:20:00,3.12,204.4,55.6,1436.0,319.7
2026-06-16 02:25:00,3.28,215.5,70.1,1447.2,365.9
2026-06-16 02:30:00,2.69,207.1,67.1,1432.2,371.5
2026-06-16 02:35:00,3.52,202.9,57.8,1444.8,298.8
2026-06-16 02:40:00,3.4,225.6,58.6,1440.5,318.1
2026-06-16 02:45:00,2.83,182.3,72.4,1414.9,336.0
2026-06-16 02:50:00,3.66,224.8,70.1,1447.6,326.7
2026-06-16 02:55:00,3.79,203.5,53.1,1435.6,353.1
2026-06-16 03:00:00,3.59,209.1,54.5,1441.7,386.0
2026-06-16 03:05:00,3.37,203.7,61.2,1430.2,330.5
2026-06-16 03:10:00,3.74,228.5,73.6,1433.9,379.4
2026-06-16 03:15:00,3.77,195.2,67.5,1439.4,303.3
2026-06-16 03:20:00,3.62,210.1,74.1,1436.6,351.4
2026-06-16 03:25:00,3.17,216.3,54.0,1467.1,325.1
2026-06-16 03:30:00,3.61,190.7,63.9,1448.1,351.9
2026-06-16 03:35:00,3.98,199.0,74.8,1446.0,296.1
2026-06-16 03:40:00,3.26,208.2,75.4,1437.0,307.9
2026-06-16 03:45:00,4.34,199.4,66.3,1407.5,351.9
2026-06-16 03:50:00,3.29,200.2,82.3,1425.9,324.2
2026-06-16 03:55:00,3.51,205.8,69.2,1429.5,331.9
2026-06-16 04:00:00,3.23,217.8,74.5,1437.4,385.9
2026-06-16 04:05:00,3.59,205.9,64.7,1438.7,343.4
2026-06-16 04:10:00,2.8,222.9,60.7,1452.4,362.5
2026-06-16 04:15:00,3.28,198.0,56.2,1441.7,321.0
2026-06-16 04:20:00,3.06,195.0,64.2,1454.4,306.5
2026-06-16 04:25:00,3.55,233.1,66.8,1439.9,338.0
2026-06-16 04:30:00,3.9,202.1,49.7,1442.3,302.7
2026-06-16 04:35:00,3.76,194.3,54.4,1442.0,322.5
2026-06-16 04:40:00,2.55,189.1,59.3,1439.5,345.9
2026-06-16 04:45:00,4.32,222.9,72.8,1461.8,337.2
2026-06-16 04:50:00,3.62,205.9,64.3,1451.2,348.4
2026-06-16 04:55:00,3.19,207.0,64.0,1419.6,355.0
2026-06-16 05:00:00,3.56,208.1,56.8,1437.9,310.1
2026-06-16 05:05:00,3.57,222.2,67.0,1442.2,316.5
2026-06-16 05:10:00,3.23,207.8,75.2,1471.8,285.5
2026-06-16 05:15:00,3.58,238.1,70.5,1440.7,330.7
2026-06-16 05:20:00,3.26,211.6,53.2,1425.6,358.4
2026-06-16 05:25:00,3.34,222.7,56.9,1449.1,377.3
2026-06-16 05:30:00,3.23,219.7,71.2,1449.4,344.8
2026-06-16 05:35:00,2.93,209.6,63.1,1438.8,374.3
2026-06-16 05:40:00,3.56,203.0,63.3,1435.3,349.6
2026-06-16 05:45:00,3.73,214.0,60.7,1455.0,342.7
2026-06-16 05:50:00,3.71,216.1,69.9,1428.4,324.7
2026-06-16 05:55:00,3.83,203.1,61.6,1433.5,280.4
2026-06-16 06:00:00,3.63,212.0,63.8,1432.6,370.6
2026-06-16 06:05:00,3.29,224.8,60.4,1459.4,338.7
2026-06-16 06:10:00,3.84,234.8,76.1,1449.3,374.7
2026-06-16 06:15:00,2.96,220.3,64.8,1426.1,316.3
2026-06-16 06:20:00,3.14,232.4,73.2,1430.0,400.7
2026-06-16 06:25:00,3.11,202.4,54.3,1466.6,333.8
2026-06-16 06:30:00,3.93,218.4,80.1,1457.9,322.7
2026-06-16 06:35:00,3.88,226.1,77.6,1455.8,334.6
2026-06-16 06:40:00,3.69,199.2,48.1,1438.0,344.3
2026-06-16 06:45:00,3.93,204.2,57.7,1461.5,338.3
2026-06-16 06:50:00,3.15,230.9,71.9,1427.6,327.1
2026-06-16 06:55:00,3.64,198.3,52.7,1449.0,294.9
2026-06-16 07:00:00,3.45,193.9,61.5,1430.1,319.9
2026-06-16 07:05:00,3.84,228.3,71.2,1439.9,366.9
2026-06-16 07:10:00,3.45,224.4,65.7,1453.8,318.0
2026-06-16 07:15:00,3.35,215.2,70.1,1438.9,297.1
2026-06-16 07:20:00,3.72,209.5,59.4,1433.4,313.6
2026-06-16 07:25:00,3.85,204.7,46.3,1431.5,337.8
2026-06-16 07:30:00,3.23,213.4,73.4,1410.9,321.0
2026-06-16 07:35:00,3.48,229.0,75.7,1455.2,333.0
2026-06-16 07:40:00,3.08,212.9,85.5,1425.5,320.0
2026-06-16 07:45:00,2.5,236.0,51.2,1473.1,365.2
2026-06-16 07:50:00,3.58,199.2,69.4,1433.5,352.3
2026-06-16 07:55:00,3.74,209.8,49.2,1459.6,395.4
2026-06-16 08:00:00,3.6,205.5,78.4,1412.0,330.5
2026-06-16 08:05:00,2.72,197.0,66.9,1448.4,332.9
2026-06-16 08:10:00,3.36,208.2,57.1,1454.5,369.6
2026-06-16 08:15:00,2.61,215.0,72.0,1460.6,349.8
2026-06-16 08:20:00,4.05,216.3,61.5,1418.3,316.5
2026-06-16 08:25:00,3.07,236.0,71.3,1434.7,353.9
2026-06-16 08:30:00,4.0,215.6,67.5,1449.8,349.9
2026-06-16 08:35:00,3.88,223.8,81.0,1445.0,295.2
2026-06-16 08:40:00,3.14,210.8,79.6,1444.6,323.7
2026-06-16 08:45:00,3.05,230.1,63.2,1438.6,344.8
2026-06-16 08:50:00,3.64,238.8,77.8,1469.0,376.2
2026-06-16 08:55:00,3.16,216.4,68.8,1480.4,357.4
2026-06-16 09:00:00,3.54,198.1,51.9,1439.2,325.9
2026-06-16 09:05:00,3.31,203.4,58.4,1445.5,322.3
2026-06-16 09:10:00,2.79,213.4,84.2,1441.5,359.9
2026-06-16 09:15:00,2.61,215.5,68.7,1460.4,280.0
2026-06-16 09:20:00,3.59,218.4,74.3,1454.1,319.8
2026-06-16 09:25:00,3.28,215.5,64.1,1425.1,375.2
2026-06-16 09:30:00,3.28,210.1,60.7,1430.8,347.4
2026-06-16 09:35:00,3.78,202.4,64.1,1423.3,321.0
2026-06-16 09:40:00,3.97,214.8,63.6,1481.4,309.9
2026-06-16 09:45:00,3.39,232.3,56.4,1454.0,361.0
2026-06-16 09:50:00,3.36,222.2,58.8,1433.5,341.9
2026-06-16 09:55:00,3.7,216.4,71.6,1431.2,334.5
2026-06-16 10:00:00,2.96,222.4,63.8,1454.5,349.3
2026-06-16 10:05:00,3.59,205.5,64.5,1452.7,344.1
2026-06-16 10:10:00,3.72,203.9,66.0,1450.8,342.2
2026-06-16 10:15:00,3.77,201.0,66.2,1431.8,306.9
2026-06-16 10:20:00,2.73,208.5,73.9,1444.3,314.3
2026-06-16 10:25:00,3.2,204.9,55.5,1440.7,358.7
2026-06-16 10:30:00,3.15,224.5,71.7,1428.9,354.0
2026-06-16 10:35:00,3.54,204.3,70.2,1425.0,349.6
2026-06-16 10:40:00,3.69,200.4,71.4,1444.3,325.3
2026-06-16 10:45:00,4.1,233.3,57.2,1447.6,359.1
2026-06-16 10:50:00,3.3,204.6,66.2,1447.2,330.7
2026-06-16 10:55:00,3.3,211.8,79.0,1452.2,372.5
2026-06-16 11:00:00,3.96,215.4,65.0,1463.6,321.3
2026-06-16 11:05:00,3.62,196.4,66.8,1425.6,326.9
2026-06-16 11:10:00,4.01,224.8,73.5,1452.4,336.2
2026-06-16 11:15:00,3.62,217.6,57.9,1452.8,361.2
2026-06-16 11:20:00,3.04,228.7,82.5,1439.1,339.1
2026-06-16 11:25:00,2.97,201.8,67.8,1440.2,340.9
2026-06-16 11:30:00,2.88,211.2,69.3,1435.9,330.2
2026-06-16 11:35:00,3.76,210.5,51.8,1471.7,346.7
2026-06-16 11:40:00,3.98,213.2,71.8,1442.2,338.2
2026-06-16 11:45:00,4.24,192.5,66.4,1443.3,320.4
2026-06-16 11:50:00,3.84,211.3,78.2,1436.3,343.2
2026-06-16 11:55:00,3.97,192.9,59.9,1429.4,343.8
2026-06-16 12:00:00,3.27,214.3,57.7,1421.3,398.7
2026-06-16 12:05:00,3.04,184.5,55.7,1451.4,324.7
2026-06-16 12:10:00,3.84,187.8,57.6,1447.1,319.0
2026-06-16 12:15:00,3.67,219.8,57.5,1437.4,347.0
2026-06-16 12:20:00,3.54,203.4,74.3,1425.2,315.2
2026-06-16 12:25:00,3.65,198.1,73.8,1440.3,313.2
2026-06-16 12:30:00,3.63,225.3,65.7,1435.6,304.1
2026-06-16 12:35:00,4.01,213.9,62.4,1437.5,320.6
2026-06-16 12:40:00,4.02,220.5,52.0,1423.1,321.3
2026-06-16 12:45:00,3.72,208.0,70.3,1442.9,307.9
2026-06-16 12:50:00,3.84,242.2,83.1,1450.0,333.7
2026-06-16 12:55:00,3.71,202.7,58.8,1455.0,280.9
2026-06-16 13:00:00,3.32,230.9,67.2,1441.9,352.3
2026-06-16 13:05:00,3.8,209.3,68.4,1434.8,326.1
2026-06-16 13:10:00,2.94,190.1,75.8,1412.7,329.8
2026-06-16 13:15:00,3.92,215.8,67.5,1457.7,354.7
2026-06-16 13:20:00,3.02,213.8,67.1,1454.1,349.3
2026-06-16 13:25:00,3.61,197.4,64.5,1437.9,324.3
2026-06-16 13:30:00,3.16,198.9,51.9,1417.8,351.3
2026-06-16 13:35:00,3.72,209.7,53.4,1421.7,378.7
2026-06-16 13:40:00,3.49,214.2,59.2,1432.6,314.7
2026-06-16 13:45:00,2.86,180.4,68.7,1448.5,358.8
2026-06-16 13:50:00,3.67,222.6,64.2,1446.9,312.2
2026-06-16 13:55:00,3.27,204.1,59.9,1416.4,369.4
2026-06-16 14:00:00,3.85,194.0,58.2,1442.9,322.2
2026-06-16 14:05:00,3.5,221.3,65.6,1429.7,321.2
2026-06-16 14:10:00,3.66,209.7,78.6,1432.1,368.7
2026-06-16 14:15:00,3.12,224.6,66.0,1457.5,358.0
2026-06-16 14:20:00,3.26,215.3,59.5,1452.5,323.0
2026-06-16 14:25:00,3.32,210.0,65.2,1456.4,343.2
2026-06-16 14:30:00,3.84,208.2,78.8,1439.3,322.3
2026-06-16 14:35:00,4.17,215.8,61.8,1454.4,300.2
2026-06-16 14:40:00,3.18,205.0,54.8,1430.2,344.7
2026-06-16 14:45:00,3.93,199.8,59.5,1434.1,331.1
2026-06-16 14:50:00,2.63,217.3,67.1,1436.6,316.4
2026-06-16 14:55:00,3.02,208.3,70.2,1440.0,372.6
2026-06-16 15:00:00,3.12,210.4,73.1,1420.8,317.2
2026-06-16 15:05:00,2.96,223.1,58.6,1439.2,343.6
2026-06-16 15:10:00,2.87,208.6,57.2,1461.5,367.0
2026-06-16 15:15:00,3.67,210.2,62.4,1423.6,333.6
2026-06-16 15:20:00,3.41,202.8,69.4,1418.6,321.6
2026-06-16 15:25:00,3.65,215.2,55.7,1422.3,347.4
2026-06-16 15:30:00,3.78,214.2,60.8,1480.8,351.4
2026-06-16 15:35:00,3.61,220.8,61.9,1449.1,361.9
2026-06-16 15:40:00,3.76,203.1,71.5,1434.6,386.8
2026-06-16 15:45:00,3.47,204.5,68.4,1439.9,328.6
2026-06-16 15:50:00,3.03,219.5,73.7,1445.3,344.9
2026-06-16 15:55:00,3.92,213.0,76.2,1431.0,308.3
2026-06-16 16:00:00,3.26,199.1,60.9,1430.1,356.7
2026-06-16 16:05:00,3.13,225.7,57.9,1440.8,344.6
2026-06-16 16:10:00,3.43,189.6,52.5,1425.1,335.5
2026-06-16 16:15:00,3.13,219.4,51.7,1435.9,324.5
2026-06-16 16:20:00,3.33,194.8,59.1,1442.3,331.3
2026-06-16 16:25:00,3.64,232.6,65.3,1429.6,345.9
2026-06-16 16:30:00,3.64,191.5,68.5,1475.4,315.8
2026-06-16 16:35:00,3.14,223.8,67.2,1454.1,332.3
2026-06-16 16:40:00,3.3,209.0,60.9,1420.8,340.4
2026-06-16 16:45:00,3.93,205.6,63.4,1402.0,301.5
2026-06-16 16:50:00,3.7,212.2,57.0,1430.1,313.7
2026-06-16 16:55:00,4.33,217.6,74.3,1451.8,323.5
2026-06-16 17:00:00,3.97,199.1,57.1,1445.2,379.2
2026-06-16 17:05:00,3.96,200.2,54.4,1436.4,319.2
2026-06-16 17:10:00,2.94,217.8,72.7,1432.5,338.6
2026-06-16 17:15:00,3.81,189.5,66.5,1422.3,314.0
2026-06-16 17:20:00,3.48,203.0,50.2,1432.6,320.6
2026-06-16 17:25:00,3.28,246.5,77.3,1432.1,304.0
2026-06-16 17:30:00,3.57,198.4,57.3,1431.7,356.8
2026-06-16 17:35:00,3.88,223.8,64.1,1462.7,306.9
2026-06-16 17:40:00,3.7,203.0,65.4,1427.0,362.7
2026-06-16 17:45:00,3.15,216.1,70.6,1450.4,351.7
2026-06-16 17:50:00,3.8,217.9,69.7,1453.0,338.1
2026-06-16 17:55:00,3.24,223.5,66.6,1426.5,363.5
2026-06-16 18:00:00,3.59,207.6,61.2,1426.9,417.6
2026-06-16 18:05:00,3.38,233.9,71.9,1460.8,351.9
2026-06-16 18:10:00,3.41,202.9,63.0,1424.7,312.0
2026-06-16 18:15:00,3.81,212.8,79.9,1439.7,377.2
2026-06-16 18:20:00,3.08,212.9,70.1,1471.2,344.7
2026-06-16 18:25:00,4.28,196.5,55.6,1452.0,392.8
2026-06-16 18:30:00,2.77,206.6,60.7,1440.6,327.3
2026-06-16 18:35:00,3.26,211.9,65.7,1453.0,372.0
2026-06-16 18:40:00,3.65,204.8,74.6,1438.1,340.0
2026-06-16 18:45:00,3.73,239.3,80.7,1461.1,406.4
2026-06-16 18:50:00,3.46,199.9,60.3,1407.3,333.0
2026-06-16 18:55:00,3.48,224.2,59.7,1440.7,415.0
2026-06-16 19:00:00,3.66,220.3,58.0,1410.8,351.0
2026-06-16 19:05:00,3.41,209.8,67.0,1442.4,361.2
2026-06-16 19:10:00,4.06,199.6,81.9,1434.4,382.5
2026-06-16 19:15:00,3.84,200.8,67.9,1458.6,320.3
2026-06-16 19:20:00,3.85,203.8,51.3,1449.4,364.2
2026-06-16 19:25:00,3.11,188.6,56.0,1427.8,332.7
2026-06-16 19:30:00,3.47,198.0,58.2,1431.5,343.8
2026-06-16 19:35:00,3.38,192.2,55.8,1442.2,342.1
2026-06-16 19:40:00,3.1,226.2,64.3,1434.6,354.3
2026-06-16 19:45:00,3.64,217.4,69.1,1441.0,353.3
2026-06-16 19:50:00,3.28,219.4,71.9,1461.6,325.6
2026-06-16 19:55:00,3.76,217.1,74.8,1429.0,343.1
2026-06-16 20:00:00,3.07,212.0,69.5,1433.7,281.6
2026-06-16 20:05:00,4.19,227.5,52.0,1438.9,364.8
2026-06-16 20:10:00,3.14,202.7,55.4,1485.9,382.3
2026-06-16 20:15:00,3.59,211.3,63.9,1449.4,344.8
2026-06-16 20:20:00,3.82,219.0,67.5,1458.8,299.8
2026-06-16 20:25:00,3.27,194.1,69.5,1448.4,358.6
2026-06-16 20:30:00,3.84,247.2,70.9,1460.0,320.9
2026-06-16 20:35:00,3.01,210.3,65.5,1447.2,344.6
2026-06-16 20:40:00,4.08,211.7,67.2,1445.8,357.1
2026-06-16 20:45:00,3.51,225.1,65.2,1421.3,353.7
2026-06-16 20:50:00,3.26,221.0,67.3,1447.6,367.0
2026-06-16 20:55:00,3.38,210.5,74.1,1438.5,343.7
2026-06-16 21:00:00,3.82,211.6,64.6,1448.5,344.3
2026-06-16 21:05:00,3.27,192.0,62.1,1435.3,358.4
2026-06-16 21:10:00,3.2,203.3,63.7,1450.1,338.2
2026-06-16 21:15:00,3.41,216.2,76.3,1455.3,322.8
2026-06-16 21:20:00,3.03,215.3,56.9,1397.4,351.3
2026-06-16 21:25:00,4.23,224.7,81.4,1436.4,311.8
2026-06-16 21:30:00,3.27,208.6,55.4,1411.8,338.0
2026-06-16 21:35:00,3.83,193.4,57.3,1440.3,305.6
2026-06-16 21:40:00,3.58,222.7,72.9,1438.0,326.1
2026-06-16 21:45:00,3.11,227.2,75.8,1463.8,327.2
2026-06-16 21:50:00,3.5,220.8,55.4,1445.3,315.4
2026-06-16 21:55:00,3.81,208.0,56.0,1432.3,367.5
2026-06-16 22:00:00,3.42,222.5,69.1,1456.6,365.4
2026-06-16 22:05:00,3.98,250.0,89.8,1443.2,372.9
2026-06-16 22:10:00,3.91,211.4,75.2,1432.8,335.3
2026-06-16 22:15:00,3.87,194.3,60.7,1442.8,329.2
2026-06-16 22:20:00,3.32,203.0,44.6,1462.8,360.1
2026-06-16 22:25:00,3.07,217.5,66.8,1454.3,343.2
2026-06-16 22:30:00,3.25,190.7,65.0,1444.7,343.1
2026-06-16 22:35:00,3.58,212.0,62.2,1481.7,280.0
2026-06-16 22:40:00,3.72,214.6,58.9,1429.9,358.9
2026-06-16 22:45:00,2.63,228.4,69.0,1432.4,355.6
2026-06-16 22:50:00,3.5,225.7,59.8,1445.3,339.9
2026-06-16 22:55:00,3.56,220.4,81.5,1464.8,360.4
2026-06-16 23:00:00,3.39,184.0,73.2,1420.7,355.0
2026-06-16 23:05:00,4.02,221.1,71.9,1468.5,322.6
2026-06-16 23:10:00,3.67,218.5,67.0,1420.1,334.5
2026-06-16 23:15:00,4.02,213.1,60.2,1438.8,314.8
2026-06-16 23:20:00,3.41,189.2,61.7,1438.4,376.6
2026-06-16 23:25:00,3.87,200.7,76.7,1424.9,364.4
2026-06-16 23:30:00,4.15,196.0,69.8,1427.9,319.7
2026-06-16 23:35:00,4.02,185.8,63.0,1447.1,355.5
2026-06-16 23:40:00,3.06,210.0,72.4,1461.6,347.0
2026-06-16 23:45:00,3.4,200.4,67.9,1406.4,322.9
2026-06-16 23:50:00,3.36,241.5,72.9,1449.0,343.1
2026-06-16 23:55:00,3.7,208.0,72.5,1437.9,361.5
2026-06-17 00:00:00,3.77,225.5,71.5,1444.7,363.5
2026-06-17 00:05:00,3.16,191.2,69.0,1431.5,398.3
2026-06-17 00:10:00,3.53,203.6,65.3,1419.4,342.4
2026-06-17 00:15:00,2.69,211.2,63.1,1463.4,334.1
2026-06-17 00:20:00,4.08,199.1,59.0,1455.2,354.1
2026-06-17 00:25:00,3.3,204.9,58.9,1437.4,335.4
2026-06-17 00:30:00,3.52,207.4,51.8,1432.2,325.4
2026-06-17 00:35:00,3.38,207.2,57.3,1430.3,316.9
2026-06-17 00:40:00,3.96,232.3,60.8,1405.7,280.0
2026-06-17 00:45:00,2.5,214.5,61.6,1446.2,358.4
2026-06-17 00:50:00,3.49,215.8,78.4,1452.9,299.1
2026-06-17 00:55:00,3.46,216.5,64.7,1443.4,318.0
2026-06-17 01:00:00,3.32,217.4,68.0,1440.2,347.3
2026-06-17 01:05:00,4.19,209.0,67.0,1441.8,332.0
2026-06-17 01:10:00,3.15,206.2,77.1,1426.4,393.7
2026-06-17 01:15:00,3.81,212.0,60.7,1432.9,302.3
2026-06-17 01:20:00,3.64,223.9,65.3,1440.3,396.0
2026-06-17 01:25:00,4.0,223.5,66.2,1453.2,374.5
2026-06-17 01:30:00,3.23,207.1,73.7,1460.1,362.7
2026-06-17 01:35:00,3.21,219.2,77.1,1438.4,376.0
2026-06-17 01:40:00,3.94,207.7,68.4,1423.9,350.1
2026-06-17 01:45:00,3.67,210.4,74.9,1440.6,297.4
2026-06-17 01:50:00,2.88,204.3,65.6,1469.0,352.9
2026-06-17 01:55:00,3.28,207.8,63.3,1425.2,303.0
2026-06-17 02:00:00,3.65,226.1,76.8,1456.5,326.8
2026-06-17 02:05:00,3.84,211.1,69.1,1460.3,338.0
2026-06-17 02:10:00,3.23,211.6,59.4,1434.9,317.2
2026-06-17 02:15:00,2.5,192.6,70.4,1426.0,363.7
2026-06-17 02:20:00,3.71,206.3,62.8,1447.9,334.7
2026-06-17 02:25:00,3.01,207.1,61.9,1444.7,350.2
2026-06-17 02:30:00,2.69,200.1,70.7,1448.4,339.8
2026-06-17 02:35:00,2.5,210.3,64.3,1471.2,343.2
2026-06-17 02:40:00,3.83,204.8,67.3,1441.5,317.8
2026-06-17 02:45:00,3.55,211.0,70.4,1422.3,310.6
2026-06-17 02:50:00,3.41,211.5,59.0,1441.3,336.2
2026-06-17 02:55:00,4.06,198.5,66.4,1441.3,315.8
2026-06-17 03:00:00,3.75,205.2,75.1,1458.1,374.8
2026-06-17 03:05:00,4.15,210.9,57.5,1437.2,305.6
2026-06-17 03:10:00,2.94,224.2,70.7,1436.7,398.4
2026-06-17 03:15:00,3.49,213.1,58.8,1420.0,347.6
2026-06-17 03:20:00,2.85,202.1,72.0,1446.6,341.7
2026-06-17 03:25:00,3.41,214.8,73.8,1491.2,326.5
2026-06-17 03:30:00,3.4,230.5,65.2,1440.8,356.4
2026-06-17 03:35:00,3.75,221.0,84.3,1449.0,334.9
2026-06-17 03:40:00,3.52,216.6,74.8,1433.1,347.5
2026-06-17 03:45:00,3.75,218.7,72.0,1422.5,361.0
2026-06-17 03:50:00,3.78,227.3,72.8,1450.0,356.7
2026-06-17 03:55:00,4.36,222.9,74.8,1443.0,371.0
2026-06-17 04:00:00,3.37,216.8,58.1,1405.6,353.4
2026-06-17 04:05:00,3.12,222.8,68.5,1466.7,316.2
2026-06-17 04:10:00,3.6,197.0,66.1,1443.6,288.0
2026-06-17 04:15:00,3.18,192.0,59.1,1437.5,345.3
2026-06-17 04:20:00,4.09,211.9,69.0,1434.0,345.6
2026-06-17 04:25:00,3.39,210.8,75.0,1446.2,388.1
2026-06-17 04:30:00,3.27,203.5,60.6,1445.5,337.1
2026-06-17 04:35:00,3.31,219.9,66.1,1448.0,349.4
2026-06-17 04:40:00,3.79,187.6,55.1,1451.5,359.4
2026-06-17 04:45:00,3.44,203.6,49.7,1458.1,352.8
2026-06-17 04:50:00,3.24,204.2,70.4,1468.9,361.1
2026-06-17 04:55:00,4.17,190.4,61.8,1423.5,319.5
2026-06-17 05:00:00,3.16,227.9,68.1,1435.0,315.6
2026-06-17 05:05:00,3.51,193.7,54.7,1442.2,333.0
2026-06-17 05:10:00,3.76,202.9,62.5,1426.9,285.6
2026-06-17 05:15:00,2.85,220.9,75.4,1432.9,339.0
2026-06-17 05:20:00,3.69,217.8,66.2,1448.7,323.5
2026-06-17 05:25:00,3.08,196.7,63.2,1450.9,348.1
2026-06-17 05:30:00,3.83,218.2,67.9,1460.8,333.4
2026-06-17 05:35:00,3.11,213.5,55.6,1437.8,314.6
2026-06-17 05:40:00,3.78,238.0,74.2,1452.5,372.8
2026-06-17 05:45:00,3.94,214.8,55.7,1444.6,342.1
2026-06-17 05:50:00,3.84,208.3,57.2,1439.9,361.6
2026-06-17 05:55:00,3.6,199.7,55.1,1425.7,344.6
2026-06-17 06:00:00,3.41,201.1,62.3,1424.1,351.6
2026-06-17 06:05:00,3.27,200.1,60.7,1448.0,306.0
2026-06-17 06:10:00,4.09,226.5,67.5,1430.8,372.0
2026-06-17 06:15:00,3.22,210.2,57.8,1413.4,362.0
2026-06-17 06:20:00,3.09,216.8,74.1,1440.9,339.5
2026-06-17 06:25:00,3.77,228.2,74.4,1465.5,347.2
2026-06-17 06:30:00,3.18,181.7,59.4,1392.4,365.1
2026-06-17 06:35:00,3.12,225.3,63.5,1438.7,330.7
2026-06-17 06:40:00,2.92,210.7,60.5,1450.3,300.4
2026-06-17 06:45:00,3.31,215.2,63.3,1413.7,331.2
2026-06-17 06:50:00,3.47,200.1,52.3,1434.8,343.8
2026-06-17 06:55:00,3.6,200.9,56.0,1421.1,339.2
2026-06-17 07:00:00,3.88,215.9,72.8,1426.1,372.9
2026-06-17 07:05:00,3.71,238.6,71.7,1439.7,316.0
2026-06-17 07:10:00,3.42,222.0,79.9,1425.6,319.2
2026-06-17 07:15:00,3.42,225.2,64.9,1424.9,313.5
2026-06-17 07:20:00,3.7,207.7,61.8,1438.7,350.7
2026-06-17 07:25:00,4.01,202.8,60.7,1472.0,301.8
2026-06-17 07:30:00,3.55,200.6,61.0,1449.5,358.6
2026-06-17 07:35:00,3.31,204.1,58.8,1454.0,316.7
2026-06-17 07:40:00,3.1,185.4,63.5,1447.0,320.7
2026-06-17 07:45:00,2.92,201.3,63.9,1427.8,384.3
2026-06-17 07:50:00,3.77,203.3,59.9,1443.3,370.8
2026-06-17 07:55:00,3.73,207.9,74.7,1456.0,343.0
2026-06-17 08:00:00,3.73,211.6,80.4,1452.7,307.2
2026-06-17 08:05:00,3.45,214.3,75.0,1443.8,390.4
2026-06-17 08:10:00,4.06,209.8,69.4,1447.8,335.1
2026-06-17 08:15:00,3.31,203.0,70.0,1475.5,346.2
2026-06-17 08:20:00,3.88,186.4,76.3,1447.9,362.8
2026-06-17 08:25:00,3.48,203.1,70.0,1433.9,290.9
2026-06-17 08:30:00,3.26,198.3,58.6,1436.6,324.0
2026-06-17 08:35:00,3.74,215.6,69.0,1425.3,338.3
2026-06-17 08:40:00,3.66,220.9,71.6,1477.4,343.3
2026-06-17 08:45:00,3.64,221.3,58.7,1466.3,307.4
2026-06-17 08:50:00,3.53,219.1,64.1,1443.1,348.2
2026-06-17 08:55:00,3.48,208.4,73.6,1472.4,340.8
2026-06-17 09:00:00,4.46,203.7,49.5,1448.2,381.7
2026-06-17 09:05:00,3.97,201.0,53.7,1431.7,365.0
2026-06-17 09:10:00,3.79,191.9,60.9,1450.0,333.3
2026-06-17 09:15:00,3.54,221.9,69.6,1448.4,335.1
2026-06-17 09:20:00,3.9,207.9,53.8,1452.1,365.4
2026-06-17 09:25:00,3.71,195.0,61.7,1416.5,347.1
2026-06-17 09:30:00,3.51,200.1,72.7,1425.9,305.7
2026-06-17 09:35:00,3.38,199.6,64.0,1460.2,392.3
2026-06-17 09:40:00,3.47,210.5,72.6,1465.5,315.3
2026-06-17 09:45:00,2.5,222.8,62.2,1463.8,402.0
2026-06-17 09:50:00,3.58,205.8,57.9,1472.4,350.7
2026-06-17 09:55:00,3.3,183.0,67.7,1443.3,324.1
2026-06-17 10:00:00,4.14,207.7,67.6,1447.2,280.8
2026-06-17 10:05:00,3.51,208.1,55.2,1425.9,359.4
2026-06-17 10:10:00,3.02,207.3,58.2,1430.8,301.2
2026-06-17 10:15:00,3.48,202.5,76.4,1408.7,348.9
2026-06-17 10:20:00,3.08,212.6,58.0,1435.7,388.3
2026-06-17 10:25:00,3.69,210.8,72.6,1409.3,311.6
2026-06-17 10:30:00,3.62,209.7,61.1,1456.2,358.5
2026-06-17 10:35:00,3.88,215.0,65.7,1446.8,319.7
2026-06-17 10:40:00,3.18,204.8,66.6,1408.6,368.3
2026-06-17 10:45:00,3.51,204.2,47.3,1436.0,341.6
2026-06-17 10:50:00,2.95,226.6,55.8,1472.8,339.5
2026-06-17 10:55:00,3.78,216.7,66.7,1439.5,370.2
2026-06-17 11:00:00,3.71,219.9,60.7,1427.0,355.6
2026-06-17 11:05:00,3.7,224.7,75.2,1416.2,319.9
2026-06-17 11:10:00,3.5,216.3,53.1,1414.9,384.7
2026-06-17 11:15:00,3.67,221.1,71.2,1450.3,301.6
2026-06-17 11:20:00,4.14,191.0,51.1,1429.7,346.9
2026-06-17 11:25:00,3.39,212.4,62.6,1435.2,319.4
2026-06-17 11:30:00,3.56,207.8,56.2,1433.1,302.8
2026-06-17 11:35:00,3.07,230.1,83.2,1441.9,311.6
2026-06-17 11:40:00,3.15,221.1,56.0,1423.8,338.8
2026-06-17 11:45:00,3.54,202.4,62.9,1443.2,348.7
2026-06-17 11:50:00,3.94,214.5,51.9,1419.6,366.5
2026-06-17 11:55:00,3.4,212.0,78.1,1429.1,376.9
2026-06-17 12:00:00,3.41,215.5,69.0,1456.3,346.9
2026-06-17 12:05:00,3.34,197.8,64.3,1443.2,328.9
2026-06-17 12:10:00,3.29,214.3,77.4,1451.1,366.0
2026-06-17 12:15:00,3.62,207.3,65.8,1471.7,324.6
2026-06-17 12:20:00,2.9,213.4,67.3,1439.8,300.1
2026-06-17 12:25:00,4.01,201.3,64.7,1438.6,363.5
2026-06-17 12:30:00,3.23,203.0,68.5,1434.6,373.1
2026-06-17 12:35:00,3.79,224.1,63.2,1436.2,319.5
2026-06-17 12:40:00,2.99,197.4,61.4,1422.3,389.0
2026-06-17 12:45:00,3.77,198.3,69.7,1438.9,354.6
2026-06-17 12:50:00,3.77,209.4,67.1,1445.2,350.8
2026-06-17 12:55:00,3.65,200.7,62.7,1444.3,327.1
2026-06-17 13:00:00,3.1,199.4,52.2,1438.8,365.4
2026-06-17 13:05:00,3.6,211.3,77.2,1454.1,301.9
2026-06-17 13:10:00,3.03,191.9,57.0,1436.8,331.5
2026-06-17 13:15:00,3.4,197.9,71.1,1431.4,321.7
2026-06-17 13:20:00,3.91,234.6,70.1,1431.0,307.3
2026-06-17 13:25:00,3.82,215.5,55.5,1417.9,361.6
2026-06-17 13:30:00,3.51,201.0,73.7,1460.1,348.5
2026-06-17 13:35:00,3.11,215.0,67.8,1430.5,360.1
2026-06-17 13:40:00,3.76,216.8,76.7,1427.5,333.0
2026-06-17 13:45:00,3.51,221.9,65.3,1436.1,364.6
2026-06-17 13:50:00,2.57,208.5,70.4,1435.5,341.9
2026-06-17 13:55:00,3.81,221.7,52.7,1466.9,328.2
2026-06-17 14:00:00,3.49,185.5,57.3,1430.2,324.0
2026-06-17 14:05:00,3.98,197.3,52.9,1477.0,290.4
2026-06-17 14:10:00,3.06,212.0,62.3,1441.3,369.1
2026-06-17 14:15:00,2.5,214.0,69.4,1471.6,366.3
2026-06-17 14:20:00,3.61,199.1,58.5,1451.2,413.2
2026-06-17 14:25:00,3.62,213.1,72.4,1446.0,331.6
2026-06-17 14:30:00,2.82,202.5,57.0,1462.2,323.3
2026-06-17 14:35:00,3.11,206.7,71.6,1456.2,297.5
2026-06-17 14:40:00,4.5,222.3,77.3,1452.0,364.0
2026-06-17 14:45:00,3.38,220.9,74.7,1476.9,358.2
2026-06-17 14:50:00,3.79,198.0,60.5,1430.1,378.8
2026-06-17 14:55:00,3.24,197.3,46.1,1422.5,317.1
2026-06-17 15:00:00,2.66,205.1,68.9,1428.9,357.9
2026-06-17 15:05:00,3.43,209.7,63.9,1466.2,326.9
2026-06-17 15:10:00,3.39,202.1,56.0,1460.2,373.6
2026-06-17 15:15:00,3.34,222.5,62.4,1434.6,353.4
2026-06-17 15:20:00,3.45,214.2,77.1,1405.5,301.1
2026-06-17 15:25:00,3.61,214.9,56.6,1437.9,336.7
2026-06-17 15:30:00,3.44,194.8,66.5,1421.8,291.3
2026-06-17 15:35:00,2.99,224.0,68.8,1435.4,310.9
2026-06-17 15:40:00,3.69,176.2,57.1,1417.4,312.4
2026-06-17 15:45:00,2.72,220.0,71.7,1417.9,324.0
2026-06-17 15:50:00,2.68,221.2,79.7,1470.5,333.4
2026-06-17 15:55:00,3.8,204.8,61.9,1428.7,344.1
2026-06-17 16:00:00,3.7,225.3,65.3,1464.2,342.9
2026-06-17 16:05:00,3.48,209.2,69.9,1436.5,339.4
2026-06-17 16:10:00,2.94,210.7,72.5,1423.2,348.3
2026-06-17 16:15:00,3.22,214.1,64.6,1448.5,308.8
2026-06-17 16:20:00,3.39,248.2,68.3,1441.8,341.8
2026-06-17 16:25:00,2.86,226.1,49.7,1440.1,375.9
2026-06-17 16:30:00,3.2,218.4,60.0,1443.9,335.9
2026-06-17 16:35:00,3.76,199.0,54.2,1425.6,352.4
2026-06-17 16:40:00,4.07,211.7,70.7,1416.0,350.0
2026-06-17 16:45:00,3.33,200.2,61.6,1437.3,361.6
2026-06-17 16:50:00,3.8,219.9,64.2,1456.4,347.2
2026-06-17 16:55:00,2.73,211.7,65.2,1426.8,361.1
2026-06-17 17:00:00,3.76,196.5,56.0,1439.6,352.7
2026-06-17 17:05:00,3.18,211.0,77.6,1462.8,356.4
2026-06-17 17:10:00,3.62,199.8,73.9,1436.6,351.1
2026-06-17 17:15:00,3.4,211.8,78.2,1441.7,314.8
2026-06-17 17:20:00,4.03,199.7,68.9,1438.8,310.7
2026-06-17 17:25:00,3.15,210.3,64.8,1429.8,331.2
2026-06-17 17:30:00,3.75,219.0,79.3,1426.9,378.8
2026-06-17 17:35:00,3.39,209.4,59.5,1425.0,335.7
2026-06-17 17:40:00,3.44,205.3,57.3,1444.6,347.7
2026-06-17 17:45:00,3.43,212.4,60.6,1451.9,290.8
2026-06-17 17:50:00,3.16,218.4,70.4,1453.7,344.8
2026-06-17 17:55:00,3.49,196.7,56.9,1431.7,342.1
2026-06-17 18:00:00,3.47,213.1,64.2,1457.0,280.0
2026-06-17 18:05:00,3.6,225.8,54.6,1447.8,347.3
2026-06-17 18:10:00,3.53,216.9,69.9,1442.4,298.7
2026-06-17 18:15:00,3.82,210.7,53.0,1390.0,321.9
2026-06-17 18:20:00,3.87,217.7,58.7,1429.3,364.9
2026-06-17 18:25:00,3.08,215.4,75.6,1418.3,343.9
2026-06-17 18:30:00,3.85,219.0,75.8,1451.2,328.8
2026-06-17 18:35:00,3.03,185.7,64.4,1436.6,326.6
2026-06-17 18:40:00,3.74,191.4,64.4,1420.2,329.6
2026-06-17 18:45:00,3.75,222.1,62.6,1447.0,344.0
2026-06-17 18:50:00,2.74,191.9,56.1,1415.0,310.0
2026-06-17 18:55:00,3.54,214.8,62.8,1425.3,368.1
2026-06-17 19:00:00,3.31,205.8,52.3,1428.5,311.3
2026-06-17 19:05:00,3.2,198.0,65.2,1445.7,296.8
2026-06-17 19:10:00,4.04,214.2,66.0,1461.8,364.8
2026-06-17 19:15:00,3.24,212.4,57.9,1431.7,329.1
2026-06-17 19:20:00,3.18,235.3,81.3,1464.9,341.8
2026-06-17 19:25:00,3.53,202.5,68.7,1439.2,356.4
2026-06-17 19:30:00,3.77,227.3,73.1,1447.0,322.0
2026-06-17 19:35:00,3.44,214.2,61.7,1439.9,343.4
2026-06-17 19:40:00,3.97,202.1,63.8,1435.5,356.2
2026-06-17 19:45:00,3.71,219.6,71.5,1448.5,381.1
2026-06-17 19:50:00,2.63,216.8,67.2,1452.5,327.2
2026-06-17 19:55:00,3.29,210.4,77.9,1426.8,328.4
2026-06-17 20:00:00,3.28,213.2,63.8,1437.8,354.1
2026-06-17 20:05:00,3.69,202.8,59.9,1463.6,345.2
2026-06-17 20:10:00,2.5,200.1,68.6,1440.7,336.6
2026-06-17 20:15:00,4.5,219.1,56.2,1446.1,379.8
2026-06-17 20:20:00,3.71,207.3,72.0,1457.0,297.9
2026-06-17 20:25:00,3.56,209.0,54.5,1432.3,304.5
2026-06-17 20:30:00,3.97,213.4,70.6,1440.2,298.2
2026-06-17 20:35:00,4.44,213.2,60.3,1452.9,370.0
2026-06-17 20:40:00,3.85,192.8,66.2,1455.2,352.9
2026-06-17 20:45:00,3.88,225.4,74.6,1407.6,305.7
2026-06-17 20:50:00,3.55,211.5,66.4,1429.2,336.9
2026-06-17 20:55:00,3.44,207.6,55.0,1424.5,339.3
2026-06-17 21:00:00,3.31,215.2,58.6,1439.2,284.8
2026-06-17 21:05:00,3.17,212.8,59.6,1426.7,344.7
2026-06-17 21:10:00,3.23,219.2,51.2,1451.8,310.6
2026-06-17 21:15:00,2.96,216.5,75.0,1443.9,357.7
2026-06-17 21:20:00,3.47,218.6,67.2,1455.1,311.3
2026-06-17 21:25:00,2.83,226.2,58.3,1457.5,345.5
2026-06-17 21:30:00,3.58,220.6,78.2,1452.3,372.4
2026-06-17 21:35:00,3.49,208.1,59.1,1434.6,364.4
2026-06-17 21:40:00,3.56,196.5,65.0,1438.9,352.7
2026-06-17 21:45:00,3.29,230.0,61.4,1437.1,338.0
2026-06-17 21:50:00,4.5,207.1,48.4,1419.0,302.5
2026-06-17 21:55:00,4.04,204.3,53.2,1453.2,329.0
2026-06-17 22:00:00,3.0,189.2,58.3,1434.6,334.3
2026-06-17 22:05:00,3.59,214.1,72.8,1418.3,332.6
2026-06-17 22:10:00,3.26,211.8,68.0,1448.4,301.7
2026-06-17 22:15:00,3.09,191.8,63.4,1433.0,350.9
2026-06-17 22:20:00,2.96,215.4,49.7,1410.2,310.5
2026-06-17 22:25:00,3.67,204.0,74.3,1418.2,378.7
2026-06-17 22:30:00,3.23,242.3,71.6,1435.9,343.7
2026-06-17 22:35:00,3.89,203.2,63.0,1441.8,364.5
2026-06-17 22:40:00,3.9,204.8,73.3,1450.8,364.0
2026-06-17 22:45:00,4.05,199.5,73.4,1449.2,391.9
2026-06-17 22:50:00,3.16,225.3,76.5,1452.1,344.5
2026-06-17 22:55:00,3.69,205.5,62.4,1438.6,330.2
2026-06-17 23:00:00,3.75,201.3,55.7,1464.1,330.7
2026-06-17 23:05:00,3.31,218.5,74.2,1452.2,377.4
2026-06-17 23:10:00,3.19,193.4,51.6,1440.0,307.0
2026-06-17 23:15:00,4.14,217.5,81.7,1450.0,318.0
2026-06-17 23:20:00,3.59,231.4,68.4,1438.3,345.9
2026-06-17 23:25:00,3.75,216.8,57.5,1440.5,336.2
2026-06-17 23:30:00,3.17,217.7,56.3,1410.3,364.2
2026-06-17 23:35:00,3.01,220.4,56.3,1436.3,306.5
2026-06-17 23:40:00,3.27,230.5,69.2,1470.5,338.3
2026-06-17 23:45:00,3.45,224.5,67.1,1445.1,335.3
2026-06-17 23:50:00,3.07,215.3,55.9,1442.7,313.2
2026-06-17 23:55:00,3.5,220.8,63.8,1457.1,362.0
2026-06-18 00:00:00,2.82,199.4,52.5,1443.2,337.7
2026-06-18 00:05:00,3.05,219.3,71.1,1430.1,336.6
2026-06-18 00:10:00,3.77,197.9,62.8,1437.9,319.4
2026-06-18 00:15:00,3.74,205.6,61.3,1422.1,330.8
2026-06-18 00:20:00,3.34,173.0,49.1,1435.4,314.5
2026-06-18 00:25:00,3.09,214.8,63.3,1428.4,361.6
2026-06-18 00:30:00,3.09,202.3,60.5,1452.4,365.8
2026-06-18 00:35:00,3.35,223.3,69.5,1435.0,382.0
2026-06-18 00:40:00,3.76,214.7,67.0,1428.6,350.9
2026-06-18 00:45:00,3.87,223.5,73.4,1441.0,331.5
2026-06-18 00:50:00,3.3,197.0,59.2,1442.9,328.3
2026-06-18 00:55:00,3.04,222.5,52.0,1424.4,352.3
2026-06-18 01:00:00,3.61,235.3,76.7,1437.2,345.0
2026-06-18 01:05:00,3.17,219.2,58.9,1443.4,335.6
2026-06-18 01:10:00,3.29,219.5,57.6,1462.0,333.4
2026-06-18 01:15:00,4.03,212.0,65.0,1402.5,369.3
2026-06-18 01:20:00,3.83,203.7,66.5,1448.0,329.2
2026-06-18 01:25:00,3.56,219.1,62.1,1436.1,373.7
2026-06-18 01:30:00,2.99,191.9,58.0,1429.0,344.6
2026-06-18 01:35:00,3.58,205.0,61.1,1428.8,330.8
2026-06-18 01:40:00,3.93,188.7,73.1,1430.3,320.4
2026-06-18 01:45:00,3.35,201.6,63.7,1447.6,336.1
2026-06-18 01:50:00,4.04,217.7,58.4,1433.5,352.6
2026-06-18 01:55:00,4.02,216.1,58.2,1466.1,330.6
2026-06-18 02:00:00,4.17,210.6,63.1,1449.5,361.3
2026-06-18 02:05:00,3.62,212.0,67.2,1443.4,329.3
2026-06-18 02:10:00,3.73,187.4,65.5,1433.0,336.9
2026-06-18 02:15:00,4.07,205.5,65.3,1457.0,307.8
2026-06-18 02:20:00,3.68,201.8,57.0,1458.4,354.0
2026-06-18 02:25:00,3.3,202.1,60.4,1421.0,333.3
2026-06-18 02:30:00,3.32,217.2,72.0,1430.9,379.5
2026-06-18 02:35:00,3.6,199.7,54.3,1447.5,357.6
2026-06-18 02:40:00,2.98,202.7,60.2,1452.6,342.1
2026-06-18 02:45:00,3.44,185.0,66.0,1430.5,370.6
2026-06-18 02:50:00,3.94,206.5,71.5,1428.2,350.1
2026-06-18 02:55:00,2.62,196.9,61.5,1438.6,365.2
2026-06-18 03:00:00,4.11,211.0,61.9,1462.3,318.4
2026-06-18 03:05:00,3.95,198.6,52.7,1438.3,351.5
2026-06-18 03:10:00,3.32,211.3,69.4,1421.3,352.6
2026-06-18 03:15:00,3.72,208.3,75.3,1441.3,301.4
2026-06-18 03:20:00,3.5,230.1,88.5,1455.8,377.7
2026-06-18 03:25:00,3.99,216.0,69.0,1439.7,311.0
2026-06-18 03:30:00,3.89,187.9,61.3,1454.5,307.5
2026-06-18 03:35:00,2.94,194.8,55.4,1450.0,280.0
2026-06-18 03:40:00,3.73,210.7,50.1,1439.2,351.8
2026-06-18 03:45:00,3.42,198.8,64.7,1438.4,298.9
2026-06-18 03:50:00,3.53,174.4,78.5,1405.2,327.1
2026-06-18 03:55:00,3.21,226.2,77.6,1461.4,360.9
2026-06-18 04:00:00,4.2,218.6,75.2,1436.8,344.8
2026-06-18 04:05:00,3.92,216.3,67.9,1435.3,324.4
2026-06-18 04:10:00,3.2,202.7,66.8,1430.3,300.2
2026-06-18 04:15:00,2.97,215.1,46.4,1447.9,337.3
2026-06-18 04:20:00,3.35,201.5,69.8,1421.4,361.4
2026-06-18 04:25:00,3.67,212.5,60.7,1425.7,357.5
2026-06-18 04:30:00,3.6,199.0,57.7,1437.0,384.7
2026-06-18 04:35:00,4.0,228.2,65.1,1434.2,323.7
2026-06-18 04:40:00,3.82,191.2,59.3,1441.3,307.1
2026-06-18 04:45:00,3.89,224.8,61.5,1434.1,347.7
2026-06-18 04:50:00,3.63,210.5,65.2,1464.0,345.3
2026-06-18 04:55:00,2.94,204.1,59.7,1449.2,339.9
2026-06-18 05:00:00,3.42,212.0,66.1,1450.6,321.3
2026-06-18 05:05:00,3.92,218.8,54.4,1432.7,280.0
2026-06-18 05:10:00,3.48,226.4,65.7,1479.4,314.8
2026-06-18 05:15:00,3.7,213.8,56.8,1434.2,353.9
2026-06-18 05:20:00,3.37,199.3,58.3,1427.2,347.1
2026-06-18 05:25:00,3.09,210.7,66.2,1450.7,364.1
2026-06-18 05:30:00,3.45,231.8,55.4,1447.3,348.6
2026-06-18 05:35:00,3.62,226.2,60.8,1431.0,358.4
2026-06-18 05:40:00,3.24,220.9,71.2,1475.1,359.1
2026-06-18 05:45:00,3.41,219.5,55.1,1456.5,340.5
2026-06-18 05:50:00,3.12,218.4,80.5,1441.7,340.7
2026-06-18 05:55:00,3.95,223.9,76.7,1478.8,280.0
2026-06-18 06:00:00,3.38,204.5,60.2,1451.1,323.6
2026-06-18 06:05:00,4.08,193.7,56.3,1436.6,324.7
2026-06-18 06:10:00,4.11,210.8,66.7,1474.4,337.3
2026-06-18 06:15:00,3.47,200.2,51.9,1447.9,316.7
2026-06-18 06:20:00,3.1,197.3,47.1,1446.7,363.4
2026-06-18 06:25:00,2.67,201.4,60.0,1432.5,318.0
2026-06-18 06:30:00,2.91,239.8,68.4,1446.7,367.6
2026-06-18 06:35:00,2.95,211.6,66.0,1434.2,316.0
2026-06-18 06:40:00,4.05,214.3,60.7,1462.5,324.9
2026-06-18 06:45:00,3.55,195.3,73.0,1412.9,323.0
2026-06-18 06:50:00,3.66,187.9,49.7,1456.1,327.6
2026-06-18 06:55:00,2.61,200.2,54.4,1424.9,369.5
2026-06-18 07:00:00,3.02,227.3,71.5,1442.6,331.8
2026-06-18 07:05:00,3.85,214.0,56.3,1436.4,332.5
2026-06-18 07:10:00,3.61,217.2,56.5,1433.6,321.5
2026-06-18 07:15:00,3.44,218.9,67.3,1452.1,333.5
2026-06-18 07:20:00,3.73,202.9,55.5,1438.5,345.4
2026-06-18 07:25:00,4.15,226.7,66.4,1433.3,334.6
2026-06-18 07:30:00,3.41,202.4,58.3,1440.8,336.2
2026-06-18 07:35:00,3.53,226.9,60.6,1432.9,365.4
2026-06-18 07:40:00,3.58,215.3,49.0,1433.0,346.8
2026-06-18 07:45:00,4.46,188.5,62.9,1413.2,311.2
2026-06-18 07:50:00,2.66,201.0,53.7,1431.5,337.9
2026-06-18 07:55:00,3.77,188.6,60.4,1443.1,326.5
2026-06-18 08:00:00,3.45,224.0,63.0,1443.3,353.0
2026-06-18 08:05:00,3.73,209.7,63.3,1467.2,342.6
2026-06-18 08:10:00,3.24,183.3,59.8,1473.8,368.3
2026-06-18 08:15:00,3.48,214.5,67.2,1433.9,321.5
2026-06-18 08:20:00,3.78,203.6,58.2,1426.2,335.2
2026-06-18 08:25:00,4.5,192.2,72.3,1453.4,313.4
2026-06-18 08:30:00,3.82,230.1,53.2,1449.1,339.0
2026-06-18 08:35:00,3.16,211.3,63.4,1457.3,301.6
2026-06-18 08:40:00,3.33,206.5,71.2,1445.3,348.0
2026-06-18 08:45:00,3.32,205.2,68.1,1436.1,338.6
2026-06-18 08:50:00,2.78,191.8,54.5,1433.5,343.9
2026-06-18 08:55:00,3.37,194.3,56.2,1443.4,359.7
2026-06-18 09:00:00,3.79,225.4,59.3,1439.9,345.6
2026-06-18 09:05:00,2.99,204.3,68.9,1457.2,308.1
2026-06-18 09:10:00,3.92,210.3,59.1,1420.5,326.1
2026-06-18 09:15:00,3.7,185.5,63.4,1453.3,338.0
2026-06-18 09:20:00,3.21,194.2,64.7,1408.7,331.8
2026-06-18 09:25:00,3.44,217.3,85.0,1443.6,334.9
2026-06-18 09:30:00,4.14,214.5,68.2,1435.9,380.5
2026-06-18 09:35:00,3.79,231.0,61.7,1421.5,342.5
2026-06-18 09:40:00,3.5,226.1,55.7,1412.3,349.6
2026-06-18 09:45:00,3.4,207.2,62.4,1423.0,289.8
2026-06-18 09:50:00,3.53,215.7,64.9,1441.8,358.7
2026-06-18 09:55:00,3.3,206.2,46.7,1430.2,411.3
2026-06-18 10:00:00,2.66,234.7,63.0,1429.3,373.6
2026-06-18 10:05:00,4.32,223.8,69.4,1463.0,329.0
2026-06-18 10:10:00,3.56,212.0,61.0,1421.9,397.0
2026-06-18 10:15:00,3.66,212.4,73.1,1450.7,340.7
2026-06-18 10:20:00,3.48,227.3,55.1,1430.1,347.7
2026-06-18 10:25:00,3.21,217.0,71.5,1424.5,333.3
2026-06-18 10:30:00,3.43,228.7,75.1,1434.7,332.7
2026-06-18 10:35:00,2.86,183.7,68.7,1444.0,283.8
2026-06-18 10:40:00,4.41,215.5,53.3,1420.5,359.7
2026-06-18 10:45:00,3.01,203.8,66.6,1443.1,332.6
2026-06-18 10:50:00,3.09,231.1,62.8,1429.8,335.3
2026-06-18 10:55:00,3.32,228.6,56.5,1432.0,346.8
2026-06-18 11:00:00,4.02,210.4,61.7,1446.1,329.6
2026-06-18 11:05:00,3.51,228.4,60.5,1476.3,346.6
2026-06-18 11:10:00,3.01,231.4,75.6,1430.6,370.1
2026-06-18 11:15:00,4.0,210.9,69.2,1451.0,350.1
2026-06-18 11:20:00,3.79,239.7,60.2,1441.2,336.2
2026-06-18 11:25:00,3.72,209.6,59.1,1432.8,336.9
2026-06-18 11:30:00,3.79,207.4,61.6,1455.6,345.0
2026-06-18 11:35:00,4.46,220.4,66.0,1429.4,319.2
2026-06-18 11:40:00,4.37,205.8,72.4,1421.8,345.2
2026-06-18 11:45:00,3.23,211.0,70.7,1447.1,357.1
2026-06-18 11:50:00,4.15,226.9,67.9,1467.3,342.2
2026-06-18 11:55:00,3.65,210.2,62.9,1451.3,329.4
2026-06-18 12:00:00,3.7,189.7,47.8,1414.8,332.8
2026-06-18 12:05:00,2.82,214.4,76.0,1431.7,356.3
2026-06-18 12:10:00,3.43,201.6,60.2,1453.0,312.5
2026-06-18 12:15:00,3.17,220.4,79.0,1465.8,319.6
2026-06-18 12:20:00,3.83,218.4,67.8,1445.1,299.8
2026-06-18 12:25:00,3.93,227.7,83.9,1434.8,340.8
2026-06-18 12:30:00,2.67,220.9,71.5,1466.9,361.5
2026-06-18 12:35:00,3.49,223.1,55.5,1441.5,373.3
2026-06-18 12:40:00,3.95,202.0,58.9,1429.3,378.7
2026-06-18 12:45:00,3.43,219.6,65.1,1430.3,322.7
2026-06-18 12:50:00,3.79,233.6,61.6,1426.8,346.3
2026-06-18 12:55:00,3.64,201.7,60.7,1480.9,329.9
2026-06-18 13:00:00,3.64,231.6,57.3,1465.6,381.2
2026-06-18 13:05:00,3.39,203.4,64.1,1428.8,372.6
2026-06-18 13:10:00,3.01,199.8,65.4,1463.9,344.2
2026-06-18 13:15:00,3.05,213.6,57.5,1448.7,324.5
2026-06-18 13:20:00,3.78,218.6,81.8,1448.8,280.0
2026-06-18 13:25:00,3.51,220.9,67.1,1431.4,304.2
2026-06-18 13:30:00,3.44,198.5,56.7,1430.0,293.7
2026-06-18 13:35:00,3.33,215.2,52.7,1440.4,303.8
2026-06-18 13:40:00,3.38,201.8,64.2,1408.9,387.0
2026-06-18 13:45:00,3.92,192.1,60.2,1429.1,307.6
2026-06-18 13:50:00,3.37,198.9,69.6,1437.8,313.5
2026-06-18 13:55:00,2.96,201.0,62.5,1457.8,317.0
2026-06-18 14:00:00,3.8,216.3,56.4,1432.0,405.0
2026-06-18 14:05:00,3.42,223.8,80.4,1454.9,338.4
2026-06-18 14:10:00,3.51,192.3,65.8,1405.6,364.9
2026-06-18 14:15:00,4.14,214.2,63.6,1458.4,344.4
2026-06-18 14:20:00,3.49,195.9,64.2,1423.7,290.4
2026-06-18 14:25:00,3.62,217.5,69.9,1443.5,378.3
2026-06-18 14:30:00,3.03,202.5,52.4,1444.6,350.0
2026-06-18 14:35:00,3.41,197.4,64.4,1440.6,337.0
2026-06-18 14:40:00,3.74,219.6,62.8,1440.3,384.0
2026-06-18 14:45:00,2.88,203.0,68.0,1420.0,331.3
2026-06-18 14:50:00,3.58,206.2,58.5,1425.9,336.4
2026-06-18 14:55:00,3.54,183.4,56.2,1449.6,331.4
2026-06-18 15:00:00,3.52,221.4,80.0,1433.3,366.9
2026-06-18 15:05:00,3.91,219.9,76.3,1440.4,360.3
2026-06-18 15:10:00,3.63,210.1,40.0,1417.6,347.0
2026-06-18 15:15:00,4.09,191.7,71.5,1449.2,313.7
2026-06-18 15:20:00,3.1,224.5,66.6,1423.1,330.7
2026-06-18 15:25:00,3.55,202.0,58.1,1452.1,313.7
2026-06-18 15:30:00,3.53,204.6,56.1,1423.0,369.0
2026-06-18 15:35:00,3.07,237.7,61.6,1460.8,300.6
2026-06-18 15:40:00,3.88,201.6,58.3,1438.5,379.9
2026-06-18 15:45:00,4.43,218.9,57.3,1433.4,372.2
2026-06-18 15:50:00,3.49,216.7,55.2,1465.4,317.0
2026-06-18 15:55:00,3.7,214.7,57.4,1439.9,329.6
2026-06-18 16:00:00,3.53,213.4,68.1,1435.2,322.2
2026-06-18 16:05:00,3.21,214.5,66.1,1454.5,350.8
2026-06-18 16:10:00,2.77,213.3,69.9,1418.4,375.3
2026-06-18 16:15:00,3.22,209.4,64.4,1402.0,369.6
2026-06-18 16:20:00,2.94,228.1,57.3,1461.0,329.2
2026-06-18 16:25:00,4.18,194.2,66.6,1424.3,371.4
2026-06-18 16:30:00,3.45,222.3,58.8,1455.4,369.3
2026-06-18 16:35:00,3.36,219.9,71.7,1442.7,335.3
2026-06-18 16:40:00,3.86,218.4,56.9,1424.2,339.8
2026-06-18 16:45:00,3.05,223.4,61.5,1451.8,378.5
2026-06-18 16:50:00,3.19,208.9,61.9,1433.6,366.5
2026-06-18 16:55:00,3.53,187.6,67.0,1419.4,370.6
2026-06-18 17:00:00,3.91,209.1,66.3,1424.1,404.6
2026-06-18 17:05:00,3.7,198.1,63.4,1411.6,353.7
2026-06-18 17:10:00,3.6,201.2,78.8,1444.3,348.1
2026-06-18 17:15:00,3.53,195.1,48.1,1423.0,373.9
2026-06-18 17:20:00,3.66,204.3,55.8,1438.3,389.7
2026-06-18 17:25:00,3.58,202.8,55.3,1435.8,324.7
2026-06-18 17:30:00,3.09,181.5,46.6,1420.2,335.0
2026-06-18 17:35:00,3.52,218.4,60.5,1418.8,314.5
2026-06-18 17:40:00,3.07,236.6,74.5,1483.3,348.6
2026-06-18 17:45:00,3.53,217.3,61.4,1440.7,362.2
2026-06-18 17:50:00,3.31,207.6,62.0,1466.9,316.3
2026-06-18 17:55:00,4.5,209.3,51.1,1457.3,368.3
2026-06-18 18:00:00,3.48,204.9,57.9,1434.2,328.7
2026-06-18 18:05:00,2.94,211.1,61.5,1442.9,326.6
2026-06-18 18:10:00,3.45,209.6,70.1,1442.2,368.2
2026-06-18 18:15:00,3.71,199.9,50.1,1465.6,324.4
2026-06-18 18:20:00,4.17,230.2,64.4,1456.5,304.9
2026-06-18 18:25:00,3.26,192.2,71.0,1424.3,358.6
2026-06-18 18:30:00,2.87,218.6,62.7,1447.0,336.7
2026-06-18 18:35:00,3.83,208.8,47.9,1451.8,370.0
2026-06-18 18:40:00,2.95,232.8,78.7,1426.9,360.8
2026-06-18 18:45:00,3.33,214.1,71.5,1448.2,296.3
2026-06-18 18:50:00,3.4,205.7,71.3,1459.3,372.9
2026-06-18 18:55:00,3.47,207.0,50.6,1426.5,387.5
2026-06-18 19:00:00,3.78,210.5,77.2,1429.3,365.8
2026-06-18 19:05:00,3.23,196.3,56.8,1454.7,366.8
2026-06-18 19:10:00,3.39,200.8,59.5,1432.8,333.8
2026-06-18 19:15:00,3.49,188.6,56.2,1421.0,328.1
2026-06-18 19:20:00,3.56,198.9,70.9,1451.0,345.3
2026-06-18 19:25:00,3.54,211.1,63.7,1448.9,363.0
2026-06-18 19:30:00,3.67,213.6,69.4,1442.1,362.4
2026-06-18 19:35:00,3.84,186.2,62.0,1452.1,329.1
2026-06-18 19:40:00,3.66,208.4,64.0,1457.6,326.5
2026-06-18 19:45:00,3.68,216.8,58.4,1440.1,302.7
2026-06-18 19:50:00,2.87,208.0,79.2,1469.2,356.2
2026-06-18 19:55:00,3.52,202.4,52.2,1462.2,330.3
2026-06-18 20:00:00,3.69,205.1,67.6,1409.2,332.5
2026-06-18 20:05:00,3.79,203.5,67.0,1423.3,383.2
2026-06-18 20:10:00,3.22,202.4,73.1,1404.6,355.0
2026-06-18 20:15:00,3.24,212.1,76.4,1435.5,348.1
2026-06-18 20:20:00,3.27,237.7,68.1,1427.4,360.8
2026-06-18 20:25:00,3.71,201.1,67.9,1426.0,375.5
2026-06-18 20:30:00,3.91,206.2,78.5,1455.6,299.6
2026-06-18 20:35:00,3.34,209.4,64.4,1413.6,325.9
2026-06-18 20:40:00,3.86,201.8,55.2,1440.3,334.2
2026-06-18 20:45:00,3.55,223.2,63.9,1444.5,315.5
2026-06-18 20:50:00,3.45,181.5,50.3,1433.1,333.4
2026-06-18 20:55:00,3.42,203.6,67.0,1440.7,301.2
2026-06-18 21:00:00,3.8,219.8,75.0,1408.5,363.1
2026-06-18 21:05:00,3.63,206.5,63.5,1427.2,327.1
2026-06-18 21:10:00,4.41,200.1,50.6,1461.2,345.0
2026-06-18 21:15:00,3.16,215.3,74.0,1423.1,341.3
2026-06-18 21:20:00,3.71,220.9,52.4,1467.2,353.9
2026-06-18 21:25:00,3.29,212.5,53.0,1419.4,280.0
2026-06-18 21:30:00,3.15,200.4,62.1,1415.2,351.3
2026-06-18 21:35:00,3.5,215.5,67.8,1426.8,333.1
2026-06-18 21:40:00,3.55,205.2,67.7,1456.0,350.2
2026-06-18 21:45:00,4.5,218.9,65.8,1433.6,310.5
2026-06-18 21:50:00,3.43,227.8,81.8,1448.7,350.3
2026-06-18 21:55:00,3.05,178.7,60.8,1434.9,372.5
2026-06-18 22:00:00,3.61,211.3,73.5,1439.4,344.7
2026-06-18 22:05:00,2.67,189.2,68.2,1454.9,322.1
2026-06-18 22:10:00,3.46,239.3,59.1,1457.4,323.2
2026-06-18 22:15:00,3.51,204.4,62.8,1421.7,354.4
2026-06-18 22:20:00,3.82,219.0,83.3,1437.7,354.2
2026-06-18 22:25:00,3.89,209.6,60.9,1466.1,348.9
2026-06-18 22:30:00,3.3,200.4,58.2,1442.9,339.1
2026-06-18 22:35:00,3.44,198.9,64.7,1415.2,345.1
2026-06-18 22:40:00,3.19,229.0,64.1,1422.3,338.4
2026-06-18 22:45:00,3.05,221.5,60.4,1455.6,330.5
2026-06-18 22:50:00,3.62,233.3,64.6,1455.2,358.9
2026-06-18 22:55:00,2.99,210.7,76.6,1426.3,347.8
2026-06-18 23:00:00,3.33,213.5,64.4,1451.9,372.3
2026-06-18 23:05:00,3.1,206.8,53.9,1463.3,367.9
2026-06-18 23:10:00,3.72,206.6,52.4,1461.2,346.9
2026-06-18 23:15:00,4.22,197.5,80.8,1461.6,354.9
2026-06-18 23:20:00,2.98,211.0,63.4,1448.5,316.1
2026-06-18 23:25:00,2.76,200.5,67.1,1435.4,338.1
2026-06-18 23:30:00,3.45,215.3,59.6,1435.0,348.6
2026-06-18 23:35:00,3.51,212.0,67.9,1440.1,300.4
2026-06-18 23:40:00,3.59,213.5,77.2,1427.6,350.7
2026-06-18 23:45:00,3.32,230.1,62.8,1438.6,316.0
2026-06-18 23:50:00,3.42,209.5,68.6,1459.0,318.8
2026-06-18 23:55:00,3.65,219.1,55.1,1417.7,326.8
2026-06-19 00:00:00,3.92,234.6,84.9,1421.8,339.2
2026-06-19 00:05:00,2.72,225.7,69.5,1455.6,306.8
2026-06-19 00:10:00,3.35,223.8,63.8,1437.5,361.4
2026-06-19 00:15:00,3.59,206.3,62.1,1410.4,344.4
2026-06-19 00:20:00,3.13,212.8,61.3,1439.6,388.1
2026-06-19 00:25:00,4.19,194.2,59.0,1433.8,347.5
2026-06-19 00:30:00,3.25,216.0,46.3,1434.7,354.3
2026-06-19 00:35:00,3.48,213.3,64.7,1450.9,318.7
2026-06-19 00:40:00,3.72,210.3,63.9,1420.1,310.5
2026-06-19 00:45:00,3.26,222.3,70.8,1442.7,355.5
2026-06-19 00:50:00,2.76,195.5,58.6,1433.9,312.7
2026-06-19 00:55:00,3.33,229.6,61.8,1444.5,356.0
2026-06-19 01:00:00,3.91,220.8,66.6,1416.2,382.7
2026-06-19 01:05:00,3.37,209.2,52.0,1432.0,363.6
2026-06-19 01:10:00,3.16,208.2,65.9,1439.9,354.3
2026-06-19 01:15:00,3.87,215.8,51.0,1449.3,346.7
2026-06-19 01:20:00,3.37,228.3,76.7,1471.3,330.4
2026-06-19 01:25:00,3.3,211.2,70.7,1452.3,337.1
2026-06-19 01:30:00,3.56,211.7,57.8,1447.3,325.9
2026-06-19 01:35:00,3.81,210.2,70.3,1459.1,307.1
2026-06-19 01:40:00,4.45,231.4,69.1,1439.7,340.9
2026-06-19 01:45:00,3.83,205.6,56.3,1462.4,367.7
2026-06-19 01:50:00,3.96,209.6,48.8,1456.7,307.8
2026-06-19 01:55:00,3.3,227.6,70.2,1436.8,375.0
2026-06-19 02:00:00,3.09,211.8,58.9,1469.2,370.4
2026-06-19 02:05:00,3.52,223.6,75.8,1449.4,349.9
2026-06-19 02:10:00,3.54,199.1,63.5,1470.7,350.1
2026-06-19 02:15:00,3.07,207.5,59.0,1444.1,335.3
2026-06-19 02:20:00,3.43,227.8,82.1,1435.1,341.1
2026-06-19 02:25:00,3.66,201.9,68.4,1426.9,328.4
2026-06-19 02:30:00,3.64,208.2,40.0,1434.3,340.8
2026-06-19 02:35:00,3.7,213.1,61.6,1432.0,343.5
2026-06-19 02:40:00,3.62,198.1,52.1,1456.7,387.0
2026-06-19 02:45:00,3.3,205.0,57.9,1438.6,354.1
2026-06-19 02:50:00,3.29,211.4,64.0,1416.1,334.8
2026-06-19 02:55:00,3.02,210.6,67.9,1443.3,337.5
2026-06-19 03:00:00,4.21,225.4,69.4,1445.0,322.2
2026-06-19 03:05:00,3.51,228.5,76.4,1436.7,326.3
2026-06-19 03:10:00,3.41,199.7,68.6,1442.0,362.8
2026-06-19 03:15:00,3.13,211.3,69.8,1439.6,327.7
2026-06-19 03:20:00,4.5,218.1,67.8,1451.1,324.6
2026-06-19 03:25:00,3.07,228.2,78.0,1452.3,325.2
2026-06-19 03:30:00,3.33,218.6,63.8,1447.2,321.8
2026-06-19 03:35:00,3.67,213.5,63.2,1421.2,368.2
2026-06-19 03:40:00,3.74,218.0,51.0,1473.4,343.6
2026-06-19 03:45:00,3.88,218.1,74.7,1418.3,332.9
2026-06-19 03:50:00,4.22,198.9,62.7,1435.8,340.7
2026-06-19 03:55:00,3.7,212.3,88.8,1424.0,345.4
2026-06-19 04:00:00,3.08,227.5,64.4,1449.4,321.3
2026-06-19 04:05:00,3.4,207.5,65.3,1441.6,305.3
2026-06-19 04:10:00,3.62,211.6,69.6,1437.8,373.5
2026-06-19 04:15:00,4.33,207.1,55.7,1462.2,364.7
2026-06-19 04:20:00,2.94,182.2,63.7,1451.1,349.4
2026-06-19 04:25:00,3.98,210.2,65.3,1435.1,363.0
2026-06-19 04:30:00,3.57,213.6,63.1,1452.8,387.9
2026-06-19 04:35:00,3.84,203.9,73.5,1462.2,326.6
2026-06-19 04:40:00,3.46,196.1,55.7,1453.7,312.0
2026-06-19 04:45:00,3.16,199.4,65.6,1435.8,356.5
2026-06-19 04:50:00,3.8,219.2,78.0,1418.0,303.3
2026-06-19 04:55:00,3.76,233.7,62.9,1449.6,340.9
2026-06-19 05:00:00,3.89,226.6,65.1,1453.3,332.5
2026-06-19 05:05:00,3.49,193.9,81.3,1425.2,356.8
2026-06-19 05:10:00,3.26,220.3,70.3,1442.4,327.9
2026-06-19 05:15:00,2.88,202.0,59.8,1437.2,370.0
2026-06-19 05:20:00,3.83,203.0,70.4,1459.4,321.3
2026-06-19 05:25:00,3.67,204.5,59.6,1466.7,357.6
2026-06-19 05:30:00,3.11,218.5,53.8,1459.3,323.3
2026-06-19 05:35:00,3.28,221.5,77.7,1441.0,353.7
2026-06-19 05:40:00,3.31,208.8,56.0,1457.0,314.6
2026-06-19 05:45:00,2.91,209.0,84.5,1449.5,339.4
2026-06-19 05:50:00,3.17,215.6,61.9,1440.0,373.1
2026-06-19 05:55:00,3.05,216.8,83.1,1472.7,342.9
2026-06-19 06:00:00,3.34,224.1,56.2,1431.8,369.6
2026-06-19 06:05:00,3.2,194.6,70.9,1446.0,339.3
2026-06-19 06:10:00,2.85,210.2,69.0,1452.6,327.4
2026-06-19 06:15:00,4.31,197.2,69.8,1433.1,344.3
2026-06-19 06:20:00,4.0,209.4,72.7,1448.3,355.5
2026-06-19 06:25:00,3.19,207.3,60.6,1453.6,292.4
2026-06-19 06:30:00,3.61,209.4,54.4,1443.6,353.1
2026-06-19 06:35:00,3.67,200.4,63.2,1445.2,316.5
2026-06-19 06:40:00,3.98,192.2,64.1,1438.0,310.3
2026-06-19 06:45:00,3.17,184.9,57.5,1446.9,353.5
2026-06-19 06:50:00,3.94,208.4,67.0,1436.3,373.5
2026-06-19 06:55:00,3.28,204.8,66.9,1434.3,345.4
2026-06-19 07:00:00,2.97,201.9,56.5,1438.7,306.1
2026-06-19 07:05:00,3.79,225.9,70.5,1460.9,323.2
2026-06-19 07:10:00,4.02,199.7,61.3,1411.7,329.5
2026-06-19 07:15:00,4.5,227.0,62.0,1429.8,344.9
2026-06-19 07:20:00,3.02,229.5,74.2,1478.0,338.2
2026-06-19 07:25:00,3.78,186.6,55.3,1439.4,352.4
2026-06-19 07:30:00,3.34,211.1,61.5,1434.1,365.0
2026-06-19 07:35:00,3.81,205.2,64.9,1451.0,348.6
2026-06-19 07:40:00,2.91,175.1,70.8,1421.2,362.5
2026-06-19 07:45:00,2.99,192.7,63.9,1405.0,333.3
2026-06-19 07:50:00,3.19,219.3,70.6,1447.2,420.0
2026-06-19 07:55:00,3.53,234.2,66.3,1433.9,353.8
2026-06-19 08:00:00,3.24,220.8,66.0,1443.7,357.1
2026-06-19 08:05:00,3.76,213.9,65.2,1445.7,383.9
2026-06-19 08:10:00,3.91,209.7,67.3,1442.1,342.2
2026-06-19 08:15:00,3.74,230.2,65.7,1418.4,323.9
2026-06-19 08:20:00,4.15,235.8,79.6,1445.5,372.7
2026-06-19 08:25:00,3.67,203.0,61.0,1445.3,374.1
2026-06-19 08:30:00,3.01,186.0,47.7,1414.2,343.8
2026-06-19 08:35:00,4.05,184.8,83.2,1412.2,384.0
2026-06-19 08:40:00,3.26,225.9,64.8,1427.1,337.9
2026-06-19 08:45:00,3.86,209.4,75.4,1451.1,363.3
2026-06-19 08:50:00,4.13,212.2,76.6,1410.5,377.9
2026-06-19 08:55:00,3.68,188.5,69.3,1448.1,342.5
2026-06-19 09:00:00,2.9,201.0,62.1,1444.1,351.4
2026-06-19 09:05:00,3.13,206.5,66.8,1435.4,365.7
2026-06-19 09:10:00,4.03,212.5,55.2,1418.3,330.8
2026-06-19 09:15:00,3.43,205.2,80.2,1427.1,319.6
2026-06-19 09:20:00,3.53,197.6,56.3,1449.2,373.3
2026-06-19 09:25:00,3.8,200.6,61.6,1457.0,347.7
2026-06-19 09:30:00,3.78,224.5,68.0,1427.4,327.4
2026-06-19 09:35:00,3.61,212.9,64.6,1457.7,342.4
2026-06-19 09:40:00,3.42,217.3,60.8,1451.8,352.7
2026-06-19 09:45:00,3.37,199.2,74.5,1437.7,300.8
2026-06-19 09:50:00,3.84,174.6,67.3,1421.8,357.9
2026-06-19 09:55:00,3.72,203.7,66.6,1430.0,350.2
2026-06-19 10:00:00,3.4,199.6,60.2,1465.3,381.4
2026-06-19 10:05:00,3.93,214.2,74.1,1443.5,334.5
2026-06-19 10:10:00,3.45,249.4,67.2,1467.8,374.4
2026-06-19 10:15:00,3.16,218.3,78.8,1445.3,338.9
2026-06-19 10:20:00,3.2,242.8,70.8,1439.8,343.5
2026-06-19 10:25:00,3.11,216.8,75.9,1450.1,347.0
2026-06-19 10:30:00,3.39,202.4,63.0,1470.9,392.3
2026-06-19 10:35:00,3.99,214.2,66.2,1431.2,309.0
2026-06-19 10:40:00,3.18,231.4,78.0,1458.0,352.4
2026-06-19 10:45:00,3.58,232.0,85.8,1447.2,341.1
2026-06-19 10:50:00,3.24,203.1,76.4,1416.9,339.3
2026-06-19 10:55:00,3.4,213.0,72.5,1418.5,354.6
2026-06-19 11:00:00,2.9,192.8,67.1,1429.8,367.7
2026-06-19 11:05:00,3.41,219.9,62.4,1447.2,353.3
2026-06-19 11:10:00,3.42,228.6,70.2,1456.9,370.9
2026-06-19 11:15:00,3.72,210.5,57.8,1416.5,333.7
2026-06-19 11:20:00,3.59,202.0,66.8,1448.2,338.8
2026-06-19 11:25:00,3.02,214.3,69.2,1439.1,315.0
2026-06-19 11:30:00,3.93,215.0,50.1,1441.1,389.6
2026-06-19 11:35:00,3.58,211.0,65.5,1449.0,335.3
2026-06-19 11:40:00,3.58,212.1,68.6,1466.6,332.6
2026-06-19 11:45:00,3.5,207.9,64.0,1444.1,355.2
2026-06-19 11:50:00,3.29,222.0,69.7,1422.0,367.7
2026-06-19 11:55:00,3.59,218.8,55.6,1439.0,322.7
2026-06-19 12:00:00,3.69,198.2,57.0,1450.4,369.7
2026-06-19 12:05:00,2.8,197.9,71.5,1450.9,332.4
2026-06-19 12:10:00,3.28,206.9,64.5,1449.4,375.8
2026-06-19 12:15:00,3.4,218.8,69.0,1434.1,326.5
2026-06-19 12:20:00,3.6,211.8,60.9,1419.8,358.4
2026-06-19 12:25:00,3.98,202.3,64.0,1447.3,341.1
2026-06-19 12:30:00,3.19,213.1,47.1,1422.4,311.8
2026-06-19 12:35:00,3.3,206.0,71.2,1449.6,304.6
2026-06-19 12:40:00,3.29,220.6,81.0,1452.5,321.4
2026-06-19 12:45:00,3.18,214.0,57.1,1433.8,364.8
2026-06-19 12:50:00,3.36,206.2,56.9,1437.6,291.4
2026-06-19 12:55:00,3.81,212.8,68.9,1443.5,348.3
2026-06-19 13:00:00,3.08,225.8,79.2,1433.9,346.2
2026-06-19 13:05:00,3.67,203.2,64.0,1417.9,297.9
2026-06-19 13:10:00,2.82,214.8,55.9,1440.4,320.1
2026-06-19 13:15:00,3.28,209.2,63.2,1440.8,320.0
2026-06-19 13:20:00,3.37,215.1,57.5,1461.4,341.3
2026-06-19 13:25:00,4.17,202.1,58.5,1426.7,376.7
2026-06-19 13:30:00,3.39,211.3,62.8,1456.3,366.9
2026-06-19 13:35:00,2.62,223.3,59.6,1425.5,331.0
2026-06-19 13:40:00,2.7,198.8,57.1,1417.6,319.3
2026-06-19 13:45:00,3.51,194.0,63.2,1432.3,301.0
2026-06-19 13:50:00,3.75,194.5,64.4,1422.8,330.5
2026-06-19 13:55:00,3.65,196.0,51.5,1416.8,317.5
2026-06-19 14:00:00,3.57,217.1,69.2,1470.6,339.1
2026-06-19 14:05:00,3.96,193.1,59.4,1429.9,340.0
2026-06-19 14:10:00,3.28,206.4,70.2,1474.0,328.1
2026-06-19 14:15:00,3.86,217.4,72.4,1426.6,328.6
2026-06-19 14:20:00,2.85,215.0,61.4,1415.4,322.7
2026-06-19 14:25:00,3.14,205.4,69.2,1458.4,327.2
2026-06-19 14:30:00,2.78,212.3,58.6,1429.6,375.9
2026-06-19 14:35:00,3.39,211.3,75.8,1442.3,352.9
2026-06-19 14:40:00,3.48,207.3,58.2,1419.1,353.3
2026-06-19 14:45:00,3.55,207.5,67.4,1438.9,365.3
2026-06-19 14:50:00,3.52,236.8,67.5,1424.8,363.1
2026-06-19 14:55:00,3.13,219.7,58.3,1440.8,375.6
2026-06-19 15:00:00,3.42,239.8,76.7,1438.8,354.7
2026-06-19 15:05:00,2.9,204.0,59.2,1442.3,345.1
2026-06-19 15:10:00,4.05,209.0,51.2,1449.2,325.2
2026-06-19 15:15:00,3.38,194.0,40.0,1440.4,319.4
2026-06-19 15:20:00,3.3,200.3,56.5,1444.8,362.1
2026-06-19 15:25:00,4.14,232.8,79.4,1442.9,337.2
2026-06-19 15:30:00,3.0,203.7,74.1,1432.2,306.0
2026-06-19 15:35:00,3.05,233.0,62.7,1451.7,287.7
2026-06-19 15:40:00,3.06,195.1,59.8,1435.3,393.7
2026-06-19 15:45:00,3.47,197.4,59.4,1436.4,315.4
2026-06-19 15:50:00,3.67,205.9,53.7,1445.1,322.8
2026-06-19 15:55:00,3.8,209.2,57.3,1424.3,370.7
2026-06-19 16:00:00,4.5,221.1,74.5,1463.7,309.8
2026-06-19 16:05:00,2.6,215.4,69.8,1437.3,353.3
2026-06-19 16:10:00,3.74,205.0,66.4,1440.9,385.5
2026-06-19 16:15:00,3.28,208.4,54.1,1439.0,392.8
2026-06-19 16:20:00,3.27,206.2,65.2,1449.0,328.8
2026-06-19 16:25:00,3.25,199.0,44.9,1442.9,339.7
2026-06-19 16:30:00,3.14,199.3,70.1,1437.1,330.1
2026-06-19 16:35:00,4.17,222.3,68.9,1464.2,339.6
2026-06-19 16:40:00,3.84,188.1,50.9,1387.6,372.5
2026-06-19 16:45:00,3.51,229.4,80.8,1462.5,305.0
2026-06-19 16:50:00,4.04,205.9,50.0,1453.0,356.2
2026-06-19 16:55:00,2.89,200.7,67.9,1410.6,335.1
2026-06-19 17:00:00,2.97,218.9,70.8,1455.7,374.2
2026-06-19 17:05:00,2.63,227.8,57.8,1459.4,372.9
2026-06-19 17:10:00,3.22,223.4,66.7,1451.1,329.8
2026-06-19 17:15:00,3.56,216.0,52.8,1417.8,337.2
2026-06-19 17:20:00,3.54,223.0,44.2,1452.8,362.3
2026-06-19 17:25:00,3.56,189.4,53.4,1451.0,364.6
2026-06-19 17:30:00,2.94,203.7,59.1,1430.2,280.0
2026-06-19 17:35:00,3.82,199.1,68.5,1444.4,362.2
2026-06-19 17:40:00,3.6,224.7,67.7,1437.6,381.2
2026-06-19 17:45:00,3.79,205.4,65.1,1452.4,346.4
2026-06-19 17:50:00,2.74,220.1,58.4,1437.3,363.8
2026-06-19 17:55:00,3.62,216.4,61.7,1432.6,372.0
2026-06-19 18:00:00,3.02,199.7,56.0,1437.3,345.5
2026-06-19 18:05:00,3.34,203.0,54.1,1418.5,360.4
2026-06-19 18:10:00,3.71,225.5,62.6,1441.0,340.3
2026-06-19 18:15:00,3.54,200.7,64.2,1443.6,338.7
2026-06-19 18:20:00,3.16,211.5,60.6,1453.3,323.5
2026-06-19 18:25:00,3.5,200.6,61.0,1441.9,344.3
2026-06-19 18:30:00,2.89,206.2,70.0,1417.8,387.2
2026-06-19 18:35:00,3.96,209.4,60.9,1460.2,317.4
2026-06-19 18:40:00,3.42,200.6,52.9,1459.7,355.4
2026-06-19 18:45:00,3.95,198.5,67.8,1439.4,348.0
2026-06-19 18:50:00,3.29,213.4,67.6,1429.4,376.9
2026-06-19 18:55:00,3.29,199.9,66.1,1430.0,381.6
2026-06-19 19:00:00,3.19,200.3,68.5,1435.0,316.9
2026-06-19 19:05:00,3.85,198.7,67.0,1441.9,325.6
2026-06-19 19:10:00,3.22,209.1,65.1,1435.2,327.0
2026-06-19 19:15:00,3.76,221.3,85.8,1429.4,327.9
2026-06-19 19:20:00,3.35,228.1,57.4,1459.0,330.0
2026-06-19 19:25:00,2.71,201.3,59.0,1442.1,348.7
2026-06-19 19:30:00,3.27,235.8,76.6,1429.4,318.7
2026-06-19 19:35:00,3.03,197.9,64.3,1442.0,322.2
2026-06-19 19:40:00,3.51,223.0,73.0,1445.0,320.2
2026-06-19 19:45:00,3.02,201.3,65.1,1427.5,352.3
2026-06-19 19:50:00,3.87,199.5,74.4,1455.8,338.4
2026-06-19 19:55:00,3.46,201.1,55.6,1440.2,334.0
2026-06-19 20:00:00,3.43,209.4,75.6,1436.6,319.0
2026-06-19 20:05:00,3.76,217.0,75.4,1440.1,299.9
2026-06-19 20:10:00,3.89,218.0,56.5,1448.3,380.8
2026-06-19 20:15:00,3.49,198.7,68.3,1436.7,332.8
2026-06-19 20:20:00,3.19,198.1,62.9,1436.4,407.8
2026-06-19 20:25:00,2.79,199.0,58.5,1453.8,359.3
2026-06-19 20:30:00,3.23,208.7,49.7,1418.5,385.7
2026-06-19 20:35:00,3.25,207.5,56.5,1420.7,364.8
2026-06-19 20:40:00,3.54,198.6,69.0,1449.4,344.0
2026-06-19 20:45:00,3.36,213.2,72.0,1476.9,325.1
2026-06-19 20:50:00,3.78,237.2,67.4,1458.6,315.6
2026-06-19 20:55:00,3.25,203.9,70.6,1466.8,368.0
2026-06-19 21:00:00,3.48,204.8,71.8,1432.4,346.6
2026-06-19 21:05:00,3.97,216.7,67.2,1431.8,355.4
2026-06-19 21:10:00,3.64,203.3,58.2,1445.5,360.4
2026-06-19 21:15:00,3.48,218.0,69.7,1455.9,348.9
2026-06-19 21:20:00,3.26,201.4,67.6,1418.6,328.2
2026-06-19 21:25:00,3.25,232.0,73.7,1441.2,365.3
2026-06-19 21:30:00,3.16,214.1,72.5,1440.4,335.0
2026-06-19 21:35:00,3.28,202.6,53.0,1428.3,342.3
2026-06-19 21:40:00,3.8,202.9,59.9,1430.2,357.9
2026-06-19 21:45:00,3.41,203.8,48.9,1451.4,338.5
2026-06-19 21:50:00,2.96,226.5,73.4,1450.3,294.6
2026-06-19 21:55:00,4.21,194.8,61.0,1448.9,366.0
2026-06-19 22:00:00,3.63,202.0,67.2,1443.5,371.4
2026-06-19 22:05:00,2.94,203.3,52.2,1425.6,294.2
2026-06-19 22:10:00,3.32,209.8,76.2,1446.3,313.9
2026-06-19 22:15:00,3.54,206.7,55.0,1425.1,390.6
2026-06-19 22:20:00,4.18,192.1,68.5,1431.7,345.8
2026-06-19 22:25:00,3.06,205.2,65.2,1423.5,340.1
2026-06-19 22:30:00,3.89,208.8,63.3,1430.6,329.3
2026-06-19 22:35:00,4.06,202.5,61.7,1439.8,314.2
2026-06-19 22:40:00,3.25,218.2,61.1,1434.8,335.1
2026-06-19 22:45:00,3.39,221.0,77.0,1429.0,364.4
2026-06-19 22:50:00,3.09,209.1,65.0,1456.9,339.6
2026-06-19 22:55:00,3.42,212.8,55.3,1438.8,355.3
2026-06-19 23:00:00,3.49,184.1,58.0,1426.9,384.1
2026-06-19 23:05:00,3.76,204.9,65.3,1422.8,325.5
2026-06-19 23:10:00,3.94,222.1,74.0,1414.3,347.6
2026-06-19 23:15:00,3.2,204.9,59.4,1435.7,365.1
2026-06-19 23:20:00,2.71,201.2,59.4,1417.6,316.7
2026-06-19 23:25:00,3.49,237.3,69.3,1456.1,344.5
2026-06-19 23:30:00,3.62,231.8,75.3,1444.8,386.8
2026-06-19 23:35:00,3.6,215.6,54.9,1464.5,331.5
2026-06-19 23:40:00,3.37,223.7,71.1,1446.1,366.7
2026-06-19 23:45:00,3.55,183.3,57.3,1423.8,336.5
2026-06-19 23:50:00,4.11,200.5,61.0,1409.9,385.0
2026-06-19 23:55:00,3.65,204.4,80.2,1451.0,298.9
2026-06-20 00:00:00,3.35,207.2,63.0,1419.9,341.6
2026-06-20 00:05:00,3.3,204.1,70.2,1432.7,303.0
2026-06-20 00:10:00,3.43,179.4,66.2,1459.0,322.5
2026-06-20 00:15:00,4.15,214.6,56.3,1450.1,322.3
2026-06-20 00:20:00,3.43,216.5,51.2,1447.2,333.3
2026-06-20 00:25:00,3.49,229.2,74.5,1458.0,310.3
2026-06-20 00:30:00,3.31,200.5,54.9,1451.7,338.2
2026-06-20 00:35:00,3.94,199.6,50.1,1461.6,351.5
2026-06-20 00:40:00,4.28,177.8,68.4,1424.5,301.7
2026-06-20 00:45:00,3.68,206.5,56.3,1433.6,324.1
2026-06-20 00:50:00,3.53,220.8,60.4,1428.3,403.5
2026-06-20 00:55:00,3.51,202.7,79.7,1438.0,348.2
2026-06-20 01:00:00,2.55,235.7,55.6,1443.2,294.6
2026-06-20 01:05:00,3.8,206.9,54.5,1413.1,305.0
2026-06-20 01:10:00,3.55,211.8,61.6,1430.5,345.6
2026-06-20 01:15:00,3.67,193.6,60.6,1458.3,342.5
2026-06-20 01:20:00,3.22,213.4,58.4,1444.4,325.3
2026-06-20 01:25:00,3.35,186.2,52.2,1446.0,394.8
2026-06-20 01:30:00,3.34,218.3,78.3,1439.9,405.5
2026-06-20 01:35:00,3.91,218.7,68.4,1413.4,333.4
2026-06-20 01:40:00,3.35,226.3,72.1,1441.3,361.8
2026-06-20 01:45:00,4.33,197.8,62.1,1453.2,363.1
2026-06-20 01:50:00,3.67,211.9,67.6,1422.6,366.4
2026-06-20 01:55:00,2.99,216.8,73.5,1452.6,324.0
2026-06-20 02:00:00,3.45,215.3,57.8,1415.5,388.5
2026-06-20 02:05:00,3.24,199.6,65.6,1438.2,338.3
2026-06-20 02:10:00,2.62,181.3,66.3,1442.4,350.5
2026-06-20 02:15:00,4.14,214.2,78.0,1436.2,340.1
2026-06-20 02:20:00,3.78,208.2,80.3,1476.7,336.5
2026-06-20 02:25:00,3.71,203.2,64.5,1431.2,347.0
2026-06-20 02:30:00,3.57,219.2,75.5,1433.2,310.4
2026-06-20 02:35:00,2.95,209.5,43.6,1443.0,290.7
2026-06-20 02:40:00,3.31,194.2,75.0,1425.5,334.7
2026-06-20 02:45:00,3.84,186.8,55.7,1413.7,318.0
2026-06-20 02:50:00,3.08,196.5,61.0,1420.8,353.7
2026-06-20 02:55:00,2.5,238.7,72.8,1457.1,350.8
2026-06-20 03:00:00,3.41,218.7,65.1,1437.2,340.3
2026-06-20 03:05:00,3.44,212.3,66.9,1466.0,377.0
2026-06-20 03:10:00,3.55,207.8,77.4,1432.9,339.8
2026-06-20 03:15:00,3.79,207.0,61.5,1450.1,303.5
2026-06-20 03:20:00,3.76,224.0,58.4,1450.5,334.4
2026-06-20 03:25:00,3.6,204.1,78.6,1432.0,369.3
2026-06-20 03:30:00,3.98,216.9,70.3,1428.2,292.9
2026-06-20 03:35:00,2.89,205.8,79.8,1413.2,337.6
2026-06-20 03:40:00,3.7,233.3,75.4,1453.0,354.4
2026-06-20 03:45:00,3.75,218.9,55.7,1459.8,406.3
2026-06-20 03:50:00,3.0,224.9,72.4,1419.1,370.2
2026-06-20 03:55:00,2.9,203.0,56.1,1433.0,343.3
2026-06-20 04:00:00,3.2,222.7,67.0,1432.5,353.0
2026-06-20 04:05:00,3.24,206.2,63.8,1447.5,292.6
2026-06-20 04:10:00,3.8,211.3,52.3,1435.3,313.8
2026-06-20 04:15:00,3.25,229.6,61.4,1463.8,356.3
2026-06-20 04:20:00,3.16,197.5,80.8,1431.7,344.0
2026-06-20 04:25:00,3.26,212.4,67.3,1421.9,347.2
2026-06-20 04:30:00,3.95,215.3,64.4,1434.0,340.9
2026-06-20 04:35:00,3.51,216.2,80.4,1435.9,339.9
2026-06-20 04:40:00,3.43,204.6,61.0,1446.8,342.6
2026-06-20 04:45:00,3.46,235.0,68.0,1439.4,313.6
2026-06-20 04:50:00,4.02,194.5,70.6,1443.5,334.3
2026-06-20 04:55:00,3.2,227.5,64.4,1431.6,308.9
2026-06-20 05:00:00,4.03,224.6,61.2,1438.5,324.5
2026-06-20 05:05:00,3.58,232.8,50.4,1432.8,369.9
2026-06-20 05:10:00,3.44,190.9,54.6,1423.5,335.5
2026-06-20 05:15:00,4.5,199.6,55.9,1457.0,354.9
2026-06-20 05:20:00,3.08,227.9,69.0,1432.9,342.9
2026-06-20 05:25:00,3.36,187.5,56.7,1430.3,330.4
2026-06-20 05:30:00,3.01,190.7,79.4,1451.8,314.8
2026-06-20 05:35:00,3.88,204.1,55.7,1450.1,330.0
2026-06-20 05:40:00,4.18,212.3,76.6,1465.1,344.6
2026-06-20 05:45:00,4.17,229.1,69.6,1451.1,354.5
2026-06-20 05:50:00,3.99,207.8,71.1,1430.5,343.1
2026-06-20 05:55:00,3.42,202.7,69.9,1469.4,356.2
2026-06-20 06:00:00,3.35,213.7,47.8,1449.5,302.0
2026-06-20 06:05:00,2.83,215.6,65.8,1438.8,361.7
2026-06-20 06:10:00,4.31,215.3,63.7,1441.9,311.8
2026-06-20 06:15:00,3.69,207.9,55.6,1442.3,364.6
2026-06-20 06:20:00,3.3,186.5,65.2,1431.8,352.6
2026-06-20 06:25:00,4.03,199.0,77.1,1417.2,293.2
2026-06-20 06:30:00,3.11,227.0,46.2,1467.8,358.4
2026-06-20 06:35:00,3.66,212.2,61.1,1440.1,364.9
2026-06-20 06:40:00,3.43,206.1,54.5,1442.0,371.4
2026-06-20 06:45:00,3.76,223.4,67.6,1473.9,320.8
2026-06-20 06:50:00,3.47,196.4,60.4,1427.0,344.5
2026-06-20 06:55:00,2.92,207.3,59.7,1449.3,357.4
2026-06-20 07:00:00,3.53,211.7,70.8,1428.4,358.4
2026-06-20 07:05:00,3.92,204.7,77.3,1443.8,350.2
2026-06-20 07:10:00,3.49,211.2,86.5,1443.3,329.3
2026-06-20 07:15:00,3.81,207.7,58.7,1451.4,364.7
2026-06-20 07:20:00,3.08,193.2,47.9,1454.8,364.8
2026-06-20 07:25:00,3.49,212.2,69.8,1431.7,336.1
2026-06-20 07:30:00,3.25,194.1,75.5,1458.1,320.4
2026-06-20 07:35:00,3.8,212.0,71.8,1462.7,321.8
2026-06-20 07:40:00,3.51,226.5,80.3,1439.5,374.1
2026-06-20 07:45:00,3.78,206.6,62.7,1439.2,363.8
2026-06-20 07:50:00,3.94,195.9,58.0,1429.8,339.5
2026-06-20 07:55:00,3.78,208.5,65.7,1435.1,335.0
2026-06-20 08:00:00,3.61,200.0,60.9,1420.0,295.8
2026-06-20 08:05:00,3.1,217.1,71.4,1453.1,337.9
2026-06-20 08:10:00,3.5,208.2,72.5,1408.9,310.2
2026-06-20 08:15:00,3.29,230.5,76.5,1433.6,344.0
2026-06-20 08:20:00,3.36,224.0,71.2,1442.1,369.6
2026-06-20 08:25:00,3.35,208.2,66.7,1459.1,315.5
2026-06-20 08:30:00,3.11,218.6,72.6,1433.5,346.0
2026-06-20 08:35:00,2.72,205.3,48.6,1445.5,364.9
2026-06-20 08:40:00,3.23,210.4,66.7,1438.9,345.5
2026-06-20 08:45:00,3.58,205.7,64.8,1453.3,326.9
2026-06-20 08:50:00,2.96,219.2,68.1,1447.5,340.3
2026-06-20 08:55:00,3.51,227.2,66.9,1455.9,363.9
2026-06-20 09:00:00,4.26,219.6,69.9,1433.7,346.6
2026-06-20 09:05:00,3.91,221.1,62.1,1427.0,339.9
2026-06-20 09:10:00,4.16,221.1,75.7,1447.7,368.9
2026-06-20 09:15:00,3.66,216.6,69.8,1434.0,352.9
2026-06-20 09:20:00,3.97,196.3,64.2,1437.7,309.9
2026-06-20 09:25:00,3.21,230.4,62.5,1448.8,355.8
2026-06-20 09:30:00,3.24,231.7,74.8,1463.0,363.7
2026-06-20 09:35:00,2.5,207.2,66.2,1451.2,309.1
2026-06-20 09:40:00,3.97,205.6,58.3,1428.9,283.3
2026-06-20 09:45:00,4.12,217.3,65.6,1424.3,314.0
2026-06-20 09:50:00,3.28,216.6,71.0,1466.9,337.4
2026-06-20 09:55:00,3.4,207.6,69.0,1415.8,365.2
2026-06-20 10:00:00,3.2,195.0,66.6,1430.2,317.7
2026-06-20 10:05:00,3.65,213.7,66.3,1450.4,353.9
2026-06-20 10:10:00,3.95,216.6,74.2,1465.9,280.0
2026-06-20 10:15:00,2.8,218.7,76.2,1438.9,344.5
2026-06-20 10:20:00,3.66,214.2,71.5,1441.2,329.8
2026-06-20 10:25:00,3.39,206.7,59.8,1426.2,392.5
2026-06-20 10:30:00,3.55,221.9,58.3,1444.3,292.7
2026-06-20 10:35:00,3.68,210.8,60.8,1422.9,339.6
2026-06-20 10:40:00,3.42,204.4,79.8,1427.6,292.5
2026-06-20 10:45:00,3.46,207.8,66.9,1451.0,326.3
2026-06-20 10:50:00,3.41,189.0,78.9,1429.3,297.5
2026-06-20 10:55:00,3.89,207.8,63.7,1453.3,397.5
2026-06-20 11:00:00,3.67,218.3,64.2,1439.3,331.1
2026-06-20 11:05:00,3.59,214.1,65.0,1420.3,334.7
2026-06-20 11:10:00,2.99,228.2,67.0,1461.2,338.9
2026-06-20 11:15:00,3.35,206.8,58.3,1419.6,311.7
2026-06-20 11:20:00,3.86,215.8,56.7,1432.1,366.4
2026-06-20 11:25:00,3.52,219.5,70.4,1438.9,356.0
2026-06-20 11:30:00,3.76,238.1,77.7,1460.7,362.9
2026-06-20 11:35:00,4.21,211.7,84.8,1432.5,309.6
2026-06-20 11:40:00,3.92,197.5,59.7,1423.6,368.4
2026-06-20 11:45:00,3.54,220.2,63.7,1444.5,365.5
2026-06-20 11:50:00,3.3,232.4,62.2,1441.3,334.2
2026-06-20 11:55:00,2.5,206.1,73.4,1432.2,362.4
2026-06-20 12:00:00,3.43,220.1,73.0,1445.3,346.8
2026-06-20 12:05:00,3.37,224.7,60.2,1424.9,300.2
2026-06-20 12:10:00,3.66,222.2,59.6,1416.6,335.4
2026-06-20 12:15:00,3.44,211.5,72.8,1472.4,328.0
2026-06-20 12:20:00,3.37,201.6,66.8,1439.9,342.1
2026-06-20 12:25:00,2.79,209.0,70.9,1442.4,365.5
2026-06-20 12:30:00,3.12,215.5,58.8,1429.4,299.0
2026-06-20 12:35:00,3.69,220.9,51.6,1455.6,328.9
2026-06-20 12:40:00,4.19,214.0,58.6,1432.8,319.5
2026-06-20 12:45:00,3.46,205.4,69.8,1397.3,320.5
2026-06-20 12:50:00,3.63,216.7,82.9,1432.8,319.4
2026-06-20 12:55:00,3.88,220.3,63.1,1437.8,341.7
2026-06-20 13:00:00,3.18,214.6,83.9,1438.4,353.1
2026-06-20 13:05:00,3.65,200.0,70.1,1435.0,348.7
2026-06-20 13:10:00,3.2,207.8,53.5,1429.9,344.6
2026-06-20 13:15:00,3.85,221.4,68.4,1431.2,355.5
2026-06-20 13:20:00,3.56,193.4,69.4,1432.2,399.5
2026-06-20 13:25:00,3.62,184.9,41.8,1410.3,343.4
2026-06-20 13:30:00,3.19,228.1,72.9,1414.3,365.5
2026-06-20 13:35:00,3.78,216.1,75.3,1442.7,364.1
2026-06-20 13:40:00,4.33,217.3,69.3,1443.2,384.4
2026-06-20 13:45:00,3.1,197.1,62.6,1450.6,354.0
2026-06-20 13:50:00,3.36,218.9,64.9,1437.9,318.9
2026-06-20 13:55:00,3.59,213.3,63.6,1422.8,347.6
2026-06-20 14:00:00,3.81,191.0,52.7,1407.1,346.3
2026-06-20 14:05:00,3.28,227.1,62.1,1430.1,360.4
2026-06-20 14:10:00,2.5,211.9,62.0,1446.7,318.2
2026-06-20 14:15:00,4.04,205.2,65.2,1460.7,371.7
2026-06-20 14:20:00,3.8,205.5,59.9,1439.9,340.1
2026-06-20 14:25:00,2.8,185.8,54.4,1417.0,361.0
2026-06-20 14:30:00,3.26,217.1,72.1,1428.2,347.7
2026-06-20 14:35:00,4.13,213.1,68.4,1427.9,343.1
2026-06-20 14:40:00,4.08,207.7,60.3,1433.4,345.8
2026-06-20 14:45:00,3.88,225.3,71.4,1459.9,356.8
2026-06-20 14:50:00,3.43,193.4,58.9,1454.7,389.0
2026-06-20 14:55:00,3.53,202.8,64.4,1436.0,289.6
2026-06-20 15:00:00,3.45,199.8,71.3,1440.7,353.5
2026-06-20 15:05:00,3.95,206.7,59.7,1427.4,341.1
2026-06-20 15:10:00,3.15,210.8,55.7,1414.5,335.6
2026-06-20 15:15:00,3.18,215.2,64.6,1467.9,280.9
2026-06-20 15:20:00,3.9,205.8,53.5,1404.3,354.5
2026-06-20 15:25:00,3.48,199.5,61.2,1410.4,336.9
2026-06-20 15:30:00,4.05,230.2,65.8,1471.0,319.1
2026-06-20 15:35:00,3.23,238.9,49.6,1446.0,341.1
2026-06-20 15:40:00,3.48,211.7,69.5,1423.5,332.7
2026-06-20 15:45:00,3.13,200.9,62.2,1448.4,296.4
2026-06-20 15:50:00,3.5,227.7,77.1,1455.1,342.2
2026-06-20 15:55:00,2.91,192.6,64.1,1416.5,354.5
2026-06-20 16:00:00,3.3,206.0,70.3,1431.2,326.3
2026-06-20 16:05:00,2.93,201.6,73.3,1451.5,346.5
2026-06-20 16:10:00,3.78,196.1,61.9,1425.0,342.7
2026-06-20 16:15:00,3.79,206.6,64.5,1443.6,366.1
2026-06-20 16:20:00,2.81,199.6,50.9,1459.3,337.4
2026-06-20 16:25:00,4.03,210.2,74.9,1404.1,360.0
2026-06-20 16:30:00,4.5,210.3,63.9,1434.9,332.2
2026-06-20 16:35:00,3.52,202.5,55.8,1442.4,389.2
2026-06-20 16:40:00,3.24,205.6,70.3,1412.2,329.1
2026-06-20 16:45:00,4.5,207.2,47.1,1431.5,322.9
2026-06-20 16:50:00,2.97,219.7,63.0,1457.6,337.5
2026-06-20 16:55:00,3.51,208.2,72.0,1429.1,321.8
2026-06-20 17:00:00,3.57,219.9,63.0,1419.7,308.8
2026-06-20 17:05:00,4.04,217.0,60.3,1458.4,358.2
2026-06-20 17:10:00,3.64,216.9,62.7,1448.0,280.0
2026-06-20 17:15:00,3.3,226.7,51.4,1442.3,322.1
2026-06-20 17:20:00,3.12,196.6,68.7,1435.8,306.5
2026-06-20 17:25:00,3.36,204.3,63.2,1454.3,343.6
2026-06-20 17:30:00,3.1,231.2,66.0,1448.6,285.3
2026-06-20 17:35:00,3.52,206.9,62.4,1449.1,353.7
2026-06-20 17:40:00,3.27,176.2,60.0,1422.9,356.4
2026-06-20 17:45:00,2.9,207.6,69.9,1410.8,299.2
2026-06-20 17:50:00,4.0,211.6,64.8,1449.7,344.8
2026-06-20 17:55:00,3.3,178.6,49.4,1450.2,352.9
2026-06-20 18:00:00,2.99,226.0,72.0,1439.8,363.5
2026-06-20 18:05:00,3.43,201.4,67.7,1451.6,303.3
2026-06-20 18:10:00,3.53,213.9,67.2,1435.8,299.8
2026-06-20 18:15:00,2.8,207.3,73.2,1438.1,377.6
2026-06-20 18:20:00,3.63,194.5,62.9,1463.2,319.5
2026-06-20 18:25:00,3.08,197.2,72.0,1433.1,326.8
2026-06-20 18:30:00,4.18,198.8,74.6,1432.5,355.8
2026-06-20 18:35:00,3.71,223.0,71.6,1414.6,310.8
2026-06-20 18:40:00,3.34,208.2,58.8,1450.0,333.4
2026-06-20 18:45:00,3.2,203.7,63.0,1428.1,362.3
2026-06-20 18:50:00,3.46,198.8,73.2,1440.0,304.5
2026-06-20 18:55:00,3.75,224.4,55.2,1438.1,327.5
2026-06-20 19:00:00,3.49,227.6,64.5,1436.8,311.8
2026-06-20 19:05:00,3.41,224.2,64.4,1441.1,320.7
2026-06-20 19:10:00,3.52,215.9,59.0,1440.6,369.6
2026-06-20 19:15:00,3.26,213.5,72.5,1458.3,375.1
2026-06-20 19:20:00,3.36,195.4,65.8,1459.9,346.4
2026-06-20 19:25:00,2.67,207.1,58.9,1449.2,353.3
2026-06-20 19:30:00,3.89,201.8,68.6,1457.4,352.6
2026-06-20 19:35:00,3.62,188.1,60.4,1448.4,323.2
2026-06-20 19:40:00,3.19,222.7,59.8,1450.0,346.0
2026-06-20 19:45:00,4.26,201.7,58.0,1460.2,307.6
2026-06-20 19:50:00,3.53,224.4,70.6,1423.2,316.0
2026-06-20 19:55:00,3.09,220.6,74.1,1431.8,337.8
2026-06-20 20:00:00,3.84,216.7,62.1,1429.0,313.5
2026-06-20 20:05:00,3.66,217.4,70.5,1437.0,308.2
2026-06-20 20:10:00,3.66,202.6,76.5,1448.8,322.2
2026-06-20 20:15:00,3.33,232.3,58.3,1427.7,368.7
2026-06-20 20:20:00,3.68,210.5,67.9,1447.6,378.9
2026-06-20 20:25:00,3.4,213.6,72.2,1431.9,339.2
2026-06-20 20:30:00,3.72,202.2,63.1,1433.2,354.6
2026-06-20 20:35:00,2.74,198.8,73.2,1440.8,325.9
2026-06-20 20:40:00,3.33,215.7,83.4,1466.4,288.4
2026-06-20 20:45:00,4.19,212.6,68.1,1429.8,317.7
2026-06-20 20:50:00,3.19,200.5,61.7,1436.9,332.3
2026-06-20 20:55:00,3.26,192.7,70.2,1420.4,343.5
2026-06-20 21:00:00,3.32,194.8,69.5,1426.1,337.5
2026-06-20 21:05:00,3.01,224.4,47.0,1426.6,333.0
2026-06-20 21:10:00,2.62,202.6,63.9,1442.2,325.6
2026-06-20 21:15:00,3.41,205.9,61.2,1445.6,348.6
2026-06-20 21:20:00,3.55,227.4,70.8,1453.8,305.9
2026-06-20 21:25:00,3.48,196.5,61.4,1426.0,360.1
2026-06-20 21:30:00,3.44,201.3,63.0,1445.9,325.3
2026-06-20 21:35:00,3.52,200.8,56.7,1439.9,391.7
2026-06-20 21:40:00,3.91,229.4,73.8,1443.0,332.1
2026-06-20 21:45:00,3.42,233.9,81.8,1426.2,328.0
2026-06-20 21:50:00,3.27,219.0,59.6,1444.1,325.9
2026-06-20 21:55:00,3.39,219.4,55.2,1444.7,328.2
2026-06-20 22:00:00,3.73,203.0,64.1,1440.1,355.2
2026-06-20 22:05:00,4.06,233.4,68.3,1450.7,338.9
2026-06-20 22:10:00,3.25,213.2,74.8,1451.1,364.7
2026-06-20 22:15:00,3.54,220.2,56.7,1425.6,351.6
2026-06-20 22:20:00,3.64,208.7,60.5,1436.5,340.8
2026-06-20 22:25:00,3.1,206.8,47.3,1447.1,349.3
2026-06-20 22:30:00,3.51,230.0,79.0,1440.0,369.9
2026-06-20 22:35:00,2.91,216.5,68.0,1455.7,356.4
2026-06-20 22:40:00,2.79,227.4,63.9,1444.8,347.0
2026-06-20 22:45:00,3.65,213.1,54.9,1411.3,350.6
2026-06-20 22:50:00,3.35,199.8,53.6,1450.6,311.2
2026-06-20 22:55:00,3.58,203.0,67.3,1436.8,404.3
2026-06-20 23:00:00,3.49,211.2,56.3,1413.7,353.2
2026-06-20 23:05:00,3.11,202.5,64.7,1434.7,355.7
2026-06-20 23:10:00,3.48,196.7,79.4,1418.3,339.3
2026-06-20 23:15:00,3.01,224.4,64.4,1454.2,282.6
2026-06-20 23:20:00,4.06,203.5,56.3,1438.2,333.4
2026-06-20 23:25:00,2.96,211.7,68.3,1426.5,341.9
2026-06-20 23:30:00,3.42,213.6,55.7,1452.9,319.4
2026-06-20 23:35:00,3.08,202.9,77.7,1445.5,319.2
2026-06-20 23:40:00,3.73,227.4,78.8,1439.9,331.5
2026-06-20 23:45:00,3.37,196.6,61.7,1418.6,359.3
2026-06-20 23:50:00,3.29,213.1,58.3,1428.0,371.4
2026-06-20 23:55:00,3.84,213.0,62.0,1427.7,344.3
2026-06-21 00:00:00,3.51,209.3,62.5,1451.1,325.8
2026-06-21 00:05:00,3.71,194.4,65.7,1411.7,330.9
2026-06-21 00:10:00,3.11,220.4,74.9,1441.4,342.5
2026-06-21 00:15:00,2.94,218.9,58.0,1438.0,345.5
2026-06-21 00:20:00,3.54,201.9,71.9,1453.9,350.9
2026-06-21 00:25:00,3.37,218.5,71.2,1445.2,329.0
2026-06-21 00:30:00,3.75,214.5,61.6,1448.9,353.2
2026-06-21 00:35:00,3.47,194.6,54.0,1429.0,351.3
2026-06-21 00:40:00,3.58,199.8,64.4,1419.5,330.1
2026-06-21 00:45:00,2.85,223.7,58.6,1437.8,297.0
2026-06-21 00:50:00,4.26,213.7,73.7,1452.4,317.9
2026-06-21 00:55:00,3.43,203.2,55.0,1450.3,379.2
2026-06-21 01:00:00,3.78,199.7,67.8,1431.5,297.7
2026-06-21 01:05:00,3.17,203.8,63.4,1425.9,372.9
2026-06-21 01:10:00,3.62,204.7,59.7,1423.1,296.8
2026-06-21 01:15:00,2.98,199.8,62.7,1435.9,320.7
2026-06-21 01:20:00,3.68,189.1,70.5,1437.9,330.6
2026-06-21 01:25:00,3.36,223.7,57.5,1464.8,384.6
2026-06-21 01:30:00,3.51,221.6,63.4,1444.2,340.7
2026-06-21 01:35:00,3.78,194.7,56.7,1446.2,334.6
2026-06-21 01:40:00,3.01,211.6,64.9,1428.6,316.6
2026-06-21 01:45:00,3.23,199.2,57.9,1438.5,353.0
2026-06-21 01:50:00,3.68,206.9,50.4,1441.5,327.2
2026-06-21 01:55:00,4.34,205.9,55.9,1437.1,334.3
2026-06-21 02:00:00,3.44,204.9,77.3,1438.6,331.0
2026-06-21 02:05:00,3.74,234.0,70.6,1446.7,358.0
2026-06-21 02:10:00,3.46,204.7,65.9,1446.2,359.0
2026-06-21 02:15:00,4.28,200.3,61.3,1455.6,317.7
2026-06-21 02:20:00,2.8,200.8,63.2,1404.2,324.3
2026-06-21 02:25:00,3.54,222.5,63.4,1459.2,321.9
2026-06-21 02:30:00,2.85,190.2,66.2,1410.4,344.6
2026-06-21 02:35:00,2.5,200.8,64.4,1442.8,362.7
2026-06-21 02:40:00,3.62,227.4,58.2,1478.8,344.9
2026-06-21 02:45:00,3.56,212.9,67.5,1439.9,285.2
2026-06-21 02:50:00,3.39,212.3,45.7,1443.2,359.0
2026-06-21 02:55:00,3.46,235.6,72.1,1440.5,306.3
2026-06-21 03:00:00,4.5,213.0,54.2,1450.6,322.1
2026-06-21 03:05:00,3.4,201.5,63.0,1443.7,345.0
2026-06-21 03:10:00,3.7,206.6,54.9,1429.2,337.9
2026-06-21 03:15:00,3.24,196.4,63.0,1435.6,361.8
2026-06-21 03:20:00,3.62,225.1,71.9,1426.2,324.7
2026-06-21 03:25:00,3.4,216.9,78.1,1439.6,315.8
2026-06-21 03:30:00,3.34,223.5,54.7,1436.4,332.2
2026-06-21 03:35:00,4.23,224.6,75.0,1445.0,364.4
2026-06-21 03:40:00,3.97,205.0,65.3,1428.4,355.7
2026-06-21 03:45:00,3.55,198.7,59.7,1434.5,342.2
2026-06-21 03:50:00,2.58,209.4,71.0,1440.0,373.1
2026-06-21 03:55:00,3.36,199.5,61.5,1439.1,368.6
2026-06-21 04:00:00,4.5,212.0,71.0,1444.5,359.7
2026-06-21 04:05:00,3.41,223.6,59.1,1440.1,310.6
2026-06-21 04:10:00,3.94,208.0,59.6,1427.8,359.6
2026-06-21 04:15:00,4.08,211.8,72.8,1441.6,334.9
2026-06-21 04:20:00,3.59,208.9,76.7,1437.1,330.1
2026-06-21 04:25:00,3.16,219.6,66.2,1457.3,322.9
2026-06-21 04:30:00,2.53,202.0,41.5,1455.7,335.7
2026-06-21 04:35:00,3.77,183.6,59.5,1414.1,324.4
2026-06-21 04:40:00,3.17,215.7,66.1,1450.4,344.2
2026-06-21 04:45:00,3.57,221.9,64.9,1454.6,335.7
2026-06-21 04:50:00,3.0,215.4,68.5,1420.9,345.5
2026-06-21 04:55:00,3.39,202.3,60.0,1447.2,353.8
2026-06-21 05:00:00,3.51,196.4,69.7,1450.7,332.6
2026-06-21 05:05:00,3.61,215.9,56.6,1426.9,321.6
2026-06-21 05:10:00,3.05,211.7,75.1,1436.8,289.8
2026-06-21 05:15:00,3.98,208.5,77.2,1442.5,359.3
2026-06-21 05:20:00,3.26,231.9,61.0,1452.9,342.0
2026-06-21 05:25:00,2.83,198.6,56.0,1422.9,335.6
2026-06-21 05:30:00,3.46,231.3,71.5,1461.6,369.3
2026-06-21 05:35:00,3.51,210.4,55.6,1409.6,307.8
2026-06-21 05:40:00,3.56,188.0,57.8,1455.5,341.4
2026-06-21 05:45:00,4.04,207.8,73.5,1447.8,315.9
2026-06-21 05:50:00,3.41,221.5,72.6,1433.0,356.4
2026-06-21 05:55:00,3.45,205.6,80.2,1452.1,284.3
2026-06-21 06:00:00,3.06,192.3,63.7,1420.7,360.1
2026-06-21 06:05:00,3.83,208.0,59.8,1441.3,359.1
2026-06-21 06:10:00,3.57,199.7,63.9,1441.5,316.9
2026-06-21 06:15:00,3.33,215.9,64.7,1444.7,341.7
2026-06-21 06:20:00,2.74,219.3,65.3,1429.3,317.5
2026-06-21 06:25:00,4.08,197.3,62.9,1430.0,350.7
2026-06-21 06:30:00,3.01,201.5,56.3,1440.2,360.5
2026-06-21 06:35:00,3.26,219.1,68.6,1430.9,314.9
2026-06-21 06:40:00,3.64,199.7,52.2,1442.0,307.6
2026-06-21 06:45:00,3.02,197.0,57.3,1428.2,367.4
2026-06-21 06:50:00,2.9,195.9,61.9,1452.2,388.5
2026-06-21 06:55:00,2.65,214.2,47.6,1464.3,352.4
2026-06-21 07:00:00,3.79,213.7,71.7,1436.3,354.2
2026-06-21 07:05:00,3.28,201.8,47.3,1452.2,331.7
2026-06-21 07:10:00,4.5,210.1,70.4,1436.8,344.5
2026-06-21 07:15:00,3.1,228.3,57.4,1429.6,348.8
2026-06-21 07:20:00,3.13,198.3,60.0,1431.3,335.4
2026-06-21 07:25:00,3.27,186.6,65.6,1436.6,373.7
2026-06-21 07:30:00,3.6,215.5,83.4,1414.3,344.4
2026-06-21 07:35:00,3.31,208.7,65.7,1449.1,347.6
2026-06-21 07:40:00,3.74,201.5,47.9,1439.6,336.0
2026-06-21 07:45:00,3.11,217.8,73.8,1456.6,338.5
2026-06-21 07:50:00,2.95,220.1,64.7,1451.1,370.5
2026-06-21 07:55:00,2.78,183.5,61.6,1436.5,343.6
2026-06-21 08:00:00,2.61,202.2,68.3,1433.1,344.2
2026-06-21 08:05:00,3.29,237.8,51.4,1468.4,344.6
2026-06-21 08:10:00,3.38,217.0,66.1,1473.9,330.9
2026-06-21 08:15:00,3.25,218.1,62.9,1436.5,304.8
2026-06-21 08:20:00,4.0,224.1,76.9,1458.4,379.3
2026-06-21 08:25:00,3.99,210.2,70.8,1429.4,366.7
2026-06-21 08:30:00,3.37,219.6,53.4,1433.1,371.2
2026-06-21 08:35:00,2.78,218.6,76.4,1435.9,313.2
2026-06-21 08:40:00,3.27,216.5,69.6,1451.6,376.1
2026-06-21 08:45:00,3.26,206.1,52.0,1423.1,389.2
2026-06-21 08:50:00,3.24,212.1,65.8,1463.7,366.1
2026-06-21 08:55:00,3.22,202.9,72.2,1452.7,381.2
2026-06-21 09:00:00,3.24,210.2,55.3,1450.0,359.9
2026-06-21 09:05:00,3.35,196.0,73.9,1432.8,318.8
2026-06-21 09:10:00,3.25,200.5,51.5,1450.5,352.7
2026-06-21 09:15:00,3.58,206.6,58.2,1395.6,314.5
2026-06-21 09:20:00,3.64,198.7,55.8,1444.3,325.1
2026-06-21 09:25:00,3.14,203.9,75.1,1441.2,347.9
2026-06-21 09:30:00,4.01,208.0,60.8,1411.3,344.6
2026-06-21 09:35:00,3.11,214.8,56.4,1447.1,351.6
2026-06-21 09:40:00,2.85,221.4,70.3,1451.1,295.2
2026-06-21 09:45:00,3.65,204.4,69.5,1411.1,336.1
2026-06-21 09:50:00,3.17,226.0,72.7,1425.4,353.7
2026-06-21 09:55:00,3.63,221.3,64.5,1473.2,358.7
2026-06-21 10:00:00,2.54,216.0,67.9,1438.4,360.3
2026-06-21 10:05:00,4.06,211.8,60.1,1455.0,346.3
2026-06-21 10:10:00,3.77,213.8,79.0,1457.7,330.5
2026-06-21 10:15:00,2.9,224.2,76.3,1448.8,352.5
2026-06-21 10:20:00,2.91,224.7,75.9,1458.2,332.5
2026-06-21 10:25:00,4.17,226.0,73.8,1411.5,362.5
2026-06-21 10:30:00,3.21,210.5,69.2,1436.6,350.7
2026-06-21 10:35:00,3.17,216.7,56.0,1395.1,338.5
2026-06-21 10:40:00,2.59,226.1,72.5,1417.0,320.8
2026-06-21 10:45:00,3.36,202.5,64.8,1430.3,368.0
2026-06-21 10:50:00,3.41,206.2,74.5,1429.3,354.0
2026-06-21 10:55:00,3.79,210.2,71.5,1440.7,392.6
2026-06-21 11:00:00,2.94,220.8,71.0,1441.8,353.2
2026-06-21 11:05:00,2.89,221.0,53.2,1444.2,355.2
2026-06-21 11:10:00,3.68,207.2,63.9,1442.1,303.4
2026-06-21 11:15:00,3.9,191.9,57.8,1441.4,347.8
2026-06-21 11:20:00,2.87,213.0,67.5,1426.2,332.1
2026-06-21 11:25:00,3.93,199.0,60.0,1426.9,360.7
2026-06-21 11:30:00,3.52,192.1,60.1,1435.9,348.4
2026-06-21 11:35:00,3.94,194.8,66.4,1436.6,364.6
2026-06-21 11:40:00,3.47,213.9,62.1,1424.6,393.3
2026-06-21 11:45:00,2.5,226.3,68.4,1459.5,320.0
2026-06-21 11:50:00,3.44,210.5,52.9,1451.0,363.7
2026-06-21 11:55:00,3.92,212.5,58.7,1427.6,357.1
2026-06-21 12:00:00,3.14,224.2,72.4,1439.7,389.5
2026-06-21 12:05:00,3.34,191.5,52.4,1466.4,357.6
2026-06-21 12:10:00,3.43,216.2,75.9,1443.7,355.0
2026-06-21 12:15:00,2.5,209.9,72.8,1445.9,361.3
2026-06-21 12:20:00,4.17,216.8,63.9,1432.2,363.0
2026-06-21 12:25:00,3.14,204.2,88.1,1434.1,376.4
2026-06-21 12:30:00,3.7,200.2,73.5,1460.7,319.5
2026-06-21 12:35:00,3.47,211.7,57.7,1442.0,330.2
2026-06-21 12:40:00,4.0,229.8,73.9,1442.9,383.4
2026-06-21 12:45:00,3.66,220.3,67.1,1442.2,291.0
2026-06-21 12:50:00,3.41,203.9,57.9,1477.0,337.9
2026-06-21 12:55:00,3.14,193.9,54.0,1437.4,343.7
2026-06-21 13:00:00,3.82,189.8,69.9,1423.5,335.6
2026-06-21 13:05:00,2.75,225.8,62.6,1433.3,379.5
2026-06-21 13:10:00,3.76,198.5,62.5,1449.4,351.9
2026-06-21 13:15:00,3.06,206.1,57.0,1417.8,330.3
2026-06-21 13:20:00,4.0,225.9,61.4,1449.9,324.1
2026-06-21 13:25:00,3.56,190.6,61.1,1425.3,347.0
2026-06-21 13:30:00,3.76,227.9,70.8,1415.7,369.1
2026-06-21 13:35:00,3.53,207.0,43.8,1424.7,343.5
2026-06-21 13:40:00,2.8,196.2,63.1,1437.7,336.6
2026-06-21 13:45:00,3.16,207.0,58.6,1460.3,322.6
2026-06-21 13:50:00,3.77,201.3,74.9,1452.0,349.4
2026-06-21 13:55:00,3.57,215.3,89.3,1436.7,348.0
2026-06-21 14:00:00,3.97,202.2,61.0,1453.0,321.9
2026-06-21 14:05:00,3.66,187.1,47.8,1430.1,365.7
2026-06-21 14:10:00,3.11,207.4,65.5,1417.5,382.7
2026-06-21 14:15:00,3.18,193.7,60.9,1437.1,341.2
2026-06-21 14:20:00,3.54,212.5,81.1,1417.9,347.6
2026-06-21 14:25:00,2.57,195.8,76.2,1449.0,312.4
2026-06-21 14:30:00,4.17,204.1,71.0,1450.9,358.4
2026-06-21 14:35:00,3.68,212.2,60.6,1427.2,351.6
2026-06-21 14:40:00,3.99,207.5,70.0,1441.7,331.8
2026-06-21 14:45:00,2.87,213.0,67.6,1442.6,321.4
2026-06-21 14:50:00,4.0,218.2,68.2,1454.7,386.2
2026-06-21 14:55:00,4.39,196.1,50.4,1418.5,349.6
2026-06-21 15:00:00,2.97,209.2,73.4,1448.8,317.1
2026-06-21 15:05:00,3.81,170.0,59.9,1412.3,361.4
2026-06-21 15:10:00,3.5,213.0,64.6,1452.3,345.7
2026-06-21 15:15:00,2.88,206.4,59.7,1455.2,341.5
2026-06-21 15:20:00,3.7,198.2,56.9,1427.6,364.5
2026-06-21 15:25:00,3.83,213.8,68.1,1459.0,280.0
2026-06-21 15:30:00,3.26,224.1,53.1,1419.2,294.8
2026-06-21 15:35:00,3.97,204.3,70.5,1455.4,374.5
2026-06-21 15:40:00,2.83,198.7,54.9,1459.3,336.8
2026-06-21 15:45:00,2.9,212.0,48.8,1445.6,329.3
2026-06-21 15:50:00,3.55,194.0,77.2,1433.9,306.6
2026-06-21 15:55:00,3.51,202.1,56.9,1443.1,344.8
2026-06-21 16:00:00,3.21,224.7,61.4,1433.9,347.9
2026-06-21 16:05:00,3.82,210.7,74.2,1479.5,376.0
2026-06-21 16:10:00,3.71,187.4,76.5,1426.7,349.3
2026-06-21 16:15:00,3.84,188.4,49.5,1455.4,332.4
2026-06-21 16:20:00,3.45,211.9,57.6,1429.3,350.1
2026-06-21 16:25:00,3.74,220.3,59.5,1466.0,367.7
2026-06-21 16:30:00,3.32,190.6,69.6,1466.3,362.3
2026-06-21 16:35:00,4.32,215.4,78.9,1446.9,355.5
2026-06-21 16:40:00,3.17,226.0,58.8,1447.5,346.9
2026-06-21 16:45:00,4.34,232.7,79.7,1430.2,325.5
2026-06-21 16:50:00,3.51,214.0,59.9,1424.7,314.2
2026-06-21 16:55:00,2.95,216.1,68.6,1445.7,310.2
2026-06-21 17:00:00,4.05,184.4,51.0,1456.8,349.8
2026-06-21 17:05:00,3.55,235.2,67.8,1436.8,352.5
2026-06-21 17:10:00,3.84,203.1,63.1,1471.7,367.4
2026-06-21 17:15:00,3.99,198.8,60.8,1428.6,354.0
2026-06-21 17:20:00,3.64,206.9,67.6,1442.8,366.3
2026-06-21 17:25:00,3.26,228.1,59.7,1447.1,336.7
2026-06-21 17:30:00,3.89,236.5,61.9,1443.8,359.3
2026-06-21 17:35:00,3.5,211.5,68.7,1409.6,315.0
2026-06-21 17:40:00,3.77,222.0,77.5,1433.1,338.5
2026-06-21 17:45:00,2.64,210.5,64.9,1443.1,294.2
2026-06-21 17:50:00,3.68,197.5,67.2,1436.1,340.8
2026-06-21 17:55:00,3.24,227.7,73.7,1453.1,370.6
2026-06-21 18:00:00,4.16,202.5,70.5,1449.9,341.8
2026-06-21 18:05:00,3.75,228.4,60.1,1440.1,358.0
2026-06-21 18:10:00,3.6,225.6,61.1,1428.7,346.8
2026-06-21 18:15:00,3.69,217.4,60.6,1464.7,325.7
2026-06-21 18:20:00,3.1,231.9,83.7,1424.1,335.3
2026-06-21 18:25:00,4.15,236.8,73.1,1436.4,369.5
2026-06-21 18:30:00,4.3,207.9,68.4,1426.8,357.9
2026-06-21 18:35:00,3.66,200.3,66.5,1449.3,324.6
2026-06-21 18:40:00,4.14,187.6,51.1,1455.3,305.3
2026-06-21 18:45:00,3.27,236.9,84.5,1442.8,345.2
2026-06-21 18:50:00,3.18,204.7,68.0,1442.4,325.5
2026-06-21 18:55:00,3.52,223.6,72.8,1449.2,335.6
2026-06-21 19:00:00,3.67,201.1,49.5,1465.3,303.6
2026-06-21 19:05:00,3.34,228.5,74.0,1417.1,366.0
2026-06-21 19:10:00,3.72,201.6,60.9,1449.5,337.6
2026-06-21 19:15:00,3.62,195.7,52.3,1442.8,341.4
2026-06-21 19:20:00,3.1,207.5,57.0,1433.9,319.2
2026-06-21 19:25:00,3.71,203.6,53.9,1443.6,333.1
2026-06-21 19:30:00,3.85,217.2,55.8,1452.5,343.1
2026-06-21 19:35:00,3.57,209.4,65.4,1448.6,324.7
2026-06-21 19:40:00,3.96,217.5,63.0,1473.9,334.6
2026-06-21 19:45:00,3.01,206.5,67.1,1441.2,374.7
2026-06-21 19:50:00,3.69,202.0,77.2,1438.8,296.2
2026-06-21 19:55:00,3.03,203.0,62.9,1435.9,344.6
2026-06-21 20:00:00,3.05,234.5,50.7,1453.2,320.4
2026-06-21 20:05:00,3.25,212.7,63.5,1440.1,373.4
2026-06-21 20:10:00,3.12,186.2,71.0,1435.4,335.5
2026-06-21 20:15:00,3.28,203.8,63.4,1439.0,313.8
2026-06-21 20:20:00,3.41,211.2,77.4,1438.2,334.6
2026-06-21 20:25:00,3.83,232.1,71.9,1435.3,348.7
2026-06-21 20:30:00,3.37,222.3,52.1,1448.7,409.4
2026-06-21 20:35:00,2.87,198.9,64.2,1433.5,287.3
2026-06-21 20:40:00,3.96,239.0,71.7,1455.0,310.0
2026-06-21 20:45:00,3.17,209.6,73.6,1441.6,372.6
2026-06-21 20:50:00,3.48,225.0,81.8,1437.2,302.3
2026-06-21 20:55:00,3.68,196.1,70.2,1460.7,340.2
2026-06-21 21:00:00,3.58,181.2,64.2,1432.7,327.9
2026-06-21 21:05:00,3.94,193.1,67.9,1446.0,324.0
2026-06-21 21:10:00,3.69,171.0,57.8,1421.7,335.7
2026-06-21 21:15:00,3.16,235.3,57.1,1414.7,331.7
2026-06-21 21:20:00,4.37,212.6,65.7,1432.0,366.4
2026-06-21 21:25:00,3.58,198.9,66.3,1405.7,373.2
2026-06-21 21:30:00,3.44,215.4,56.2,1437.5,350.7
2026-06-21 21:35:00,3.89,212.3,76.0,1462.5,334.1
2026-06-21 21:40:00,3.6,217.5,74.2,1427.9,346.5
2026-06-21 21:45:00,3.66,224.5,56.2,1411.3,360.1
2026-06-21 21:50:00,4.5,206.5,75.4,1461.8,365.0
2026-06-21 21:55:00,3.39,199.4,60.9,1430.8,349.3
2026-06-21 22:00:00,3.37,219.9,60.3,1441.8,378.2
2026-06-21 22:05:00,3.55,219.6,75.1,1453.7,324.6
2026-06-21 22:10:00,3.93,211.2,64.8,1448.1,368.5
2026-06-21 22:15:00,2.9,236.1,84.1,1456.5,357.6
2026-06-21 22:20:00,2.71,204.7,57.4,1452.5,324.7
2026-06-21 22:25:00,3.27,199.2,49.5,1411.6,345.8
2026-06-21 22:30:00,2.85,215.0,63.5,1419.8,347.5
2026-06-21 22:35:00,3.33,201.9,70.1,1455.9,336.4
2026-06-21 22:40:00,3.7,215.9,58.5,1429.5,336.2
2026-06-21 22:45:00,3.14,200.0,52.9,1427.9,301.9
2026-06-21 22:50:00,2.93,205.2,66.1,1420.1,322.8
2026-06-21 22:55:00,3.53,232.7,56.7,1438.5,334.0
2026-06-21 23:00:00,3.85,205.1,66.7,1433.8,325.7
2026-06-21 23:05:00,2.82,200.4,60.8,1424.0,318.6
2026-06-21 23:10:00,3.83,224.0,71.1,1427.0,366.5
2026-06-21 23:15:00,3.83,197.4,52.0,1442.3,337.4
2026-06-21 23:20:00,3.88,201.7,74.1,1426.2,394.2
2026-06-21 23:25:00,3.99,216.9,64.6,1432.3,345.6
2026-06-21 23:30:00,4.38,221.3,72.8,1409.5,366.0
2026-06-21 23:35:00,3.36,224.6,74.9,1472.0,334.8
2026-06-21 23:40:00,3.54,201.0,54.4,1452.3,323.5
2026-06-21 23:45:00,3.33,217.2,73.1,1434.0,346.6
2026-06-21 23:50:00,3.5,204.4,52.8,1425.4,372.4
2026-06-21 23:55:00,4.11,202.7,52.9,1438.7,337.8
2026-06-22 00:00:00,2.96,224.4,82.9,1442.6,351.2
2026-06-22 00:05:00,3.16,203.4,72.9,1419.5,346.4
2026-06-22 00:10:00,4.05,213.3,82.1,1402.4,337.5
2026-06-22 00:15:00,3.91,211.9,62.3,1432.5,338.8
2026-06-22 00:20:00,3.35,197.2,63.9,1414.0,315.0
2026-06-22 00:25:00,3.84,221.6,71.0,1444.9,339.7
2026-06-22 00:30:00,3.64,216.7,65.9,1444.0,356.3
2026-06-22 00:35:00,4.1,186.2,55.5,1420.6,347.4
2026-06-22 00:40:00,3.53,213.3,58.3,1432.6,344.6
2026-06-22 00:45:00,3.91,200.7,65.3,1464.6,358.1
2026-06-22 00:50:00,4.5,223.2,58.4,1454.3,344.9
2026-06-22 00:55:00,3.74,192.7,53.6,1429.7,340.3
2026-06-22 01:00:00,3.52,205.7,67.5,1473.5,358.4
2026-06-22 01:05:00,3.79,214.3,64.9,1422.9,343.4
2026-06-22 01:10:00,3.35,210.7,72.6,1427.9,334.1
2026-06-22 01:15:00,4.46,219.2,63.0,1440.2,351.7
2026-06-22 01:20:00,3.57,191.8,57.6,1413.4,339.1
2026-06-22 01:25:00,3.39,229.8,71.4,1470.8,333.0
2026-06-22 01:30:00,3.17,216.3,59.4,1444.0,343.9
2026-06-22 01:35:00,3.94,226.3,62.2,1431.4,344.2
2026-06-22 01:40:00,3.85,220.5,61.6,1448.8,312.4
2026-06-22 01:45:00,3.3,209.9,63.3,1442.2,348.3
2026-06-22 01:50:00,3.73,194.6,76.9,1432.3,386.2
2026-06-22 01:55:00,2.9,203.2,53.0,1420.5,315.5
2026-06-22 02:00:00,3.57,229.1,78.2,1422.3,327.4
2026-06-22 02:05:00,3.68,226.6,73.4,1476.1,409.5
2026-06-22 02:10:00,4.18,202.6,76.4,1418.2,319.4
2026-06-22 02:15:00,3.19,176.2,85.0,1458.7,372.2
2026-06-22 02:20:00,2.99,207.4,76.1,1426.8,334.3
2026-06-22 02:25:00,3.14,206.5,71.9,1451.2,341.5
2026-06-22 02:30:00,2.97,207.0,54.1,1446.4,336.7
2026-06-22 02:35:00,4.03,216.3,56.5,1451.2,350.6
2026-06-22 02:40:00,4.12,220.5,69.5,1453.1,300.5
2026-06-22 02:45:00,3.63,221.9,53.2,1418.2,344.7
2026-06-22 02:50:00,3.99,215.3,70.7,1430.9,329.9
2026-06-22 02:55:00,3.55,188.4,44.7,1415.2,293.4
2026-06-22 03:00:00,3.46,205.9,73.6,1442.0,368.0
2026-06-22 03:05:00,3.37,237.6,66.6,1425.7,287.3
2026-06-22 03:10:00,3.38,214.5,66.7,1411.2,393.7
2026-06-22 03:15:00,2.88,214.4,59.7,1437.3,355.4
2026-06-22 03:20:00,3.61,214.3,50.5,1407.7,306.0
2026-06-22 03:25:00,3.48,215.0,75.6,1444.9,373.5
2026-06-22 03:30:00,3.8,181.4,71.4,1415.4,321.2
2026-06-22 03:35:00,3.54,207.1,61.8,1426.8,322.4
2026-06-22 03:40:00,3.43,209.5,70.2,1405.7,295.0
2026-06-22 03:45:00,3.15,225.4,64.2,1467.8,318.4
2026-06-22 03:50:00,3.53,210.6,67.4,1418.2,321.3
2026-06-22 03:55:00,3.8,190.2,68.1,1430.6,360.5
2026-06-22 04:00:00,3.04,215.2,70.2,1414.2,369.2
2026-06-22 04:05:00,3.53,200.4,74.3,1425.5,309.0
2026-06-22 04:10:00,3.59,195.4,67.0,1463.4,346.8
2026-06-22 04:15:00,3.21,200.0,63.7,1442.5,294.0
2026-06-22 04:20:00,3.26,216.5,59.9,1430.4,346.9
2026-06-22 04:25:00,3.59,225.1,63.4,1442.5,394.1
2026-06-22 04:30:00,3.05,215.8,72.3,1432.8,295.5
2026-06-22 04:35:00,3.64,217.6,54.1,1440.1,314.6
2026-06-22 04:40:00,3.14,215.7,74.7,1452.3,358.2
2026-06-22 04:45:00,3.93,211.2,62.9,1435.3,361.1
2026-06-22 04:50:00,4.44,218.4,59.7,1445.0,316.5
2026-06-22 04:55:00,3.16,181.0,51.9,1437.7,376.8
2026-06-22 05:00:00,3.71,211.3,70.6,1435.4,319.6
2026-06-22 05:05:00,3.21,197.5,63.0,1426.5,381.8
2026-06-22 05:10:00,3.92,224.0,79.8,1434.9,351.7
2026-06-22 05:15:00,2.99,208.2,54.6,1450.1,371.8
2026-06-22 05:20:00,3.69,210.4,60.4,1451.8,349.3
2026-06-22 05:25:00,3.15,191.9,61.6,1419.3,356.4
2026-06-22 05:30:00,3.42,222.2,60.8,1438.5,357.8
2026-06-22 05:35:00,3.09,217.5,66.2,1430.2,368.6
2026-06-22 05:40:00,3.83,216.7,68.6,1453.3,339.2
2026-06-22 05:45:00,3.17,200.2,67.4,1431.0,317.5
2026-06-22 05:50:00,3.72,200.7,75.7,1471.2,338.0
2026-06-22 05:55:00,3.36,212.7,55.0,1443.8,323.3
2026-06-22 06:00:00,3.45,201.7,66.5,1456.1,324.9
2026-06-22 06:05:00,3.56,215.2,60.6,1425.8,381.4
2026-06-22 06:10:00,3.2,184.1,64.6,1435.0,355.6
2026-06-22 06:15:00,3.58,204.1,67.6,1448.1,354.4
2026-06-22 06:20:00,4.11,231.6,60.3,1428.8,366.8
2026-06-22 06:25:00,3.19,215.3,58.6,1441.4,355.4
2026-06-22 06:30:00,3.97,212.0,69.4,1456.2,386.7
2026-06-22 06:35:00,4.1,233.8,68.8,1439.9,287.6
2026-06-22 06:40:00,3.17,182.0,59.0,1421.6,315.1
2026-06-22 06:45:00,2.92,200.2,68.8,1465.1,322.5
2026-06-22 06:50:00,3.62,205.2,70.1,1421.5,305.6
2026-06-22 06:55:00,3.28,220.3,62.3,1444.4,342.8
2026-06-22 07:00:00,4.25,220.5,59.8,1431.5,344.0
2026-06-22 07:05:00,3.51,199.6,53.3,1423.9,389.4
2026-06-22 07:10:00,3.18,222.0,67.1,1453.5,362.6
2026-06-22 07:15:00,3.04,205.2,52.9,1435.9,327.3
2026-06-22 07:20:00,3.94,224.5,68.0,1449.0,352.4
2026-06-22 07:25:00,3.27,197.6,72.9,1403.7,294.3
2026-06-22 07:30:00,3.52,208.5,62.0,1447.3,343.6
2026-06-22 07:35:00,3.88,204.1,59.8,1428.0,342.2
2026-06-22 07:40:00,3.31,222.7,82.9,1414.4,317.4
2026-06-22 07:45:00,3.48,203.7,76.1,1467.0,335.0
2026-06-22 07:50:00,3.49,209.5,58.8,1448.9,322.7
2026-06-22 07:55:00,3.77,216.1,67.0,1444.6,316.7
2026-06-22 08:00:00,3.74,216.5,68.6,1460.0,356.9
2026-06-22 08:05:00,3.41,220.6,68.2,1445.8,365.8
2026-06-22 08:10:00,3.53,212.5,79.9,1428.5,352.7
2026-06-22 08:15:00,3.35,205.0,64.9,1436.4,329.0
2026-06-22 08:20:00,2.91,205.8,66.3,1429.0,323.4
2026-06-22 08:25:00,3.6,210.3,70.6,1432.6,329.8
2026-06-22 08:30:00,4.26,213.0,75.0,1421.7,334.5
2026-06-22 08:35:00,3.15,208.2,72.2,1425.1,318.2
2026-06-22 08:40:00,3.19,210.2,69.3,1453.5,366.3
2026-06-22 08:45:00,3.15,191.8,49.8,1441.3,334.9
2026-06-22 08:50:00,3.79,218.0,62.3,1434.1,359.1
2026-06-22 08:55:00,3.68,212.2,71.9,1425.0,305.0
2026-06-22 09:00:00,3.44,222.0,68.8,1436.3,322.8
2026-06-22 09:05:00,3.13,210.0,71.6,1414.7,361.5
2026-06-22 09:10:00,3.54,189.1,77.0,1437.7,361.8
2026-06-22 09:15:00,2.87,205.7,54.9,1453.3,309.9
2026-06-22 09:20:00,3.56,207.6,73.7,1475.0,347.6
2026-06-22 09:25:00,3.85,218.9,63.7,1425.2,348.2
2026-06-22 09:30:00,3.0,185.2,68.8,1448.6,322.3
2026-06-22 09:35:00,2.89,210.5,64.7,1429.5,348.9
2026-06-22 09:40:00,4.13,216.2,82.9,1424.3,300.5
2026-06-22 09:45:00,3.26,202.1,64.9,1421.5,316.8
2026-06-22 09:50:00,3.95,210.9,60.0,1442.3,355.0
2026-06-22 09:55:00,3.44,202.5,67.2,1424.5,340.7
2026-06-22 10:00:00,3.44,201.2,66.3,1429.1,342.0
2026-06-22 10:05:00,3.68,205.1,73.4,1432.4,335.6
2026-06-22 10:10:00,3.15,201.5,67.3,1427.2,353.4
2026-06-22 10:15:00,3.55,218.2,86.0,1429.5,354.6
2026-06-22 10:20:00,3.35,201.2,62.8,1401.8,359.8
2026-06-22 10:25:00,2.97,199.2,62.6,1439.1,343.1
2026-06-22 10:30:00,3.63,231.2,63.4,1445.3,330.3
2026-06-22 10:35:00,3.39,221.5,67.4,1430.3,326.1
2026-06-22 10:40:00,3.44,187.7,63.5,1440.9,313.6
2026-06-22 10:45:00,3.02,200.8,65.9,1459.1,329.9
2026-06-22 10:50:00,4.14,212.9,66.0,1440.9,324.8
2026-06-22 10:55:00,3.85,213.9,60.7,1460.7,380.0
2026-06-22 11:00:00,3.89,192.1,55.3,1470.0,313.8
2026-06-22 11:05:00,3.38,223.9,64.1,1480.7,365.9
2026-06-22 11:10:00,2.81,219.9,75.6,1424.2,333.3
2026-06-22 11:15:00,4.28,215.8,76.7,1423.4,334.8
2026-06-22 11:20:00,3.48,226.3,66.8,1436.6,350.0
2026-06-22 11:25:00,3.2,215.4,58.3,1443.0,304.5
2026-06-22 11:30:00,3.67,215.4,65.2,1464.9,320.0
2026-06-22 11:35:00,3.97,228.7,84.5,1453.1,309.0
2026-06-22 11:40:00,3.49,223.2,75.0,1424.6,330.5
2026-06-22 11:45:00,4.01,199.9,67.9,1428.8,317.3
2026-06-22 11:50:00,3.93,217.6,73.8,1440.9,372.9
2026-06-22 11:55:00,3.07,202.0,76.1,1416.1,325.4
2026-06-22 12:00:00,3.23,216.0,56.7,1441.4,280.5
2026-06-22 12:05:00,3.88,215.7,62.7,1423.3,331.6
2026-06-22 12:10:00,2.5,193.4,58.3,1411.9,360.2
2026-06-22 12:15:00,3.44,208.5,69.5,1425.5,380.8
2026-06-22 12:20:00,2.93,213.2,66.8,1446.8,334.3
2026-06-22 12:25:00,3.31,204.8,70.3,1445.0,327.1
2026-06-22 12:30:00,3.38,213.8,61.5,1442.2,339.6
2026-06-22 12:35:00,3.36,219.7,77.4,1456.8,350.4
2026-06-22 12:40:00,3.28,209.6,64.4,1453.2,311.8
2026-06-22 12:45:00,3.06,212.7,71.0,1443.6,333.9
2026-06-22 12:50:00,4.42,226.6,77.1,1444.3,338.8
2026-06-22 12:55:00,4.25,215.7,74.8,1443.1,341.1
2026-06-22 13:00:00,3.04,212.4,68.2,1438.3,336.4
2026-06-22 13:05:00,4.13,198.5,69.8,1405.1,316.6
2026-06-22 13:10:00,3.34,218.1,80.1,1458.6,348.5
2026-06-22 13:15:00,3.55,214.0,69.7,1446.8,338.9
2026-06-22 13:20:00,3.47,225.4,61.5,1424.8,338.8
2026-06-22 13:25:00,3.24,210.6,69.7,1461.5,312.9
2026-06-22 13:30:00,3.89,188.2,61.4,1426.8,356.0
2026-06-22 13:35:00,3.55,189.6,43.2,1434.3,316.3
2026-06-22 13:40:00,3.31,218.8,70.0,1457.1,380.4
2026-06-22 13:45:00,2.98,203.2,64.9,1441.9,310.5
2026-06-22 13:50:00,3.14,215.2,75.0,1461.1,359.1
2026-06-22 13:55:00,2.84,211.4,59.2,1435.0,292.3
2026-06-22 14:00:00,3.5,208.0,52.7,1465.0,283.5
2026-06-22 14:05:00,3.02,208.8,66.2,1428.1,326.1
2026-06-22 14:10:00,3.39,199.6,66.5,1457.7,283.5
2026-06-22 14:15:00,4.05,209.8,65.7,1406.0,358.2
2026-06-22 14:20:00,3.98,203.0,64.1,1422.1,339.5
2026-06-22 14:25:00,3.49,205.5,55.8,1443.6,375.0
2026-06-22 14:30:00,3.47,206.1,63.3,1433.2,335.8
2026-06-22 14:35:00,4.25,207.3,61.8,1438.3,346.1
2026-06-22 14:40:00,3.71,221.1,75.2,1442.8,333.3
2026-06-22 14:45:00,3.37,208.4,67.8,1421.8,318.2
2026-06-22 14:50:00,2.93,222.3,64.6,1425.7,329.8
2026-06-22 14:55:00,3.66,228.5,81.6,1447.2,309.9
2026-06-22 15:00:00,3.83,220.3,64.4,1432.1,349.7
2026-06-22 15:05:00,3.25,216.4,70.4,1461.4,332.3
2026-06-22 15:10:00,3.62,213.9,64.3,1437.9,337.5
2026-06-22 15:15:00,3.35,220.4,79.6,1452.9,410.6
2026-06-22 15:20:00,3.43,211.1,65.9,1446.9,329.9
2026-06-22 15:25:00,2.5,221.8,67.7,1433.3,347.8
2026-06-22 15:30:00,3.41,217.4,65.0,1411.8,338.6
2026-06-22 15:35:00,3.89,205.7,65.9,1456.9,368.9
2026-06-22 15:40:00,3.25,220.8,76.2,1427.5,346.0
2026-06-22 15:45:00,3.52,211.1,71.9,1434.2,333.2
2026-06-22 15:50:00,3.2,208.7,65.0,1437.5,397.3
2026-06-22 15:55:00,3.64,204.3,77.8,1438.1,318.5
2026-06-22 16:00:00,3.41,212.0,72.3,1454.8,335.2
2026-06-22 16:05:00,3.12,222.0,63.3,1442.5,362.9
2026-06-22 16:10:00,4.03,220.7,55.6,1440.2,319.5
2026-06-22 16:15:00,3.87,214.2,62.3,1456.1,359.1
2026-06-22 16:20:00,3.26,217.2,69.4,1450.4,328.0
2026-06-22 16:25:00,3.7,225.3,72.1,1432.0,365.1
2026-06-22 16:30:00,3.71,208.2,75.6,1422.4,364.4
2026-06-22 16:35:00,3.76,196.6,54.2,1425.0,337.7
2026-06-22 16:40:00,2.82,225.6,63.8,1442.4,315.0
2026-06-22 16:45:00,3.9,203.6,54.6,1420.0,330.2
2026-06-22 16:50:00,3.27,201.7,53.0,1439.7,339.6
2026-06-22 16:55:00,3.36,188.4,56.7,1433.8,362.2
2026-06-22 17:00:00,4.5,216.9,69.0,1403.2,348.0
2026-06-22 17:05:00,3.62,190.5,68.3,1415.0,353.4
2026-06-22 17:10:00,3.35,201.0,56.1,1394.9,348.7
2026-06-22 17:15:00,2.62,217.1,59.6,1436.3,361.2
2026-06-22 17:20:00,4.06,218.7,52.1,1457.8,335.0
2026-06-22 17:25:00,2.96,202.2,65.5,1410.1,344.1
2026-06-22 17:30:00,3.1,208.4,58.9,1419.8,340.7
2026-06-22 17:35:00,3.37,199.5,76.7,1435.4,329.1
2026-06-22 17:40:00,4.07,203.4,67.3,1422.7,365.3
2026-06-22 17:45:00,3.81,213.2,64.1,1424.6,364.8
2026-06-22 17:50:00,3.44,204.0,59.0,1446.9,370.1
2026-06-22 17:55:00,3.62,207.1,52.6,1432.0,320.9
2026-06-22 18:00:00,3.26,192.4,51.4,1414.2,348.8
2026-06-22 18:05:00,3.56,223.6,62.1,1411.4,367.3
2026-06-22 18:10:00,3.53,216.1,60.3,1474.4,377.6
2026-06-22 18:15:00,3.89,219.5,58.4,1458.8,302.3
2026-06-22 18:20:00,3.89,225.5,70.3,1436.3,339.9
2026-06-22 18:25:00,3.7,200.1,67.6,1439.3,335.3
2026-06-22 18:30:00,3.36,205.7,60.7,1431.8,379.8
2026-06-22 18:35:00,3.8,187.3,77.1,1443.1,284.8
2026-06-22 18:40:00,3.46,247.7,56.7,1434.7,313.8
2026-06-22 18:45:00,3.07,208.2,65.2,1431.5,375.8
2026-06-22 18:50:00,3.34,222.5,65.1,1449.3,328.3
2026-06-22 18:55:00,3.53,195.1,58.4,1458.8,307.5
2026-06-22 19:00:00,3.86,222.0,61.2,1453.5,377.8
2026-06-22 19:05:00,3.43,232.3,68.3,1463.0,304.2
2026-06-22 19:10:00,3.02,209.3,63.1,1435.2,365.6
2026-06-22 19:15:00,3.52,197.9,60.0,1428.2,301.0
2026-06-22 19:20:00,3.55,208.3,54.4,1410.6,303.9
2026-06-22 19:25:00,3.57,183.3,48.0,1435.7,345.0
2026-06-22 19:30:00,3.87,209.5,62.6,1445.6,318.8
2026-06-22 19:35:00,3.91,219.9,63.3,1437.5,346.8
2026-06-22 19:40:00,3.26,209.6,63.4,1428.3,385.1
2026-06-22 19:45:00,3.25,206.6,63.6,1458.0,336.1
2026-06-22 19:50:00,3.08,216.3,61.8,1450.7,380.7
2026-06-22 19:55:00,3.78,217.2,64.4,1461.1,348.1
2026-06-22 20:00:00,4.08,190.1,55.2,1421.7,363.9
2026-06-22 20:05:00,3.37,211.1,77.4,1429.6,281.2
2026-06-22 20:10:00,3.4,239.2,63.0,1463.9,355.9
2026-06-22 20:15:00,4.09,194.0,59.6,1436.1,352.1
2026-06-22 20:20:00,3.7,209.0,59.1,1431.3,331.0
2026-06-22 20:25:00,3.67,233.3,62.6,1437.2,387.4
2026-06-22 20:30:00,3.02,223.3,67.2,1442.5,327.7
2026-06-22 20:35:00,3.77,203.8,63.3,1453.8,299.8
2026-06-22 20:40:00,3.13,212.5,61.7,1438.1,359.5
2026-06-22 20:45:00,3.05,210.0,62.7,1451.9,304.4
2026-06-22 20:50:00,3.36,201.0,57.9,1445.2,341.9
2026-06-22 20:55:00,3.27,209.1,68.1,1426.6,373.5
2026-06-22 21:00:00,3.41,206.6,80.9,1426.1,352.5
2026-06-22 21:05:00,2.92,211.4,58.2,1433.5,333.8
2026-06-22 21:10:00,3.88,201.0,66.8,1418.2,331.2
2026-06-22 21:15:00,3.95,194.7,63.1,1429.2,371.6
2026-06-22 21:20:00,2.72,209.5,70.3,1462.6,309.5
2026-06-22 21:25:00,3.89,230.6,73.7,1443.6,359.4
2026-06-22 21:30:00,3.18,211.0,66.8,1428.7,394.8
2026-06-22 21:35:00,3.84,206.0,64.1,1467.9,353.6
2026-06-22 21:40:00,3.47,219.0,62.9,1427.9,334.0
2026-06-22 21:45:00,3.51,208.1,58.6,1425.2,336.0
2026-06-22 21:50:00,3.43,232.4,67.6,1462.9,328.0
2026-06-22 21:55:00,3.98,210.0,54.7,1449.9,323.7
2026-06-22 22:00:00,3.0,218.4,61.5,1439.7,342.9
2026-06-22 22:05:00,3.74,200.9,72.5,1450.7,357.0
2026-06-22 22:10:00,3.94,216.0,66.7,1445.7,380.3
2026-06-22 22:15:00,3.79,213.3,72.6,1422.9,291.1
2026-06-22 22:20:00,4.43,209.3,76.7,1403.9,280.0
2026-06-22 22:25:00,3.29,204.0,62.7,1430.3,380.8
2026-06-22 22:30:00,3.88,202.3,65.5,1454.7,341.4
2026-06-22 22:35:00,3.46,213.4,63.1,1434.3,342.7
2026-06-22 22:40:00,3.99,217.5,59.6,1448.4,352.5
2026-06-22 22:45:00,3.5,208.5,57.1,1442.5,335.3
2026-06-22 22:50:00,3.34,213.4,72.3,1415.3,389.4
2026-06-22 22:55:00,4.02,209.5,66.6,1433.8,352.3
2026-06-22 23:00:00,3.3,211.2,80.0,1445.6,328.8
2026-06-22 23:05:00,2.93,207.6,72.4,1427.7,331.0
2026-06-22 23:10:00,3.29,210.2,59.2,1434.6,336.4
2026-06-22 23:15:00,3.75,242.4,76.6,1452.4,320.6
2026-06-22 23:20:00,4.06,213.7,63.1,1441.8,382.2
2026-06-22 23:25:00,3.54,217.7,75.9,1457.3,343.1
2026-06-22 23:30:00,4.03,215.3,61.9,1446.8,310.7
2026-06-22 23:35:00,2.96,206.8,56.1,1425.0,350.1
2026-06-22 23:40:00,3.32,225.5,61.0,1435.9,376.0
2026-06-22 23:45:00,3.38,206.5,58.5,1439.6,366.5
2026-06-22 23:50:00,3.45,222.7,60.2,1462.6,321.0
2026-06-22 23:55:00,3.53,206.0,59.8,1432.1,312.3
2026-06-23 00:00:00,3.78,198.5,70.1,1411.7,375.7
2026-06-23 00:05:00,3.32,214.4,80.0,1447.5,299.4
2026-06-23 00:10:00,3.56,196.7,52.4,1426.0,349.3
2026-06-23 00:15:00,3.48,216.4,76.1,1422.0,325.8
2026-06-23 00:20:00,3.13,195.7,59.0,1437.4,372.8
2026-06-23 00:25:00,3.45,206.2,67.2,1453.8,313.6
2026-06-23 00:30:00,3.44,192.8,49.2,1428.0,320.1
2026-06-23 00:35:00,3.43,243.9,74.3,1454.2,355.4
2026-06-23 00:40:00,3.51,190.2,46.0,1446.3,359.9
2026-06-23 00:45:00,3.53,210.1,67.5,1451.9,374.0
2026-06-23 00:50:00,3.33,223.7,69.1,1431.8,351.8
2026-06-23 00:55:00,4.01,222.4,68.4,1425.7,348.7
2026-06-23 01:00:00,3.03,220.2,60.7,1427.3,366.2
2026-06-23 01:05:00,3.21,206.2,68.8,1451.1,305.7
2026-06-23 01:10:00,4.5,226.2,70.6,1453.3,318.0
2026-06-23 01:15:00,3.08,221.0,65.0,1427.8,307.8
2026-06-23 01:20:00,2.96,212.5,70.8,1472.5,280.0
2026-06-23 01:25:00,3.79,212.9,64.7,1424.4,361.1
2026-06-23 01:30:00,2.67,206.4,68.7,1454.3,375.7
2026-06-23 01:35:00,3.41,199.1,62.4,1460.6,353.9
2026-06-23 01:40:00,4.36,224.8,69.0,1444.6,349.5
2026-06-23 01:45:00,2.88,225.7,72.0,1431.6,342.1
2026-06-23 01:50:00,2.71,199.4,60.2,1426.7,341.4
2026-06-23 01:55:00,2.9,208.2,54.9,1435.7,382.4
2026-06-23 02:00:00,3.86,208.3,67.0,1455.9,378.7
2026-06-23 02:05:00,3.95,209.6,74.5,1421.9,325.4
2026-06-23 02:10:00,3.29,210.8,67.5,1412.6,367.7
2026-06-23 02:15:00,3.77,221.4,69.2,1447.7,370.7
2026-06-23 02:20:00,4.06,201.0,63.3,1446.9,356.3
2026-06-23 02:25:00,4.21,199.8,69.4,1467.5,349.7
2026-06-23 02:30:00,3.4,224.8,65.7,1422.2,348.8
2026-06-23 02:35:00,2.58,204.4,60.5,1436.9,302.9
2026-06-23 02:40:00,3.17,194.8,71.6,1454.4,300.7
2026-06-23 02:45:00,3.33,204.2,59.9,1440.6,359.6
2026-06-23 02:50:00,3.4,206.0,71.5,1436.3,312.5
2026-06-23 02:55:00,3.42,228.7,76.6,1455.6,305.3
2026-06-23 03:00:00,3.95,221.1,71.2,1433.2,288.1
2026-06-23 03:05:00,4.01,223.8,57.1,1455.5,328.1
2026-06-23 03:10:00,3.43,219.8,66.7,1423.2,349.4
2026-06-23 03:15:00,3.94,221.4,65.1,1419.5,351.4
2026-06-23 03:20:00,3.64,201.7,59.8,1434.2,361.3
2026-06-23 03:25:00,3.53,207.6,65.8,1401.1,330.2
2026-06-23 03:30:00,3.86,198.1,69.4,1438.9,342.7
2026-06-23 03:35:00,3.53,207.5,61.0,1413.5,361.1
2026-06-23 03:40:00,4.32,218.2,64.9,1445.9,351.6
2026-06-23 03:45:00,2.92,211.6,63.3,1443.1,325.4
2026-06-23 03:50:00,3.29,225.7,76.7,1442.1,347.5
2026-06-23 03:55:00,3.45,196.3,60.9,1443.8,290.4
2026-06-23 04:00:00,3.68,216.0,56.0,1444.3,340.0
2026-06-23 04:05:00,4.01,195.0,50.2,1432.6,324.5
2026-06-23 04:10:00,3.49,211.1,68.1,1467.7,378.0
2026-06-23 04:15:00,2.93,218.9,60.2,1447.7,315.6
2026-06-23 04:20:00,3.84,207.4,70.0,1451.1,342.9
2026-06-23 04:25:00,3.8,216.6,55.3,1457.4,329.3
2026-06-23 04:30:00,2.72,198.5,59.0,1447.7,326.0
2026-06-23 04:35:00,3.5,190.0,51.4,1466.9,349.4
2026-06-23 04:40:00,2.86,216.7,69.5,1443.8,329.5
2026-06-23 04:45:00,3.23,230.9,73.3,1444.1,386.3
2026-06-23 04:50:00,3.14,198.0,65.9,1427.9,290.6
2026-06-23 04:55:00,3.82,224.7,58.5,1439.1,355.8
2026-06-23 05:00:00,3.55,210.5,59.1,1429.1,337.9
2026-06-23 05:05:00,2.99,194.0,64.5,1447.0,338.7
2026-06-23 05:10:00,3.85,196.4,49.5,1423.6,347.6
2026-06-23 05:15:00,2.93,210.2,63.1,1441.1,364.9
2026-06-23 05:20:00,3.63,205.1,76.4,1447.4,346.6
2026-06-23 05:25:00,3.17,194.2,61.2,1439.1,365.0
2026-06-23 05:30:00,3.35,189.7,50.0,1422.5,341.2
2026-06-23 05:35:00,3.7,199.8,58.6,1448.5,314.1
2026-06-23 05:40:00,3.71,212.3,60.3,1439.2,337.8
2026-06-23 05:45:00,4.03,209.9,82.1,1396.9,368.8
2026-06-23 05:50:00,3.47,204.0,77.4,1424.0,329.7
2026-06-23 05:55:00,3.62,212.4,71.2,1461.5,312.9
2026-06-23 06:00:00,3.32,222.5,64.1,1464.8,355.5
2026-06-23 06:05:00,3.57,214.7,75.3,1448.8,348.4
2026-06-23 06:10:00,3.68,208.5,55.7,1451.5,320.7
2026-06-23 06:15:00,3.46,221.1,75.3,1430.6,334.2
2026-06-23 06:20:00,2.78,198.5,70.7,1433.8,335.5
2026-06-23 06:25:00,3.63,207.3,63.4,1458.0,340.2
2026-06-23 06:30:00,3.65,207.6,73.8,1445.9,356.2
2026-06-23 06:35:00,3.23,195.2,59.2,1438.0,329.9
2026-06-23 06:40:00,2.99,205.0,54.1,1436.2,357.5
2026-06-23 06:45:00,4.09,185.1,69.1,1452.6,326.7
2026-06-23 06:50:00,3.7,232.9,67.8,1461.4,381.7
2026-06-23 06:55:00,3.41,198.8,68.1,1447.5,382.2
2026-06-23 07:00:00,3.05,229.0,82.4,1444.8,318.6
2026-06-23 07:05:00,3.17,210.5,59.3,1434.7,309.4
2026-06-23 07:10:00,4.02,216.8,64.9,1451.8,364.5
2026-06-23 07:15:00,3.56,204.1,76.7,1422.3,346.4
2026-06-23 07:20:00,3.28,212.5,70.7,1427.1,353.8
2026-06-23 07:25:00,3.7,217.8,60.6,1419.8,323.6
2026-06-23 07:30:00,3.17,218.0,58.6,1460.1,336.7
2026-06-23 07:35:00,4.1,219.3,62.2,1431.0,331.4
2026-06-23 07:40:00,4.04,205.6,58.4,1445.2,347.6
2026-06-23 07:45:00,3.31,204.2,66.0,1437.0,308.9
2026-06-23 07:50:00,3.25,190.9,62.8,1479.6,337.5
2026-06-23 07:55:00,2.5,216.3,68.2,1447.9,308.6
2026-06-23 08:00:00,2.91,223.0,60.2,1414.7,327.1
2026-06-23 08:05:00,2.96,229.4,67.3,1461.5,337.6
2026-06-23 08:10:00,3.55,213.7,49.1,1434.9,352.7
2026-06-23 08:15:00,3.37,200.8,64.8,1435.1,354.8
2026-06-23 08:20:00,2.96,189.6,71.3,1425.8,359.0
2026-06-23 08:25:00,3.39,222.5,55.5,1445.4,302.9
2026-06-23 08:30:00,3.7,188.4,65.6,1438.4,371.6
2026-06-23 08:35:00,3.71,205.9,59.5,1429.5,323.9
2026-06-23 08:40:00,2.74,207.3,71.0,1431.8,325.7
2026-06-23 08:45:00,3.45,209.2,66.1,1441.4,346.7
2026-06-23 08:50:00,2.95,210.4,68.3,1404.9,331.6
2026-06-23 08:55:00,3.86,211.7,65.8,1418.7,349.0
2026-06-23 09:00:00,3.81,181.0,71.3,1459.3,353.7
2026-06-23 09:05:00,3.14,210.2,67.8,1445.0,320.9
2026-06-23 09:10:00,3.19,183.2,55.3,1426.8,335.4
2026-06-23 09:15:00,3.32,218.8,67.1,1416.3,336.1
2026-06-23 09:20:00,2.6,203.3,61.0,1437.8,364.0
2026-06-23 09:25:00,3.63,184.1,62.4,1449.6,328.4
2026-06-23 09:30:00,3.39,200.2,60.2,1477.6,327.3
2026-06-23 09:35:00,3.89,203.2,58.6,1467.0,314.5
2026-06-23 09:40:00,3.06,224.3,68.7,1429.6,317.3
2026-06-23 09:45:00,3.25,212.4,65.8,1433.0,306.2
2026-06-23 09:50:00,2.9,214.1,74.1,1418.8,322.4
2026-06-23 09:55:00,3.1,224.2,63.8,1430.2,379.8
2026-06-23 10:00:00,3.03,208.8,49.0,1436.6,357.3
2026-06-23 10:05:00,3.9,219.1,63.4,1436.3,371.9
2026-06-23 10:10:00,3.22,218.2,53.2,1472.5,316.2
2026-06-23 10:15:00,3.55,194.6,66.0,1417.2,291.3
2026-06-23 10:20:00,3.35,227.7,54.3,1442.9,347.9
2026-06-23 10:25:00,2.99,193.0,54.5,1405.6,386.3
2026-06-23 10:30:00,3.43,221.0,63.8,1447.2,327.9
2026-06-23 10:35:00,3.74,191.8,74.6,1416.2,342.5
2026-06-23 10:40:00,3.02,217.2,57.5,1458.0,300.8
2026-06-23 10:45:00,3.82,232.3,68.5,1440.1,340.7
2026-06-23 10:50:00,3.16,207.4,69.3,1418.5,336.9
2026-06-23 10:55:00,3.31,206.9,76.4,1407.8,287.7
2026-06-23 11:00:00,3.71,217.3,72.3,1426.8,314.1
2026-06-23 11:05:00,3.23,206.0,73.2,1442.8,312.1
2026-06-23 11:10:00,3.52,231.8,75.2,1450.7,300.5
2026-06-23 11:15:00,3.37,212.3,55.7,1433.0,321.9
2026-06-23 11:20:00,3.55,206.2,67.3,1453.1,352.7
2026-06-23 11:25:00,2.55,203.5,70.8,1421.7,324.2
2026-06-23 11:30:00,2.77,198.8,55.7,1393.9,368.7
2026-06-23 11:35:00,3.75,202.5,59.2,1442.7,330.9
2026-06-23 11:40:00,3.91,205.8,57.9,1458.5,348.2
2026-06-23 11:45:00,3.14,204.1,70.3,1458.3,352.4
2026-06-23 11:50:00,3.4,202.1,63.3,1418.9,378.3
2026-06-23 11:55:00,3.62,235.2,66.2,1436.9,322.1
2026-06-23 12:00:00,3.78,197.6,52.9,1448.4,351.1
2026-06-23 12:05:00,2.69,211.8,64.7,1430.9,316.3
2026-06-23 12:10:00,3.15,217.1,61.5,1443.0,383.1
2026-06-23 12:15:00,3.37,217.6,68.1,1430.8,314.0
2026-06-23 12:20:00,3.78,209.3,55.8,1423.5,349.6
2026-06-23 12:25:00,4.5,207.1,66.0,1426.0,379.0
2026-06-23 12:30:00,3.41,215.4,62.3,1455.4,310.1
2026-06-23 12:35:00,2.94,213.2,55.5,1440.8,354.9
2026-06-23 12:40:00,3.66,206.9,53.9,1458.5,315.2
2026-06-23 12:45:00,4.03,191.3,52.8,1444.1,398.2
2026-06-23 12:50:00,3.54,204.4,62.5,1463.0,292.7
2026-06-23 12:55:00,3.14,196.2,63.9,1449.5,302.1
2026-06-23 13:00:00,3.88,202.0,66.0,1449.8,312.0
2026-06-23 13:05:00,3.77,210.4,67.5,1438.3,312.8
2026-06-23 13:10:00,3.09,214.3,59.6,1486.0,353.0
2026-06-23 13:15:00,3.65,231.4,76.7,1446.0,385.0
2026-06-23 13:20:00,3.9,203.6,60.5,1409.1,368.9
2026-06-23 13:25:00,3.97,219.3,70.0,1445.9,345.8
2026-06-23 13:30:00,3.47,213.7,64.2,1426.0,340.2
2026-06-23 13:35:00,3.36,225.6,70.3,1458.4,324.8
2026-06-23 13:40:00,3.99,216.9,64.3,1452.3,349.8
2026-06-23 13:45:00,3.02,197.9,66.3,1434.7,334.8
2026-06-23 13:50:00,3.68,189.3,61.8,1422.5,344.7
2026-06-23 13:55:00,2.95,213.7,72.1,1442.9,321.5
2026-06-23 14:00:00,3.93,203.7,57.5,1429.1,310.0
2026-06-23 14:05:00,3.4,198.2,49.1,1449.5,340.6
2026-06-23 14:10:00,4.01,194.8,54.9,1445.3,340.1
2026-06-23 14:15:00,3.7,211.9,73.8,1484.4,325.1
2026-06-23 14:20:00,3.01,228.1,66.5,1436.9,320.8
2026-06-23 14:25:00,4.07,205.1,65.0,1434.5,354.0
2026-06-23 14:30:00,4.12,217.1,57.6,1439.1,351.4
2026-06-23 14:35:00,3.85,208.8,65.3,1438.1,386.9
2026-06-23 14:40:00,3.2,194.5,54.5,1452.3,374.5
2026-06-23 14:45:00,3.38,218.8,59.3,1437.6,310.2
2026-06-23 14:50:00,3.56,196.9,59.8,1467.0,335.2
2026-06-23 14:55:00,3.22,210.3,68.6,1448.8,305.9
2026-06-23 15:00:00,4.18,205.9,68.8,1431.9,294.0
2026-06-23 15:05:00,3.56,220.7,71.2,1431.0,394.9
2026-06-23 15:10:00,2.5,197.3,50.4,1453.1,377.0
2026-06-23 15:15:00,3.64,214.7,65.7,1441.4,324.3
2026-06-23 15:20:00,3.36,199.9,61.9,1438.1,371.1
2026-06-23 15:25:00,3.47,203.9,51.8,1429.8,374.8
2026-06-23 15:30:00,3.35,170.0,59.1,1431.1,292.0
2026-06-23 15:35:00,3.82,235.1,66.8,1435.4,361.3
2026-06-23 15:40:00,3.95,216.6,70.1,1461.7,327.7
2026-06-23 15:45:00,3.61,200.8,64.3,1448.9,349.6
2026-06-23 15:50:00,3.36,196.5,58.6,1434.7,415.2
2026-06-23 15:55:00,3.48,204.1,71.5,1436.0,379.6
2026-06-23 16:00:00,3.51,218.6,48.5,1443.1,336.8
2026-06-23 16:05:00,3.18,187.3,61.1,1435.4,375.5
2026-06-23 16:10:00,3.73,208.3,50.6,1425.3,291.9
2026-06-23 16:15:00,3.68,231.2,60.9,1415.7,352.6
2026-06-23 16:20:00,4.12,196.4,67.2,1425.3,353.2
2026-06-23 16:25:00,4.0,211.0,55.0,1438.3,357.6
2026-06-23 16:30:00,3.23,236.4,57.6,1434.2,327.3
2026-06-23 16:35:00,3.83,217.6,85.2,1453.8,349.5
2026-06-23 16:40:00,3.12,211.5,54.4,1436.9,361.4
2026-06-23 16:45:00,3.78,216.1,79.1,1469.3,281.9
2026-06-23 16:50:00,3.29,205.2,62.9,1430.6,332.1
2026-06-23 16:55:00,3.09,225.6,63.1,1445.2,317.4
2026-06-23 17:00:00,3.61,205.2,68.8,1434.7,356.6
2026-06-23 17:05:00,2.5,186.5,72.2,1441.9,374.4
2026-06-23 17:10:00,2.8,205.3,55.1,1455.0,324.7
2026-06-23 17:15:00,3.43,198.4,59.2,1446.8,312.8
2026-06-23 17:20:00,3.53,206.6,71.3,1408.9,342.9
2026-06-23 17:25:00,3.35,206.9,66.8,1446.9,311.2
2026-06-23 17:30:00,2.87,224.4,76.0,1427.7,334.3
2026-06-23 17:35:00,3.17,218.3,70.4,1437.0,331.7
2026-06-23 17:40:00,3.66,213.2,79.9,1451.0,354.5
2026-06-23 17:45:00,3.73,210.0,66.4,1423.2,347.9
2026-06-23 17:50:00,3.49,197.3,64.9,1454.8,344.0
2026-06-23 17:55:00,3.96,183.8,63.6,1429.5,380.9
2026-06-23 18:00:00,3.66,211.4,64.1,1472.8,346.7
2026-06-23 18:05:00,3.2,219.5,73.2,1442.9,329.6
2026-06-23 18:10:00,3.39,208.7,66.7,1465.3,332.6
2026-06-23 18:15:00,2.94,203.6,70.3,1456.7,320.9
2026-06-23 18:20:00,3.46,215.6,73.4,1431.9,314.5
2026-06-23 18:25:00,3.94,209.0,68.3,1420.3,305.3
2026-06-23 18:30:00,3.77,230.2,72.0,1445.8,368.4
2026-06-23 18:35:00,4.06,224.8,59.1,1434.2,322.0
2026-06-23 18:40:00,3.38,221.5,62.3,1466.0,347.9
2026-06-23 18:45:00,4.04,219.1,73.1,1438.1,332.5
2026-06-23 18:50:00,3.42,194.5,74.1,1432.4,339.3
2026-06-23 18:55:00,4.09,218.0,50.7,1420.7,368.8
2026-06-23 19:00:00,3.49,214.5,61.1,1447.2,344.4
2026-06-23 19:05:00,3.78,217.3,66.3,1423.8,316.9
2026-06-23 19:10:00,4.09,215.9,58.9,1447.8,325.9
2026-06-23 19:15:00,3.42,215.4,59.2,1449.8,361.5
2026-06-23 19:20:00,3.59,242.4,73.7,1435.2,352.1
2026-06-23 19:25:00,4.02,209.1,77.5,1454.2,363.1
2026-06-23 19:30:00,3.45,221.2,50.4,1438.1,334.0
2026-06-23 19:35:00,2.97,204.3,62.8,1416.8,305.1
2026-06-23 19:40:00,4.36,219.5,70.1,1465.1,352.7
2026-06-23 19:45:00,3.31,221.3,72.9,1428.4,346.3
2026-06-23 19:50:00,3.56,214.4,68.2,1448.5,347.0
2026-06-23 19:55:00,3.96,230.0,82.1,1450.4,305.5
2026-06-23 20:00:00,3.26,199.4,63.6,1443.7,324.0
2026-06-23 20:05:00,3.1,204.2,74.6,1444.4,316.5
2026-06-23 20:10:00,3.6,212.5,60.2,1426.0,350.0
2026-06-23 20:15:00,2.78,220.6,67.0,1467.5,350.8
2026-06-23 20:20:00,3.38,212.2,55.6,1454.8,338.9
2026-06-23 20:25:00,3.6,225.4,74.5,1450.2,364.2
2026-06-23 20:30:00,3.39,202.1,62.8,1418.4,377.3
2026-06-23 20:35:00,2.88,196.3,65.8,1422.6,348.8
2026-06-23 20:40:00,4.14,213.7,63.0,1450.6,356.8
2026-06-23 20:45:00,3.54,209.1,69.6,1409.8,326.5
2026-06-23 20:50:00,4.07,216.5,69.2,1446.4,321.9
2026-06-23 20:55:00,3.4,209.7,57.0,1420.0,365.2
2026-06-23 21:00:00,3.15,205.9,56.9,1426.2,318.1
2026-06-23 21:05:00,3.61,209.1,64.6,1418.7,357.4
2026-06-23 21:10:00,3.41,210.3,70.3,1443.8,383.0
2026-06-23 21:15:00,3.03,206.3,79.4,1456.0,356.3
2026-06-23 21:20:00,4.09,207.6,67.1,1444.7,338.0
2026-06-23 21:25:00,3.25,205.2,72.3,1445.9,306.5
2026-06-23 21:30:00,2.76,220.3,53.6,1444.6,344.1
2026-06-23 21:35:00,4.03,212.3,81.5,1450.7,365.2
2026-06-23 21:40:00,3.3,237.1,73.9,1452.4,335.5
2026-06-23 21:45:00,3.26,211.9,64.9,1399.7,365.5
2026-06-23 21:50:00,2.79,203.4,62.7,1452.3,349.1
2026-06-23 21:55:00,4.2,242.0,60.9,1458.4,347.3
2026-06-23 22:00:00,2.98,215.0,59.2,1435.6,332.1
2026-06-23 22:05:00,3.52,221.9,82.1,1412.8,303.6
2026-06-23 22:10:00,3.87,217.1,58.2,1445.1,329.4
2026-06-23 22:15:00,3.67,217.5,58.1,1446.4,329.2
2026-06-23 22:20:00,3.48,216.4,60.3,1434.7,354.4
2026-06-23 22:25:00,2.82,196.8,53.4,1440.2,339.6
2026-06-23 22:30:00,3.18,214.4,65.8,1457.0,367.1
2026-06-23 22:35:00,3.58,194.1,71.3,1472.8,347.0
2026-06-23 22:40:00,3.19,207.9,59.8,1441.8,327.4
2026-06-23 22:45:00,3.58,201.3,52.7,1443.3,319.6
2026-06-23 22:50:00,3.77,214.3,68.0,1428.5,324.9
2026-06-23 22:55:00,3.89,214.0,65.2,1433.3,344.0
2026-06-23 23:00:00,3.01,215.8,73.9,1439.1,330.7
2026-06-23 23:05:00,4.38,213.4,61.9,1458.4,313.1
2026-06-23 23:10:00,3.81,202.7,61.8,1450.8,365.2
2026-06-23 23:15:00,3.5,206.9,63.3,1468.3,343.8
2026-06-23 23:20:00,3.94,221.0,67.4,1419.9,346.9
2026-06-23 23:25:00,4.45,222.8,63.8,1422.7,319.4
2026-06-23 23:30:00,2.92,196.2,58.5,1453.8,314.0
2026-06-23 23:35:00,3.41,191.6,47.4,1458.1,335.9
2026-06-23 23:40:00,2.55,201.3,59.2,1438.8,289.3
2026-06-23 23:45:00,3.58,222.5,72.6,1380.0,359.5
2026-06-23 23:50:00,3.65,224.6,74.0,1431.8,322.4
2026-06-23 23:55:00,3.48,198.9,59.6,1442.8,333.3
2026-06-24 00:00:00,3.24,213.7,75.9,1427.2,350.7
2026-06-24 00:05:00,2.68,232.0,68.1,1447.2,334.4
2026-06-24 00:10:00,3.65,215.0,55.0,1469.5,310.8
2026-06-24 00:15:00,4.08,227.1,54.3,1464.8,377.6
2026-06-24 00:20:00,3.26,222.0,76.5,1454.5,301.7
2026-06-24 00:25:00,3.68,199.1,60.4,1436.8,284.1
2026-06-24 00:30:00,2.87,207.7,54.9,1432.1,361.9
2026-06-24 00:35:00,3.68,210.4,47.0,1451.4,303.5
2026-06-24 00:40:00,3.34,211.2,62.0,1440.6,371.3
2026-06-24 00:45:00,3.2,221.0,69.9,1443.1,349.4
2026-06-24 00:50:00,3.2,214.9,60.2,1417.7,347.1
2026-06-24 00:55:00,3.34,174.8,51.3,1422.2,325.8
2026-06-24 01:00:00,3.65,194.2,58.2,1448.1,319.4
2026-06-24 01:05:00,2.98,183.8,71.0,1418.2,330.6
2026-06-24 01:10:00,3.34,212.1,54.2,1444.4,318.1
2026-06-24 01:15:00,3.48,212.9,60.3,1446.8,370.2
2026-06-24 01:20:00,3.06,213.4,75.2,1447.7,321.4
2026-06-24 01:25:00,4.22,198.5,67.2,1446.1,352.7
2026-06-24 01:30:00,3.16,218.1,67.6,1451.0,365.1
2026-06-24 01:35:00,3.23,218.6,61.1,1432.4,318.0
2026-06-24 01:40:00,3.11,194.9,63.0,1415.0,349.4
2026-06-24 01:45:00,4.22,192.4,58.1,1423.4,317.7
2026-06-24 01:50:00,3.72,210.0,58.1,1450.9,335.7
2026-06-24 01:55:00,3.13,231.5,59.6,1426.3,328.5
2026-06-24 02:00:00,3.94,230.4,74.3,1428.5,322.6
2026-06-24 02:05:00,3.58,216.8,65.5,1425.7,343.9
2026-06-24 02:10:00,3.6,201.2,66.2,1410.6,309.6
2026-06-24 02:15:00,3.36,220.6,67.8,1424.9,363.2
2026-06-24 02:20:00,3.2,204.6,67.7,1453.9,313.0
2026-06-24 02:25:00,3.64,200.8,61.6,1427.4,308.3
2026-06-24 02:30:00,3.28,184.3,57.3,1408.6,333.7
2026-06-24 02:35:00,4.23,211.2,58.7,1432.6,330.7
2026-06-24 02:40:00,2.99,202.4,52.6,1446.1,348.9
2026-06-24 02:45:00,4.11,211.2,56.2,1412.8,342.1
2026-06-24 02:50:00,3.46,182.4,57.9,1448.8,299.3
2026-06-24 02:55:00,3.62,212.0,52.5,1418.8,364.7
2026-06-24 03:00:00,3.83,180.8,49.6,1428.2,333.1
2026-06-24 03:05:00,3.25,223.1,75.3,1436.5,346.0
2026-06-24 03:10:00,3.85,216.3,67.7,1432.8,395.1
2026-06-24 03:15:00,2.5,206.7,60.9,1438.4,372.2
2026-06-24 03:20:00,3.21,216.8,84.2,1453.0,345.3
2026-06-24 03:25:00,3.13,198.3,50.1,1437.0,305.7
2026-06-24 03:30:00,3.0,210.9,72.9,1431.1,306.1
2026-06-24 03:35:00,3.41,219.5,65.5,1448.8,369.1
2026-06-24 03:40:00,3.65,172.9,65.7,1435.7,330.0
2026-06-24 03:45:00,3.78,204.6,65.1,1428.9,335.8
2026-06-24 03:50:00,3.6,209.7,50.0,1440.6,311.4
2026-06-24 03:55:00,3.23,207.6,65.4,1428.2,351.1
2026-06-24 04:00:00,3.65,227.5,70.3,1430.5,368.5
2026-06-24 04:05:00,3.55,196.5,45.4,1449.4,378.1
2026-06-24 04:10:00,3.87,202.5,79.4,1445.2,328.8
2026-06-24 04:15:00,3.81,187.0,64.0,1447.0,356.1
2026-06-24 04:20:00,3.51,228.1,73.1,1453.2,337.6
2026-06-24 04:25:00,3.14,207.0,55.2,1426.1,362.0
2026-06-24 04:30:00,3.24,204.7,69.7,1454.0,339.9
2026-06-24 04:35:00,3.28,209.4,73.6,1435.4,319.4
2026-06-24 04:40:00,3.37,217.6,68.2,1455.5,373.0
2026-06-24 04:45:00,3.61,214.2,65.6,1439.0,342.5
2026-06-24 04:50:00,3.79,241.8,62.6,1451.1,331.2
2026-06-24 04:55:00,3.48,215.4,64.1,1446.2,344.4
2026-06-24 05:00:00,3.51,204.4,60.1,1451.1,321.6
2026-06-24 05:05:00,3.56,203.3,68.6,1414.1,350.4
2026-06-24 05:10:00,3.29,205.3,57.5,1415.4,335.1
2026-06-24 05:15:00,3.13,192.0,66.8,1446.5,320.1
2026-06-24 05:20:00,2.8,210.5,58.4,1445.4,399.4
2026-06-24 05:25:00,3.22,219.4,64.3,1430.2,314.8
2026-06-24 05:30:00,3.69,202.6,68.8,1444.0,348.8
2026-06-24 05:35:00,3.22,200.3,57.9,1416.9,341.4
2026-06-24 05:40:00,3.4,228.2,72.9,1492.6,314.4
2026-06-24 05:45:00,3.69,192.9,66.9,1456.3,331.6
2026-06-24 05:50:00,3.71,185.2,59.1,1444.4,306.4
2026-06-24 05:55:00,3.07,196.2,72.2,1438.4,391.7
2026-06-24 06:00:00,3.9,191.5,62.8,1427.0,333.3
2026-06-24 06:05:00,3.95,214.6,74.5,1421.3,335.4
2026-06-24 06:10:00,3.05,205.7,78.7,1437.4,388.6
2026-06-24 06:15:00,3.17,207.4,62.7,1426.6,319.4
2026-06-24 06:20:00,3.98,223.8,72.2,1430.7,372.4
2026-06-24 06:25:00,3.44,201.7,58.7,1417.1,354.8
2026-06-24 06:30:00,2.61,219.3,58.1,1445.6,290.5
2026-06-24 06:35:00,2.94,228.1,66.2,1438.0,330.7
2026-06-24 06:40:00,3.4,204.5,53.3,1446.9,350.9
2026-06-24 06:45:00,3.03,218.8,58.8,1448.6,340.9
2026-06-24 06:50:00,3.33,207.1,69.3,1442.9,341.0
2026-06-24 06:55:00,3.51,221.1,62.6,1482.1,324.8
2026-06-24 07:00:00,4.08,191.1,67.9,1448.6,322.2
2026-06-24 07:05:00,3.38,190.3,64.4,1417.1,332.3
2026-06-24 07:10:00,3.93,205.3,79.1,1445.9,389.0
2026-06-24 07:15:00,4.07,199.3,67.6,1437.1,317.3
2026-06-24 07:20:00,4.07,203.8,73.0,1418.6,327.9
2026-06-24 07:25:00,3.61,207.4,67.8,1418.1,340.7
2026-06-24 07:30:00,2.71,218.6,68.8,1448.5,303.4
2026-06-24 07:35:00,3.68,205.1,73.6,1449.5,350.8
2026-06-24 07:40:00,3.92,200.1,68.9,1422.3,307.8
2026-06-24 07:45:00,3.47,205.8,66.0,1453.7,312.8
2026-06-24 07:50:00,4.2,200.8,65.3,1442.4,311.6
2026-06-24 07:55:00,3.84,198.8,67.6,1455.7,299.0
2026-06-24 08:00:00,3.73,190.6,56.7,1452.5,371.7
2026-06-24 08:05:00,3.93,210.8,59.4,1437.8,353.0
2026-06-24 08:10:00,3.63,203.2,75.4,1463.2,363.1
2026-06-24 08:15:00,2.5,221.6,81.7,1425.5,360.8
2026-06-24 08:20:00,3.3,192.6,55.0,1472.4,335.8
2026-06-24 08:25:00,3.98,203.5,58.7,1425.5,339.3
2026-06-24 08:30:00,3.18,231.8,77.4,1443.6,365.3
2026-06-24 08:35:00,3.41,198.7,67.6,1429.2,381.0
2026-06-24 08:40:00,3.08,207.2,70.0,1433.8,308.5
2026-06-24 08:45:00,4.21,195.4,70.0,1480.9,403.0
2026-06-24 08:50:00,4.17,193.8,60.6,1429.8,307.1
2026-06-24 08:55:00,3.15,228.6,70.4,1456.5,328.5
2026-06-24 09:00:00,3.56,212.1,67.3,1436.9,341.9
2026-06-24 09:05:00,3.23,211.6,58.4,1454.4,344.1
2026-06-24 09:10:00,3.75,189.6,64.5,1427.8,389.1
2026-06-24 09:15:00,3.7,214.3,75.5,1444.7,365.3
2026-06-24 09:20:00,3.82,223.9,64.4,1452.2,350.3
2026-06-24 09:25:00,3.63,223.8,68.3,1431.9,365.9
2026-06-24 09:30:00,4.5,218.0,67.9,1483.0,348.6
2026-06-24 09:35:00,3.09,196.4,60.7,1447.5,323.1
2026-06-24 09:40:00,2.82,213.8,71.0,1437.4,352.1
2026-06-24 09:45:00,3.34,218.0,60.8,1431.1,341.7
2026-06-24 09:50:00,2.87,188.5,72.4,1437.1,318.9
2026-06-24 09:55:00,2.9,196.5,68.0,1419.1,371.6
2026-06-24 10:00:00,3.1,220.7,59.1,1468.9,338.6
2026-06-24 10:05:00,3.13,220.5,80.2,1448.6,312.0
2026-06-24 10:10:00,3.12,191.4,63.6,1435.0,315.9
2026-06-24 10:15:00,3.71,219.5,60.6,1457.6,353.4
2026-06-24 10:20:00,3.3,211.1,74.0,1429.4,366.2
2026-06-24 10:25:00,3.43,219.4,70.4,1424.5,352.0
2026-06-24 10:30:00,3.86,202.4,49.7,1436.5,352.2
2026-06-24 10:35:00,3.19,217.7,62.0,1443.5,319.7
2026-06-24 10:40:00,3.39,220.1,68.8,1450.0,342.3
2026-06-24 10:45:00,3.65,205.8,47.1,1417.0,331.7
2026-06-24 10:50:00,2.72,210.2,65.7,1433.2,335.1
2026-06-24 10:55:00,2.55,202.2,65.1,1392.2,337.2
2026-06-24 11:00:00,3.64,229.8,58.5,1426.2,323.5
2026-06-24 11:05:00,3.7,208.6,66.9,1450.4,358.8
2026-06-24 11:10:00,4.33,198.9,63.4,1452.2,314.8
2026-06-24 11:15:00,3.56,201.4,54.2,1421.2,307.5
2026-06-24 11:20:00,3.83,211.5,72.6,1435.4,320.4
2026-06-24 11:25:00,3.42,219.0,73.1,1442.2,362.1
2026-06-24 11:30:00,3.62,194.0,60.3,1453.0,348.5
2026-06-24 11:35:00,4.17,232.2,66.7,1467.4,295.4
2026-06-24 11:40:00,2.65,213.7,71.4,1443.0,354.9
2026-06-24 11:45:00,3.67,215.6,64.2,1437.2,338.8
2026-06-24 11:50:00,4.35,208.8,49.4,1418.1,329.6
2026-06-24 11:55:00,3.61,210.2,68.9,1441.7,334.0
2026-06-24 12:00:00,4.16,208.2,58.2,1470.8,306.7
2026-06-24 12:05:00,3.25,222.2,63.7,1461.8,344.3
2026-06-24 12:10:00,3.49,209.9,76.6,1442.6,308.3
2026-06-24 12:15:00,3.51,219.2,65.3,1446.4,331.2
2026-06-24 12:20:00,2.61,204.8,64.2,1428.6,331.3
2026-06-24 12:25:00,3.03,212.3,69.4,1435.1,359.2
2026-06-24 12:30:00,3.06,200.4,67.6,1440.3,341.0
2026-06-24 12:35:00,3.83,224.6,59.8,1445.2,357.6
2026-06-24 12:40:00,3.85,200.0,63.0,1453.2,310.1
2026-06-24 12:45:00,3.63,206.1,64.7,1453.7,337.3
2026-06-24 12:50:00,3.83,206.2,66.6,1447.1,353.3
2026-06-24 12:55:00,3.43,205.8,66.7,1424.2,371.1
2026-06-24 13:00:00,3.98,218.7,87.0,1427.3,311.5
2026-06-24 13:05:00,3.5,206.2,55.0,1425.9,319.0
2026-06-24 13:10:00,3.52,226.7,75.3,1446.9,352.6
2026-06-24 13:15:00,3.39,200.2,73.0,1407.6,380.3
2026-06-24 13:20:00,3.77,212.0,69.2,1440.3,347.1
2026-06-24 13:25:00,3.33,200.7,58.4,1459.3,312.3
2026-06-24 13:30:00,3.89,215.1,79.1,1451.0,312.7
2026-06-24 13:35:00,3.05,209.8,47.4,1434.7,343.4
2026-06-24 13:40:00,3.06,208.1,59.3,1429.2,348.9
2026-06-24 13:45:00,3.77,224.3,76.5,1454.9,334.5
2026-06-24 13:50:00,3.46,202.1,60.9,1443.0,313.0
2026-06-24 13:55:00,3.32,217.0,78.8,1437.7,367.5
2026-06-24 14:00:00,3.86,200.8,51.5,1429.3,331.3
2026-06-24 14:05:00,3.26,211.4,56.3,1441.4,353.2
2026-06-24 14:10:00,3.42,195.7,58.6,1432.6,295.7
2026-06-24 14:15:00,4.06,202.0,67.1,1450.2,370.0
2026-06-24 14:20:00,4.12,209.0,63.1,1458.4,322.9
2026-06-24 14:25:00,4.13,231.8,64.3,1423.8,373.6
2026-06-24 14:30:00,3.39,211.2,76.5,1421.9,355.3
2026-06-24 14:35:00,3.99,229.9,80.1,1464.2,304.3
2026-06-24 14:40:00,3.12,212.6,62.1,1443.0,346.1
2026-06-24 14:45:00,3.14,205.4,50.6,1422.1,381.4
2026-06-24 14:50:00,2.56,228.5,50.5,1458.4,325.1
2026-06-24 14:55:00,4.17,215.2,67.7,1446.2,381.5
2026-06-24 15:00:00,3.15,202.3,69.1,1471.5,349.6
2026-06-24 15:05:00,3.45,215.6,66.4,1437.6,373.5
2026-06-24 15:10:00,3.14,206.5,63.9,1455.9,344.0
2026-06-24 15:15:00,3.78,186.1,55.0,1413.5,336.9
2026-06-24 15:20:00,3.35,221.2,71.9,1463.2,385.9
2026-06-24 15:25:00,2.98,223.1,80.4,1456.8,358.0
2026-06-24 15:30:00,3.68,232.1,50.6,1468.5,334.1
2026-06-24 15:35:00,2.93,215.1,65.1,1457.7,350.6
2026-06-24 15:40:00,3.17,207.0,56.8,1437.9,325.9
2026-06-24 15:45:00,2.66,220.0,54.6,1424.4,342.7
2026-06-24 15:50:00,2.93,220.2,57.5,1433.0,369.9
2026-06-24 15:55:00,3.57,229.7,71.0,1417.5,336.0
2026-06-24 16:00:00,2.71,209.5,68.2,1426.1,318.1
2026-06-24 16:05:00,2.91,208.0,76.4,1446.0,315.8
2026-06-24 16:10:00,3.5,201.4,63.8,1437.6,341.8
2026-06-24 16:15:00,3.28,216.4,51.9,1437.9,319.8
2026-06-24 16:20:00,4.3,191.4,60.3,1424.4,304.2
2026-06-24 16:25:00,4.23,219.3,55.3,1415.3,310.0
2026-06-24 16:30:00,3.15,217.1,56.4,1444.1,369.4
2026-06-24 16:35:00,3.72,217.0,70.7,1447.1,336.4
2026-06-24 16:40:00,3.8,211.7,66.8,1425.5,341.4
2026-06-24 16:45:00,3.26,228.4,72.5,1435.7,315.8
2026-06-24 16:50:00,2.9,220.5,63.7,1465.2,325.5
2026-06-24 16:55:00,3.5,202.7,70.2,1455.9,324.7
2026-06-24 17:00:00,3.43,202.9,60.6,1416.3,333.1
2026-06-24 17:05:00,3.33,199.4,72.4,1436.6,298.5
2026-06-24 17:10:00,3.68,216.6,68.7,1463.1,367.2
2026-06-24 17:15:00,3.2,198.0,61.5,1434.4,339.6
2026-06-24 17:20:00,3.04,223.0,68.6,1438.6,345.1
2026-06-24 17:25:00,3.54,225.9,67.2,1459.6,362.9
2026-06-24 17:30:00,3.65,199.5,76.2,1452.7,360.9
2026-06-24 17:35:00,3.03,207.8,66.6,1453.6,325.6
2026-06-24 17:40:00,3.87,210.2,65.0,1436.1,355.1
2026-06-24 17:45:00,2.79,220.6,64.7,1452.1,354.9
2026-06-24 17:50:00,3.27,229.3,74.6,1466.3,347.9
2026-06-24 17:55:00,3.4,189.8,67.6,1435.2,366.5
2026-06-24 18:00:00,3.25,206.2,62.2,1433.2,360.0
2026-06-24 18:05:00,3.27,206.8,55.3,1457.8,358.2
2026-06-24 18:10:00,4.25,193.2,55.3,1467.3,374.1
2026-06-24 18:15:00,3.16,204.2,62.7,1470.6,340.7
2026-06-24 18:20:00,4.48,215.1,76.6,1435.4,341.4
2026-06-24 18:25:00,3.67,206.7,62.5,1435.2,360.5
2026-06-24 18:30:00,3.54,191.5,57.5,1420.9,335.5
2026-06-24 18:35:00,3.69,244.5,56.1,1448.7,352.0
2026-06-24 18:40:00,4.5,213.2,77.6,1424.5,326.0
2026-06-24 18:45:00,3.1,211.3,69.8,1432.4,283.0
2026-06-24 18:50:00,3.05,196.8,69.4,1447.9,354.9
2026-06-24 18:55:00,3.2,213.1,73.2,1446.5,301.3
2026-06-24 19:00:00,3.51,208.0,63.4,1412.4,322.5
2026-06-24 19:05:00,2.81,187.3,62.3,1459.0,360.5
2026-06-24 19:10:00,3.51,197.2,75.0,1421.1,360.8
2026-06-24 19:15:00,4.18,219.5,67.9,1427.5,369.4
2026-06-24 19:20:00,3.56,233.3,73.2,1426.1,289.5
2026-06-24 19:25:00,3.38,214.4,72.6,1431.0,347.4
2026-06-24 19:30:00,3.25,223.2,72.1,1429.2,333.6
2026-06-24 19:35:00,3.86,208.1,63.7,1426.5,364.7
2026-06-24 19:40:00,3.17,209.0,64.6,1402.8,376.9
2026-06-24 19:45:00,4.24,223.1,73.2,1444.6,307.3
2026-06-24 19:50:00,4.27,230.0,74.2,1447.5,340.4
2026-06-24 19:55:00,3.6,225.6,76.7,1476.8,360.8
2026-06-24 20:00:00,3.5,197.2,67.5,1444.7,331.6
2026-06-24 20:05:00,3.91,209.2,69.7,1432.4,383.6
2026-06-24 20:10:00,3.94,213.3,61.9,1422.7,330.0
2026-06-24 20:15:00,3.18,206.9,59.9,1437.9,332.5
2026-06-24 20:20:00,3.29,214.7,71.9,1447.7,313.2
2026-06-24 20:25:00,2.97,219.8,61.9,1434.4,343.8
2026-06-24 20:30:00,3.66,222.0,66.6,1443.3,280.0
2026-06-24 20:35:00,3.77,230.2,79.1,1472.5,333.8
2026-06-24 20:40:00,2.96,206.0,74.2,1433.4,371.7
2026-06-24 20:45:00,3.32,193.6,65.0,1408.4,305.1
2026-06-24 20:50:00,2.96,214.3,63.3,1454.0,299.5
2026-06-24 20:55:00,3.14,232.6,67.4,1449.2,367.9
2026-06-24 21:00:00,3.72,204.3,71.1,1413.2,371.3
2026-06-24 21:05:00,3.21,218.2,65.9,1448.1,306.1
2026-06-24 21:10:00,3.38,218.3,61.8,1426.7,383.3
2026-06-24 21:15:00,2.85,212.3,75.1,1447.1,350.8
2026-06-24 21:20:00,3.57,210.1,66.5,1468.6,366.2
2026-06-24 21:25:00,3.48,198.9,58.7,1435.1,320.2
2026-06-24 21:30:00,3.21,182.6,64.7,1450.8,377.2
2026-06-24 21:35:00,3.42,196.7,70.8,1418.9,333.3
2026-06-24 21:40:00,3.57,205.3,56.2,1416.3,332.2
2026-06-24 21:45:00,3.17,223.2,65.4,1472.9,352.1
2026-06-24 21:50:00,2.91,208.8,62.8,1444.4,330.2
2026-06-24 21:55:00,4.22,203.8,67.7,1448.3,302.0
2026-06-24 22:00:00,3.25,199.3,68.5,1455.1,343.3
2026-06-24 22:05:00,3.46,217.9,61.8,1433.7,332.0
2026-06-24 22:10:00,3.9,226.3,55.5,1455.6,320.8
2026-06-24 22:15:00,4.5,222.8,75.2,1452.7,371.0
2026-06-24 22:20:00,3.0,217.3,57.1,1422.0,399.8
2026-06-24 22:25:00,3.68,192.3,64.5,1459.2,317.0
2026-06-24 22:30:00,3.22,205.8,63.3,1458.8,344.9
2026-06-24 22:35:00,3.28,233.4,69.8,1425.4,330.0
2026-06-24 22:40:00,3.21,223.5,80.2,1445.7,397.2
2026-06-24 22:45:00,3.05,191.5,86.5,1432.8,352.3
2026-06-24 22:50:00,3.48,209.3,51.8,1461.1,363.2
2026-06-24 22:55:00,2.91,214.4,73.5,1419.7,369.5
2026-06-24 23:00:00,3.88,200.9,62.4,1492.2,343.3
2026-06-24 23:05:00,3.52,182.3,69.2,1431.8,335.3
2026-06-24 23:10:00,3.67,211.2,72.8,1451.3,378.0
2026-06-24 23:15:00,3.31,200.5,74.9,1458.9,359.4
2026-06-24 23:20:00,3.35,200.6,65.9,1435.2,318.9
2026-06-24 23:25:00,3.62,205.7,57.2,1437.4,321.9
2026-06-24 23:30:00,3.03,208.4,72.2,1432.1,330.3
2026-06-24 23:35:00,3.36,209.9,65.9,1426.7,369.0
2026-06-24 23:40:00,3.16,199.4,61.5,1442.0,376.8
2026-06-24 23:45:00,3.14,207.4,60.8,1437.4,393.8
2026-06-24 23:50:00,2.66,188.9,69.9,1428.1,322.3
2026-06-24 23:55:00,4.04,213.7,78.4,1434.0,343.5
2026-06-25 00:00:00,3.23,175.7,50.3,1441.8,330.0
2026-06-25 00:05:00,3.97,206.5,69.5,1427.3,335.4
2026-06-25 00:10:00,3.93,221.0,63.7,1438.5,363.2
2026-06-25 00:15:00,2.99,197.3,51.4,1450.9,338.9
2026-06-25 00:20:00,3.06,218.6,67.5,1445.4,372.9
2026-06-25 00:25:00,4.5,223.9,60.4,1427.0,327.1
2026-06-25 00:30:00,4.2,170.3,46.4,1431.7,358.5
2026-06-25 00:35:00,3.49,208.2,58.5,1446.2,328.9
2026-06-25 00:40:00,3.6,175.5,51.6,1447.9,294.1
2026-06-25 00:45:00,3.25,208.6,59.6,1428.4,314.5
2026-06-25 00:50:00,3.67,209.9,54.4,1431.6,343.1
2026-06-25 00:55:00,3.21,180.2,57.4,1423.6,388.0
2026-06-25 01:00:00,2.69,233.1,62.8,1434.9,328.5
2026-06-25 01:05:00,2.97,213.4,68.5,1446.8,335.8
2026-06-25 01:10:00,3.51,199.8,68.2,1446.9,352.2
2026-06-25 01:15:00,3.05,227.6,69.7,1459.3,325.0
2026-06-25 01:20:00,3.47,188.5,59.9,1434.3,327.9
2026-06-25 01:25:00,3.07,195.2,60.7,1416.0,341.8
2026-06-25 01:30:00,3.19,182.4,54.2,1444.5,329.1
2026-06-25 01:35:00,3.84,231.6,61.7,1446.7,295.4
2026-06-25 01:40:00,3.6,214.0,71.2,1441.7,323.7
2026-06-25 01:45:00,3.5,217.9,52.1,1422.3,355.4
2026-06-25 01:50:00,3.85,213.6,64.9,1437.8,356.2
2026-06-25 01:55:00,3.69,216.9,63.4,1423.5,373.4
2026-06-25 02:00:00,4.08,210.9,69.9,1447.4,371.4
2026-06-25 02:05:00,3.32,213.3,54.1,1434.2,317.5
2026-06-25 02:10:00,3.33,211.3,65.3,1432.5,321.4
2026-06-25 02:15:00,2.98,202.7,66.6,1415.5,322.5
2026-06-25 02:20:00,3.33,209.4,49.7,1455.3,336.2
2026-06-25 02:25:00,3.89,213.3,56.9,1436.8,324.4
2026-06-25 02:30:00,4.02,211.3,64.5,1441.6,335.6
2026-06-25 02:35:00,3.88,192.3,66.5,1425.4,318.2
2026-06-25 02:40:00,2.78,193.9,64.0,1412.0,359.6
2026-06-25 02:45:00,3.93,223.0,71.4,1434.6,316.3
2026-06-25 02:50:00,2.76,206.3,55.8,1433.7,315.1
2026-06-25 02:55:00,3.86,217.0,53.3,1445.8,353.0
2026-06-25 03:00:00,3.35,196.9,63.7,1432.1,358.1
2026-06-25 03:05:00,3.78,192.3,52.5,1425.7,334.4
2026-06-25 03:10:00,2.97,199.9,56.6,1415.4,361.7
2026-06-25 03:15:00,3.97,207.3,72.1,1440.2,359.9
2026-06-25 03:20:00,2.91,202.0,65.3,1426.5,387.5
2026-06-25 03:25:00,3.23,225.5,62.8,1462.9,358.3
2026-06-25 03:30:00,3.1,212.2,59.7,1442.7,382.7
2026-06-25 03:35:00,2.8,232.2,73.3,1452.9,341.5
2026-06-25 03:40:00,3.54,214.9,67.4,1437.2,375.0
2026-06-25 03:45:00,4.22,181.0,50.9,1437.2,375.5
2026-06-25 03:50:00,4.5,222.7,51.3,1429.2,336.4
2026-06-25 03:55:00,3.54,191.9,77.3,1418.7,322.8
2026-06-25 04:00:00,3.95,212.8,55.6,1440.8,327.2
2026-06-25 04:05:00,3.59,200.7,67.8,1446.7,350.4
2026-06-25 04:10:00,3.7,235.7,80.9,1416.0,311.3
2026-06-25 04:15:00,3.36,227.3,68.8,1436.0,328.7
2026-06-25 04:20:00,3.58,201.1,58.9,1465.9,369.9
2026-06-25 04:25:00,3.71,208.5,53.4,1446.9,356.7
2026-06-25 04:30:00,3.27,212.9,53.9,1463.7,281.2
2026-06-25 04:35:00,3.47,220.4,69.6,1432.6,306.7
2026-06-25 04:40:00,3.48,210.3,76.7,1433.2,394.0
2026-06-25 04:45:00,3.83,197.7,60.0,1452.0,369.5
2026-06-25 04:50:00,3.07,201.4,59.3,1447.6,325.4
2026-06-25 04:55:00,3.48,209.9,70.6,1438.6,302.8
2026-06-25 05:00:00,4.26,224.8,61.7,1424.0,308.8
2026-06-25 05:05:00,3.97,215.1,68.0,1458.4,352.7
2026-06-25 05:10:00,4.04,200.7,63.9,1475.8,389.4
2026-06-25 05:15:00,3.51,217.8,62.9,1418.0,387.8
2026-06-25 05:20:00,3.63,205.4,64.2,1460.1,300.6
2026-06-25 05:25:00,3.9,220.7,80.7,1435.1,332.6
2026-06-25 05:30:00,4.12,240.3,74.4,1441.1,318.6
2026-06-25 05:35:00,2.72,205.7,73.1,1443.2,343.4
2026-06-25 05:40:00,2.97,219.6,59.1,1423.8,306.7
2026-06-25 05:45:00,4.02,201.1,72.4,1437.7,326.4
2026-06-25 05:50:00,3.39,208.7,69.9,1415.6,318.3
2026-06-25 05:55:00,3.23,210.4,53.1,1447.2,353.1
2026-06-25 06:00:00,3.0,207.7,69.0,1473.0,327.1
2026-06-25 06:05:00,3.28,239.6,65.3,1436.3,330.7
2026-06-25 06:10:00,2.94,206.3,52.1,1436.7,352.8
2026-06-25 06:15:00,4.34,217.0,67.1,1439.6,381.1
2026-06-25 06:20:00,3.49,186.8,65.8,1450.2,392.9
2026-06-25 06:25:00,3.48,215.2,67.0,1447.1,351.4
2026-06-25 06:30:00,3.74,223.7,66.2,1456.5,337.8
2026-06-25 06:35:00,3.88,203.7,61.4,1431.1,372.9
2026-06-25 06:40:00,3.88,179.9,80.2,1440.5,369.2
2026-06-25 06:45:00,3.93,209.5,55.5,1389.4,362.0
2026-06-25 06:50:00,3.25,210.2,72.0,1450.1,300.5
2026-06-25 06:55:00,3.38,218.7,66.4,1423.5,370.2
2026-06-25 07:00:00,3.81,234.1,61.8,1439.9,349.0
2026-06-25 07:05:00,3.29,205.4,63.9,1450.3,317.7
2026-06-25 07:10:00,3.5,199.7,52.3,1414.9,323.2
2026-06-25 07:15:00,3.66,196.0,58.1,1453.5,354.6
2026-06-25 07:20:00,3.81,212.4,65.0,1438.6,280.0
2026-06-25 07:25:00,2.79,215.8,53.5,1462.9,336.9
2026-06-25 07:30:00,3.79,203.5,68.1,1425.1,323.6
2026-06-25 07:35:00,3.41,219.3,58.7,1414.7,321.1
2026-06-25 07:40:00,3.78,215.6,54.2,1440.7,328.6
2026-06-25 07:45:00,3.81,210.5,56.4,1448.9,303.0
2026-06-25 07:50:00,4.14,199.2,80.8,1447.9,366.3
2026-06-25 07:55:00,4.04,204.2,48.3,1421.8,286.8
2026-06-25 08:00:00,4.04,180.8,64.1,1409.8,344.2
2026-06-25 08:05:00,4.08,212.8,59.4,1435.9,318.8
2026-06-25 08:10:00,3.62,210.3,62.2,1447.8,389.6
2026-06-25 08:15:00,3.51,212.3,70.2,1447.4,340.6
2026-06-25 08:20:00,3.85,216.1,70.3,1464.8,286.9
2026-06-25 08:25:00,3.79,214.6,60.2,1435.3,353.7
2026-06-25 08:30:00,3.38,208.7,53.9,1412.1,312.7
2026-06-25 08:35:00,3.66,210.6,70.1,1458.1,364.6
2026-06-25 08:40:00,3.49,193.1,66.9,1439.6,355.4
2026-06-25 08:45:00,3.16,203.0,61.7,1442.8,376.8
2026-06-25 08:50:00,4.02,210.6,68.6,1451.6,344.7
2026-06-25 08:55:00,3.52,201.2,60.1,1457.2,360.5
2026-06-25 09:00:00,4.32,220.3,59.9,1441.7,341.1
2026-06-25 09:05:00,2.85,202.1,63.8,1456.1,325.3
2026-06-25 09:10:00,3.28,212.6,69.5,1448.8,366.6
2026-06-25 09:15:00,3.51,211.4,67.7,1430.4,309.2
2026-06-25 09:20:00,3.95,219.0,70.4,1438.3,339.1
2026-06-25 09:25:00,3.66,220.8,60.5,1451.4,325.8
2026-06-25 09:30:00,3.62,218.3,78.9,1431.0,361.1
2026-06-25 09:35:00,3.05,184.7,58.5,1448.2,316.3
2026-06-25 09:40:00,3.04,224.3,66.2,1445.2,329.8
2026-06-25 09:45:00,3.63,228.3,57.2,1449.4,341.1
2026-06-25 09:50:00,2.95,204.2,62.6,1460.5,377.2
2026-06-25 09:55:00,3.29,212.8,69.7,1445.9,326.7
2026-06-25 10:00:00,3.7,199.3,69.5,1438.9,330.0
2026-06-25 10:05:00,3.11,186.6,74.0,1434.1,306.3
2026-06-25 10:10:00,4.14,201.1,67.8,1436.2,315.4
2026-06-25 10:15:00,3.99,203.5,66.2,1443.4,350.3
2026-06-25 10:20:00,2.87,205.7,60.8,1459.6,340.8
2026-06-25 10:25:00,3.13,198.5,58.0,1428.5,341.2
2026-06-25 10:30:00,2.59,201.2,71.4,1427.9,383.5
2026-06-25 10:35:00,3.19,209.9,72.6,1459.2,298.2
2026-06-25 10:40:00,3.81,200.8,55.0,1429.7,397.9
2026-06-25 10:45:00,3.33,216.5,71.8,1444.5,369.5
2026-06-25 10:50:00,3.68,218.2,71.4,1432.8,331.9
2026-06-25 10:55:00,2.89,238.6,60.4,1420.5,349.8
2026-06-25 11:00:00,3.82,223.5,71.3,1445.7,322.9
2026-06-25 11:05:00,3.28,212.9,57.0,1457.3,348.0
2026-06-25 11:10:00,3.5,202.6,44.4,1437.6,393.7
2026-06-25 11:15:00,3.46,213.5,64.2,1418.5,323.8
2026-06-25 11:20:00,2.99,213.9,67.7,1442.4,334.2
2026-06-25 11:25:00,3.04,203.8,63.2,1427.4,321.1
2026-06-25 11:30:00,3.89,219.4,89.3,1402.6,325.1
2026-06-25 11:35:00,3.66,193.2,65.5,1435.4,329.9
2026-06-25 11:40:00,3.92,207.1,65.7,1447.2,312.6
2026-06-25 11:45:00,3.63,216.7,69.4,1459.0,333.4
2026-06-25 11:50:00,3.56,206.5,61.0,1465.7,341.4
2026-06-25 11:55:00,2.81,207.5,72.1,1449.3,329.9
2026-06-25 12:00:00,3.39,208.3,67.6,1453.7,282.5
2026-06-25 12:05:00,3.49,200.0,66.0,1418.7,336.1
2026-06-25 12:10:00,4.28,224.1,62.1,1467.1,338.8
2026-06-25 12:15:00,3.77,197.8,50.7,1456.6,387.4
2026-06-25 12:20:00,4.11,213.8,61.6,1435.3,340.7
2026-06-25 12:25:00,3.74,215.0,68.0,1451.2,363.4
2026-06-25 12:30:00,3.22,198.6,59.7,1446.4,329.4
2026-06-25 12:35:00,3.55,210.9,67.5,1462.2,372.5
2026-06-25 12:40:00,3.59,199.1,61.5,1435.6,316.4
2026-06-25 12:45:00,3.12,226.7,70.9,1432.1,352.6
2026-06-25 12:50:00,3.35,196.3,55.1,1429.9,361.0
2026-06-25 12:55:00,3.42,202.2,65.4,1451.9,357.3
2026-06-25 13:00:00,4.14,195.3,57.7,1408.3,394.1
2026-06-25 13:05:00,2.67,193.7,50.2,1391.8,325.4
2026-06-25 13:10:00,3.98,229.1,66.5,1457.2,375.3
2026-06-25 13:15:00,3.13,216.5,78.3,1445.4,368.9
2026-06-25 13:20:00,2.95,211.7,53.6,1440.6,341.2
2026-06-25 13:25:00,3.97,202.1,64.8,1418.8,386.0
2026-06-25 13:30:00,3.79,220.9,73.0,1416.5,336.3
2026-06-25 13:35:00,4.0,200.1,81.9,1428.5,340.6
2026-06-25 13:40:00,3.82,219.5,62.5,1447.3,339.9
2026-06-25 13:45:00,4.32,199.5,58.4,1429.1,308.2
2026-06-25 13:50:00,3.72,202.3,54.5,1452.0,359.0
2026-06-25 13:55:00,3.44,219.1,75.5,1427.5,355.1
2026-06-25 14:00:00,3.64,220.4,59.6,1434.3,337.4
2026-06-25 14:05:00,4.0,217.2,63.1,1452.0,384.1
2026-06-25 14:10:00,3.19,197.4,48.3,1431.8,329.1
2026-06-25 14:15:00,3.24,204.6,71.3,1434.0,296.8
2026-06-25 14:20:00,3.38,211.9,74.5,1430.7,387.6
2026-06-25 14:25:00,2.66,199.8,70.2,1425.5,365.3
2026-06-25 14:30:00,3.56,226.5,54.6,1448.6,355.7
2026-06-25 14:35:00,2.75,181.2,65.5,1441.5,331.5
2026-06-25 14:40:00,3.52,200.7,50.2,1441.5,348.6
2026-06-25 14:45:00,3.85,203.9,64.5,1429.5,308.5
2026-06-25 14:50:00,3.31,175.9,61.5,1430.2,334.4
2026-06-25 14:55:00,4.17,193.2,65.0,1460.6,317.4
2026-06-25 15:00:00,2.92,217.5,70.4,1420.2,346.5
2026-06-25 15:05:00,3.98,210.4,65.0,1468.4,363.1
2026-06-25 15:10:00,3.77,228.9,52.1,1445.3,313.8
2026-06-25 15:15:00,2.81,228.5,72.1,1441.0,358.1
2026-06-25 15:20:00,4.5,215.2,66.6,1455.3,345.0
2026-06-25 15:25:00,3.47,213.8,58.3,1409.7,357.1
2026-06-25 15:30:00,3.15,210.8,52.6,1460.9,333.9
2026-06-25 15:35:00,2.94,178.1,72.5,1461.5,357.6
2026-06-25 15:40:00,3.41,193.3,72.3,1453.0,322.6
2026-06-25 15:45:00,3.45,211.2,70.8,1408.7,297.9
2026-06-25 15:50:00,3.54,217.4,60.7,1452.9,303.7
2026-06-25 15:55:00,3.38,213.5,45.4,1465.4,327.4
2026-06-25 16:00:00,3.75,199.3,69.5,1461.0,299.7
2026-06-25 16:05:00,3.34,221.2,69.6,1421.1,378.8
2026-06-25 16:10:00,2.73,227.8,64.7,1458.8,337.9
2026-06-25 16:15:00,3.44,221.3,75.7,1469.2,363.0
2026-06-25 16:20:00,2.55,221.9,73.6,1442.8,359.7
2026-06-25 16:25:00,3.64,203.3,65.4,1416.9,340.2
2026-06-25 16:30:00,3.11,222.9,67.2,1455.0,420.0
2026-06-25 16:35:00,3.57,211.7,65.7,1456.2,413.2
2026-06-25 16:40:00,4.03,216.1,71.4,1439.1,374.8
2026-06-25 16:45:00,3.12,214.4,58.8,1423.0,317.4
2026-06-25 16:50:00,3.92,208.5,68.2,1454.4,375.8
2026-06-25 16:55:00,3.33,199.7,56.1,1426.4,296.3
2026-06-25 17:00:00,4.2,209.0,75.5,1445.8,374.9
2026-06-25 17:05:00,3.35,221.8,71.0,1465.7,280.0
2026-06-25 17:10:00,3.16,204.7,58.7,1414.1,332.0
2026-06-25 17:15:00,3.77,220.7,67.3,1455.8,370.2
2026-06-25 17:20:00,3.33,218.8,59.5,1438.7,349.6
2026-06-25 17:25:00,3.16,206.4,76.5,1436.6,303.0
2026-06-25 17:30:00,3.31,226.7,80.5,1451.0,344.3
2026-06-25 17:35:00,3.48,205.7,69.9,1427.6,349.6
2026-06-25 17:40:00,4.04,228.1,80.2,1426.0,345.1
2026-06-25 17:45:00,2.73,215.2,67.0,1414.3,329.8
2026-06-25 17:50:00,3.51,209.8,71.1,1458.4,361.4
2026-06-25 17:55:00,3.75,199.3,73.2,1432.3,368.6
2026-06-25 18:00:00,3.58,208.9,64.8,1448.3,336.1
2026-06-25 18:05:00,4.02,207.6,65.2,1432.2,378.0
2026-06-25 18:10:00,3.47,194.9,70.2,1419.6,336.1
2026-06-25 18:15:00,3.43,207.4,69.8,1449.3,327.8
2026-06-25 18:20:00,3.74,200.4,57.5,1443.0,373.9
2026-06-25 18:25:00,3.54,217.0,48.6,1437.9,373.0
2026-06-25 18:30:00,3.34,225.7,65.9,1447.7,324.5
2026-06-25 18:35:00,3.71,195.3,46.0,1422.6,320.9
2026-06-25 18:40:00,3.24,230.5,60.2,1460.0,384.1
2026-06-25 18:45:00,3.26,208.5,57.8,1459.1,337.4
2026-06-25 18:50:00,3.29,198.3,58.7,1449.0,340.1
2026-06-25 18:55:00,4.04,219.1,72.9,1436.2,333.7
2026-06-25 19:00:00,2.5,204.6,72.5,1439.8,373.0
2026-06-25 19:05:00,3.66,209.0,68.9,1463.3,393.6
2026-06-25 19:10:00,3.51,205.1,69.3,1458.2,341.7
2026-06-25 19:15:00,2.83,200.2,68.8,1467.9,400.4
2026-06-25 19:20:00,3.62,218.7,46.3,1430.0,326.1
2026-06-25 19:25:00,3.69,206.6,64.6,1426.3,332.9
2026-06-25 19:30:00,3.74,192.8,48.0,1438.6,356.8
2026-06-25 19:35:00,2.5,216.6,70.1,1447.4,319.6
2026-06-25 19:40:00,4.05,195.5,46.1,1435.0,356.5
2026-06-25 19:45:00,3.2,196.2,61.5,1431.4,327.0
2026-06-25 19:50:00,3.77,224.3,71.5,1461.9,301.4
2026-06-25 19:55:00,3.8,195.6,53.9,1435.8,296.4
2026-06-25 20:00:00,3.15,182.2,68.5,1416.2,331.9
2026-06-25 20:05:00,3.76,217.5,70.2,1425.0,350.4
2026-06-25 20:10:00,3.35,206.4,67.5,1443.0,306.0
2026-06-25 20:15:00,2.67,207.4,70.2,1484.5,344.5
2026-06-25 20:20:00,3.97,206.2,61.6,1424.6,344.5
2026-06-25 20:25:00,3.19,212.8,66.6,1435.8,335.8
2026-06-25 20:30:00,3.16,201.0,63.7,1474.3,316.8
2026-06-25 20:35:00,3.34,227.7,67.6,1436.3,346.0
2026-06-25 20:40:00,3.61,192.3,57.0,1443.3,336.4
2026-06-25 20:45:00,3.48,215.3,55.9,1469.2,364.5
2026-06-25 20:50:00,3.72,217.7,63.5,1427.3,307.7
2026-06-25 20:55:00,2.96,200.9,60.5,1433.5,342.8
2026-06-25 21:00:00,3.2,197.7,57.3,1430.3,308.2
2026-06-25 21:05:00,3.45,222.2,73.6,1419.7,334.1
2026-06-25 21:10:00,4.26,198.1,53.8,1461.2,312.6
2026-06-25 21:15:00,3.45,202.7,62.5,1429.8,317.1
2026-06-25 21:20:00,3.93,220.6,75.9,1429.0,339.9
2026-06-25 21:25:00,3.52,210.4,72.3,1433.4,325.9
2026-06-25 21:30:00,3.31,188.4,71.5,1449.6,376.7
2026-06-25 21:35:00,3.4,231.0,63.4,1445.9,369.5
2026-06-25 21:40:00,3.43,203.6,70.3,1426.9,360.1
2026-06-25 21:45:00,3.74,205.2,55.8,1445.2,359.6
2026-06-25 21:50:00,4.05,213.1,63.3,1452.8,343.3
2026-06-25 21:55:00,3.64,217.5,64.7,1441.1,372.6
2026-06-25 22:00:00,3.97,233.5,63.9,1441.2,332.6
2026-06-25 22:05:00,3.11,190.1,59.1,1451.3,393.0
2026-06-25 22:10:00,3.33,219.9,62.5,1439.3,316.4
2026-06-25 22:15:00,3.21,218.9,58.5,1465.9,311.8
2026-06-25 22:20:00,3.63,208.4,71.6,1428.3,305.1
2026-06-25 22:25:00,3.36,219.4,65.0,1430.2,309.5
2026-06-25 22:30:00,3.79,221.2,68.3,1428.7,299.3
2026-06-25 22:35:00,3.13,193.4,63.8,1433.1,345.4
2026-06-25 22:40:00,3.52,231.0,68.6,1444.2,361.3
2026-06-25 22:45:00,3.77,191.3,62.9,1416.4,340.9
2026-06-25 22:50:00,2.67,196.4,60.5,1438.7,305.4
2026-06-25 22:55:00,4.35,206.9,75.9,1447.9,328.3
2026-06-25 23:00:00,3.39,233.1,74.6,1422.6,361.0
2026-06-25 23:05:00,2.69,206.3,64.6,1431.4,331.5
2026-06-25 23:10:00,3.56,209.6,61.4,1448.4,320.0
2026-06-25 23:15:00,3.51,227.2,66.6,1427.1,302.2
2026-06-25 23:20:00,3.47,206.4,67.8,1434.5,329.4
2026-06-25 23:25:00,3.9,195.9,74.9,1453.5,322.4
2026-06-25 23:30:00,3.8,205.0,53.3,1465.9,337.8
2026-06-25 23:35:00,3.62,226.4,72.7,1449.9,351.9
2026-06-25 23:40:00,3.68,210.9,74.1,1437.6,332.9
2026-06-25 23:45:00,3.46,233.2,56.6,1437.1,344.6
2026-06-25 23:50:00,4.21,218.9,64.9,1455.4,351.8
2026-06-25 23:55:00,2.91,202.3,55.3,1455.5,309.3
2026-06-26 00:00:00,3.56,210.6,68.5,1422.8,387.2
2026-06-26 00:05:00,3.53,199.8,60.6,1451.6,321.5
2026-06-26 00:10:00,3.83,202.0,62.8,1429.3,352.9
2026-06-26 00:15:00,3.16,250.0,67.7,1435.1,311.6
2026-06-26 00:20:00,2.8,222.2,72.6,1440.1,342.8
2026-06-26 00:25:00,3.56,220.3,68.4,1456.9,343.7
2026-06-26 00:30:00,3.61,202.5,65.7,1443.1,381.5
2026-06-26 00:35:00,4.1,228.8,69.1,1448.0,334.2
2026-06-26 00:40:00,2.99,223.2,71.6,1447.9,372.5
2026-06-26 00:45:00,3.96,232.6,66.3,1451.5,347.3
2026-06-26 00:50:00,4.45,232.0,81.9,1442.7,386.3
2026-06-26 00:55:00,3.35,192.3,52.5,1445.9,295.5
2026-06-26 01:00:00,2.98,196.7,49.2,1427.4,352.1
2026-06-26 01:05:00,3.34,198.0,48.7,1447.4,280.0
2026-06-26 01:10:00,3.51,198.7,46.7,1450.6,338.5
2026-06-26 01:15:00,3.73,213.9,71.0,1451.3,365.5
2026-06-26 01:20:00,3.26,203.2,68.4,1449.9,376.1
2026-06-26 01:25:00,4.12,234.9,78.4,1451.9,358.5
2026-06-26 01:30:00,3.05,232.9,60.0,1462.2,332.7
2026-06-26 01:35:00,2.8,209.9,71.0,1405.9,353.6
2026-06-26 01:40:00,3.94,233.5,69.0,1457.5,402.9
2026-06-26 01:45:00,2.59,227.9,69.0,1473.2,341.9
2026-06-26 01:50:00,3.42,204.6,69.2,1429.6,364.0
2026-06-26 01:55:00,4.5,185.9,55.3,1424.2,329.3
2026-06-26 02:00:00,3.5,207.4,85.3,1458.8,366.8
2026-06-26 02:05:00,3.05,202.3,74.5,1424.6,362.7
2026-06-26 02:10:00,3.48,212.5,61.1,1430.5,324.7
2026-06-26 02:15:00,3.48,211.1,56.4,1442.8,359.4
2026-06-26 02:20:00,3.56,210.8,64.4,1428.2,360.6
2026-06-26 02:25:00,3.76,216.3,67.4,1454.4,358.5
2026-06-26 02:30:00,3.08,195.4,71.3,1425.2,339.0
2026-06-26 02:35:00,4.18,214.9,56.4,1446.4,370.7
2026-06-26 02:40:00,3.6,204.7,66.5,1443.2,316.6
2026-06-26 02:45:00,3.79,212.4,53.1,1465.4,340.2
2026-06-26 02:50:00,3.25,221.5,70.2,1459.8,342.8
2026-06-26 02:55:00,4.01,195.3,61.9,1429.1,369.3
2026-06-26 03:00:00,3.4,206.6,80.0,1420.4,315.8
2026-06-26 03:05:00,3.61,208.6,52.4,1452.3,346.0
2026-06-26 03:10:00,3.13,203.8,75.0,1429.0,327.7
2026-06-26 03:15:00,3.1,220.8,53.0,1437.1,342.7
2026-06-26 03:20:00,3.78,201.4,53.1,1422.4,349.8
2026-06-26 03:25:00,3.32,203.3,50.6,1448.9,308.0
2026-06-26 03:30:00,3.16,201.5,65.7,1428.6,371.6
2026-06-26 03:35:00,3.24,223.1,57.6,1442.1,350.7
2026-06-26 03:40:00,3.78,204.1,53.3,1438.5,318.5
2026-06-26 03:45:00,3.25,215.5,67.5,1443.9,331.5
2026-06-26 03:50:00,3.45,233.7,72.2,1454.7,377.4
2026-06-26 03:55:00,3.51,209.1,65.2,1436.2,350.4
2026-06-26 04:00:00,2.73,223.3,65.7,1431.5,315.9
2026-06-26 04:05:00,2.91,230.1,82.6,1416.1,320.4
2026-06-26 04:10:00,3.63,222.3,68.0,1444.0,355.6
2026-06-26 04:15:00,3.21,209.8,71.4,1437.6,358.6
2026-06-26 04:20:00,3.92,217.7,67.3,1430.9,349.1
2026-06-26 04:25:00,3.89,194.6,53.9,1437.8,332.7
2026-06-26 04:30:00,3.79,200.6,68.0,1451.0,360.2
2026-06-26 04:35:00,4.23,202.7,58.7,1455.2,332.2
2026-06-26 04:40:00,3.47,236.9,68.3,1422.4,318.6
2026-06-26 04:45:00,3.76,200.2,66.0,1432.6,379.7
2026-06-26 04:50:00,3.27,200.1,48.0,1452.4,352.2
2026-06-26 04:55:00,4.48,197.5,50.2,1461.4,320.4
2026-06-26 05:00:00,4.29,216.7,73.3,1429.1,343.4
2026-06-26 05:05:00,3.5,211.7,59.9,1461.0,340.7
2026-06-26 05:10:00,3.65,223.0,62.0,1422.4,331.3
2026-06-26 05:15:00,4.04,218.1,67.5,1458.8,345.8
2026-06-26 05:20:00,3.44,193.4,59.4,1432.5,316.8
2026-06-26 05:25:00,3.24,200.3,66.9,1461.5,361.8
2026-06-26 05:30:00,3.85,226.4,67.0,1436.3,339.8
2026-06-26 05:35:00,3.53,207.6,66.2,1434.9,299.8
2026-06-26 05:40:00,3.57,224.3,61.5,1440.8,334.3
2026-06-26 05:45:00,3.17,208.2,66.3,1416.6,324.6
2026-06-26 05:50:00,2.81,198.4,72.1,1411.2,280.0
2026-06-26 05:55:00,3.59,206.4,59.9,1446.9,336.1
2026-06-26 06:00:00,3.86,198.4,70.6,1452.5,365.9
2026-06-26 06:05:00,3.41,203.2,63.6,1447.8,337.3
2026-06-26 06:10:00,4.07,212.4,71.2,1421.7,357.7
2026-06-26 06:15:00,3.22,216.1,67.0,1448.4,340.2
2026-06-26 06:20:00,3.08,190.9,61.9,1421.3,328.6
2026-06-26 06:25:00,3.47,209.8,67.8,1446.1,321.7
2026-06-26 06:30:00,3.47,203.0,73.7,1455.6,307.9
2026-06-26 06:35:00,3.81,202.2,65.7,1444.0,363.1
2026-06-26 06:40:00,3.19,211.6,69.1,1462.3,358.3
2026-06-26 06:45:00,4.05,203.4,61.1,1436.4,333.0
2026-06-26 06:50:00,4.29,226.6,80.1,1440.1,289.4
2026-06-26 06:55:00,3.48,224.3,72.3,1443.9,351.8
2026-06-26 07:00:00,4.0,224.2,67.7,1422.7,317.4
2026-06-26 07:05:00,3.08,204.1,63.1,1432.8,343.6
2026-06-26 07:10:00,3.93,198.5,71.1,1433.0,301.5
2026-06-26 07:15:00,3.92,211.0,60.3,1435.9,342.3
2026-06-26 07:20:00,3.85,208.2,50.5,1443.7,336.7
2026-06-26 07:25:00,3.49,202.7,64.5,1416.3,280.0
2026-06-26 07:30:00,2.5,195.9,72.4,1420.0,380.4
2026-06-26 07:35:00,3.24,209.5,77.7,1456.9,331.9
2026-06-26 07:40:00,3.25,205.2,63.4,1408.9,333.5
2026-06-26 07:45:00,3.11,218.3,66.6,1450.9,353.4
2026-06-26 07:50:00,3.55,218.0,70.4,1436.0,338.7
2026-06-26 07:55:00,3.33,223.2,64.9,1445.0,349.1
2026-06-26 08:00:00,3.17,194.9,66.9,1460.3,311.4
2026-06-26 08:05:00,3.08,214.8,65.0,1439.0,336.4
2026-06-26 08:10:00,3.21,201.3,71.8,1447.6,292.3
2026-06-26 08:15:00,3.95,195.4,68.6,1437.9,334.1
2026-06-26 08:20:00,3.24,204.9,70.7,1437.3,376.1
2026-06-26 08:25:00,3.29,222.8,65.3,1439.1,302.4
2026-06-26 08:30:00,3.32,205.5,79.7,1449.6,331.2
2026-06-26 08:35:00,3.64,228.8,71.7,1432.8,286.9
2026-06-26 08:40:00,3.68,216.6,68.0,1424.3,340.2
2026-06-26 08:45:00,2.5,205.3,58.2,1440.2,351.7
2026-06-26 08:50:00,3.91,223.9,66.3,1445.7,349.6
2026-06-26 08:55:00,4.07,215.3,66.7,1413.7,325.0
2026-06-26 09:00:00,3.08,198.8,57.0,1437.6,286.4
2026-06-26 09:05:00,3.11,232.3,66.0,1426.1,309.0
2026-06-26 09:10:00,3.32,213.1,64.1,1450.0,371.4
2026-06-26 09:15:00,3.2,210.2,65.5,1413.0,362.0
2026-06-26 09:20:00,3.59,199.7,49.4,1466.8,337.7
2026-06-26 09:25:00,2.72,224.2,66.0,1437.8,344.1
2026-06-26 09:30:00,3.05,216.2,62.9,1428.3,314.3
2026-06-26 09:35:00,4.12,217.6,66.0,1437.3,372.3
2026-06-26 09:40:00,3.13,203.9,72.4,1447.1,322.0
2026-06-26 09:45:00,4.0,220.0,82.9,1455.4,350.9
2026-06-26 09:50:00,3.64,220.9,72.1,1438.1,306.8
2026-06-26 09:55:00,2.78,202.0,53.9,1416.8,335.5
2026-06-26 10:00:00,3.75,193.0,59.7,1418.4,371.2
2026-06-26 10:05:00,3.45,217.0,70.8,1445.7,316.3
2026-06-26 10:10:00,3.32,191.1,66.0,1451.0,358.7
2026-06-26 10:15:00,3.6,211.8,73.2,1457.1,313.0
2026-06-26 10:20:00,3.69,204.6,63.4,1441.4,317.5
2026-06-26 10:25:00,3.78,224.6,64.3,1457.4,339.8
2026-06-26 10:30:00,3.97,205.3,78.3,1467.7,364.3
2026-06-26 10:35:00,3.66,223.3,67.5,1460.5,332.5
2026-06-26 10:40:00,2.95,203.8,55.9,1452.6,355.5
2026-06-26 10:45:00,3.31,222.0,78.6,1430.3,368.6
2026-06-26 10:50:00,4.5,234.7,56.7,1459.4,320.7
2026-06-26 10:55:00,3.79,197.2,40.0,1444.4,301.9
2026-06-26 11:00:00,4.45,213.5,71.7,1450.5,331.1
2026-06-26 11:05:00,4.06,243.0,77.2,1465.5,371.8
2026-06-26 11:10:00,3.6,210.8,68.4,1445.5,319.7
2026-06-26 11:15:00,3.62,210.7,54.7,1438.6,365.4
2026-06-26 11:20:00,3.49,219.5,65.9,1425.8,333.4
2026-06-26 11:25:00,2.8,210.5,62.8,1435.7,383.9
2026-06-26 11:30:00,3.51,189.5,57.6,1439.1,396.1
2026-06-26 11:35:00,3.98,223.6,78.3,1446.9,365.8
2026-06-26 11:40:00,3.26,186.0,53.0,1438.9,298.8
2026-06-26 11:45:00,3.66,205.0,66.8,1453.4,280.0
2026-06-26 11:50:00,3.84,224.5,76.7,1455.9,341.5
2026-06-26 11:55:00,3.14,205.7,67.4,1438.2,362.7
2026-06-26 12:00:00,3.32,201.7,73.7,1425.6,352.5
2026-06-26 12:05:00,3.09,220.6,71.1,1447.9,321.9
2026-06-26 12:10:00,3.17,199.8,66.9,1471.7,302.9
2026-06-26 12:15:00,2.98,195.3,65.7,1441.9,363.2
2026-06-26 12:20:00,3.14,213.3,70.4,1436.2,386.5
2026-06-26 12:25:00,4.07,207.8,61.6,1447.6,323.2
2026-06-26 12:30:00,3.13,195.1,52.3,1446.0,360.6
2026-06-26 12:35:00,3.55,217.6,73.8,1450.3,405.1
2026-06-26 12:40:00,3.3,215.6,75.1,1461.7,335.3
2026-06-26 12:45:00,3.97,205.7,66.4,1444.9,335.8
2026-06-26 12:50:00,4.02,206.5,60.1,1459.2,354.0
2026-06-26 12:55:00,3.85,215.6,53.4,1444.6,332.9
2026-06-26 13:00:00,3.62,224.3,67.8,1465.5,373.5
2026-06-26 13:05:00,3.41,206.6,53.7,1457.4,329.9
2026-06-26 13:10:00,3.02,217.9,54.3,1455.4,339.2
2026-06-26 13:15:00,4.28,216.8,65.9,1453.2,303.9
2026-06-26 13:20:00,3.2,220.6,60.5,1476.6,334.1
2026-06-26 13:25:00,3.77,210.5,67.8,1456.2,314.8
2026-06-26 13:30:00,3.92,199.1,62.1,1425.1,348.7
2026-06-26 13:35:00,3.28,204.5,59.3,1442.6,298.4
2026-06-26 13:40:00,3.92,214.1,52.0,1436.9,364.5
2026-06-26 13:45:00,3.81,231.8,61.5,1475.3,318.2
2026-06-26 13:50:00,4.19,204.2,57.6,1457.6,384.6
2026-06-26 13:55:00,3.31,219.7,56.6,1472.4,374.3
2026-06-26 14:00:00,2.99,206.1,61.8,1427.8,353.4
2026-06-26 14:05:00,3.3,211.3,56.0,1456.8,301.6
2026-06-26 14:10:00,3.58,228.2,66.4,1423.2,324.3
2026-06-26 14:15:00,3.52,219.2,68.3,1418.0,317.6
2026-06-26 14:20:00,3.34,195.1,56.2,1431.1,320.7
2026-06-26 14:25:00,2.74,203.1,67.4,1461.3,379.4
2026-06-26 14:30:00,3.69,225.1,56.4,1428.1,336.2
2026-06-26 14:35:00,4.29,211.7,56.4,1440.1,323.6
2026-06-26 14:40:00,3.69,196.2,62.0,1455.1,321.3
2026-06-26 14:45:00,3.74,200.2,69.0,1450.7,326.7
2026-06-26 14:50:00,3.73,218.4,73.2,1474.9,353.3
2026-06-26 14:55:00,3.66,221.9,79.7,1442.4,299.3
2026-06-26 15:00:00,3.87,210.2,62.0,1433.4,342.5
2026-06-26 15:05:00,3.66,239.7,68.4,1429.5,350.6
2026-06-26 15:10:00,3.37,219.9,58.2,1436.5,296.6
2026-06-26 15:15:00,3.18,207.1,54.5,1422.9,304.6
2026-06-26 15:20:00,3.4,200.2,65.4,1411.1,338.8
2026-06-26 15:25:00,3.63,198.3,57.0,1467.1,376.0
2026-06-26 15:30:00,3.37,214.0,75.5,1441.5,370.1
2026-06-26 15:35:00,3.63,204.1,52.4,1477.7,324.8
2026-06-26 15:40:00,3.68,230.1,71.9,1431.4,375.2
2026-06-26 15:45:00,3.83,227.6,59.6,1437.1,332.0
2026-06-26 15:50:00,4.01,217.6,59.6,1429.9,331.8
2026-06-26 15:55:00,3.53,195.9,67.2,1427.6,342.4
2026-06-26 16:00:00,2.98,201.9,58.4,1451.5,361.0
2026-06-26 16:05:00,3.36,225.1,63.1,1451.5,324.8
2026-06-26 16:10:00,3.52,203.2,57.5,1451.8,330.0
2026-06-26 16:15:00,2.77,223.5,81.3,1462.8,308.8
2026-06-26 16:20:00,4.06,215.7,60.9,1457.7,348.8
2026-06-26 16:25:00,3.56,210.6,65.5,1425.0,363.3
2026-06-26 16:30:00,3.65,201.6,62.1,1430.5,364.9
2026-06-26 16:35:00,4.05,208.9,66.6,1441.6,305.8
2026-06-26 16:40:00,3.25,212.3,60.4,1496.4,330.4
2026-06-26 16:45:00,3.73,222.4,65.3,1454.1,371.1
2026-06-26 16:50:00,3.46,199.4,66.6,1439.5,345.8
2026-06-26 16:55:00,3.43,206.8,57.6,1449.5,340.9
2026-06-26 17:00:00,3.19,210.5,73.8,1431.1,340.3
2026-06-26 17:05:00,4.17,218.0,75.7,1445.5,353.5
2026-06-26 17:10:00,3.35,199.1,68.2,1452.1,347.1
2026-06-26 17:15:00,3.78,194.2,63.2,1436.4,325.6
2026-06-26 17:20:00,2.75,218.1,42.3,1430.3,362.0
2026-06-26 17:25:00,3.97,191.8,65.7,1435.2,309.9
2026-06-26 17:30:00,3.92,225.4,64.2,1438.3,373.1
2026-06-26 17:35:00,3.54,208.1,62.7,1419.3,317.6
2026-06-26 17:40:00,3.41,191.4,47.0,1427.7,353.7
2026-06-26 17:45:00,3.66,204.2,68.1,1418.0,335.9
2026-06-26 17:50:00,4.42,214.5,54.1,1422.4,328.1
2026-06-26 17:55:00,2.79,203.6,65.0,1421.6,373.9
2026-06-26 18:00:00,3.81,210.2,72.3,1454.3,358.6
2026-06-26 18:05:00,3.14,218.9,62.6,1464.1,338.5
2026-06-26 18:10:00,3.49,207.6,74.4,1416.5,383.6
2026-06-26 18:15:00,3.4,198.8,57.3,1461.5,364.5
2026-06-26 18:20:00,3.33,206.4,69.3,1422.4,319.9
2026-06-26 18:25:00,3.5,227.0,57.1,1454.6,283.5
2026-06-26 18:30:00,3.05,230.2,76.3,1447.9,342.7
2026-06-26 18:35:00,3.91,185.8,68.4,1444.7,374.6
2026-06-26 18:40:00,2.78,223.1,70.7,1425.1,355.3
2026-06-26 18:45:00,3.72,213.0,62.3,1413.4,379.3
2026-06-26 18:50:00,3.37,221.1,55.4,1430.2,325.0
2026-06-26 18:55:00,3.03,203.4,60.9,1445.1,337.1
2026-06-26 19:00:00,3.58,188.8,70.7,1465.1,337.7
2026-06-26 19:05:00,2.88,217.0,67.1,1426.0,346.0
2026-06-26 19:10:00,3.52,198.7,50.9,1436.3,359.2
2026-06-26 19:15:00,2.93,193.3,53.5,1425.4,380.8
2026-06-26 19:20:00,3.68,194.2,72.7,1436.6,386.1
2026-06-26 19:25:00,3.13,217.2,70.0,1412.5,381.7
2026-06-26 19:30:00,3.32,211.7,55.4,1462.8,356.7
2026-06-26 19:35:00,3.62,219.4,52.3,1442.2,331.4
2026-06-26 19:40:00,3.19,218.0,61.2,1455.4,345.6
2026-06-26 19:45:00,3.48,204.9,49.4,1435.5,356.4
2026-06-26 19:50:00,2.89,209.2,63.6,1442.7,343.4
2026-06-26 19:55:00,3.75,203.9,83.7,1455.7,317.2
2026-06-26 20:00:00,4.21,207.5,51.8,1441.5,328.4
2026-06-26 20:05:00,4.5,198.4,61.8,1440.2,361.7
2026-06-26 20:10:00,3.54,214.7,76.2,1429.0,333.8
2026-06-26 20:15:00,3.82,222.9,72.9,1434.6,340.6
2026-06-26 20:20:00,2.79,200.2,62.3,1422.8,338.0
2026-06-26 20:25:00,4.1,225.4,66.1,1432.0,317.7
2026-06-26 20:30:00,3.81,211.4,56.0,1459.0,335.7
2026-06-26 20:35:00,3.31,212.9,63.3,1467.7,328.6
2026-06-26 20:40:00,3.99,189.6,63.9,1417.2,322.7
2026-06-26 20:45:00,3.4,188.3,70.6,1441.6,313.5
2026-06-26 20:50:00,3.32,211.7,60.3,1435.6,337.5
2026-06-26 20:55:00,3.69,219.5,64.9,1462.8,355.5
2026-06-26 21:00:00,3.07,201.9,56.2,1440.4,368.0
2026-06-26 21:05:00,3.91,230.0,69.8,1443.9,305.1
2026-06-26 21:10:00,3.08,218.8,72.6,1430.6,380.2
2026-06-26 21:15:00,3.08,199.1,68.4,1414.8,347.3
2026-06-26 21:20:00,3.14,210.4,55.7,1451.5,311.8
2026-06-26 21:25:00,3.8,239.7,70.6,1451.2,329.9
2026-06-26 21:30:00,3.25,195.1,57.3,1442.7,293.1
2026-06-26 21:35:00,2.96,216.3,74.0,1432.3,299.5
2026-06-26 21:40:00,3.26,206.1,63.1,1437.0,383.0
2026-06-26 21:45:00,3.49,218.5,54.1,1453.6,322.5
2026-06-26 21:50:00,3.03,225.2,65.5,1457.8,353.4
2026-06-26 21:55:00,3.04,205.4,68.0,1421.4,337.2
2026-06-26 22:00:00,4.34,223.4,69.0,1433.2,340.4
2026-06-26 22:05:00,3.16,236.7,64.9,1424.5,349.2
2026-06-26 22:10:00,3.37,210.8,60.4,1443.2,287.9
2026-06-26 22:15:00,3.35,219.4,58.5,1455.1,373.0
2026-06-26 22:20:00,3.33,202.9,60.8,1434.4,337.5
2026-06-26 22:25:00,3.75,210.2,58.2,1430.1,327.4
2026-06-26 22:30:00,3.88,207.9,72.4,1434.5,351.7
2026-06-26 22:35:00,3.38,219.6,59.2,1476.5,322.0
2026-06-26 22:40:00,3.01,224.5,68.1,1460.8,345.2
2026-06-26 22:45:00,4.01,208.7,65.2,1450.7,335.9
2026-06-26 22:50:00,3.46,228.4,75.3,1448.5,357.8
2026-06-26 22:55:00,4.19,228.4,76.5,1443.5,334.7
2026-06-26 23:00:00,2.6,220.2,72.1,1428.4,314.2
2026-06-26 23:05:00,3.58,203.8,66.9,1422.8,349.1
2026-06-26 23:10:00,4.27,202.7,55.5,1430.0,333.2
2026-06-26 23:15:00,3.36,200.3,55.0,1423.7,294.5
2026-06-26 23:20:00,3.41,221.4,59.9,1433.2,344.9
2026-06-26 23:25:00,3.62,195.5,68.8,1435.6,326.6
2026-06-26 23:30:00,3.28,218.1,66.8,1441.2,348.6
2026-06-26 23:35:00,3.38,197.0,70.0,1428.1,318.6
2026-06-26 23:40:00,3.36,219.9,74.5,1449.4,309.8
2026-06-26 23:45:00,3.25,210.2,59.2,1437.2,369.5
2026-06-26 23:50:00,3.99,226.0,67.7,1446.4,361.1
2026-06-26 23:55:00,3.68,223.7,67.0,1431.6,339.8
2026-06-27 00:00:00,3.6,227.2,65.0,1453.8,350.9
2026-06-27 00:05:00,3.82,227.5,63.4,1435.5,360.3
2026-06-27 00:10:00,3.39,211.7,74.7,1464.5,339.7
2026-06-27 00:15:00,3.19,196.1,63.3,1433.8,309.8
2026-06-27 00:20:00,3.26,197.4,63.2,1436.1,347.5
2026-06-27 00:25:00,3.5,185.0,54.8,1443.9,365.1
2026-06-27 00:30:00,3.08,197.0,68.5,1449.6,354.8
2026-06-27 00:35:00,3.3,210.8,57.1,1454.0,341.5
2026-06-27 00:40:00,3.29,203.3,67.6,1465.3,354.1
2026-06-27 00:45:00,4.35,207.8,68.5,1449.5,334.4
2026-06-27 00:50:00,2.5,215.9,62.6,1440.2,366.1
2026-06-27 00:55:00,3.43,206.4,67.0,1431.3,373.7
2026-06-27 01:00:00,4.19,196.5,64.5,1435.3,307.6
2026-06-27 01:05:00,3.55,209.4,64.6,1462.1,367.9
2026-06-27 01:10:00,3.8,199.2,63.5,1417.0,395.9
2026-06-27 01:15:00,3.54,206.8,65.0,1427.1,353.1
2026-06-27 01:20:00,3.23,226.1,68.5,1439.9,364.6
2026-06-27 01:25:00,2.6,206.8,65.0,1426.9,323.8
2026-06-27 01:30:00,3.58,231.3,59.4,1438.1,327.4
2026-06-27 01:35:00,3.19,227.2,66.4,1470.5,334.8
2026-06-27 01:40:00,3.18,203.0,66.1,1434.1,329.9
2026-06-27 01:45:00,3.3,196.7,63.8,1443.5,307.2
2026-06-27 01:50:00,4.2,209.4,72.5,1415.0,335.7
2026-06-27 01:55:00,4.46,223.8,72.0,1426.2,360.9
2026-06-27 02:00:00,3.59,204.1,57.2,1452.8,307.5
2026-06-27 02:05:00,3.31,220.9,65.3,1467.2,344.5
2026-06-27 02:10:00,3.03,224.5,64.7,1446.2,343.7
2026-06-27 02:15:00,3.69,200.7,63.6,1433.6,332.5
2026-06-27 02:20:00,4.21,201.9,63.8,1445.8,352.4
2026-06-27 02:25:00,3.4,218.6,71.2,1402.7,350.1
2026-06-27 02:30:00,2.55,211.8,66.7,1443.8,330.7
2026-06-27 02:35:00,3.77,201.8,73.6,1422.7,366.5
2026-06-27 02:40:00,3.89,205.8,66.3,1451.1,354.0
2026-06-27 02:45:00,2.87,209.2,58.2,1406.9,379.3
2026-06-27 02:50:00,3.57,191.2,58.4,1426.8,338.3
2026-06-27 02:55:00,3.68,219.2,71.2,1441.2,332.0
2026-06-27 03:00:00,3.47,204.3,51.2,1427.4,334.8
2026-06-27 03:05:00,3.18,176.6,49.2,1427.7,369.5
2026-06-27 03:10:00,3.91,209.7,65.0,1453.5,336.3
2026-06-27 03:15:00,3.34,201.1,71.3,1437.9,337.8
2026-06-27 03:20:00,2.91,230.3,78.5,1430.1,389.0
2026-06-27 03:25:00,2.68,203.0,62.2,1452.7,306.4
2026-06-27 03:30:00,4.0,196.8,71.5,1441.1,348.9
2026-06-27 03:35:00,3.75,216.1,66.5,1445.6,338.5
2026-06-27 03:40:00,3.54,202.1,51.6,1425.0,333.7
2026-06-27 03:45:00,3.32,200.6,63.5,1399.9,316.2
2026-06-27 03:50:00,3.29,216.1,61.0,1427.6,323.4
2026-06-27 03:55:00,3.07,197.5,70.5,1422.4,329.8
2026-06-27 04:00:00,3.33,192.5,62.2,1427.3,352.4
2026-06-27 04:05:00,2.65,230.7,57.9,1431.5,361.3
2026-06-27 04:10:00,3.21,217.0,54.0,1443.1,295.5
2026-06-27 04:15:00,3.38,206.8,64.4,1452.6,310.0
2026-06-27 04:20:00,3.74,210.0,45.6,1456.1,353.7
2026-06-27 04:25:00,3.48,216.1,61.8,1453.8,355.8
2026-06-27 04:30:00,3.82,221.7,68.6,1428.9,303.4
2026-06-27 04:35:00,4.04,200.9,55.2,1439.1,361.9
2026-06-27 04:40:00,3.92,214.4,73.6,1464.4,339.7
2026-06-27 04:45:00,3.69,203.9,73.6,1415.0,358.7
2026-06-27 04:50:00,3.5,207.7,56.5,1459.8,318.7
2026-06-27 04:55:00,3.11,211.9,62.9,1425.4,305.2
2026-06-27 05:00:00,3.8,209.9,72.9,1444.4,332.3
2026-06-27 05:05:00,4.17,218.8,66.3,1448.0,333.4
2026-06-27 05:10:00,3.64,215.8,54.7,1444.0,332.0
2026-06-27 05:15:00,4.27,191.9,61.1,1469.8,330.2
2026-06-27 05:20:00,2.89,193.7,55.7,1432.2,382.3
2026-06-27 05:25:00,3.04,205.6,73.2,1414.5,297.5
2026-06-27 05:30:00,3.84,231.9,73.1,1449.7,318.9
2026-06-27 05:35:00,3.61,199.8,61.0,1435.4,329.5
2026-06-27 05:40:00,4.03,207.5,65.8,1447.8,340.6
2026-06-27 05:45:00,3.49,203.6,53.6,1451.9,357.8
2026-06-27 05:50:00,3.15,203.4,58.0,1438.2,361.6
2026-06-27 05:55:00,3.41,212.1,77.7,1447.0,366.9
2026-06-27 06:00:00,2.89,226.8,67.9,1445.5,352.0
2026-06-27 06:05:00,3.05,215.5,73.3,1468.0,296.7
2026-06-27 06:10:00,3.89,200.4,65.4,1432.5,298.4
2026-06-27 06:15:00,3.85,243.0,80.5,1436.3,368.7
2026-06-27 06:20:00,3.65,210.9,49.2,1453.4,367.1
2026-06-27 06:25:00,2.81,203.1,62.5,1424.7,355.9
2026-06-27 06:30:00,3.36,226.9,80.7,1449.3,319.5
2026-06-27 06:35:00,3.01,204.4,71.8,1436.3,331.9
2026-06-27 06:40:00,3.97,230.0,78.6,1442.5,330.0
2026-06-27 06:45:00,3.27,199.6,63.4,1474.5,314.4
2026-06-27 06:50:00,3.07,227.2,63.3,1461.9,346.5
2026-06-27 06:55:00,3.51,212.4,57.1,1455.8,393.9
2026-06-27 07:00:00,3.24,225.5,58.5,1451.1,327.6
2026-06-27 07:05:00,4.09,232.8,74.9,1434.2,372.4
2026-06-27 07:10:00,3.21,196.4,67.1,1441.2,317.9
2026-06-27 07:15:00,2.94,225.3,66.8,1451.8,301.6
2026-06-27 07:20:00,2.64,193.1,66.5,1439.6,364.7
2026-06-27 07:25:00,3.49,197.4,64.3,1438.9,334.5
2026-06-27 07:30:00,3.28,200.4,71.3,1432.1,371.8
2026-06-27 07:35:00,2.93,216.0,73.5,1445.3,376.8
2026-06-27 07:40:00,3.98,210.4,56.5,1432.2,333.0
2026-06-27 07:45:00,3.77,208.0,66.9,1450.2,373.6
2026-06-27 07:50:00,3.49,211.8,51.9,1410.1,318.1
2026-06-27 07:55:00,4.05,217.1,67.1,1461.8,317.7
2026-06-27 08:00:00,3.77,218.0,71.0,1421.9,366.8
2026-06-27 08:05:00,3.17,223.1,56.5,1426.6,301.3
2026-06-27 08:10:00,3.08,231.8,64.9,1450.5,340.0
2026-06-27 08:15:00,3.83,209.7,65.0,1448.0,371.2
2026-06-27 08:20:00,3.66,203.7,65.9,1469.9,372.9
2026-06-27 08:25:00,3.57,217.4,63.9,1445.9,329.2
2026-06-27 08:30:00,3.16,196.3,53.6,1436.6,365.2
2026-06-27 08:35:00,3.74,201.9,63.3,1441.2,311.9
2026-06-27 08:40:00,3.2,222.0,53.6,1466.3,323.3
2026-06-27 08:45:00,3.46,208.5,62.9,1476.1,345.8
2026-06-27 08:50:00,4.08,195.5,59.3,1434.3,349.4
2026-06-27 08:55:00,3.24,192.1,61.2,1444.6,313.8
2026-06-27 09:00:00,2.87,210.6,60.6,1439.0,386.6
2026-06-27 09:05:00,3.08,223.7,55.0,1441.3,293.1
2026-06-27 09:10:00,3.9,223.5,64.1,1470.9,341.4
2026-06-27 09:15:00,3.6,211.3,72.6,1426.4,344.9
2026-06-27 09:20:00,3.45,234.1,78.7,1409.8,296.3
2026-06-27 09:25:00,3.3,208.7,84.3,1444.5,373.1
2026-06-27 09:30:00,3.69,208.3,78.3,1457.7,321.5
2026-06-27 09:35:00,3.16,179.2,50.8,1437.1,342.5
2026-06-27 09:40:00,3.62,204.6,60.9,1446.5,348.2
2026-06-27 09:45:00,3.21,220.2,66.4,1453.3,303.6
2026-06-27 09:50:00,3.14,228.8,67.1,1445.4,313.2
2026-06-27 09:55:00,3.25,200.0,64.1,1446.4,379.1
2026-06-27 10:00:00,3.35,215.5,85.1,1449.2,338.4
2026-06-27 10:05:00,3.48,222.6,58.2,1413.1,280.0
2026-06-27 10:10:00,3.59,210.1,59.3,1441.7,332.5
2026-06-27 10:15:00,2.5,182.6,74.0,1410.9,339.2
2026-06-27 10:20:00,3.18,213.0,60.5,1440.0,345.5
2026-06-27 10:25:00,3.34,219.1,69.5,1434.4,290.0
2026-06-27 10:30:00,4.1,198.6,71.6,1453.2,339.3
2026-06-27 10:35:00,3.07,207.0,68.4,1443.1,319.2
2026-06-27 10:40:00,3.57,196.1,64.5,1444.3,345.5
2026-06-27 10:45:00,4.1,179.2,67.9,1431.0,352.7
2026-06-27 10:50:00,2.97,222.3,59.7,1458.2,350.0
2026-06-27 10:55:00,3.66,210.0,61.0,1416.0,375.1
2026-06-27 11:00:00,3.18,229.2,72.2,1430.4,394.8
2026-06-27 11:05:00,3.3,220.3,50.0,1461.4,311.7
2026-06-27 11:10:00,3.18,205.7,75.7,1432.6,330.5
2026-06-27 11:15:00,3.21,209.0,67.3,1407.6,358.6
2026-06-27 11:20:00,4.5,216.8,67.2,1463.1,336.8
2026-06-27 11:25:00,3.84,221.6,53.7,1458.5,280.0
2026-06-27 11:30:00,3.94,213.9,55.3,1451.4,335.2
2026-06-27 11:35:00,3.7,223.3,63.8,1444.1,370.9
2026-06-27 11:40:00,2.86,206.4,70.9,1464.2,305.1
2026-06-27 11:45:00,3.66,198.0,46.6,1456.5,345.5
2026-06-27 11:50:00,3.93,209.2,71.2,1463.1,292.3
2026-06-27 11:55:00,3.16,212.5,62.5,1450.9,361.8
2026-06-27 12:00:00,3.89,195.6,61.0,1439.0,346.0
2026-06-27 12:05:00,3.78,194.0,64.6,1430.8,325.8
2026-06-27 12:10:00,4.24,215.4,68.0,1422.0,329.6
2026-06-27 12:15:00,3.33,205.1,58.6,1446.6,302.5
2026-06-27 12:20:00,3.06,208.0,69.7,1448.4,365.2
2026-06-27 12:25:00,3.36,205.7,45.8,1433.9,320.0
2026-06-27 12:30:00,4.07,228.2,64.1,1452.9,352.5
2026-06-27 12:35:00,2.77,225.1,68.5,1438.0,316.0
2026-06-27 12:40:00,2.67,195.2,60.0,1450.0,395.0
2026-06-27 12:45:00,3.54,203.6,49.4,1425.5,379.0
2026-06-27 12:50:00,3.32,220.2,72.6,1426.2,391.8
2026-06-27 12:55:00,3.5,217.2,56.1,1437.8,394.8
2026-06-27 13:00:00,3.88,209.5,64.4,1452.3,324.1
2026-06-27 13:05:00,3.28,196.3,64.2,1419.9,317.9
2026-06-27 13:10:00,2.75,201.8,63.9,1454.1,390.7
2026-06-27 13:15:00,4.32,203.8,73.4,1414.1,336.5
2026-06-27 13:20:00,3.1,213.3,65.1,1437.0,360.8
2026-06-27 13:25:00,3.08,230.4,71.5,1422.9,324.5
2026-06-27 13:30:00,3.94,201.8,63.3,1399.2,324.9
2026-06-27 13:35:00,3.35,197.7,68.1,1443.0,360.7
2026-06-27 13:40:00,3.47,208.7,76.0,1437.1,290.8
2026-06-27 13:45:00,3.69,222.4,68.0,1421.5,359.6
2026-06-27 13:50:00,3.93,192.6,68.7,1428.8,353.1
2026-06-27 13:55:00,3.37,227.4,79.3,1450.1,326.7
2026-06-27 14:00:00,4.11,207.9,75.5,1434.1,340.6
2026-06-27 14:05:00,2.65,201.2,60.6,1435.3,344.5
2026-06-27 14:10:00,3.8,190.8,70.4,1430.2,345.9
2026-06-27 14:15:00,3.16,218.5,68.3,1433.0,357.3
2026-06-27 14:20:00,4.05,207.9,73.6,1430.7,319.6
2026-06-27 14:25:00,3.56,212.0,69.9,1431.0,407.4
2026-06-27 14:30:00,3.23,199.2,65.6,1426.5,334.9
2026-06-27 14:35:00,3.77,206.2,67.9,1424.0,336.7
2026-06-27 14:40:00,3.86,204.2,66.2,1433.1,388.6
2026-06-27 14:45:00,3.76,208.8,67.2,1430.2,294.3
2026-06-27 14:50:00,3.09,202.0,62.5,1422.3,388.4
2026-06-27 14:55:00,3.31,191.6,60.2,1447.8,342.3
2026-06-27 15:00:00,3.5,242.7,84.0,1465.0,326.7
2026-06-27 15:05:00,3.48,193.6,66.4,1436.7,312.0
2026-06-27 15:10:00,3.8,212.2,60.7,1441.4,308.3
2026-06-27 15:15:00,2.69,188.7,59.6,1425.4,331.5
2026-06-27 15:20:00,3.63,186.0,69.9,1451.2,346.9
2026-06-27 15:25:00,3.38,211.2,59.3,1466.3,355.6
2026-06-27 15:30:00,3.16,212.1,53.5,1438.0,346.7
2026-06-27 15:35:00,3.2,225.1,56.0,1435.2,327.2
2026-06-27 15:40:00,3.41,214.8,51.9,1446.1,373.5
2026-06-27 15:45:00,2.5,208.2,54.3,1441.6,406.8
2026-06-27 15:50:00,3.22,198.6,53.8,1430.2,377.4
2026-06-27 15:55:00,3.15,228.0,78.8,1450.7,331.0
2026-06-27 16:00:00,3.71,221.1,66.3,1456.3,352.6
2026-06-27 16:05:00,3.18,195.0,59.9,1425.2,354.2
2026-06-27 16:10:00,3.41,210.5,53.5,1478.2,380.1
2026-06-27 16:15:00,4.12,211.7,64.1,1417.4,331.5
2026-06-27 16:20:00,3.9,205.9,50.5,1426.4,315.9
2026-06-27 16:25:00,3.86,219.3,63.4,1445.4,368.3
2026-06-27 16:30:00,3.3,220.0,83.0,1475.7,350.2
2026-06-27 16:35:00,3.72,207.7,70.0,1431.1,312.3
2026-06-27 16:40:00,3.41,206.6,62.8,1423.3,357.6
2026-06-27 16:45:00,3.42,228.0,73.3,1451.8,386.0
2026-06-27 16:50:00,3.66,221.2,62.5,1438.5,322.7
2026-06-27 16:55:00,3.26,210.9,58.7,1450.2,317.7
2026-06-27 17:00:00,4.1,190.4,75.7,1435.0,340.8
2026-06-27 17:05:00,3.44,214.1,56.5,1428.0,357.0
2026-06-27 17:10:00,3.75,218.4,63.4,1476.9,338.1
2026-06-27 17:15:00,4.08,176.9,62.5,1389.1,368.4
2026-06-27 17:20:00,3.91,213.0,58.0,1467.9,346.5
2026-06-27 17:25:00,2.94,205.0,69.5,1453.0,365.3
2026-06-27 17:30:00,3.68,207.3,62.1,1428.3,322.0
2026-06-27 17:35:00,3.84,199.1,68.7,1465.9,309.3
2026-06-27 17:40:00,3.86,208.2,69.4,1419.1,331.5
2026-06-27 17:45:00,3.05,226.7,65.6,1458.5,306.3
2026-06-27 17:50:00,3.24,204.6,77.9,1407.7,350.2
2026-06-27 17:55:00,3.9,221.6,61.4,1425.1,289.6
2026-06-27 18:00:00,3.2,200.3,74.3,1420.8,328.7
2026-06-27 18:05:00,3.38,219.1,75.8,1430.6,332.9
2026-06-27 18:10:00,4.13,210.0,79.2,1440.2,313.8
2026-06-27 18:15:00,3.48,214.2,67.0,1428.5,332.3
2026-06-27 18:20:00,3.21,210.1,58.7,1409.5,340.1
2026-06-27 18:25:00,3.15,217.7,82.8,1448.5,371.7
2026-06-27 18:30:00,3.63,179.2,57.7,1434.6,314.0
2026-06-27 18:35:00,2.97,193.0,55.9,1442.7,348.9
2026-06-27 18:40:00,3.4,215.0,64.2,1443.6,353.9
2026-06-27 18:45:00,3.63,185.5,53.5,1449.4,339.5
2026-06-27 18:50:00,4.02,203.6,68.3,1437.6,327.5
2026-06-27 18:55:00,3.77,209.3,60.1,1455.1,311.5
2026-06-27 19:00:00,3.21,200.1,61.2,1426.4,387.5
2026-06-27 19:05:00,3.97,201.7,71.5,1427.6,341.8
2026-06-27 19:10:00,3.38,213.3,70.5,1461.3,332.1
2026-06-27 19:15:00,3.01,222.1,66.9,1462.8,393.0
2026-06-27 19:20:00,3.43,198.5,64.6,1446.3,345.6
2026-06-27 19:25:00,4.08,203.1,64.1,1425.3,403.6
2026-06-27 19:30:00,3.57,201.2,60.2,1423.7,304.6
2026-06-27 19:35:00,3.51,180.9,60.6,1454.1,334.1
2026-06-27 19:40:00,4.15,211.7,69.2,1459.4,305.7
2026-06-27 19:45:00,2.93,221.2,65.7,1441.3,336.9
2026-06-27 19:50:00,2.99,222.2,70.2,1477.6,336.8
2026-06-27 19:55:00,2.85,199.6,56.7,1444.8,328.5
2026-06-27 20:00:00,3.65,195.0,57.9,1420.4,341.3
2026-06-27 20:05:00,3.57,210.3,59.2,1435.9,329.8
2026-06-27 20:10:00,4.12,220.0,62.0,1442.1,337.2
2026-06-27 20:15:00,3.6,211.9,75.6,1441.7,321.1
2026-06-27 20:20:00,3.34,213.5,71.3,1459.4,376.1
2026-06-27 20:25:00,3.5,223.7,58.4,1428.4,312.3
2026-06-27 20:30:00,3.55,201.1,67.2,1418.3,345.3
2026-06-27 20:35:00,2.83,207.4,61.5,1448.5,310.2
2026-06-27 20:40:00,4.5,229.6,62.5,1436.3,319.1
2026-06-27 20:45:00,3.71,207.6,52.8,1475.9,321.8
2026-06-27 20:50:00,3.58,194.8,70.5,1451.1,336.7
2026-06-27 20:55:00,3.75,202.0,52.9,1430.5,344.4
2026-06-27 21:00:00,3.78,198.7,62.9,1455.9,312.3
2026-06-27 21:05:00,3.44,214.3,58.1,1451.8,329.7
2026-06-27 21:10:00,3.25,199.2,69.6,1447.4,315.2
2026-06-27 21:15:00,3.74,213.3,62.8,1438.8,314.1
2026-06-27 21:20:00,3.65,201.2,62.6,1444.5,368.3
2026-06-27 21:25:00,3.18,184.5,60.4,1403.4,305.2
2026-06-27 21:30:00,4.07,213.7,68.0,1460.5,341.9
2026-06-27 21:35:00,3.62,211.8,65.4,1388.8,382.5
2026-06-27 21:40:00,3.79,216.2,65.6,1434.6,370.2
2026-06-27 21:45:00,4.06,201.9,59.6,1414.4,350.6
2026-06-27 21:50:00,3.51,200.6,51.0,1430.6,339.6
2026-06-27 21:55:00,3.63,214.8,56.8,1439.9,358.4
2026-06-27 22:00:00,3.82,228.2,73.5,1425.7,349.2
2026-06-27 22:05:00,3.21,210.1,62.6,1398.4,375.6
2026-06-27 22:10:00,3.52,215.1,60.5,1444.1,336.7
2026-06-27 22:15:00,3.55,206.1,53.2,1470.5,365.0
2026-06-27 22:20:00,3.12,191.5,48.5,1431.0,331.9
2026-06-27 22:25:00,4.43,221.6,61.1,1456.7,387.3
2026-06-27 22:30:00,2.94,220.9,73.7,1464.7,336.0
2026-06-27 22:35:00,2.98,218.5,61.8,1413.2,299.5
2026-06-27 22:40:00,4.03,207.8,67.9,1432.7,341.9
2026-06-27 22:45:00,3.79,217.2,61.3,1422.3,359.1
2026-06-27 22:50:00,3.09,220.7,71.7,1430.1,380.7
2026-06-27 22:55:00,3.74,229.4,65.1,1469.4,315.1
2026-06-27 23:00:00,4.09,221.9,56.9,1445.7,296.4
2026-06-27 23:05:00,3.49,210.8,63.0,1452.0,352.4
2026-06-27 23:10:00,4.5,194.3,77.3,1436.2,351.6
2026-06-27 23:15:00,2.81,211.9,79.6,1422.2,304.7
2026-06-27 23:20:00,3.78,213.1,69.4,1450.8,331.8
2026-06-27 23:25:00,3.97,218.5,65.2,1460.5,332.9
2026-06-27 23:30:00,3.86,226.2,69.9,1448.0,360.6
2026-06-27 23:35:00,3.42,208.9,67.4,1447.1,329.7
2026-06-27 23:40:00,3.38,235.2,68.5,1426.5,329.1
2026-06-27 23:45:00,3.68,188.9,65.4,1446.4,342.9
2026-06-27 23:50:00,3.83,215.0,67.4,1461.2,305.5
2026-06-27 23:55:00,3.74,200.4,61.0,1444.2,387.5
2026-06-28 00:00:00,3.92,187.1,52.0,1408.5,363.4
2026-06-28 00:05:00,3.09,207.6,61.0,1464.1,322.5
2026-06-28 00:10:00,3.41,192.5,68.8,1422.3,312.1
2026-06-28 00:15:00,3.12,208.1,64.5,1445.4,314.0
2026-06-28 00:20:00,3.35,210.4,67.5,1454.4,354.7
2026-06-28 00:25:00,3.91,223.4,64.7,1458.9,314.7
2026-06-28 00:30:00,3.54,191.9,53.8,1409.4,333.8
2026-06-28 00:35:00,4.5,220.9,64.7,1443.9,297.7
2026-06-28 00:40:00,3.58,211.2,57.0,1441.0,353.5
2026-06-28 00:45:00,3.52,222.3,58.2,1464.1,354.5
2026-06-28 00:50:00,3.54,204.8,73.9,1445.8,335.4
2026-06-28 00:55:00,3.24,194.0,59.2,1458.5,344.8
2026-06-28 01:00:00,3.48,195.4,56.9,1445.2,359.9
2026-06-28 01:05:00,3.95,194.5,75.6,1435.8,344.2
2026-06-28 01:10:00,3.55,215.7,72.4,1444.1,359.5
2026-06-28 01:15:00,3.18,227.7,64.7,1466.4,310.8
2026-06-28 01:20:00,3.13,203.2,67.4,1419.2,349.5
2026-06-28 01:25:00,3.32,217.5,64.2,1455.1,344.8
2026-06-28 01:30:00,3.53,191.7,56.7,1426.9,370.0
2026-06-28 01:35:00,3.98,212.2,69.1,1427.8,340.8
2026-06-28 01:40:00,2.96,218.0,63.6,1457.0,337.6
2026-06-28 01:45:00,3.37,192.6,63.0,1423.3,326.1
2026-06-28 01:50:00,3.56,207.6,72.8,1445.2,377.3
2026-06-28 01:55:00,2.77,218.6,73.6,1434.4,281.1
2026-06-28 02:00:00,3.17,174.8,55.3,1397.6,352.8
2026-06-28 02:05:00,3.23,226.0,71.3,1450.4,339.5
2026-06-28 02:10:00,3.18,214.2,56.6,1442.7,335.4
2026-06-28 02:15:00,3.58,218.6,69.9,1413.1,331.8
2026-06-28 02:20:00,3.44,205.0,65.4,1428.5,338.6
2026-06-28 02:25:00,3.28,189.3,64.9,1408.8,352.0
2026-06-28 02:30:00,3.67,216.4,63.6,1452.3,320.1
2026-06-28 02:35:00,4.19,209.0,81.5,1460.6,343.4
2026-06-28 02:40:00,4.16,210.4,57.8,1452.8,348.8
2026-06-28 02:45:00,2.73,223.1,74.7,1457.4,316.2
2026-06-28 02:50:00,3.73,219.1,58.1,1434.1,352.6
2026-06-28 02:55:00,3.43,233.1,72.5,1452.8,349.0
2026-06-28 03:00:00,3.56,211.8,69.9,1440.2,320.0
2026-06-28 03:05:00,3.34,201.7,64.2,1441.1,310.3
2026-06-28 03:10:00,3.55,207.7,60.7,1453.9,319.7
2026-06-28 03:15:00,3.56,215.0,66.9,1458.6,343.4
2026-06-28 03:20:00,3.27,222.2,69.0,1436.6,338.1
2026-06-28 03:25:00,3.14,192.4,76.7,1415.4,374.8
2026-06-28 03:30:00,3.32,210.1,58.0,1437.2,330.8
2026-06-28 03:35:00,3.59,229.3,63.4,1440.6,317.8
2026-06-28 03:40:00,3.74,207.1,66.8,1443.7,356.4
2026-06-28 03:45:00,3.84,221.2,64.6,1454.7,315.5
2026-06-28 03:50:00,3.3,215.9,65.1,1412.5,320.2
2026-06-28 03:55:00,3.61,221.5,75.3,1432.2,320.6
2026-06-28 04:00:00,3.89,200.3,41.0,1423.6,280.0
2026-06-28 04:05:00,3.97,200.3,58.8,1456.8,354.2
2026-06-28 04:10:00,3.48,210.2,51.1,1436.9,363.5
2026-06-28 04:15:00,3.41,191.6,52.7,1428.6,362.9
2026-06-28 04:20:00,3.58,206.8,83.8,1447.4,387.1
2026-06-28 04:25:00,3.04,213.0,70.2,1431.7,377.7
2026-06-28 04:30:00,3.42,231.4,75.8,1444.1,331.7
2026-06-28 04:35:00,3.8,214.8,65.1,1468.2,367.7
2026-06-28 04:40:00,3.76,217.5,72.2,1468.3,337.6
2026-06-28 04:45:00,3.39,224.0,53.0,1436.7,329.4
2026-06-28 04:50:00,3.59,198.4,71.6,1434.9,321.1
2026-06-28 04:55:00,3.17,208.0,58.1,1430.3,333.3
2026-06-28 05:00:00,3.78,239.1,65.1,1416.9,348.2
2026-06-28 05:05:00,3.47,209.1,68.9,1455.4,379.5
2026-06-28 05:10:00,3.39,223.4,69.5,1479.0,358.2
2026-06-28 05:15:00,3.36,221.6,67.4,1435.7,320.7
2026-06-28 05:20:00,3.47,192.3,51.4,1424.2,313.9
2026-06-28 05:25:00,3.32,213.7,66.4,1436.7,354.2
2026-06-28 05:30:00,3.76,211.8,72.9,1441.6,362.6
2026-06-28 05:35:00,3.34,214.0,61.3,1423.8,370.7
2026-06-28 05:40:00,4.14,201.0,74.2,1431.3,333.3
2026-06-28 05:45:00,4.09,196.6,56.0,1452.5,351.7
2026-06-28 05:50:00,3.14,204.3,64.2,1440.8,361.4
2026-06-28 05:55:00,3.53,208.8,77.1,1458.8,306.2
2026-06-28 06:00:00,3.24,224.2,61.7,1448.3,346.9
2026-06-28 06:05:00,3.37,231.8,76.7,1428.0,362.6
2026-06-28 06:10:00,4.3,226.8,83.3,1434.7,352.8
2026-06-28 06:15:00,3.38,220.3,67.9,1445.8,338.0
2026-06-28 06:20:00,3.64,197.9,59.0,1420.8,405.2
2026-06-28 06:25:00,3.72,205.1,58.1,1420.2,388.3
2026-06-28 06:30:00,3.1,212.5,75.8,1422.6,340.2
2026-06-28 06:35:00,3.16,202.4,74.1,1446.2,335.3
2026-06-28 06:40:00,3.02,216.9,77.6,1435.9,357.5
2026-06-28 06:45:00,3.15,218.6,66.0,1459.5,338.6
2026-06-28 06:50:00,2.5,216.4,74.3,1427.8,371.8
2026-06-28 06:55:00,3.72,222.3,66.5,1405.6,308.3
2026-06-28 07:00:00,4.32,199.1,56.3,1435.9,334.0
2026-06-28 07:05:00,3.56,221.2,75.7,1467.0,357.1
2026-06-28 07:10:00,2.93,201.7,76.8,1438.8,365.1
2026-06-28 07:15:00,3.24,198.7,55.1,1417.2,303.0
2026-06-28 07:20:00,3.32,216.4,57.6,1416.9,316.1
2026-06-28 07:25:00,3.09,224.6,67.5,1460.9,298.1
2026-06-28 07:30:00,3.84,215.9,73.5,1429.1,318.2
2026-06-28 07:35:00,3.82,210.2,56.0,1463.2,308.1
2026-06-28 07:40:00,3.04,213.7,67.4,1450.6,353.5
2026-06-28 07:45:00,3.79,211.6,60.5,1428.8,345.7
2026-06-28 07:50:00,4.11,196.5,68.6,1454.8,336.2
2026-06-28 07:55:00,4.26,195.1,56.4,1423.2,340.7
2026-06-28 08:00:00,4.5,209.1,71.0,1418.1,369.9
2026-06-28 08:05:00,3.14,211.0,63.9,1427.2,313.9
2026-06-28 08:10:00,4.5,210.1,57.5,1451.6,291.7
2026-06-28 08:15:00,3.36,218.1,66.7,1458.7,357.8
2026-06-28 08:20:00,3.26,207.4,49.1,1433.5,330.2
2026-06-28 08:25:00,3.63,216.8,61.5,1413.3,314.5
2026-06-28 08:30:00,3.27,208.3,67.4,1416.3,353.9
2026-06-28 08:35:00,3.66,231.9,54.1,1428.4,290.8
2026-06-28 08:40:00,2.97,211.0,44.6,1420.8,318.6
2026-06-28 08:45:00,3.4,238.1,50.5,1449.6,280.3
2026-06-28 08:50:00,4.01,214.2,76.3,1469.9,346.5
2026-06-28 08:55:00,3.48,207.4,64.0,1451.4,379.3
2026-06-28 09:00:00,3.56,199.2,59.1,1420.9,325.7
2026-06-28 09:05:00,3.69,192.7,70.0,1426.1,320.2
2026-06-28 09:10:00,3.97,198.1,60.0,1430.1,384.6
2026-06-28 09:15:00,2.84,199.4,65.6,1443.7,355.7
2026-06-28 09:20:00,3.73,214.7,65.9,1464.5,399.5
2026-06-28 09:25:00,3.39,203.7,60.3,1431.7,344.0
2026-06-28 09:30:00,3.57,212.2,67.7,1463.5,345.7
2026-06-28 09:35:00,3.92,225.4,73.5,1474.6,376.1
2026-06-28 09:40:00,3.02,208.9,63.4,1434.5,336.3
2026-06-28 09:45:00,3.09,234.9,65.1,1439.4,346.2
2026-06-28 09:50:00,2.73,195.9,60.1,1431.8,280.0
2026-06-28 09:55:00,3.28,208.2,46.3,1440.6,383.4
2026-06-28 10:00:00,4.03,203.5,66.3,1433.3,349.8
2026-06-28 10:05:00,3.45,221.2,57.0,1455.5,337.3
2026-06-28 10:10:00,2.96,183.1,66.0,1411.4,362.7
2026-06-28 10:15:00,3.31,192.7,61.7,1428.5,310.5
2026-06-28 10:20:00,2.9,208.7,65.6,1444.7,326.2
2026-06-28 10:25:00,3.05,228.6,73.4,1456.8,353.8
2026-06-28 10:30:00,3.66,212.7,58.0,1473.5,341.1
2026-06-28 10:35:00,3.03,193.8,65.5,1417.4,351.2
2026-06-28 10:40:00,3.95,195.6,65.0,1427.3,346.2
2026-06-28 10:45:00,3.47,230.1,66.5,1410.0,355.8
2026-06-28 10:50:00,3.53,202.5,56.5,1421.9,307.0
2026-06-28 10:55:00,3.39,198.7,68.1,1411.2,372.0
2026-06-28 11:00:00,3.81,227.7,73.3,1435.7,327.9
2026-06-28 11:05:00,3.81,222.1,67.7,1439.0,341.4
2026-06-28 11:10:00,3.63,225.3,58.7,1450.1,325.0
2026-06-28 11:15:00,3.73,198.6,59.1,1433.2,332.8
2026-06-28 11:20:00,3.42,191.7,61.8,1443.4,345.7
2026-06-28 11:25:00,3.72,211.6,70.7,1442.0,358.4
2026-06-28 11:30:00,3.36,214.0,52.9,1425.3,362.5
2026-06-28 11:35:00,3.5,214.4,61.1,1415.6,350.8
2026-06-28 11:40:00,3.39,227.7,64.4,1452.3,325.1
2026-06-28 11:45:00,3.32,189.2,61.2,1460.5,349.2
2026-06-28 11:50:00,3.22,220.3,56.1,1480.1,346.0
2026-06-28 11:55:00,3.69,196.8,61.3,1451.4,341.5
2026-06-28 12:00:00,4.02,220.3,64.1,1463.9,353.4
2026-06-28 12:05:00,3.97,204.3,55.8,1445.8,308.1
2026-06-28 12:10:00,3.0,200.2,62.6,1442.6,289.3
2026-06-28 12:15:00,4.02,202.7,59.6,1440.2,369.7
2026-06-28 12:20:00,3.37,192.7,66.4,1434.9,336.7
2026-06-28 12:25:00,3.74,210.5,58.0,1449.2,350.4
2026-06-28 12:30:00,3.14,200.7,64.3,1430.3,318.3
2026-06-28 12:35:00,3.56,219.4,59.9,1439.7,371.6
2026-06-28 12:40:00,3.63,217.7,61.4,1423.9,348.8
2026-06-28 12:45:00,2.91,230.3,70.4,1451.2,335.5
2026-06-28 12:50:00,3.74,214.4,67.5,1426.5,347.1
2026-06-28 12:55:00,4.04,216.2,62.6,1441.8,296.5
2026-06-28 13:00:00,3.43,226.8,65.4,1450.9,349.3
2026-06-28 13:05:00,4.04,202.5,52.2,1447.3,377.2
2026-06-28 13:10:00,3.42,192.1,73.5,1448.0,347.9
2026-06-28 13:15:00,3.84,212.4,70.9,1437.3,344.7
2026-06-28 13:20:00,2.61,192.9,67.7,1443.9,332.1
2026-06-28 13:25:00,4.47,239.4,56.7,1438.6,367.1
2026-06-28 13:30:00,4.1,227.5,62.9,1413.9,370.8
2026-06-28 13:35:00,3.39,236.0,66.2,1453.1,329.2
2026-06-28 13:40:00,2.71,210.7,49.7,1444.6,349.0
2026-06-28 13:45:00,3.62,216.6,73.1,1456.5,345.8
2026-06-28 13:50:00,2.92,204.5,75.8,1438.5,350.0
2026-06-28 13:55:00,3.68,220.6,83.1,1418.1,320.7
2026-06-28 14:00:00,3.66,195.4,54.4,1435.7,368.6
2026-06-28 14:05:00,3.12,179.5,61.4,1447.2,354.1
2026-06-28 14:10:00,3.95,200.5,74.2,1445.2,370.1
2026-06-28 14:15:00,3.82,192.5,60.4,1434.3,312.1
2026-06-28 14:20:00,3.89,227.7,63.1,1418.6,313.6
2026-06-28 14:25:00,3.5,231.8,53.3,1429.0,391.5
2026-06-28 14:30:00,2.93,193.2,71.5,1443.8,368.7
2026-06-28 14:35:00,3.89,225.5,67.2,1418.1,319.6
2026-06-28 14:40:00,3.39,221.4,60.9,1437.5,361.7
2026-06-28 14:45:00,2.94,191.2,64.4,1436.8,328.4
2026-06-28 14:50:00,4.04,205.3,65.5,1456.3,297.5
2026-06-28 14:55:00,4.34,203.0,65.3,1447.8,287.5
2026-06-28 15:00:00,3.48,219.0,64.6,1456.2,339.5
2026-06-28 15:05:00,4.36,195.3,75.8,1441.6,379.0
2026-06-28 15:10:00,3.54,208.8,63.8,1427.1,378.0
2026-06-28 15:15:00,3.35,201.8,76.7,1429.1,371.5
2026-06-28 15:20:00,3.25,215.7,70.4,1427.1,360.8
2026-06-28 15:25:00,4.15,207.4,67.4,1448.3,347.9
2026-06-28 15:30:00,3.19,203.6,63.1,1428.3,368.8
2026-06-28 15:35:00,3.79,207.4,72.4,1433.6,289.7
2026-06-28 15:40:00,3.28,234.4,69.6,1445.2,364.7
2026-06-28 15:45:00,3.32,205.0,56.8,1463.6,312.0
2026-06-28 15:50:00,3.91,197.5,55.4,1447.4,317.2
2026-06-28 15:55:00,3.35,217.0,69.4,1429.8,357.4
2026-06-28 16:00:00,3.34,208.3,57.5,1441.9,363.2
2026-06-28 16:05:00,3.95,193.0,62.0,1461.4,324.8
2026-06-28 16:10:00,4.14,236.8,77.5,1454.6,356.2
2026-06-28 16:15:00,3.76,205.8,66.8,1415.2,354.1
2026-06-28 16:20:00,3.24,205.5,58.5,1425.4,332.2
2026-06-28 16:25:00,3.3,211.9,76.6,1425.5,343.8
2026-06-28 16:30:00,3.53,230.8,72.5,1465.8,392.0
2026-06-28 16:35:00,3.63,189.8,70.1,1454.8,333.0
2026-06-28 16:40:00,3.1,213.3,47.4,1431.3,333.8
2026-06-28 16:45:00,3.79,235.0,71.4,1435.3,343.8
2026-06-28 16:50:00,3.53,211.5,72.0,1441.0,335.4
2026-06-28 16:55:00,2.81,195.2,76.4,1438.2,359.8
2026-06-28 17:00:00,3.13,202.6,52.2,1424.1,376.7
2026-06-28 17:05:00,3.3,212.5,75.0,1436.8,333.8
2026-06-28 17:10:00,3.47,226.0,80.6,1421.4,318.6
2026-06-28 17:15:00,4.26,205.9,48.3,1458.3,389.4
2026-06-28 17:20:00,3.6,219.9,70.3,1415.6,343.0
2026-06-28 17:25:00,3.16,192.8,67.4,1410.0,297.4
2026-06-28 17:30:00,3.59,192.7,59.8,1443.1,386.6
2026-06-28 17:35:00,3.36,204.2,60.2,1420.3,368.2
2026-06-28 17:40:00,3.63,227.3,72.9,1435.9,380.0
2026-06-28 17:45:00,3.73,210.8,60.2,1441.1,375.9
2026-06-28 17:50:00,3.98,213.5,63.8,1450.8,406.1
2026-06-28 17:55:00,3.49,213.3,72.0,1437.4,314.1
2026-06-28 18:00:00,4.16,223.3,81.0,1469.3,320.1
2026-06-28 18:05:00,3.86,202.7,68.2,1438.5,327.7
2026-06-28 18:10:00,3.22,218.3,67.3,1459.5,327.0
2026-06-28 18:15:00,4.38,200.0,59.4,1442.2,343.1
2026-06-28 18:20:00,3.63,233.8,60.5,1476.7,327.8
2026-06-28 18:25:00,3.17,200.4,72.4,1454.0,310.3
2026-06-28 18:30:00,4.16,199.4,62.2,1438.5,318.1
2026-06-28 18:35:00,4.33,216.6,75.2,1450.8,332.7
2026-06-28 18:40:00,3.49,211.0,62.5,1436.3,368.6
2026-06-28 18:45:00,3.3,213.9,60.4,1436.7,325.6
2026-06-28 18:50:00,3.43,212.7,68.8,1421.0,360.2
2026-06-28 18:55:00,3.79,196.9,62.4,1425.3,307.0
2026-06-28 19:00:00,4.01,229.4,58.3,1474.8,280.0
2026-06-28 19:05:00,3.73,220.7,81.1,1424.1,336.7
2026-06-28 19:10:00,3.54,226.3,62.4,1433.4,324.7
2026-06-28 19:15:00,4.1,203.7,71.5,1437.3,318.0
2026-06-28 19:20:00,3.37,215.0,72.5,1440.1,315.0
2026-06-28 19:25:00,3.91,212.4,55.3,1446.2,322.3
2026-06-28 19:30:00,3.38,223.5,59.0,1435.7,315.3
2026-06-28 19:35:00,3.67,223.9,64.7,1449.5,317.6
2026-06-28 19:40:00,3.45,212.3,58.4,1457.6,306.0
2026-06-28 19:45:00,3.48,191.8,76.1,1455.4,286.8
2026-06-28 19:50:00,3.35,231.4,66.6,1440.3,284.8
2026-06-28 19:55:00,4.04,216.7,73.1,1450.5,401.5
2026-06-28 20:00:00,3.21,202.7,68.0,1421.3,338.4
2026-06-28 20:05:00,3.2,214.9,67.8,1430.1,378.1
2026-06-28 20:10:00,4.35,191.9,62.6,1418.8,335.6
2026-06-28 20:15:00,3.89,222.7,76.8,1441.8,336.4
2026-06-28 20:20:00,2.55,192.3,55.8,1423.6,347.7
2026-06-28 20:25:00,3.27,207.3,78.4,1416.7,356.0
2026-06-28 20:30:00,2.78,212.9,55.1,1434.8,308.8
2026-06-28 20:35:00,3.12,222.5,73.1,1416.6,330.5
2026-06-28 20:40:00,2.5,211.3,54.0,1460.2,347.6
2026-06-28 20:45:00,3.45,217.6,63.6,1433.2,291.7
2026-06-28 20:50:00,3.04,209.7,65.7,1454.7,372.4
2026-06-28 20:55:00,3.52,209.6,61.0,1432.5,366.6
2026-06-28 21:00:00,2.85,211.0,63.7,1422.3,287.5
2026-06-28 21:05:00,3.53,207.7,53.6,1457.2,318.0
2026-06-28 21:10:00,3.33,189.8,54.1,1437.3,342.6
2026-06-28 21:15:00,4.1,200.8,67.6,1466.5,361.0
2026-06-28 21:20:00,4.06,212.9,65.7,1433.6,378.2
2026-06-28 21:25:00,3.81,207.0,59.0,1432.7,324.1
2026-06-28 21:30:00,3.37,208.1,75.3,1454.7,398.5
2026-06-28 21:35:00,4.29,206.1,54.7,1454.4,338.8
2026-06-28 21:40:00,2.88,199.6,60.6,1440.2,334.4
2026-06-28 21:45:00,2.94,204.1,60.1,1488.8,354.0
2026-06-28 21:50:00,3.47,206.3,69.4,1435.1,347.8
2026-06-28 21:55:00,4.4,210.1,65.4,1421.0,346.4
2026-06-28 22:00:00,3.42,214.7,64.8,1425.9,389.9
2026-06-28 22:05:00,3.43,207.8,49.9,1435.4,346.2
2026-06-28 22:10:00,2.92,197.6,70.1,1460.3,315.4
2026-06-28 22:15:00,3.88,193.2,60.7,1433.8,319.0
2026-06-28 22:20:00,3.88,241.2,70.6,1469.7,376.8
2026-06-28 22:25:00,3.82,196.4,57.0,1443.8,357.1
2026-06-28 22:30:00,3.25,203.8,56.8,1455.0,301.1
2026-06-28 22:35:00,3.22,216.2,77.9,1447.0,299.9
2026-06-28 22:40:00,2.98,214.3,51.5,1446.6,340.6
2026-06-28 22:45:00,3.53,216.3,57.5,1452.5,355.4
2026-06-28 22:50:00,3.07,204.7,76.0,1430.4,323.0
2026-06-28 22:55:00,3.03,212.9,70.6,1432.2,298.0
2026-06-28 23:00:00,3.33,210.7,62.5,1445.4,311.9
2026-06-28 23:05:00,3.3,206.3,74.4,1468.4,381.1
2026-06-28 23:10:00,3.28,212.9,69.0,1417.5,352.4
2026-06-28 23:15:00,3.69,222.7,68.8,1412.1,365.0
2026-06-28 23:20:00,3.53,209.7,66.8,1436.0,369.1
2026-06-28 23:25:00,3.38,209.8,68.7,1455.4,324.3
2026-06-28 23:30:00,3.57,222.8,71.0,1443.3,330.7
2026-06-28 23:35:00,3.1,221.5,84.3,1424.8,335.8
2026-06-28 23:40:00,3.54,229.0,66.3,1445.0,350.4
2026-06-28 23:45:00,3.56,188.9,60.5,1409.8,367.2
2026-06-28 23:50:00,2.9,220.9,56.7,1451.6,386.7
2026-06-28 23:55:00,3.9,217.2,65.7,1436.8,360.4
2026-06-29 00:00:00,3.15,199.4,78.3,1436.6,360.5
2026-06-29 00:05:00,3.54,213.0,73.3,1447.0,388.2
2026-06-29 00:10:00,3.97,222.6,62.5,1445.6,334.9
2026-06-29 00:15:00,3.87,200.1,63.7,1429.9,369.7
2026-06-29 00:20:00,3.51,215.3,55.4,1456.6,354.5
2026-06-29 00:25:00,3.36,220.5,58.8,1454.0,355.4
2026-06-29 00:30:00,3.88,197.1,64.3,1410.8,334.6
2026-06-29 00:35:00,3.77,208.3,60.8,1436.2,305.1
2026-06-29 00:40:00,3.25,213.6,57.2,1424.5,348.6
2026-06-29 00:45:00,3.18,200.4,67.5,1419.1,348.7
2026-06-29 00:50:00,2.67,199.5,62.8,1445.9,325.6
2026-06-29 00:55:00,3.56,208.4,52.2,1433.4,337.6
2026-06-29 01:00:00,3.47,219.6,49.8,1439.8,318.0
2026-06-29 01:05:00,3.95,217.7,61.6,1431.5,318.2
2026-06-29 01:10:00,3.64,199.7,50.7,1443.5,328.0
2026-06-29 01:15:00,4.03,217.8,51.2,1451.7,306.8
2026-06-29 01:20:00,3.22,200.0,72.5,1470.5,325.4
2026-06-29 01:25:00,3.96,190.7,61.3,1433.4,357.8
2026-06-29 01:30:00,3.29,205.6,62.2,1417.4,376.4
2026-06-29 01:35:00,3.81,223.5,65.5,1435.1,391.9
2026-06-29 01:40:00,2.92,217.9,57.1,1454.3,330.0
2026-06-29 01:45:00,3.59,210.0,68.3,1428.4,370.0
2026-06-29 01:50:00,2.71,205.0,63.2,1416.8,348.4
2026-06-29 01:55:00,3.39,205.3,58.2,1427.8,334.1
2026-06-29 02:00:00,3.68,211.3,60.3,1432.3,350.1
2026-06-29 02:05:00,3.29,197.2,53.3,1421.2,367.6
2026-06-29 02:10:00,3.08,205.8,61.1,1442.4,327.5
2026-06-29 02:15:00,3.84,207.4,62.7,1438.3,327.0
2026-06-29 02:20:00,3.46,193.8,59.1,1448.6,329.8
2026-06-29 02:25:00,3.3,199.9,63.9,1431.3,324.3
2026-06-29 02:30:00,3.52,214.9,65.1,1449.4,370.0
2026-06-29 02:35:00,4.5,210.1,66.9,1432.6,320.9
2026-06-29 02:40:00,3.96,206.3,72.0,1422.3,325.3
2026-06-29 02:45:00,3.97,199.1,68.1,1429.7,347.8
2026-06-29 02:50:00,3.67,228.9,75.5,1419.5,345.8
2026-06-29 02:55:00,3.57,199.9,56.7,1464.8,329.8
2026-06-29 03:00:00,2.54,213.0,61.4,1442.7,382.1
2026-06-29 03:05:00,3.23,204.1,69.4,1426.9,324.2
2026-06-29 03:10:00,3.31,210.4,70.4,1434.4,335.7
2026-06-29 03:15:00,2.75,215.5,60.4,1404.3,291.8
2026-06-29 03:20:00,3.04,193.6,67.4,1458.2,332.4
2026-06-29 03:25:00,2.71,209.9,57.4,1460.0,306.9
2026-06-29 03:30:00,3.48,224.3,71.0,1444.5,317.1
2026-06-29 03:35:00,3.83,231.1,68.0,1449.0,291.1
2026-06-29 03:40:00,3.94,208.4,53.7,1420.7,317.7
2026-06-29 03:45:00,3.67,210.5,61.6,1422.2,338.1
2026-06-29 03:50:00,3.11,236.5,86.4,1419.8,333.9
2026-06-29 03:55:00,2.73,223.6,68.7,1440.3,329.6
2026-06-29 04:00:00,2.8,202.6,82.3,1454.4,331.9
2026-06-29 04:05:00,2.99,202.6,52.3,1432.8,327.4
2026-06-29 04:10:00,3.14,221.5,72.7,1447.5,339.1
2026-06-29 04:15:00,3.44,197.9,42.9,1452.3,337.2
2026-06-29 04:20:00,3.09,223.1,67.0,1418.2,346.9
2026-06-29 04:25:00,3.64,214.0,70.7,1468.5,335.0
2026-06-29 04:30:00,3.41,216.2,72.6,1458.6,329.2
2026-06-29 04:35:00,3.5,206.9,58.1,1447.1,359.5
2026-06-29 04:40:00,3.96,202.4,72.2,1452.3,355.1
2026-06-29 04:45:00,3.03,227.5,63.4,1458.1,339.2
2026-06-29 04:50:00,3.67,207.0,63.2,1443.8,369.9
2026-06-29 04:55:00,3.49,205.1,60.8,1460.4,342.1
2026-06-29 05:00:00,3.37,209.0,55.8,1433.0,336.0
2026-06-29 05:05:00,3.85,212.3,77.9,1447.4,338.3
2026-06-29 05:10:00,3.85,197.6,63.5,1457.4,344.1
2026-06-29 05:15:00,3.12,203.2,72.7,1398.3,317.1
2026-06-29 05:20:00,3.43,202.6,72.2,1445.1,293.2
2026-06-29 05:25:00,3.61,220.1,58.8,1452.9,347.0
2026-06-29 05:30:00,3.39,199.4,73.1,1412.2,360.9
2026-06-29 05:35:00,3.73,188.9,65.9,1440.0,315.0
2026-06-29 05:40:00,3.61,186.4,53.1,1423.4,366.8
2026-06-29 05:45:00,4.23,192.4,65.9,1442.4,298.8
2026-06-29 05:50:00,2.89,226.3,59.3,1441.8,326.0
2026-06-29 05:55:00,3.45,210.2,77.9,1425.8,382.7
2026-06-29 06:00:00,3.14,216.0,72.4,1457.8,348.9
2026-06-29 06:05:00,3.74,216.4,65.4,1435.0,332.4
2026-06-29 06:10:00,2.85,210.7,75.2,1444.2,346.3
2026-06-29 06:15:00,3.64,209.1,52.2,1459.5,369.9
2026-06-29 06:20:00,3.25,222.5,60.9,1428.8,303.9
2026-06-29 06:25:00,3.21,211.8,63.2,1440.5,372.9
2026-06-29 06:30:00,2.92,226.8,85.4,1435.9,327.7
2026-06-29 06:35:00,3.31,217.4,57.6,1437.4,357.7
2026-06-29 06:40:00,3.93,202.6,50.2,1470.9,324.6
2026-06-29 06:45:00,3.49,204.0,52.6,1445.7,382.1
2026-06-29 06:50:00,3.75,201.3,70.9,1443.0,339.2
2026-06-29 06:55:00,4.17,224.6,62.4,1450.8,306.8
2026-06-29 07:00:00,3.61,205.1,63.0,1445.5,351.8
2026-06-29 07:05:00,3.28,200.4,69.7,1410.7,372.5
2026-06-29 07:10:00,3.69,213.8,64.3,1475.2,369.7
2026-06-29 07:15:00,3.28,208.8,66.5,1417.8,342.3
2026-06-29 07:20:00,3.3,213.5,69.8,1466.7,360.3
2026-06-29 07:25:00,2.89,232.7,65.0,1453.8,329.5
2026-06-29 07:30:00,3.87,221.0,65.3,1444.9,354.8
2026-06-29 07:35:00,3.35,210.3,67.0,1435.5,349.1
2026-06-29 07:40:00,3.57,193.1,69.4,1475.7,280.0
2026-06-29 07:45:00,3.09,204.0,57.8,1447.9,315.0
2026-06-29 07:50:00,3.67,218.5,42.1,1442.0,345.2
2026-06-29 07:55:00,3.2,195.9,68.3,1429.2,344.1
2026-06-29 08:00:00,3.44,235.7,76.3,1435.3,339.3
2026-06-29 08:05:00,3.85,210.2,66.6,1440.8,342.2
2026-06-29 08:10:00,3.82,210.6,67.2,1426.2,370.2
2026-06-29 08:15:00,3.49,202.0,59.3,1448.6,348.9
2026-06-29 08:20:00,2.79,216.0,69.9,1431.5,281.7
2026-06-29 08:25:00,4.5,196.1,69.7,1452.3,388.7
2026-06-29 08:30:00,4.2,236.0,69.3,1459.9,292.3
2026-06-29 08:35:00,3.79,225.8,87.3,1442.3,364.0
2026-06-29 08:40:00,3.2,221.8,54.3,1451.1,300.9
2026-06-29 08:45:00,3.45,193.3,63.8,1446.1,375.6
2026-06-29 08:50:00,3.28,212.5,56.0,1418.6,333.1
2026-06-29 08:55:00,4.01,224.5,74.2,1468.9,349.6
2026-06-29 09:00:00,3.61,217.1,53.4,1437.6,290.3
2026-06-29 09:05:00,3.19,198.0,52.5,1448.0,358.2
2026-06-29 09:10:00,3.31,202.2,58.8,1449.3,350.4
2026-06-29 09:15:00,3.95,204.6,66.3,1401.6,355.4
2026-06-29 09:20:00,4.14,202.8,59.2,1428.7,363.7
2026-06-29 09:25:00,4.11,228.3,63.1,1456.3,344.5
2026-06-29 09:30:00,3.8,186.9,60.1,1436.3,334.7
2026-06-29 09:35:00,3.4,217.9,64.2,1451.9,319.7
2026-06-29 09:40:00,2.5,194.5,74.6,1438.3,328.9
2026-06-29 09:45:00,3.62,198.5,68.8,1456.1,370.2
2026-06-29 09:50:00,3.5,185.9,58.8,1436.9,319.1
2026-06-29 09:55:00,3.56,203.4,80.8,1460.0,293.9
2026-06-29 10:00:00,3.52,228.1,71.7,1428.9,315.3
2026-06-29 10:05:00,2.97,213.2,57.7,1438.7,355.2
2026-06-29 10:10:00,3.72,195.6,64.9,1428.2,332.4
2026-06-29 10:15:00,3.75,222.2,71.1,1448.3,355.1
2026-06-29 10:20:00,3.77,224.8,61.7,1438.8,290.0
2026-06-29 10:25:00,3.88,211.2,56.8,1436.8,280.0
2026-06-29 10:30:00,3.74,234.4,69.4,1434.3,346.6
2026-06-29 10:35:00,3.34,219.9,63.6,1435.1,365.1
2026-06-29 10:40:00,3.47,218.2,78.1,1441.5,297.2
2026-06-29 10:45:00,3.54,200.4,69.5,1407.8,353.2
2026-06-29 10:50:00,3.54,217.5,61.0,1407.0,369.8
2026-06-29 10:55:00,3.9,212.6,68.8,1441.4,339.9
2026-06-29 11:00:00,3.76,216.2,76.1,1399.7,362.5
2026-06-29 11:05:00,4.33,201.8,52.6,1435.5,344.8
2026-06-29 11:10:00,4.38,211.5,57.0,1434.6,333.4
2026-06-29 11:15:00,3.53,200.2,63.4,1446.2,360.5
2026-06-29 11:20:00,2.5,184.2,61.4,1424.8,387.8
2026-06-29 11:25:00,3.99,222.0,66.4,1465.9,326.1
2026-06-29 11:30:00,3.28,192.0,59.8,1449.1,337.8
2026-06-29 11:35:00,3.18,211.3,62.6,1417.6,315.2
2026-06-29 11:40:00,3.34,214.0,68.7,1436.5,343.9
2026-06-29 11:45:00,3.32,213.9,74.7,1463.7,336.1
2026-06-29 11:50:00,3.74,206.6,60.6,1428.9,369.0
2026-06-29 11:55:00,2.88,213.3,85.0,1439.9,375.5
2026-06-29 12:00:00,3.07,215.7,81.5,1462.2,359.7
2026-06-29 12:05:00,3.64,218.8,77.0,1433.7,366.2
2026-06-29 12:10:00,3.75,230.8,73.1,1461.0,322.4
2026-06-29 12:15:00,3.76,212.8,81.5,1426.9,316.1
2026-06-29 12:20:00,3.19,210.8,62.8,1396.8,350.9
2026-06-29 12:25:00,3.11,199.1,56.7,1456.3,340.5
2026-06-29 12:30:00,3.3,215.2,61.6,1447.6,390.0
2026-06-29 12:35:00,3.6,218.0,58.2,1449.2,292.0
2026-06-29 12:40:00,4.09,207.7,65.6,1423.1,355.5
2026-06-29 12:45:00,2.68,216.5,68.4,1426.1,355.1
2026-06-29 12:50:00,3.41,206.5,66.1,1456.6,321.0
2026-06-29 12:55:00,2.97,218.1,66.1,1445.3,315.8
2026-06-29 13:00:00,2.84,221.0,67.7,1440.4,331.5
2026-06-29 13:05:00,3.89,220.8,80.5,1445.5,299.0
2026-06-29 13:10:00,3.72,211.4,70.2,1462.9,376.4
2026-06-29 13:15:00,3.68,197.5,70.5,1448.4,407.5
2026-06-29 13:20:00,3.87,202.7,65.4,1431.4,331.5
2026-06-29 13:25:00,3.31,217.1,53.1,1420.4,324.0
2026-06-29 13:30:00,3.33,239.4,54.9,1454.7,307.2
2026-06-29 13:35:00,4.37,205.9,81.0,1425.3,312.6
2026-06-29 13:40:00,3.4,215.5,61.6,1423.4,325.3
2026-06-29 13:45:00,3.79,203.3,59.1,1458.4,370.2
2026-06-29 13:50:00,3.5,198.3,65.2,1450.7,419.8
2026-06-29 13:55:00,2.76,201.9,68.2,1444.2,321.9
2026-06-29 14:00:00,2.68,185.0,66.7,1416.4,317.4
2026-06-29 14:05:00,3.27,226.2,81.6,1470.1,310.8
2026-06-29 14:10:00,3.92,183.2,73.0,1450.1,351.3
2026-06-29 14:15:00,3.82,206.8,58.0,1434.8,348.6
2026-06-29 14:20:00,3.87,195.9,70.6,1429.4,342.5
2026-06-29 14:25:00,3.11,199.4,60.3,1439.1,328.9
2026-06-29 14:30:00,4.15,226.5,66.4,1436.1,374.0
2026-06-29 14:35:00,3.11,212.4,56.6,1473.7,359.1
2026-06-29 14:40:00,3.59,198.4,49.7,1431.9,358.0
2026-06-29 14:45:00,3.5,202.9,63.7,1422.6,349.3
2026-06-29 14:50:00,3.43,200.8,56.0,1462.0,335.3
2026-06-29 14:55:00,4.04,209.5,72.3,1431.4,322.1
2026-06-29 15:00:00,3.22,212.1,63.1,1452.2,353.0
2026-06-29 15:05:00,2.96,232.7,70.9,1454.7,350.6
2026-06-29 15:10:00,3.51,187.0,72.5,1434.5,354.2
2026-06-29 15:15:00,3.34,209.6,53.1,1425.3,300.9
2026-06-29 15:20:00,4.5,206.2,58.6,1438.5,348.5
2026-06-29 15:25:00,3.77,221.4,68.2,1424.7,332.3
2026-06-29 15:30:00,3.34,214.3,68.1,1440.5,318.0
2026-06-29 15:35:00,3.08,217.1,74.9,1453.0,358.2
2026-06-29 15:40:00,2.75,214.1,72.6,1466.6,344.4
2026-06-29 15:45:00,3.09,198.8,64.1,1421.4,398.9
2026-06-29 15:50:00,3.55,224.5,69.6,1439.2,352.1
2026-06-29 15:55:00,4.07,219.6,69.1,1434.0,332.6
2026-06-29 16:00:00,3.95,221.0,54.9,1446.3,337.3
2026-06-29 16:05:00,3.59,225.2,66.0,1420.2,310.7
2026-06-29 16:10:00,3.37,215.0,67.7,1427.1,370.8
2026-06-29 16:15:00,3.61,227.8,71.3,1418.2,347.9
2026-06-29 16:20:00,3.29,214.5,58.3,1419.3,348.3
2026-06-29 16:25:00,4.19,207.4,54.5,1429.6,313.4
2026-06-29 16:30:00,3.42,209.9,63.1,1465.0,359.5
2026-06-29 16:35:00,3.47,209.7,80.7,1445.2,316.6
2026-06-29 16:40:00,2.61,203.8,57.5,1439.7,326.2
2026-06-29 16:45:00,3.42,229.6,77.3,1464.1,343.1
2026-06-29 16:50:00,3.83,213.6,78.2,1446.5,325.5
2026-06-29 16:55:00,3.07,211.1,65.5,1447.4,320.2
2026-06-29 17:00:00,3.2,214.7,60.3,1433.8,338.7
2026-06-29 17:05:00,3.82,245.8,74.5,1437.6,365.3
2026-06-29 17:10:00,2.91,196.4,64.5,1417.6,362.4
2026-06-29 17:15:00,3.92,199.9,56.6,1429.0,357.7
2026-06-29 17:20:00,3.29,193.4,57.2,1432.5,352.2
2026-06-29 17:25:00,3.34,207.2,68.2,1444.6,328.1
2026-06-29 17:30:00,3.05,212.9,72.9,1440.0,368.0
2026-06-29 17:35:00,3.65,204.4,61.6,1433.4,296.6
2026-06-29 17:40:00,4.48,203.5,63.5,1425.0,350.8
2026-06-29 17:45:00,3.81,211.7,70.6,1446.3,361.0
2026-06-29 17:50:00,3.15,204.0,62.7,1431.3,337.7
2026-06-29 17:55:00,3.95,213.7,63.2,1446.1,321.9
2026-06-29 18:00:00,3.37,223.4,61.0,1414.0,339.1
2026-06-29 18:05:00,4.05,218.1,60.0,1446.7,321.1
2026-06-29 18:10:00,3.82,220.6,87.9,1453.3,352.9
2026-06-29 18:15:00,2.5,223.0,65.4,1451.9,363.6
2026-06-29 18:20:00,3.1,213.4,76.4,1437.7,351.2
2026-06-29 18:25:00,3.88,208.1,78.2,1453.3,349.7
2026-06-29 18:30:00,3.56,200.7,62.1,1419.1,359.0
2026-06-29 18:35:00,3.09,205.3,67.2,1437.7,361.9
2026-06-29 18:40:00,3.25,203.7,64.9,1435.8,320.5
2026-06-29 18:45:00,2.74,218.8,53.4,1457.3,301.6
2026-06-29 18:50:00,3.46,214.2,53.2,1410.5,346.9
2026-06-29 18:55:00,4.38,218.4,66.6,1425.8,363.1
2026-06-29 19:00:00,3.82,196.1,59.5,1463.4,300.5
2026-06-29 19:05:00,4.38,227.2,82.7,1407.0,341.7
2026-06-29 19:10:00,3.85,204.9,62.3,1451.2,368.2
2026-06-29 19:15:00,3.91,196.8,78.6,1426.9,337.1
2026-06-29 19:20:00,4.29,204.7,60.4,1442.8,378.0
2026-06-29 19:25:00,3.65,239.8,84.8,1467.2,373.3
2026-06-29 19:30:00,3.43,205.3,68.4,1443.5,335.4
2026-06-29 19:35:00,3.91,206.1,68.9,1460.7,330.8
2026-06-29 19:40:00,4.08,207.7,60.6,1432.2,331.3
2026-06-29 19:45:00,3.31,208.2,69.3,1434.2,343.4
2026-06-29 19:50:00,3.21,200.6,77.1,1449.9,310.7
2026-06-29 19:55:00,3.56,211.7,64.1,1433.8,306.0
2026-06-29 20:00:00,3.83,222.9,64.2,1451.5,283.2
2026-06-29 20:05:00,3.82,213.8,63.6,1458.5,339.5
2026-06-29 20:10:00,2.93,196.7,76.0,1450.4,391.0
2026-06-29 20:15:00,4.26,205.9,71.2,1415.5,290.2
2026-06-29 20:20:00,3.24,203.4,75.6,1433.6,335.4
2026-06-29 20:25:00,3.39,210.6,67.6,1444.4,334.6
2026-06-29 20:30:00,3.14,226.0,67.7,1439.5,336.2
2026-06-29 20:35:00,4.5,208.2,68.1,1440.8,371.4
2026-06-29 20:40:00,3.6,208.9,73.4,1444.2,317.8
2026-06-29 20:45:00,3.16,231.3,66.2,1436.4,291.3
2026-06-29 20:50:00,3.85,220.5,77.5,1439.2,326.6
2026-06-29 20:55:00,3.81,216.9,69.0,1423.7,323.3
2026-06-29 21:00:00,3.42,233.5,49.3,1437.5,284.2
2026-06-29 21:05:00,3.84,215.9,72.9,1418.3,346.1
2026-06-29 21:10:00,3.17,186.2,51.2,1437.0,310.3
2026-06-29 21:15:00,3.3,220.0,73.4,1439.1,337.9
2026-06-29 21:20:00,2.7,190.9,69.3,1422.4,330.9
2026-06-29 21:25:00,2.97,215.4,68.5,1467.9,313.1
2026-06-29 21:30:00,4.22,189.4,66.3,1432.2,362.3
2026-06-29 21:35:00,4.16,204.4,73.0,1443.2,333.0
2026-06-29 21:40:00,3.53,205.6,60.4,1429.5,341.4
2026-06-29 21:45:00,4.17,200.8,70.0,1431.9,354.7
2026-06-29 21:50:00,3.44,205.8,73.7,1444.0,347.2
2026-06-29 21:55:00,3.4,222.4,80.9,1437.5,343.6
2026-06-29 22:00:00,3.52,201.4,54.9,1438.3,319.4
2026-06-29 22:05:00,3.45,216.5,69.2,1453.4,312.2
2026-06-29 22:10:00,3.41,198.4,55.6,1429.9,343.9
2026-06-29 22:15:00,3.96,207.7,56.6,1419.6,316.0
2026-06-29 22:20:00,3.56,213.9,68.5,1417.9,359.9
2026-06-29 22:25:00,3.78,198.0,63.8,1459.2,336.8
2026-06-29 22:30:00,3.91,194.3,71.8,1450.8,356.2
2026-06-29 22:35:00,3.66,215.9,63.1,1451.0,315.4
2026-06-29 22:40:00,3.11,223.5,65.9,1436.2,311.5
2026-06-29 22:45:00,2.96,209.1,66.5,1419.8,382.0
2026-06-29 22:50:00,3.56,204.5,57.3,1434.7,336.3
2026-06-29 22:55:00,3.43,211.9,59.5,1439.0,362.8
2026-06-29 23:00:00,3.53,210.7,74.0,1423.2,304.7
2026-06-29 23:05:00,3.49,212.9,61.0,1418.5,332.9
2026-06-29 23:10:00,4.5,179.7,69.9,1408.0,372.6
2026-06-29 23:15:00,2.97,197.2,67.9,1447.3,300.9
2026-06-29 23:20:00,2.7,199.9,51.1,1419.9,396.9
2026-06-29 23:25:00,3.63,211.8,69.5,1445.0,345.1
2026-06-29 23:30:00,3.35,212.2,69.5,1434.5,319.5
2026-06-29 23:35:00,3.63,217.6,69.5,1450.4,348.8
2026-06-29 23:40:00,3.73,213.1,64.3,1445.7,367.7
2026-06-29 23:45:00,4.01,194.4,55.1,1433.4,319.4
2026-06-29 23:50:00,2.9,227.4,78.4,1445.4,322.9
2026-06-29 23:55:00,3.28,225.3,66.5,1441.4,346.2
2026-06-30 00:00:00,3.67,194.9,55.7,1427.8,351.6
2026-06-30 00:05:00,3.81,214.0,69.3,1455.5,335.0
2026-06-30 00:10:00,4.38,202.9,58.0,1432.2,350.1
2026-06-30 00:15:00,3.88,211.7,57.7,1439.0,361.3
2026-06-30 00:20:00,3.48,222.6,63.9,1421.3,344.3
2026-06-30 00:25:00,3.14,235.6,63.5,1449.2,322.7
2026-06-30 00:30:00,3.27,219.0,59.1,1432.6,339.5
2026-06-30 00:35:00,3.26,213.5,72.0,1433.6,383.9
2026-06-30 00:40:00,3.76,205.9,63.5,1426.6,348.3
2026-06-30 00:45:00,3.6,212.2,75.3,1438.6,371.0
2026-06-30 00:50:00,2.97,226.3,60.6,1413.2,327.1
2026-06-30 00:55:00,3.33,209.5,51.1,1450.1,346.6
2026-06-30 01:00:00,3.85,199.4,64.6,1437.3,359.9
2026-06-30 01:05:00,3.64,190.6,76.9,1429.1,377.4
2026-06-30 01:10:00,3.73,216.2,70.2,1418.0,370.7
2026-06-30 01:15:00,3.65,213.0,91.2,1447.1,312.0
2026-06-30 01:20:00,4.15,202.2,66.5,1428.9,368.8
2026-06-30 01:25:00,3.59,222.3,68.7,1462.1,382.2
2026-06-30 01:30:00,3.35,204.9,47.0,1446.3,325.6
2026-06-30 01:35:00,3.13,208.4,68.2,1462.7,317.6
2026-06-30 01:40:00,3.6,209.8,66.3,1442.0,339.4
2026-06-30 01:45:00,2.52,205.8,61.1,1455.3,344.5
2026-06-30 01:50:00,3.43,212.8,64.3,1447.5,331.2
2026-06-30 01:55:00,3.42,223.8,66.5,1436.0,310.3
2026-06-30 02:00:00,2.95,196.3,61.5,1440.1,376.8
2026-06-30 02:05:00,3.13,215.9,82.6,1428.7,318.5
2026-06-30 02:10:00,3.82,212.1,62.3,1471.4,327.3
2026-06-30 02:15:00,3.59,211.8,66.6,1438.9,342.7
2026-06-30 02:20:00,3.54,220.5,63.3,1442.5,303.2
2026-06-30 02:25:00,3.62,210.6,71.4,1446.0,301.3
2026-06-30 02:30:00,3.54,215.8,67.3,1424.8,329.2
2026-06-30 02:35:00,4.0,218.6,64.0,1461.5,360.6
2026-06-30 02:40:00,3.55,203.9,48.7,1423.4,344.7
2026-06-30 02:45:00,2.92,213.6,67.5,1421.9,288.5
2026-06-30 02:50:00,4.15,207.0,62.1,1436.9,374.7
2026-06-30 02:55:00,3.65,208.4,64.3,1420.5,359.9
2026-06-30 03:00:00,3.26,206.1,55.0,1462.7,344.8
2026-06-30 03:05:00,3.0,215.7,77.3,1437.7,344.1
2026-06-30 03:10:00,3.66,211.0,72.0,1391.9,356.8
2026-06-30 03:15:00,3.45,214.7,77.2,1443.9,398.2
2026-06-30 03:20:00,4.13,209.8,74.1,1448.3,362.0
2026-06-30 03:25:00,3.36,190.8,66.9,1429.8,347.4
2026-06-30 03:30:00,3.17,210.4,55.9,1419.7,309.3
2026-06-30 03:35:00,3.86,210.8,79.9,1438.6,344.1
2026-06-30 03:40:00,3.87,212.9,58.0,1433.4,359.3
2026-06-30 03:45:00,3.57,202.9,61.8,1423.9,337.1
2026-06-30 03:50:00,3.77,195.7,68.5,1421.2,326.9
2026-06-30 03:55:00,3.48,217.5,72.2,1443.8,353.8
2026-06-30 04:00:00,3.59,206.7,69.1,1452.9,315.3
2026-06-30 04:05:00,3.97,212.1,62.1,1447.3,361.7
2026-06-30 04:10:00,3.75,206.6,59.6,1413.4,329.1
2026-06-30 04:15:00,3.43,209.9,85.3,1449.2,286.9
2026-06-30 04:20:00,4.04,204.6,63.9,1450.5,328.6
2026-06-30 04:25:00,2.55,198.4,62.0,1458.6,338.6
2026-06-30 04:30:00,4.32,215.7,60.1,1426.9,353.8
2026-06-30 04:35:00,2.82,202.8,65.9,1437.7,350.9
2026-06-30 04:40:00,3.25,212.0,66.9,1448.9,307.7
2026-06-30 04:45:00,3.48,214.9,65.6,1433.1,343.1
2026-06-30 04:50:00,3.44,203.0,67.0,1446.9,326.6
2026-06-30 04:55:00,3.9,195.6,76.9,1436.8,331.0
2026-06-30 05:00:00,3.08,239.1,64.6,1433.1,315.0
2026-06-30 05:05:00,3.6,203.7,64.4,1427.3,338.7
2026-06-30 05:10:00,3.27,217.5,60.9,1460.2,418.3
2026-06-30 05:15:00,3.62,233.3,70.8,1429.7,386.4
2026-06-30 05:20:00,3.47,219.5,61.9,1424.4,315.0
2026-06-30 05:25:00,3.54,206.4,60.3,1444.4,341.6
2026-06-30 05:30:00,3.28,209.2,53.2,1439.4,332.2
2026-06-30 05:35:00,3.3,200.0,64.3,1418.3,343.6
2026-06-30 05:40:00,3.61,220.6,70.0,1434.3,362.9
2026-06-30 05:45:00,3.88,216.8,80.9,1429.1,336.8
2026-06-30 05:50:00,3.26,203.8,67.8,1429.1,322.2
2026-06-30 05:55:00,3.15,197.5,59.5,1475.4,368.9
2026-06-30 06:00:00,3.75,194.1,51.7,1432.3,309.1
2026-06-30 06:05:00,3.49,221.8,57.0,1429.1,344.7
2026-06-30 06:10:00,3.83,211.4,54.9,1470.6,302.8
2026-06-30 06:15:00,3.14,212.6,80.4,1453.8,314.3
2026-06-30 06:20:00,2.79,200.1,65.8,1448.9,358.6
2026-06-30 06:25:00,3.29,192.4,57.7,1424.0,323.0
2026-06-30 06:30:00,3.19,221.6,59.1,1460.2,293.1
2026-06-30 06:35:00,3.47,210.5,58.2,1452.3,321.9
2026-06-30 06:40:00,3.25,220.9,61.8,1444.4,319.3
2026-06-30 06:45:00,3.8,205.4,74.8,1413.3,308.4
2026-06-30 06:50:00,3.38,207.2,64.3,1439.1,353.8
2026-06-30 06:55:00,3.56,218.6,54.7,1467.7,301.3
2026-06-30 07:00:00,3.56,218.8,84.8,1445.1,325.3
2026-06-30 07:05:00,3.58,219.6,57.3,1436.3,343.3
2026-06-30 07:10:00,3.49,206.5,59.7,1435.9,331.4
2026-06-30 07:15:00,3.7,217.4,76.6,1439.1,329.9
2026-06-30 07:20:00,3.18,223.3,70.3,1430.7,321.9
2026-06-30 07:25:00,4.06,208.7,61.1,1439.1,309.5
2026-06-30 07:30:00,3.41,203.8,54.2,1460.4,324.1
2026-06-30 07:35:00,2.98,226.1,59.7,1463.2,356.4
2026-06-30 07:40:00,3.58,202.1,56.6,1427.1,329.1
2026-06-30 07:45:00,3.16,217.6,66.2,1460.6,344.2
2026-06-30 07:50:00,3.77,209.3,66.4,1451.3,367.9
2026-06-30 07:55:00,4.38,187.9,60.5,1445.1,355.0
2026-06-30 08:00:00,3.19,223.5,66.7,1449.2,308.1
2026-06-30 08:05:00,3.63,176.9,51.6,1419.4,351.2
2026-06-30 08:10:00,2.8,186.2,63.8,1429.2,366.2
2026-06-30 08:15:00,3.68,216.3,76.2,1453.8,325.4
2026-06-30 08:20:00,3.15,216.3,64.6,1423.2,300.4
2026-06-30 08:25:00,3.25,202.3,62.4,1422.9,329.0
2026-06-30 08:30:00,3.06,211.8,65.9,1444.9,344.7
2026-06-30 08:35:00,3.79,179.6,69.4,1422.1,354.8
2026-06-30 08:40:00,3.9,218.5,59.1,1454.1,327.0
2026-06-30 08:45:00,3.51,213.0,77.1,1429.3,289.1
2026-06-30 08:50:00,3.15,209.5,68.3,1443.6,308.1
2026-06-30 08:55:00,4.14,210.3,65.3,1445.0,349.0
2026-06-30 09:00:00,3.2,215.9,75.6,1434.0,389.8
2026-06-30 09:05:00,2.64,209.7,55.5,1436.3,339.5
2026-06-30 09:10:00,3.68,187.5,65.8,1425.3,372.8
2026-06-30 09:15:00,3.06,236.4,72.4,1445.0,313.6
2026-06-30 09:20:00,3.9,224.4,59.7,1428.5,323.8
2026-06-30 09:25:00,3.35,194.6,66.4,1433.6,281.5
2026-06-30 09:30:00,3.74,205.9,66.6,1450.4,349.2
2026-06-30 09:35:00,4.06,207.2,63.1,1422.4,317.7
2026-06-30 09:40:00,3.02,222.9,73.8,1435.3,355.0
2026-06-30 09:45:00,3.27,184.1,56.5,1442.6,327.4
2026-06-30 09:50:00,3.47,204.0,66.3,1407.6,390.5
2026-06-30 09:55:00,4.12,188.9,60.8,1463.6,384.8
2026-06-30 10:00:00,3.24,206.6,59.6,1455.0,282.4
2026-06-30 10:05:00,3.26,204.3,68.2,1415.8,354.8
2026-06-30 10:10:00,3.69,211.0,63.5,1408.6,321.4
2026-06-30 10:15:00,3.27,202.7,52.1,1439.0,356.2
2026-06-30 10:20:00,3.56,201.0,49.2,1421.4,306.4
2026-06-30 10:25:00,2.88,217.4,72.4,1455.9,376.0
2026-06-30 10:30:00,4.39,215.5,56.1,1447.0,365.8
2026-06-30 10:35:00,2.96,216.6,68.2,1443.2,304.7
2026-06-30 10:40:00,3.37,207.9,65.1,1431.0,335.5
2026-06-30 10:45:00,3.49,203.1,61.0,1462.6,344.1
2026-06-30 10:50:00,4.27,208.6,80.4,1451.0,358.0
2026-06-30 10:55:00,2.97,216.0,67.3,1450.3,339.7
2026-06-30 11:00:00,4.29,183.9,67.1,1452.8,359.7
2026-06-30 11:05:00,3.8,214.7,68.0,1425.7,338.2
2026-06-30 11:10:00,3.67,213.7,63.7,1460.0,355.3
2026-06-30 11:15:00,3.11,210.7,65.0,1436.2,305.8
2026-06-30 11:20:00,3.73,208.2,76.4,1444.7,339.4
2026-06-30 11:25:00,3.21,179.2,69.1,1431.5,368.8
2026-06-30 11:30:00,4.01,204.7,79.8,1410.8,375.3
2026-06-30 11:35:00,3.11,231.5,70.0,1458.7,344.3
2026-06-30 11:40:00,3.45,210.2,58.0,1412.7,337.5
2026-06-30 11:45:00,3.28,206.3,60.9,1424.8,374.2
2026-06-30 11:50:00,3.1,210.2,55.5,1433.2,337.5
2026-06-30 11:55:00,3.8,214.3,71.8,1411.5,368.6
2026-06-30 12:00:00,3.71,217.9,61.5,1425.1,337.3
2026-06-30 12:05:00,3.98,207.3,40.1,1443.1,341.0
2026-06-30 12:10:00,2.79,215.1,85.5,1435.8,312.4
2026-06-30 12:15:00,3.93,230.1,63.5,1440.1,308.8
2026-06-30 12:20:00,4.5,222.1,62.2,1428.7,364.5
2026-06-30 12:25:00,3.32,238.1,82.6,1446.3,383.1
2026-06-30 12:30:00,4.26,202.1,54.2,1433.5,342.6
2026-06-30 12:35:00,3.39,230.1,77.1,1419.4,335.8
2026-06-30 12:40:00,2.95,200.5,58.9,1435.1,365.6
2026-06-30 12:45:00,3.38,214.2,55.0,1422.2,348.4
2026-06-30 12:50:00,3.92,218.8,80.0,1455.2,280.0
2026-06-30 12:55:00,3.16,203.9,71.5,1432.9,364.8
2026-06-30 13:00:00,3.26,211.1,72.5,1478.0,306.6
2026-06-30 13:05:00,3.74,220.9,69.6,1456.7,339.7
2026-06-30 13:10:00,3.5,201.5,68.5,1436.3,329.0
2026-06-30 13:15:00,3.73,230.0,58.1,1452.7,324.0
2026-06-30 13:20:00,3.6,193.4,63.4,1405.3,341.2
2026-06-30 13:25:00,3.69,233.3,61.1,1459.1,362.3
2026-06-30 13:30:00,3.33,222.0,55.7,1430.1,340.8
2026-06-30 13:35:00,3.59,208.9,68.1,1441.1,375.2
2026-06-30 13:40:00,3.13,205.2,73.5,1428.1,378.4
2026-06-30 13:45:00,4.02,203.9,61.0,1429.5,378.1
2026-06-30 13:50:00,3.25,208.4,63.1,1437.0,338.6
2026-06-30 13:55:00,3.95,209.4,55.8,1441.0,328.0
2026-06-30 14:00:00,3.41,225.1,67.3,1442.6,339.2
2026-06-30 14:05:00,3.58,233.6,74.6,1444.7,368.1
2026-06-30 14:10:00,3.3,212.4,71.7,1416.1,366.6
2026-06-30 14:15:00,3.09,199.9,67.8,1473.0,280.0
2026-06-30 14:20:00,2.8,203.5,59.1,1442.2,347.6
2026-06-30 14:25:00,3.08,207.8,59.5,1446.1,280.8
2026-06-30 14:30:00,3.37,197.6,69.5,1432.4,339.5
2026-06-30 14:35:00,3.58,195.9,69.4,1424.1,326.8
2026-06-30 14:40:00,3.9,235.2,67.4,1447.3,319.1
2026-06-30 14:45:00,3.32,213.6,62.1,1445.1,361.2
2026-06-30 14:50:00,3.15,200.0,72.8,1457.5,323.8
2026-06-30 14:55:00,2.92,219.8,63.6,1473.1,339.8
2026-06-30 15:00:00,3.69,195.9,68.8,1459.3,316.7
2026-06-30 15:05:00,4.05,196.8,61.9,1410.9,341.8
2026-06-30 15:10:00,4.01,200.4,55.2,1431.2,364.0
2026-06-30 15:15:00,3.78,229.9,80.9,1449.0,318.1
2026-06-30 15:20:00,3.76,207.0,65.5,1433.4,356.0
2026-06-30 15:25:00,4.18,180.7,54.9,1433.5,341.4
2026-06-30 15:30:00,3.63,224.5,56.1,1410.7,341.2
2026-06-30 15:35:00,3.76,206.3,54.1,1453.0,331.2
2026-06-30 15:40:00,3.37,187.8,58.7,1407.4,359.3
2026-06-30 15:45:00,2.96,206.2,79.8,1415.7,356.8
2026-06-30 15:50:00,3.23,216.3,61.3,1426.0,336.7
2026-06-30 15:55:00,3.5,214.8,77.3,1439.5,345.1
2026-06-30 16:00:00,3.52,231.6,67.2,1420.0,358.6
2026-06-30 16:05:00,4.27,199.8,54.0,1422.0,353.5
2026-06-30 16:10:00,3.53,210.6,61.3,1457.3,332.3
2026-06-30 16:15:00,3.97,201.6,53.5,1436.6,369.1
2026-06-30 16:20:00,3.33,191.5,55.4,1442.8,361.6
2026-06-30 16:25:00,3.38,220.6,59.5,1423.6,392.8
2026-06-30 16:30:00,2.97,215.6,50.6,1440.3,300.8
2026-06-30 16:35:00,3.2,213.4,77.6,1438.6,357.5
2026-06-30 16:40:00,3.71,215.1,67.5,1429.1,368.8
2026-06-30 16:45:00,3.5,201.8,58.3,1437.6,365.1
2026-06-30 16:50:00,3.88,197.9,65.0,1409.2,333.7
2026-06-30 16:55:00,3.57,210.5,58.4,1446.7,305.9
2026-06-30 17:00:00,3.36,223.9,45.7,1436.8,378.5
2026-06-30 17:05:00,4.36,229.3,91.5,1440.0,328.0
2026-06-30 17:10:00,3.46,219.5,67.9,1454.7,332.6
2026-06-30 17:15:00,3.97,210.4,60.3,1446.6,391.7
2026-06-30 17:20:00,3.34,213.2,50.0,1435.9,308.2
2026-06-30 17:25:00,3.78,210.1,53.1,1423.3,360.5
2026-06-30 17:30:00,3.87,197.7,76.4,1457.5,321.2
2026-06-30 17:35:00,3.58,210.3,77.1,1420.0,320.6
2026-06-30 17:40:00,2.56,194.0,68.6,1446.2,344.2
2026-06-30 17:45:00,3.51,208.5,55.9,1415.7,356.9
2026-06-30 17:50:00,3.99,229.6,80.0,1457.7,363.8
2026-06-30 17:55:00,3.71,219.9,70.1,1457.1,367.0
2026-06-30 18:00:00,3.68,198.9,68.6,1409.1,322.3
2026-06-30 18:05:00,2.81,209.1,68.4,1446.6,311.4
2026-06-30 18:10:00,3.21,200.0,51.4,1443.5,331.4
2026-06-30 18:15:00,3.66,209.2,55.3,1450.4,348.7
2026-06-30 18:20:00,3.66,222.5,62.8,1448.0,334.9
2026-06-30 18:25:00,3.99,217.8,71.3,1427.1,280.0
2026-06-30 18:30:00,3.44,239.8,58.4,1442.7,294.3
2026-06-30 18:35:00,3.66,224.3,65.7,1467.8,334.0
2026-06-30 18:40:00,3.51,212.4,64.0,1423.9,361.4
2026-06-30 18:45:00,3.11,218.1,72.6,1446.5,317.4
2026-06-30 18:50:00,2.6,207.6,70.0,1456.8,358.3
2026-06-30 18:55:00,3.67,196.5,54.9,1422.4,302.6
2026-06-30 19:00:00,3.57,225.7,78.9,1421.9,346.4
2026-06-30 19:05:00,3.25,222.1,57.5,1423.4,346.6
2026-06-30 19:10:00,2.85,207.1,73.3,1445.3,351.7
2026-06-30 19:15:00,3.75,213.3,61.1,1421.5,314.8
2026-06-30 19:20:00,3.39,224.9,68.5,1440.9,301.3
2026-06-30 19:25:00,3.72,220.2,68.3,1462.6,358.2
2026-06-30 19:30:00,4.25,192.4,63.9,1435.7,301.8
2026-06-30 19:35:00,2.64,212.9,70.8,1428.9,320.7
2026-06-30 19:40:00,3.22,208.0,67.8,1441.5,374.8
2026-06-30 19:45:00,3.42,223.4,73.3,1441.6,344.2
2026-06-30 19:50:00,4.08,222.4,70.6,1449.3,349.2
2026-06-30 19:55:00,2.85,225.8,57.3,1467.5,355.6
2026-06-30 20:00:00,4.27,196.6,65.1,1443.3,354.7
2026-06-30 20:05:00,3.55,200.6,59.1,1468.6,339.5
2026-06-30 20:10:00,3.46,223.4,58.1,1449.5,317.5
2026-06-30 20:15:00,3.42,202.9,61.6,1427.1,407.1
2026-06-30 20:20:00,3.33,191.7,63.7,1470.7,332.7
2026-06-30 20:25:00,3.92,216.4,68.0,1439.4,348.3
2026-06-30 20:30:00,3.07,203.4,72.5,1422.9,351.0
2026-06-30 20:35:00,3.64,231.5,78.7,1479.2,326.7
2026-06-30 20:40:00,3.35,213.6,68.2,1429.7,329.4
2026-06-30 20:45:00,3.2,211.9,69.4,1428.8,377.2
2026-06-30 20:50:00,4.5,205.6,65.1,1430.8,321.5
2026-06-30 20:55:00,3.67,229.1,74.0,1446.3,350.3
2026-06-30 21:00:00,3.75,214.3,69.5,1454.8,362.4
2026-06-30 21:05:00,3.96,205.1,63.8,1399.3,334.6
2026-06-30 21:10:00,2.93,200.5,80.8,1452.0,337.7
2026-06-30 21:15:00,4.2,209.1,60.5,1431.5,363.9
2026-06-30 21:20:00,2.5,198.3,74.9,1431.5,336.6
2026-06-30 21:25:00,3.19,222.3,56.0,1468.2,288.1
2026-06-30 21:30:00,3.32,188.3,68.3,1438.9,377.6
2026-06-30 21:35:00,3.73,208.3,76.2,1446.4,315.6
2026-06-30 21:40:00,3.59,217.3,50.8,1440.7,345.4
2026-06-30 21:45:00,3.43,214.1,66.7,1452.3,307.1
2026-06-30 21:50:00,3.5,201.4,69.4,1462.5,327.2
2026-06-30 21:55:00,3.11,217.9,68.2,1404.5,329.1
2026-06-30 22:00:00,2.9,199.4,66.4,1454.1,344.4
2026-06-30 22:05:00,3.79,209.7,66.0,1463.2,318.1
2026-06-30 22:10:00,3.78,217.8,57.4,1449.1,389.6
2026-06-30 22:15:00,4.13,215.6,84.8,1431.0,340.6
2026-06-30 22:20:00,3.18,201.9,59.8,1421.1,362.0
2026-06-30 22:25:00,3.78,224.4,70.6,1478.3,339.8
2026-06-30 22:30:00,3.39,211.0,60.0,1426.6,364.9
2026-06-30 22:35:00,3.98,218.9,48.1,1464.5,287.5
2026-06-30 22:40:00,3.91,228.3,60.4,1449.5,322.4
2026-06-30 22:45:00,3.58,223.4,55.4,1473.4,327.0
2026-06-30 22:50:00,3.36,223.4,75.7,1437.9,326.8
2026-06-30 22:55:00,3.88,212.3,60.5,1416.3,353.0
2026-06-30 23:00:00,3.76,219.5,62.3,1441.9,354.7
2026-06-30 23:05:00,3.23,212.6,56.9,1418.2,338.1
2026-06-30 23:10:00,2.97,195.5,63.6,1477.3,338.8
2026-06-30 23:15:00,3.38,213.6,59.8,1450.2,401.0
2026-06-30 23:20:00,4.11,213.1,73.4,1452.3,348.1
2026-06-30 23:25:00,3.96,217.0,68.5,1453.1,284.4
2026-06-30 23:30:00,3.06,208.5,60.2,1429.3,359.3
2026-06-30 23:35:00,3.03,200.9,70.4,1436.2,354.0
2026-06-30 23:40:00,4.01,217.9,66.2,1443.2,369.0
2026-06-30 23:45:00,3.05,194.2,62.8,1466.0,355.0
2026-06-30 23:50:00,3.7,227.5,55.9,1426.1,317.4
2026-06-30 23:55:00,3.25,207.2,64.0,1428.5,362.3
